"Ref","ID_photo","Reader","Round","PopInd","Pop","TempExp","TempExpNum","Tpop","Predpop","Survival","Naivety","Remarks","Length","EvolHistory"
"T05_A1_Az2_A4","IMG_0351",715,1,"A1_Az2","A1","T05",5,"Ambiant","Ctrl","Yes","Naive","None",0.126,"Ctrl_Ambiant"
"T05_A1_Az3_B3","IMG_0415",727,1,"A1_Az3","A1","T05",5,"Ambiant","Ctrl","Yes","Naive","None",0.097,"Ctrl_Ambiant"
"T05_B1_Az2_A2","IMG_0367",715,1,"B1_Az2","B1","T05",5,"Warm","Ctrl","Yes","Naive","None",0.125,"Ctrl_Warm"
"T05_B1_Az1_D3","IMG_0419",727,1,"B1_Az1","B1","T05",5,"Warm","Ctrl","Yes","Naive","None",0.122,"Ctrl_Warm"
"T05_B1_Az9_B6","IMG_0389",727,1,"B1_Az9","B1","T05",5,"Warm","Ctrl","Yes","Naive","None",0.122,"Ctrl_Warm"
"T05_B2_Az10_D4","IMG_0360",715,1,"B2_Az10","B2","T05",5,"Ambiant","Ctrl","Yes","Naive","None",0.138,"Ctrl_Ambiant"
"T05_B2_Az1_B4","IMG_0405",727,1,"B2_Az1","B2","T05",5,"Ambiant","Ctrl","Yes","Naive","None",0.128,"Ctrl_Ambiant"
"T05_B4_Az8_C5","IMG_0346",715,1,"B4_Az8","B4","T05",5,"Ambiant","Pred","Yes","Naive","None",0.109,"Pred_Ambiant"
"T05_B4_Az4_C2","IMG_0420",727,1,"B4_Az4","B4","T05",5,"Ambiant","Pred","Yes","Naive","None",0.114,"Pred_Ambiant"
"T05_B5_Az4_B4","IMG_0354",715,1,"B5_Az4","B5","T05",5,"Warm","Pred","Yes","Naive","None",0.116,"Pred_Warm"
"T05_B5_Az3_C4","IMG_0408",727,1,"B5_Az3","B5","T05",5,"Warm","Pred","Yes","Naive","None",0.1,"Pred_Warm"
"T05_B6_Az3_A4","IMG_0402",727,1,"B6_Az3","B6","T05",5,"Ambiant","Pred","Yes","Naive","None",0.108,"Pred_Ambiant"
"T05_B6_Az1_D6","IMG_0391",727,1,"B6_Az1","B6","T05",5,"Ambiant","Pred","Yes","Naive","None",0.12,"Pred_Ambiant"
"T05_B7_Az7_D3","IMG_0365",715,1,"B7_Az7","B7","T05",5,"Warm","Pred","Yes","Naive","None",0.125,"Pred_Warm"
"T05_B7_Az2_D2","IMG_0423",727,1,"B7_Az2","B7","T05",5,"Warm","Pred","Yes","Naive","None",0.114,"Pred_Warm"
"T05_B9_Az6_B1","IMG_0377",715,1,"B9_Az6","B9","T05",5,"Warm","Pred","Yes","Naive","None",0.126,"Pred_Warm"
"T05_B9_Az5_A5","IMG_0394",727,1,"B9_Az5","B9","T05",5,"Warm","Pred","Yes","Naive","None",0.101,"Pred_Warm"
"T05_C1_Az8_C3","IMG_0364",715,1,"C1_Az8","C1","T05",5,"Ambiant","Pred","Yes","Naive","None",0.135,"Pred_Ambiant"
"T05_C1_Az10_C5","IMG_0399",727,1,"C1_Az10","C1","T05",5,"Ambiant","Pred","Yes","Naive","None",0.135,"Pred_Ambiant"
"T05_C3_Az2_C4","IMG_0357",715,1,"C3_Az2","C3","T05",5,"Ambiant","Pred","Yes","Naive","None",0.115,"Pred_Ambiant"
"T05_C3_Az3_D4","IMG_0411",727,1,"C3_Az3","C3","T05",5,"Ambiant","Pred","Yes","Naive","None",0.1,"Pred_Ambiant"
"T05_C5_Az9_A1","IMG_0376",715,1,"C5_Az9","C5","T05",5,"Ambiant","Ctrl","Yes","Naive","None",0.14,"Ctrl_Ambiant"
"T05_C5_Az10_B5","IMG_0397",727,1,"C5_Az10","C5","T05",5,"Ambiant","Ctrl","Yes","Naive","None",0.115,"Ctrl_Ambiant"
"T05_C8_Az2_C2","IMG_0371",715,1,"C8_Az2","C8","T05",5,"Warm","Pred","Yes","Naive","None",0.106,"Pred_Warm"
"T05_C8_Az3_D5","IMG_0349",715,1,"C8_Az3","C8","T05",5,"Warm","Pred","Yes","Naive","None",0.087,"Pred_Warm"
"T05_C8_Az4_D1","IMG_0428",727,1,"C8_Az4","C8","T05",5,"Warm","Pred","Yes","Naive","None",0.089,"Pred_Warm"
"T05_C9_Az8_D1","IMG_0384",715,1,"C9_Az8","C9","T05",5,"Ambiant","Pred","Yes","Naive","None",0.107,"Pred_Ambiant"
"T05_C9_Az5_A6","IMG_0343",715,1,"C9_Az5","C9","T05",5,"Ambiant","Pred","Yes","Naive","None",0.109,"Pred_Ambiant"
"T05_C9_Az9_A3","IMG_0413",727,1,"C9_Az9","C9","T05",5,"Ambiant","Pred","Yes","Naive","None",0.098,"Pred_Ambiant"
"T05_C9_Az6_A6","IMG_0387",727,1,"C9_Az6","C9","T05",5,"Ambiant","Pred","Yes","Naive","None",0.093,"Pred_Ambiant"
"T05_D6_Az7_C1","IMG_0381",715,1,"D6_Az7","D6","T05",5,"Ambiant","Ctrl","Yes","Naive","None",0.136,"Ctrl_Ambiant"
"T05_D6_Az4_B3","IMG_0361",715,1,"D6_Az4","D6","T05",5,"Ambiant","Ctrl","Yes","Naive","None",0.124,"Ctrl_Ambiant"
"T05_D6_Az2_C1","IMG_0425",727,1,"D6_Az2","D6","T05",5,"Ambiant","Ctrl","Yes","Naive","None",0.102,"Ctrl_Ambiant"
"T05_D6_Az3_D5","IMG_0400",727,1,"D6_Az3","D6","T05",5,"Ambiant","Ctrl","Yes","Naive","None",0.115,"Ctrl_Ambiant"
"T05_D7_Az8_D2","IMG_0373",715,1,"D7_Az8","D7","T05",5,"Warm","Ctrl","Yes","Naive","None",0.145,"Ctrl_Warm"
"T05_D7_Az9_B5","IMG_0344",715,1,"D7_Az9","D7","T05",5,"Warm","Ctrl","Yes","Naive","None",0.121,"Ctrl_Warm"
"T10_A1_Az11_A3","IMG_0222",715,1,"A1_Az11","A1","T10",10,"Ambiant","Ctrl","Yes","None","None",0.09,"Ctrl_Ambiant"
"T10_A1_Az16_C5","IMG_0211",715,1,"A1_Az16","A1","T10",10,"Ambiant","Ctrl","Yes","None","None",0.117,"Ctrl_Ambiant"
"T10_A1_Az1_B1","IMG_0306",727,1,"A1_Az1","A1","T10",10,"Ambiant","Ctrl","Yes","None","None",0.091,"Ctrl_Ambiant"
"T10_B1_Az3_C2","IMG_0298",727,1,"B1_Az3","B1","T10",10,"Warm","Ctrl","Yes","None","None",0.136,"Ctrl_Warm"
"T10_B2_Az5_D3","IMG_0230",715,1,"B2_Az5","B2","T10",10,"Ambiant","Ctrl","Yes","None","None",0.082,"Ctrl_Ambiant"
"T10_B2_Az18_D4","IMG_0279",727,1,"B2_Az18","B2","T10",10,"Ambiant","Ctrl","Yes","None","None",0.1,"Ctrl_Ambiant"
"T10_B4_Az12_C1","IMG_0247",715,1,"B4_Az12","B4","T10",10,"Ambiant","Pred","Yes","None","None",0.107,"Pred_Ambiant"
"T10_B4_Az11_C3","IMG_0228",715,1,"B4_Az11","B4","T10",10,"Ambiant","Pred","Yes","None","None",0.12,"Pred_Ambiant"
"T10_B4_Az4_D3","IMG_0288",727,1,"B4_Az4","B4","T10",10,"Ambiant","Pred","Yes","None","None",0.091,"Pred_Ambiant"
"T10_B5_Az18_A5","IMG_0207",715,1,"B5_Az18","B5","T10",10,"Warm","Pred","Yes","None","None",0.114,"Pred_Warm"
"T10_B5_Az3_B3","IMG_0284",727,1,"B5_Az3","B5","T10",10,"Warm","Pred","Yes","None","None",0.114,"Pred_Warm"
"T10_B6_Az18_A6","IMG_0198",715,1,"B6_Az18","B6","T10",10,"Ambiant","Pred","Yes","None","None",0.108,"Pred_Ambiant"
"T10_B6_Az1_D6","IMG_0258",727,1,"B6_Az1","B6","T10",10,"Ambiant","Pred","Yes","None","None",0.115,"Pred_Ambiant"
"T10_B7_Az13_B5","IMG_0209",715,1,"B7_Az13","B7","T10",10,"Warm","Pred","Yes","None","None",0.119,"Pred_Warm"
"T10_B9_Az17_B1","IMG_0245",715,1,"B9_Az17","B9","T10",10,"Warm","Pred","Yes","None","None",0.093,"Pred_Warm"
"T10_B9_Az9_D4","IMG_0220",715,1,"B9_Az9","B9","T10",10,"Warm","Pred","Yes","None","None",0.114,"Pred_Warm"
"T10_B9_Az16_B6","IMG_0254",727,1,"B9_Az16","B9","T10",10,"Warm","Pred","Yes","None","None",0.089,"Pred_Warm"
"T10_C1_Az15_A4","IMG_0214",715,1,"C1_Az15","C1","T10",10,"Ambiant","Pred","Yes","None","None",0.104,"Pred_Ambiant"
"T10_C1_Az1_A2","IMG_0290",727,1,"C1_Az1","C1","T10",10,"Ambiant","Pred","Yes","None","None",0.136,"Pred_Ambiant"
"T10_C1_Az18_A5","IMG_0261",727,1,"C1_Az18","C1","T10",10,"Ambiant","Pred","Yes","None","None",0.121,"Pred_Ambiant"
"T10_C3_Az6_B2","IMG_0296",727,1,"C3_Az6","C3","T10",10,"Ambiant","Pred","Yes","None","None",0.105,"Pred_Ambiant"
"T10_C3_Az9_C4","IMG_0277",727,1,"C3_Az9","C3","T10",10,"Ambiant","Pred","Yes","None","None",0.143,"Pred_Ambiant"
"T10_C3_Az2_C6","IMG_0255",727,1,"C3_Az2","C3","T10",10,"Ambiant","Pred","Yes","None","None",0.107,"Pred_Ambiant"
"T10_C5_Az1_D2","IMG_0302",727,1,"C5_Az1","C5","T10",10,"Ambiant","Ctrl","Yes","None","None",0.09,"Ctrl_Ambiant"
"T10_C5_Az16_B5","IMG_0264",727,1,"C5_Az16","C5","T10",10,"Ambiant","Ctrl","Yes","None","None",0.104,"Ctrl_Ambiant"
"T10_C8_Az7_B3","IMG_0224",715,1,"C8_Az7","C8","T10",10,"Warm","Pred","Yes","None","None",0.103,"Pred_Warm"
"T10_C8_Az14_C5","IMG_0265",727,1,"C8_Az14","C8","T10",10,"Warm","Pred","Yes","None","None",0.141,"Pred_Warm"
"T10_C9_Az1_D2","IMG_0239",715,1,"C9_Az1","C9","T10",10,"Ambiant","Pred","Yes","None","None",0.093,"Pred_Ambiant"
"T10_C9_Az10_B4","IMG_0272",727,1,"C9_Az10","C9","T10",10,"Ambiant","Pred","Yes","None","None",0.107,"Pred_Ambiant"
"T10_D6_Az14_D1","IMG_0250",715,1,"D6_Az14","D6","T10",10,"Ambiant","Ctrl","Yes","None","None",0.131,"Ctrl_Ambiant"
"T10_D6_Az4_B2","IMG_0236",715,1,"D6_Az4","D6","T10",10,"Ambiant","Ctrl","Yes","None","None",0.096,"Ctrl_Ambiant"
"T10_D6_Az17_A3","IMG_0281",727,1,"D6_Az17","D6","T10",10,"Ambiant","Ctrl","Yes","None","None",0.145,"Ctrl_Ambiant"
"T10_D7_Az10_A2","IMG_0233",715,1,"D7_Az10","D7","T10",10,"Warm","Ctrl","Yes","None","None",0.128,"Ctrl_Warm"
"T10_D7_Az17_C4","IMG_0216",715,1,"D7_Az17","D7","T10",10,"Warm","Ctrl","Yes","None","None",0.13,"Ctrl_Warm"
"T10_D7_Az20_A4","IMG_0268",727,1,"D7_Az20","D7","T10",10,"Warm","Ctrl","Yes","None","None",0.125,"Ctrl_Warm"
"T15_B4_Az11_C3","IMG_3039",715,1,"B4_Az11","B4","T15",15,"Ambiant","Pred","Yes","None","None",0.121,"Pred_Ambiant"
"T15_B9_Az16_B6","IMG_3062",727,1,"B9_Az16","B9","T15",15,"Warm","Pred","Yes","None","None",0.129,"Pred_Warm"
"T15_C3_Az2_C6","IMG_3067",727,1,"C3_Az2","C3","T15",15,"Ambiant","Pred","Yes","None","None",0.154,"Pred_Ambiant"
"T15_D7_Az17_C4","IMG_3026",715,1,"D7_Az17","D7","T15",15,"Warm","Ctrl","Yes","None","None",0.161,"Ctrl_Warm"
"T15_A1_Az11_A3","IMG_3030",715,1,"A1_Az11","A1","T15",15,"Ambiant","Ctrl","Yes","None","None",0.128,"Ctrl_Ambiant"
"T15_A1_Az16_C5","IMG_3017",715,1,"A1_Az16","A1","T15",15,"Ambiant","Ctrl","Yes","None","None",0.126,"Ctrl_Ambiant"
"T15_B1_Az10_C6","IMG_3007",715,1,"B1_Az10","B1","T15",15,"Warm","Ctrl","Yes","None","None",0.119,"Ctrl_Warm"
"T15_B1_Az3_C2","IMG_3112",727,1,"B1_Az3","B1","T15",15,"Warm","Ctrl","Yes","None","None",0.146,"Ctrl_Warm"
"T15_B2_Az5_D3","IMG_3043",715,1,"B2_Az5","B2","T15",15,"Ambiant","Ctrl","Yes","None","None",0.135,"Ctrl_Ambiant"
"T15_B2_Az18_D4","IMG_3092",727,1,"B2_Az18","B2","T15",15,"Ambiant","Ctrl","Yes","None","None",0.133,"Ctrl_Ambiant"
"T15_B4_Az12_C1","IMG_3058",715,1,"B4_Az12","B4","T15",15,"Ambiant","Pred","Yes","None","None",0.168,"Pred_Ambiant"
"T15_B4_Az4_D3","IMG_3100",727,1,"B4_Az4","B4","T15",15,"Ambiant","Pred","Yes","None","None",0.146,"Pred_Ambiant"
"T15_B5_Az18_A5","IMG_3011",715,1,"B5_Az18","B5","T15",15,"Warm","Pred","Yes","None","None",0.12,"Pred_Warm"
"T15_B5_Az3_B3","IMG_3096",727,1,"B5_Az3","B5","T15",15,"Warm","Pred","Yes","None","None",0.156,"Pred_Warm"
"T15_B6_Az18_A6","IMG_3001",715,1,"B6_Az18","B6","T15",15,"Ambiant","Pred","Yes","None","None",0.112,"Pred_Ambiant"
"T15_B6_Az1_D6","IMG_3069",727,1,"B6_Az1","B6","T15",15,"Ambiant","Pred","Yes","None","None",0.117,"Pred_Ambiant"
"T15_B7_Az13_B5","IMG_3016",715,1,"B7_Az13","B7","T15",15,"Warm","Pred","Yes","None","None",0.157,"Pred_Warm"
"T15_B9_Az17_B1","IMG_3055",715,1,"B9_Az17","B9","T15",15,"Warm","Pred","Yes","None","None",0.14,"Pred_Warm"
"T15_B9_Az9_D4","IMG_3027",715,1,"B9_Az9","B9","T15",15,"Warm","Pred","Yes","None","None",0.126,"Pred_Warm"
"T15_C1_Az15_A4","IMG_3022",715,1,"C1_Az15","C1","T15",15,"Ambiant","Pred","Yes","None","None",0.136,"Pred_Ambiant"
"T15_C1_Az1_A2","IMG_3104",727,1,"C1_Az1","C1","T15",15,"Ambiant","Pred","Yes","None","None",0.157,"Pred_Ambiant"
"T15_C1_Az18_A5","IMG_3072",727,1,"C1_Az18","C1","T15",15,"Ambiant","Pred","Yes","None","None",0.141,"Pred_Ambiant"
"T15_C3_Az6_B2","IMG_3106",727,1,"C3_Az6","C3","T15",15,"Ambiant","Pred","Yes","None","None",0.136,"Pred_Ambiant"
"T15_C3_Az9_C4","IMG_3086",727,1,"C3_Az9","C3","T15",15,"Ambiant","Pred","Yes","None","None",0.164,"Pred_Ambiant"
"T15_C5_Az8_B6","IMG_3005",715,1,"C5_Az8","C5","T15",15,"Ambiant","Ctrl","Yes","None","None",0.125,"Ctrl_Ambiant"
"T15_C5_Az1_D2","IMG_3114",727,1,"C5_Az1","C5","T15",15,"Ambiant","Ctrl","Yes","None","None",0.145,"Ctrl_Ambiant"
"T15_C5_Az16_B5","IMG_3074",727,1,"C5_Az16","C5","T15",15,"Ambiant","Ctrl","Yes","None","None",0.117,"Ctrl_Ambiant"
"T15_C8_Az7_B3","IMG_3035",715,1,"C8_Az7","C8","T15",15,"Warm","Pred","Yes","None","None",0.118,"Pred_Warm"
"T15_C8_Az14_C5","IMG_3079",727,1,"C8_Az14","C8","T15",15,"Warm","Pred","Yes","None","None",0.118,"Pred_Warm"
"T15_C9_Az1_D2","IMG_3051",715,1,"C9_Az1","C9","T15",15,"Ambiant","Pred","Yes","None","None",0.136,"Pred_Ambiant"
"T15_C9_Az10_B4","IMG_3083",727,1,"C9_Az10","C9","T15",15,"Ambiant","Pred","Yes","None","None",0.117,"Pred_Ambiant"
"T15_D6_Az14_D1","IMG_3061",715,1,"D6_Az14","D6","T15",15,"Ambiant","Ctrl","Yes","None","None",0.105,"Ctrl_Ambiant"
"T15_D6_Az4_B2","IMG_3048",715,1,"D6_Az4","D6","T15",15,"Ambiant","Ctrl","Yes","None","None",0.146,"Ctrl_Ambiant"
"T15_D6_Az17_A3","IMG_3095",727,1,"D6_Az17","D6","T15",15,"Ambiant","Ctrl","Yes","None","None",0.13,"Ctrl_Ambiant"
"T15_D7_Az10_A2","IMG_3045",715,1,"D7_Az10","D7","T15",15,"Warm","Ctrl","Yes","None","None",0.167,"Ctrl_Warm"
"T15_D7_Az20_A4","IMG_3082",727,1,"D7_Az20","D7","T15",15,"Warm","Ctrl","Yes","None","None",0.087,"Ctrl_Warm"
"T20_A1_Az11_A3","IMG_3157",715,1,"A1_Az11","A1","T20",20,"Ambiant","Ctrl","Yes","None","None",0.129,"Ctrl_Ambiant"
"T20_A1_Az16_C5","IMG_3145",715,1,"A1_Az16","A1","T20",20,"Ambiant","Ctrl","Yes","None","None",0.102,"Ctrl_Ambiant"
"T20_A1_Az1_B1","IMG_3246",727,1,"A1_Az1","A1","T20",20,"Ambiant","Ctrl","Yes","None","None",0.103,"Ctrl_Ambiant"
"T20_B1_Az10_C6","IMG_3136",715,1,"B1_Az10","B1","T20",20,"Warm","Ctrl","Yes","None","None",0.136,"Ctrl_Warm"
"T20_B1_Az3_C2","IMG_3240",727,1,"B1_Az3","B1","T20",20,"Warm","Ctrl","Yes","None","None",0.166,"Ctrl_Warm"
"T20_B2_Az5_D3","IMG_3164",715,1,"B2_Az5","B2","T20",20,"Ambiant","Ctrl","Yes","None","None",0.135,"Ctrl_Ambiant"
"T20_B2_Az18_D4","IMG_3220",727,1,"B2_Az18","B2","T20",20,"Ambiant","Ctrl","Yes","None","None",0.131,"Ctrl_Ambiant"
"T20_B4_Az11_C3","IMG_3163",715,1,"B4_Az11","B4","T20",20,"Ambiant","Pred","Yes","None","None",0.143,"Pred_Ambiant"
"T20_B4_Az12_C1","IMG_3180",715,1,"B4_Az12","B4","T20",20,"Ambiant","Pred","Yes","None","None",0.137,"Pred_Ambiant"
"T20_B4_Az4_D3","IMG_3228",727,1,"B4_Az4","B4","T20",20,"Ambiant","Pred","Yes","None","None",0.143,"Pred_Ambiant"
"T20_B5_Az18_A5","IMG_3139",715,1,"B5_Az18","B5","T20",20,"Warm","Pred","Yes","None","None",0.128,"Pred_Warm"
"T20_B5_Az3_B3","IMG_3225",727,1,"B5_Az3","B5","T20",20,"Warm","Pred","Yes","None","None",0.131,"Pred_Warm"
"T20_B6_Az18_A6","IMG_3130",715,1,"B6_Az18","B6","T20",20,"Ambiant","Pred","Yes","None","None",0.135,"Pred_Ambiant"
"T20_B6_Az1_D6","IMG_3196",727,1,"B6_Az1","B6","T20",20,"Ambiant","Pred","Yes","None","None",0.127,"Pred_Ambiant"
"T20_B7_Az13_B5","IMG_3143",715,1,"B7_Az13","B7","T20",20,"Warm","Pred","Yes","None","None",0.117,"Pred_Warm"
"T20_B9_Az17_B1","IMG_3179",715,1,"B9_Az17","B9","T20",20,"Warm","Pred","Yes","None","None",0.124,"Pred_Warm"
"T20_B9_Az9_D4","IMG_3154",715,1,"B9_Az9","B9","T20",20,"Warm","Pred","Yes","None","None",0.141,"Pred_Warm"
"T20_B9_Az16_B6","IMG_3189",727,1,"B9_Az16","B9","T20",20,"Warm","Pred","Yes","None","None",0.147,"Pred_Warm"
"T20_C1_Az15_A4","IMG_3147",715,1,"C1_Az15","C1","T20",20,"Ambiant","Pred","Yes","None","None",0.11,"Pred_Ambiant"
"T20_C1_Az1_A2","IMG_3234",727,1,"C1_Az1","C1","T20",20,"Ambiant","Pred","Yes","None","None",0.164,"Pred_Ambiant"
"T20_C1_Az18_A5","IMG_3198",727,1,"C1_Az18","C1","T20",20,"Ambiant","Pred","Yes","None","None",0.145,"Pred_Ambiant"
"T20_C3_Az2_C6","IMG_3190",727,1,"C3_Az2","C3","T20",20,"Ambiant","Pred","Yes","None","None",0.155,"Pred_Ambiant"
"T20_C3_Az6_B2","IMG_3235",727,1,"C3_Az6","C3","T20",20,"Ambiant","Pred","Yes","None","None",0.152,"Pred_Ambiant"
"T20_C3_Az9_C4","IMG_3217",727,1,"C3_Az9","C3","T20",20,"Ambiant","Pred","Yes","None","None",0.145,"Pred_Ambiant"
"T20_C5_Az8_B6",NA,715,1,"C5_Az8","C5","T20",20,"Ambiant","Ctrl","Yes","None","None",NA,"Ctrl_Ambiant"
"T20_C5_Az1_D2","IMG_3243",727,1,"C5_Az1","C5","T20",20,"Ambiant","Ctrl","Yes","None","None",0.132,"Ctrl_Ambiant"
"T20_C5_Az16_B5","IMG_3204",727,1,"C5_Az16","C5","T20",20,"Ambiant","Ctrl","Yes","None","None",0.126,"Ctrl_Ambiant"
"T20_C8_Az7_B3","IMG_3159",715,1,"C8_Az7","C8","T20",20,"Warm","Pred","Yes","None","None",0.125,"Pred_Warm"
"T20_C8_Az14_C5","IMG_3207",727,1,"C8_Az14","C8","T20",20,"Warm","Pred","Yes","None","None",0.082,"Pred_Warm"
"T20_C9_Az1_D2","IMG_3174",715,1,"C9_Az1","C9","T20",20,"Ambiant","Pred","Yes","None","None",0.112,"Pred_Ambiant"
"T20_C9_Az10_B4","IMG_3212",727,1,"C9_Az10","C9","T20",20,"Ambiant","Pred","Yes","None","None",0.14,"Pred_Ambiant"
"T20_D6_Az14_D1","IMG_3184",715,1,"D6_Az14","D6","T20",20,"Ambiant","Ctrl","Yes","None","None",0.121,"Ctrl_Ambiant"
"T20_D6_Az4_B2","IMG_3172",715,1,"D6_Az4","D6","T20",20,"Ambiant","Ctrl","Yes","None","None",0.132,"Ctrl_Ambiant"
"T20_D6_Az17_X1","IMG_3222",727,1,"D6_Az17","D6","T20",20,"Ambiant","Ctrl","Yes","None","None",0.142,"Ctrl_Ambiant"
"T20_D7_Az10_A2","IMG_3167",715,1,"D7_Az10","D7","T20",20,"Warm","Ctrl","Yes","None","None",0.167,"Ctrl_Warm"
"T20_D7_Az17_C4","IMG_3149",715,1,"D7_Az17","D7","T20",20,"Warm","Ctrl","Yes","None","None",0.138,"Ctrl_Warm"
"T20_D7_Az20_A4","IMG_3209",727,1,"D7_Az20","D7","T20",20,"Warm","Ctrl","Yes","None","None",0.152,"Ctrl_Warm"
"T23_A1_Az11_X1","IMG_3290",715,1,"A1_Az11","A1","T23",23,"Ambiant","Ctrl","Yes","None","None",0.131,"Ctrl_Ambiant"
"T23_A1_Az16_C5","IMG_3278",715,1,"A1_Az16","A1","T23",23,"Ambiant","Ctrl","Yes","None","None",0.126,"Ctrl_Ambiant"
"T23_A1_Az1_B1","IMG_3368",727,1,"A1_Az1","A1","T23",23,"Ambiant","Ctrl","Yes","None","None",0.145,"Ctrl_Ambiant"
"T23_B1_Az10_C6","IMG_3270",715,1,"B1_Az10","B1","T23",23,"Warm","Ctrl","Yes","None","None",0.111,"Ctrl_Warm"
"T23_B1_Az3_C2","IMG_3359",727,1,"B1_Az3","B1","T23",23,"Warm","Ctrl","Yes","None","None",0.138,"Ctrl_Warm"
"T23_B2_Az5_D3","IMG_3297",715,1,"B2_Az5","B2","T23",23,"Ambiant","Ctrl","Yes","None","None",0.133,"Ctrl_Ambiant"
"T23_B2_Az18_D4","IMG_3340",727,1,"B2_Az18","B2","T23",23,"Ambiant","Ctrl","Yes","None","None",0.109,"Ctrl_Ambiant"
"T23_B4_Az12_C1","IMG_3312",715,1,"B4_Az12","B4","T23",23,"Ambiant","Pred","Yes","None","None",0.152,"Pred_Ambiant"
"T23_B4_Az11_C3","IMG_3294",715,1,"B4_Az11","B4","T23",23,"Ambiant","Pred","Yes","None","None",0.146,"Pred_Ambiant"
"T23_B4_Az4_D3","IMG_3349",727,1,"B4_Az4","B4","T23",23,"Ambiant","Pred","Yes","None","None",0.129,"Pred_Ambiant"
"T23_B5_Az18_A5","IMG_3272",715,1,"B5_Az18","B5","T23",23,"Warm","Pred","Yes","None","None",0.113,"Pred_Warm"
"T23_B5_Az3_B3","IMG_3347",727,1,"B5_Az3","B5","T23",23,"Warm","Pred","Yes","None","None",0.173,"Pred_Warm"
"T23_B6_Az18_A6","IMG_3260",715,1,"B6_Az18","B6","T23",23,"Ambiant","Pred","Yes","None","None",0.124,"Pred_Ambiant"
"T23_B6_Az1_D6","IMG_3321",727,1,"B6_Az1","B6","T23",23,"Ambiant","Pred","Yes","None","None",0.108,"Pred_Ambiant"
"T23_B7_Az13_B5","IMG_3276",715,1,"B7_Az13","B7","T23",23,"Warm","Pred","Yes","None","None",0.137,"Pred_Warm"
"T23_B9_Az17_B1","IMG_3310",715,1,"B9_Az17","B9","T23",23,"Warm","Pred","Yes","None","None",0.128,"Pred_Warm"
"T23_B9_Az9_D4","IMG_3287",715,1,"B9_Az9","B9","T23",23,"Warm","Pred","Yes","None","None",0.126,"Pred_Warm"
"T23_B9_Az16_B6","IMG_3317",727,1,"B9_Az16","B9","T23",23,"Warm","Pred","Yes","None","None",0.135,"Pred_Warm"
"T23_C1_Az15_A4","IMG_3281",715,1,"C1_Az15","C1","T23",23,"Ambiant","Pred","Yes","None","None",0.147,"Pred_Ambiant"
"T23_C1_Az1_A2","IMG_3354",727,1,"C1_Az1","C1","T23",23,"Ambiant","Pred","Yes","None","None",0.158,"Pred_Ambiant"
"T23_C1_Az18_A5","IMG_3323",727,1,"C1_Az18","C1","T23",23,"Ambiant","Pred","Yes","None","None",0.119,"Pred_Ambiant"
"T23_C3_Az6_B2","IMG_3357",727,1,"C3_Az6","C3","T23",23,"Ambiant","Pred","Yes","None","None",0.185,"Pred_Ambiant"
"T23_C3_Az9_C4","IMG_3338",727,1,"C3_Az9","C3","T23",23,"Ambiant","Pred","Yes","None","None",0.139,"Pred_Ambiant"
"T23_C3_Az2_C6","IMG_3319",727,1,"C3_Az2","C3","T23",23,"Ambiant","Pred","Yes","None","None",0.158,"Pred_Ambiant"
"T23_C5_Az8_B6","IMG_3265",715,1,"C5_Az8","C5","T23",23,"Ambiant","Ctrl","Yes","None","None",0.124,"Ctrl_Ambiant"
"T23_C5_Az1_D2","IMG_3363",727,1,"C5_Az1","C5","T23",23,"Ambiant","Ctrl","Yes","None","None",0.149,"Ctrl_Ambiant"
"T23_C5_Az16_B5","IMG_3327",727,1,"C5_Az16","C5","T23",23,"Ambiant","Ctrl","Yes","None","None",0.138,"Ctrl_Ambiant"
"T23_C8_Az7_B3","IMG_3292",715,1,"C8_Az7","C8","T23",23,"Warm","Pred","Yes","None","None",0.13,"Pred_Warm"
"T23_C8_Az14_C5","IMG_3328",727,1,"C8_Az14","C8","T23",23,"Warm","Pred","Yes","None","None",0.127,"Pred_Warm"
"T23_C9_Az1_D2","IMG_3305",715,1,"C9_Az1","C9","T23",23,"Ambiant","Pred","Yes","None","None",0.127,"Pred_Ambiant"
"T23_C9_Az10_B4","IMG_3334",727,1,"C9_Az10","C9","T23",23,"Ambiant","Pred","Yes","None","None",0.133,"Pred_Ambiant"
"T23_D6_Az14_D1","IMG_3314",715,1,"D6_Az14","D6","T23",23,"Ambiant","Ctrl","Yes","None","None",0.125,"Ctrl_Ambiant"
"T23_D6_Az4_B2","IMG_3302",715,1,"D6_Az4","D6","T23",23,"Ambiant","Ctrl","Yes","None","None",0.118,"Ctrl_Ambiant"
"T23_D6_Az17_X1","IMG_3344",727,1,"D6_Az17","D6","T23",23,"Ambiant","Ctrl","Yes","None","None",0.103,"Ctrl_Ambiant"
"T23_D7_Az10_A2","IMG_3299",715,1,"D7_Az10","D7","T23",23,"Warm","Ctrl","Yes","None","None",0.141,"Ctrl_Warm"
"T23_D7_Az17_C4","IMG_3284",715,1,"D7_Az17","D7","T23",23,"Warm","Ctrl","Yes","None","None",0.107,"Ctrl_Warm"
"T23_D7_Az20_A4","IMG_3332",727,1,"D7_Az20","D7","T23",23,"Warm","Ctrl","Yes","None","None",0.162,"Ctrl_Warm"
"T25_A1_Az1_B1","IMG_3500",727,1,"A1_Az1","A1","T25",25,"Ambiant","Ctrl","Yes","None","None",0.13,"Ctrl_Ambiant"
"T25_A1_Az11_X1","IMG_3405",715,1,"A1_Az11","A1","T25",25,"Ambiant","Ctrl","Yes","None","None",0.142,"Ctrl_Ambiant"
"T25_A1_Az16_C5","IMG_3390",715,1,"A1_Az16","A1","T25",25,"Ambiant","Ctrl","Yes","None","None",0.104,"Ctrl_Ambiant"
"T25_B1_Az10_C6","IMG_3380",715,1,"B1_Az10","B1","T25",25,"Warm","Ctrl","Yes","None","None",0.142,"Ctrl_Warm"
"T25_B1_Az3_C2","IMG_3492",727,1,"B1_Az3","B1","T25",25,"Warm","Ctrl","Yes","None","None",0.137,"Ctrl_Warm"
"T25_B2_Az18_D4","IMG_3470",727,1,"B2_Az18","B2","T25",25,"Ambiant","Ctrl","Yes","None","None",0.135,"Ctrl_Ambiant"
"T25_B2_Az5_D3","IMG_3414",715,1,"B2_Az5","B2","T25",25,"Ambiant","Ctrl","Yes","None","None",0.13,"Ctrl_Ambiant"
"T25_B4_Az11_C3","IMG_3412",715,1,"B4_Az11","B4","T25",25,"Ambiant","Pred","Yes","None","None",0.153,"Pred_Ambiant"
"T25_B4_Az12_C1","IMG_3432",715,1,"B4_Az12","B4","T25",25,"Ambiant","Pred","Yes","None","None",0.134,"Pred_Ambiant"
"T25_B4_Az4_D3","IMG_3477",727,1,"B4_Az4","B4","T25",25,"Ambiant","Pred","Yes","None","None",0.141,"Pred_Ambiant"
"T25_B5_Az18_A5","IMG_3385",715,1,"B5_Az18","B5","T25",25,"Warm","Pred","Yes","None","None",0.134,"Pred_Warm"
"T25_B5_Az3_B3","IMG_3474",727,1,"B5_Az3","B5","T25",25,"Warm","Pred","Yes","None","None",0.156,"Pred_Warm"
"T25_B6_Az1_D6","IMG_3447",727,1,"B6_Az1","B6","T25",25,"Ambiant","Pred","Yes","None","None",0.123,"Pred_Ambiant"
"T25_B6_Az18_A6","IMG_3376",715,1,"B6_Az18","B6","T25",25,"Ambiant","Pred","Yes","None","None",0.119,"Pred_Ambiant"
"T25_B7_Az13_B5","IMG_3388",715,1,"B7_Az13","B7","T25",25,"Warm","Pred","Yes","None","None",0.131,"Pred_Warm"
"T25_B9_Az16_B6","IMG_3440",727,1,"B9_Az16","B9","T25",25,"Warm","Pred","Yes","None","None",0.142,"Pred_Warm"
"T25_B9_Az17_B1","IMG_3428",715,1,"B9_Az17","B9","T25",25,"Warm","Pred","Yes","None","None",0.078,"Pred_Warm"
"T25_B9_Az9_D4","IMG_3401",715,1,"B9_Az9","B9","T25",25,"Warm","Pred","Yes","None","None",0.1,"Pred_Warm"
"T25_C1_Az1_A2","IMG_3483",727,1,"C1_Az1","C1","T25",25,"Ambiant","Pred","Yes","None","None",0.148,"Pred_Ambiant"
"T25_C1_Az15_A4","IMG_3395",715,1,"C1_Az15","C1","T25",25,"Ambiant","Pred","Yes","None","None",0.122,"Pred_Ambiant"
"T25_C1_Az18_A5","IMG_3448",727,1,"C1_Az18","C1","T25",25,"Ambiant","Pred","Yes","None","None",0.145,"Pred_Ambiant"
"T25_C3_Az2_C6","IMG_3444",727,1,"C3_Az2","C3","T25",25,"Ambiant","Pred","Yes","None","None",0.136,"Pred_Ambiant"
"T25_C3_Az6_B2","IMG_3486",727,1,"C3_Az6","C3","T25",25,"Ambiant","Pred","Yes","None","None",0.132,"Pred_Ambiant"
"T25_C3_Az9_C4","IMG_3465",727,1,"C3_Az9","C3","T25",25,"Ambiant","Pred","Yes","None","None",0.161,"Pred_Ambiant"
"T25_C5_Az1_D2","IMG_3496",727,1,"C5_Az1","C5","T25",25,"Ambiant","Ctrl","Yes","None","None",0.134,"Ctrl_Ambiant"
"T25_C5_Az16_B5","IMG_3453",727,1,"C5_Az16","C5","T25",25,"Ambiant","Ctrl","Yes","None","None",0.149,"Ctrl_Ambiant"
"T25_C5_Az8_B6","IMG_3379",715,1,"C5_Az8","C5","T25",25,"Ambiant","Ctrl","Yes","None","None",0.134,"Ctrl_Ambiant"
"T25_C8_Az14_C5","IMG_3456",727,1,"C8_Az14","C8","T25",25,"Warm","Pred","Yes","None","None",0.139,"Pred_Warm"
"T25_C8_Az7_B3","IMG_3409",715,1,"C8_Az7","C8","T25",25,"Warm","Pred","Yes","None","None",0.147,"Pred_Warm"
"T25_C9_Az1_D2","IMG_3425",715,1,"C9_Az1","C9","T25",25,"Ambiant","Pred","Yes","None","None",0.128,"Pred_Ambiant"
"T25_C9_Az10_B4","IMG_3463",727,1,"C9_Az10","C9","T25",25,"Ambiant","Pred","Yes","None","None",0.127,"Pred_Ambiant"
"T25_D6_Az14_D1","IMG_3436",715,1,"D6_Az14","D6","T25",25,"Ambiant","Ctrl","Yes","None","None",0.136,"Ctrl_Ambiant"
"T25_D6_Az17_A3","IMG_3471",727,1,"D6_Az17","D6","T25",25,"Ambiant","Ctrl","Yes","None","None",0.131,"Ctrl_Ambiant"
"T25_D6_Az4_B2","IMG_3422",715,1,"D6_Az4","D6","T25",25,"Ambiant","Ctrl","Yes","None","None",0.118,"Ctrl_Ambiant"
"T25_D7_Az10_A2","IMG_3418",715,1,"D7_Az10","D7","T25",25,"Warm","Ctrl","Yes","None","None",0.155,"Ctrl_Warm"
"T25_D7_Az17_C4","IMG_3397",715,1,"D7_Az17","D7","T25",25,"Warm","Ctrl","Yes","None","None",0.152,"Ctrl_Warm"
"T25_D7_Az20_A4","IMG_3460",727,1,"D7_Az20","D7","T25",25,"Warm","Ctrl","Yes","None","None",0.173,"Ctrl_Warm"
"T27_A1_Az11_X1","IMG_3536",715,1,"A1_Az11","A1","T27",27,"Ambiant","Ctrl","Yes","None","None",0.108,"Ctrl_Ambiant"
"T27_A1_Az16_C5","IMG_3526",715,1,"A1_Az16","A1","T27",27,"Ambiant","Ctrl","Yes","None","None",0.13,"Ctrl_Ambiant"
"T27_A1_Az1_B1","IMG_3622",727,1,"A1_Az1","A1","T27",27,"Ambiant","Ctrl","Yes","None","None",0.143,"Ctrl_Ambiant"
"T27_B1_Az10_C6","IMG_3515",715,1,"B1_Az10","B1","T27",27,"Warm","Ctrl","Yes","None","None",0.124,"Ctrl_Warm"
"T27_B1_Az3_C2","IMG_3616",727,1,"B1_Az3","B1","T27",27,"Warm","Ctrl","Yes","None","None",0.109,"Ctrl_Warm"
"T27_B2_Az5_D3","IMG_3546",715,1,"B2_Az5","B2","T27",27,"Ambiant","Ctrl","Yes","None","None",0.131,"Ctrl_Ambiant"
"T27_B2_Az18_D4","IMG_3602",727,1,"B2_Az18","B2","T27",27,"Ambiant","Ctrl","Yes","None","None",0.123,"Ctrl_Ambiant"
"T27_B4_Az12_C1","IMG_3564",715,1,"B4_Az12","B4","T27",27,"Ambiant","Pred","Yes","None","None",0.145,"Pred_Ambiant"
"T27_B4_Az11_C3","IMG_3542",715,1,"B4_Az11","B4","T27",27,"Ambiant","Pred","Yes","None","None",0.144,"Pred_Ambiant"
"T27_B4_Az4_D3","IMG_3608",727,1,"B4_Az4","B4","T27",27,"Ambiant","Pred","Yes","None","None",0.132,"Pred_Ambiant"
"T27_B5_Az18_A5","IMG_3518",715,1,"B5_Az18","B5","T27",27,"Warm","Pred","Yes","None","None",0.12,"Pred_Warm"
"T27_B5_Az3_B3",NA,727,1,"B5_Az3","B5","T27",27,"Warm","Pred","Yes","None","None",NA,"Pred_Warm"
"T27_B6_Az18_A6","IMG_3509",715,1,"B6_Az18","B6","T27",27,"Ambiant","Pred","Yes","None","None",0.137,"Pred_Ambiant"
"T27_B6_Az1_D6","IMG_3574",727,1,"B6_Az1","B6","T27",27,"Ambiant","Pred","Yes","None","None",0.15,"Pred_Ambiant"
"T27_B7_Az13_B5","IMG_3521",715,1,"B7_Az13","B7","T27",27,"Warm","Pred","Yes","None","None",0.149,"Pred_Warm"
"T27_B9_Az17_B1","IMG_3559",715,1,"B9_Az17","B9","T27",27,"Warm","Pred","Yes","None","None",0.127,"Pred_Warm"
"T27_B9_Az9_D4","IMG_3534",715,1,"B9_Az9","B9","T27",27,"Warm","Pred","Yes","None","None",0.135,"Pred_Warm"
"T27_B9_Az16_B6","IMG_3568",727,1,"B9_Az16","B9","T27",27,"Warm","Pred","Yes","None","None",0.119,"Pred_Warm"
"T27_C1_Az15_A4","IMG_3529",715,1,"C1_Az15","C1","T27",27,"Ambiant","Pred","Yes","None","None",0.147,"Pred_Ambiant"
"T27_C1_Az1_A2","IMG_3612",727,1,"C1_Az1","C1","T27",27,"Ambiant","Pred","Yes","None","None",0.123,"Pred_Ambiant"
"T27_C1_Az18_A5","IMG_3577",727,1,"C1_Az18","C1","T27",27,"Ambiant","Pred","Yes","None","None",0.139,"Pred_Ambiant"
"T27_C3_Az6_B2","IMG_3615",727,1,"C3_Az6","C3","T27",27,"Ambiant","Pred","Yes","None","None",0.142,"Pred_Ambiant"
"T27_C3_Az9_C4","IMG_3598",727,1,"C3_Az9","C3","T27",27,"Ambiant","Pred","Yes","None","None",0.152,"Pred_Ambiant"
"T27_C3_Az2_C6","IMG_3571",727,1,"C3_Az2","C3","T27",27,"Ambiant","Pred","Yes","None","None",0.163,"Pred_Ambiant"
"T27_C5_Az8_B6","IMG_3511",715,1,"C5_Az8","C5","T27",27,"Ambiant","Ctrl","Yes","None","None",0.125,"Ctrl_Ambiant"
"T27_C5_Az1_D2","IMG_3621",727,1,"C5_Az1","C5","T27",27,"Ambiant","Ctrl","Yes","None","None",0.135,"Ctrl_Ambiant"
"T27_C5_Az16_B5","IMG_3582",727,1,"C5_Az16","C5","T27",27,"Ambiant","Ctrl","Yes","None","None",0.11,"Ctrl_Ambiant"
"T27_C8_Az7_B3","IMG_3541",715,1,"C8_Az7","C8","T27",27,"Warm","Pred","Yes","None","None",0.125,"Pred_Warm"
"T27_C8_Az14_C5","IMG_3584",727,1,"C8_Az14","C8","T27",27,"Warm","Pred","Yes","None","None",0.139,"Pred_Warm"
"T27_C9_Az1_D2","IMG_3557",715,1,"C9_Az1","C9","T27",27,"Ambiant","Pred","Yes","None","None",0.123,"Pred_Ambiant"
"T27_C9_Az10_B4","IMG_3595",727,1,"C9_Az10","C9","T27",27,"Ambiant","Pred","Yes","None","None",0.107,"Pred_Ambiant"
"T27_D6_Az14_D1","IMG_3566",715,1,"D6_Az14","D6","T27",27,"Ambiant","Ctrl","Yes","None","None",0.129,"Ctrl_Ambiant"
"T27_D6_Az4_B2","IMG_3553",715,1,"D6_Az4","D6","T27",27,"Ambiant","Ctrl","Yes","None","None",0.143,"Ctrl_Ambiant"
"T27_D6_Az17_A3","IMG_3604",727,1,"D6_Az17","D6","T27",27,"Ambiant","Ctrl","Yes","None","None",0.117,"Ctrl_Ambiant"
"T27_D7_Az10_A2","IMG_3550",715,1,"D7_Az10","D7","T27",27,"Warm","Ctrl","Yes","None","None",0.138,"Ctrl_Warm"
"T27_D7_Az17_C4","IMG_3532",715,1,"D7_Az17","D7","T27",27,"Warm","Ctrl","Yes","None","None",0.122,"Ctrl_Warm"
"T27_D7_Az20_A4","IMG_3588",727,1,"D7_Az20","D7","T27",27,"Warm","Ctrl","Yes","None","None",0.106,"Ctrl_Warm"
"T30_A1_Az11_X1","IMG_3664",715,1,"A1_Az11","A1","T30",30,"Ambiant","Ctrl","Yes","None","None",0.13,"Ctrl_Ambiant"
"T30_A1_Az16_C5","IMG_3651",715,1,"A1_Az16","A1","T30",30,"Ambiant","Ctrl","Yes","None","None",0.111,"Ctrl_Ambiant"
"T30_A1_Az1_B1","IMG_3755",727,1,"A1_Az1","A1","T30",30,"Ambiant","Ctrl","Yes","None","None",0.124,"Ctrl_Ambiant"
"T30_B1_Az10_C6","IMG_3640",715,1,"B1_Az10","B1","T30",30,"Warm","Ctrl","Yes","None","None",0.153,"Ctrl_Warm"
"T30_B1_Az3_C2","IMG_3748",727,1,"B1_Az3","B1","T30",30,"Warm","Ctrl","Yes","None","None",0.128,"Ctrl_Warm"
"T30_B2_Az5_D3","IMG_3675",715,1,"B2_Az5","B2","T30",30,"Ambiant","Ctrl","Yes","None","None",0.143,"Ctrl_Ambiant"
"T30_B2_Az18_D4","IMG_3728",727,1,"B2_Az18","B2","T30",30,"Ambiant","Ctrl","Yes","None","None",0.143,"Ctrl_Ambiant"
"T30_B4_Az12_C1","IMG_3694",715,1,"B4_Az12","B4","T30",30,"Ambiant","Pred","Yes","None","None",0.128,"Pred_Ambiant"
"T30_B4_Az11_C3","IMG_3669",715,1,"B4_Az11","B4","T30",30,"Ambiant","Pred","Yes","None","None",0.16,"Pred_Ambiant"
"T30_B4_Az4_D3","IMG_3739",727,1,"B4_Az4","B4","T30",30,"Ambiant","Pred","Yes","None","None",0.155,"Pred_Ambiant"
"T30_B5_Az18_A5","IMG_3644",715,1,"B5_Az18","B5","T30",30,"Warm","Pred","Yes","None","None",0.15,"Pred_Warm"
"T30_B5_Az3_B3","IMG_3734",727,1,"B5_Az3","B5","T30",30,"Warm","Pred","Yes","None","None",0.174,"Pred_Warm"
"T30_B6_Az18_A6","IMG_3633",715,1,"B6_Az18","B6","T30",30,"Ambiant","Pred","Yes","None","None",0.151,"Pred_Ambiant"
"T30_B6_Az1_D6","IMG_3705",727,1,"B6_Az1","B6","T30",30,"Ambiant","Pred","Yes","None","None",0.112,"Pred_Ambiant"
"T30_B7_Az13_B5","IMG_3648",715,1,"B7_Az13","B7","T30",30,"Warm","Pred","Yes","None","None",0.147,"Pred_Warm"
"T30_B9_Az17_B1","IMG_3689",715,1,"B9_Az17","B9","T30",30,"Warm","Pred","Yes","None","None",0.142,"Pred_Warm"
"T30_B9_Az9_D4","IMG_3660",715,1,"B9_Az9","B9","T30",30,"Warm","Pred","Yes","None","None",0.141,"Pred_Warm"
"T30_B9_Az16_B6",NA,727,1,"B9_Az16","B9","T30",30,"Warm","Pred","Yes","None","None",NA,"Pred_Warm"
"T30_C1_Az15_A4","IMG_3654",715,1,"C1_Az15","C1","T30",30,"Ambiant","Pred","Yes","None","None",0.151,"Pred_Ambiant"
"T30_C1_Az1_A2","IMG_3741",727,1,"C1_Az1","C1","T30",30,"Ambiant","Pred","Yes","None","None",0.15,"Pred_Ambiant"
"T30_C1_Az18_A5","IMG_3710",727,1,"C1_Az18","C1","T30",30,"Ambiant","Pred","Yes","None","None",0.125,"Pred_Ambiant"
"T30_C3_Az6_B2","IMG_3743",727,1,"C3_Az6","C3","T30",30,"Ambiant","Pred","Yes","None","None",0.158,"Pred_Ambiant"
"T30_C3_Az9_C4","IMG_3723",727,1,"C3_Az9","C3","T30",30,"Ambiant","Pred","Yes","None","None",0.169,"Pred_Ambiant"
"T30_C3_Az2_C6","IMG_3704",727,1,"C3_Az2","C3","T30",30,"Ambiant","Pred","Yes","None","None",0.169,"Pred_Ambiant"
"T30_C5_Az8_B6","IMG_3638",715,1,"C5_Az8","C5","T30",30,"Ambiant","Ctrl","Yes","None","None",0.111,"Ctrl_Ambiant"
"T30_C5_Az1_D2","IMG_3752",727,1,"C5_Az1","C5","T30",30,"Ambiant","Ctrl","Yes","None","None",0.149,"Ctrl_Ambiant"
"T30_C5_Az16_B5","IMG_3712",727,1,"C5_Az16","C5","T30",30,"Ambiant","Ctrl","Yes","None","None",0.142,"Ctrl_Ambiant"
"T30_C8_Az7_B3","IMG_3667",715,1,"C8_Az7","C8","T30",30,"Warm","Pred","Yes","None","None",0.158,"Pred_Warm"
"T30_C8_Az14_C5","IMG_3716",727,1,"C8_Az14","C8","T30",30,"Warm","Pred","Yes","None","None",0.143,"Pred_Warm"
"T30_C9_Az1_D2","IMG_3687",715,1,"C9_Az1","C9","T30",30,"Ambiant","Pred","Yes","None","None",0.141,"Pred_Ambiant"
"T30_C9_Az10_B4","IMG_3720",727,1,"C9_Az10","C9","T30",30,"Ambiant","Pred","Yes","None","None",0.154,"Pred_Ambiant"
"T30_D6_Az14_D1","IMG_3696",715,1,"D6_Az14","D6","T30",30,"Ambiant","Ctrl","Yes","None","None",0.157,"Ctrl_Ambiant"
"T30_D6_Az4_B2","IMG_3681",715,1,"D6_Az4","D6","T30",30,"Ambiant","Ctrl","Yes","None","None",0.153,"Ctrl_Ambiant"
"T30_D6_Az17_X1","IMG_3730",727,1,"D6_Az17","D6","T30",30,"Ambiant","Ctrl","Yes","None","None",0.142,"Ctrl_Ambiant"
"T30_D7_Az10_A2","IMG_3678",715,1,"D7_Az10","D7","T30",30,"Warm","Ctrl","Yes","None","None",0.103,"Ctrl_Warm"
"T30_D7_Az17_C4","IMG_3658",715,1,"D7_Az17","D7","T30",30,"Warm","Ctrl","Yes","None","None",0.114,"Ctrl_Warm"
"T30_D7_Az20_A4","IMG_3719",727,1,"D7_Az20","D7","T30",30,"Warm","Ctrl","Yes","None","None",0.103,"Ctrl_Warm"
"T05_A1_Az10_C6","IMG_0437",715,2,"A1_Az10","A1","T05",5,"Ambiant","Ctrl","Yes","Naive","None",0.127,"Ctrl_Ambiant"
"T05_A1_Az7_B1","IMG_0554",727,2,"A1_Az7","A1","T05",5,"Ambiant","Ctrl","Yes","Naive","None",0.122,"Ctrl_Ambiant"
"T05_A1_Az9_C2","IMG_0548",727,2,"A1_Az9","A1","T05",5,"Ambiant","Ctrl","Yes","Naive","None",0.102,"Ctrl_Ambiant"
"T05_B2_Az2_D1","IMG_0487",715,2,"B2_Az2","B2","T05",5,"Ambiant","Ctrl","Yes","Naive","None",0.116,"Ctrl_Ambiant"
"T05_B2_Az8_B2","IMG_0476",715,2,"B2_Az8","B2","T05",5,"Ambiant","Ctrl","Yes","Naive","None",0.081,"Ctrl_Ambiant"
"T05_B2_Az9_C4","IMG_0520",727,2,"B2_Az9","B2","T05",5,"Ambiant","Ctrl","Yes","Naive","None",0.097,"Ctrl_Ambiant"
"T05_B4_Az1_B1","IMG_0486",715,2,"B4_Az1","B4","T05",5,"Ambiant","Pred","Yes","Naive","None",0.103,"Pred_Ambiant"
"T05_B4_Az7_D3","IMG_0537",727,2,"B4_Az7","B4","T05",5,"Ambiant","Pred","Yes","Naive","None",0.111,"Pred_Ambiant"
"T05_B5_Az5_B6","IMG_0435",715,2,"B5_Az5","B5","T05",5,"Warm","Pred","Yes","Naive","None",0.11,"Pred_Warm"
"T05_B5_Az8_C3","IMG_0532",727,2,"B5_Az8","B5","T05",5,"Warm","Pred","Yes","Naive","None",0.102,"Pred_Warm"
"T05_B6_Az9_A3","IMG_0462",715,2,"B6_Az9","B6","T05",5,"Ambiant","Pred","Yes","Naive","None",0.088,"Pred_Ambiant"
"T05_B6_Az5_B4","IMG_0453",715,2,"B6_Az5","B6","T05",5,"Ambiant","Pred","Yes","Naive","None",0.115,"Pred_Ambiant"
"T05_B6_Az7_B4","IMG_0518",727,2,"B6_Az7","B6","T05",5,"Ambiant","Pred","Yes","Naive","None",0.109,"Pred_Ambiant"
"T05_B6_Az8_D5","IMG_0509",727,2,"B6_Az8","B6","T05",5,"Ambiant","Pred","Yes","Naive","None",0.101,"Pred_Ambiant"
"T05_B7_Az5_D3","IMG_0470",715,2,"B7_Az5","B7","T05",5,"Warm","Pred","Yes","Naive","None",0.094,"Pred_Warm"
"T05_B7_Az10_D2","IMG_0550",727,2,"B7_Az10","B7","T05",5,"Warm","Pred","Yes","Experienced","None",0.126,"Pred_Warm"
"T05_B7_Az6_A4","IMG_0512",727,2,"B7_Az6","B7","T05",5,"Warm","Pred","Yes","Naive","None",0.107,"Pred_Warm"
"T05_B9_Az3_C4","IMG_0457",715,2,"B9_Az3","B9","T05",5,"Warm","Pred","Yes","Naive","None",0.114,"Pred_Warm"
"T05_B9_Az2_C5","IMG_0507",727,2,"B9_Az2","B9","T05",5,"Warm","Pred","Yes","Naive","None",0.089,"Pred_Warm"
"T05_C1_Az6_D2","IMG_0479",715,2,"C1_Az6","C1","T05",5,"Ambiant","Pred","Yes","Naive","None",0.096,"Pred_Ambiant"
"T05_C1_Az3_A4","IMG_0451",715,2,"C1_Az3","C1","T05",5,"Ambiant","Pred","Yes","Naive","None",0.131,"Pred_Ambiant"
"T05_C1_Az7_A5","IMG_0499",727,2,"C1_Az7","C1","T05",5,"Ambiant","Pred","Yes","Naive","None",0.126,"Pred_Ambiant"
"T05_C3_Az1_D5","IMG_0447",715,2,"C3_Az1","C3","T05",5,"Ambiant","Pred","Yes","Naive","None",0.107,"Pred_Ambiant"
"T05_C3_Az6_A2","IMG_0539",727,2,"C3_Az6","C3","T05",5,"Ambiant","Pred","Yes","Naive","None",0.094,"Pred_Ambiant"
"T05_C3_Az10_D6","IMG_0497",727,2,"C3_Az10","C3","T05",5,"Ambiant","Pred","Yes","Naive","None",0.103,"Pred_Ambiant"
"T05_C5_Az5_A1","IMG_0483",715,2,"C5_Az5","C5","T05",5,"Ambiant","Ctrl","Yes","Naive","None",0.099,"Ctrl_Ambiant"
"T05_C5_Az6_B5","IMG_0443",715,2,"C5_Az6","C5","T05",5,"Ambiant","Ctrl","Yes","Naive","None",0.116,"Ctrl_Ambiant"
"T05_C5_Az8_C1","IMG_0557",727,2,"C5_Az8","C5","T05",5,"Ambiant","Ctrl","Yes","Naive","None",0.121,"Ctrl_Ambiant"
"T05_C5_Az4_B5","IMG_0501",727,2,"C5_Az4","C5","T05",5,"Ambiant","Ctrl","Yes","Naive","None",0.106,"Ctrl_Ambiant"
"T05_C8_Az7_A2","IMG_0474",715,2,"C8_Az7","C8","T05",5,"Warm","Pred","Yes","Naive","None",0.109,"Pred_Warm"
"T05_C8_Az8_B2","IMG_0544",727,2,"C8_Az8","C8","T05",5,"Warm","Pred","Yes","Naive","None",0.089,"Pred_Warm"
"T05_C9_Az4_C3","IMG_0468",715,2,"C9_Az4","C9","T05",5,"Ambiant","Pred","Yes","Naive","None",0.12,"Pred_Ambiant"
"T05_C9_Az7_D4","IMG_0524",727,2,"C9_Az7","C9","T05",5,"Ambiant","Pred","Yes","Naive","None",0.13,"Pred_Ambiant"
"T05_D6_Az1_A6","IMG_0432",715,2,"D6_Az1","D6","T05",5,"Ambiant","Ctrl","Yes","Naive","None",0.125,"Ctrl_Ambiant"
"T05_D6_Az8_A3","IMG_0527",727,2,"D6_Az8","D6","T05",5,"Ambiant","Ctrl","Yes","Naive","None",0.09,"Ctrl_Ambiant"
"T05_D7_Az2_D4","IMG_0458",715,2,"D7_Az2","D7","T05",5,"Warm","Ctrl","Yes","Naive","None",0.123,"Ctrl_Warm"
"T05_D7_Az7_X1",NA,727,2,"D7_Az7","D7","T05",5,"Warm","Ctrl","Yes","Naive","None",NA,"Ctrl_Warm"
"T05_D7_Az4_B3","IMG_0530",727,2,"D7_Az4","D7","T05",5,"Warm","Ctrl","Yes","Naive","None",0.102,"Ctrl_Warm"
"T05_B1_Az5_B3","IMG_0464",715,2,"B1_Az5","B1","T05",10,"Warm","Ctrl","Yes","Naive","None",0.113,"Ctrl_Warm"
"T05_B1_Az4_C6","IMG_0493",727,2,"B1_Az4","B1","T05",10,"Warm","Ctrl","Yes","Naive","None",0.103,"Ctrl_Warm"
"T10_A1_Az12_A6","IMG_4522",715,2,"A1_Az12","A1","T10",10,"Ambiant","Ctrl","Yes","Naive","None",0.114,"Ctrl_Ambiant"
"T10_A1_Az14_A2","IMG_4639",727,2,"A1_Az14","A1","T10",10,"Ambiant","Ctrl","Yes","Naive","None",0.12,"Ctrl_Ambiant"
"T10_B1_Az9_B1","IMG_4576",715,2,"B1_Az9","B1","T10",10,"Warm","Ctrl","Yes","Naive","None",0.14,"Ctrl_Warm"
"T10_B1_Az5_B3","IMG_4631",727,2,"B1_Az5","B1","T10",10,"Warm","Ctrl","Yes","Naive","None",0.134,"Ctrl_Warm"
"T10_B1_Az16_D4","IMG_4624",727,2,"B1_Az16","B1","T10",10,"Warm","Ctrl","Yes","Naive","None",0.123,"Ctrl_Warm"
"T10_B2_Az6_D3","IMG_4563",715,2,"B2_Az6","B2","T10",10,"Ambiant","Ctrl","Yes","Naive","None",0.134,"Ctrl_Ambiant"
"T10_B2_Az7_D5","IMG_4609",727,2,"B2_Az7","B2","T10",10,"Ambiant","Ctrl","Yes","Naive","None",0.132,"Ctrl_Ambiant"
"T10_B2_Az12_A6","IMG_4587",727,2,"B2_Az12","B2","T10",10,"Ambiant","Ctrl","Yes","Naive","None",0.142,"Ctrl_Ambiant"
"T10_B4_Az5_B3","IMG_4555",715,2,"B4_Az5","B4","T10",10,"Ambiant","Pred","Yes","Naive","None",0.142,"Pred_Ambiant"
"T10_B4_Az18_B6","IMG_4592",727,2,"B4_Az18","B4","T10",10,"Ambiant","Pred","Yes","Naive","None",0.104,"Pred_Ambiant"
"T10_B5_Az6_C2","IMG_4570",715,2,"B5_Az6","B5","T10",10,"Warm","Pred","Yes","Naive","None",0.148,"Pred_Warm"
"T10_B5_Az5_D5","IMG_4534",715,2,"B5_Az5","B5","T10",10,"Warm","Pred","Yes","Naive","None",0.148,"Pred_Warm"
"T10_B5_Az12_C6","IMG_4596",727,2,"B5_Az12","B5","T10",10,"Warm","Pred","Yes","Naive","None",0.126,"Pred_Warm"
"T10_B6_Az7_C4","IMG_4544",715,2,"B6_Az7","B6","T10",10,"Ambiant","Pred","Yes","Naive","None",0.139,"Pred_Ambiant"
"T10_B6_Az17_D1","IMG_4659",727,2,"B6_Az17","B6","T10",10,"Ambiant","Pred","Yes","Naive","None",0.128,"Pred_Ambiant"
"T10_B6_Az15_B5","IMG_4601",727,2,"B6_Az15","B6","T10",10,"Ambiant","Pred","Yes","Experienced","None",0.121,"Pred_Ambiant"
"T10_B7_Az19_B6","IMG_4527",715,2,"B7_Az19","B7","T10",10,"Warm","Pred","Yes","Naive","None",0.151,"Pred_Warm"
"T10_B7_Az5_C4","IMG_4620",727,2,"B7_Az5","B7","T10",10,"Warm","Pred","Yes","Naive","None",0.131,"Pred_Warm"
"T10_B7_Az14_A5","IMG_4598",727,2,"B7_Az14","B7","T10",10,"Warm","Pred","Yes","Naive","None",0.127,"Pred_Warm"
"T10_B9_Az12_A3","IMG_4551",715,2,"B9_Az12","B9","T10",10,"Warm","Pred","Yes","Naive","None",0.126,"Pred_Warm"
"T10_B9_Az10_C2","IMG_4641",727,2,"B9_Az10","B9","T10",10,"Warm","Pred","Yes","Naive","None",0.127,"Pred_Warm"
"T10_C1_Az14_A1","IMG_4572",715,2,"C1_Az14","C1","T10",10,"Ambiant","Pred","Yes","Naive","None",0.123,"Pred_Ambiant"
"T10_C1_Az2_B1","IMG_4649",727,2,"C1_Az2","C1","T10",10,"Ambiant","Pred","Yes","Naive","None",0.112,"Pred_Ambiant"
"T10_C3_Az10_C1","IMG_4580",715,2,"C3_Az10","C3","T10",10,"Ambiant","Pred","Yes","Naive","None",0.152,"Pred_Ambiant"
"T10_C3_Az4_C5","IMG_4606",727,2,"C3_Az4","C3","T10",10,"Ambiant","Pred","Yes","Naive","None",0.152,"Pred_Ambiant"
"T10_C5_Az12_B2","IMG_4565",715,2,"C5_Az12","C5","T10",10,"Ambiant","Ctrl","Yes","Naive","None",0.115,"Ctrl_Ambiant"
"T10_C5_Az18_D2","IMG_4645",727,2,"C5_Az18","C5","T10",10,"Ambiant","Ctrl","Yes","Naive","None",0.145,"Ctrl_Ambiant"
"T10_C8_Az10_C3","IMG_4557",715,2,"C8_Az10","C8","T10",10,"Warm","Pred","Yes","Naive","None",0.131,"Pred_Warm"
"T10_C8_Az6_A5","IMG_4528",715,2,"C8_Az6","C8","T10",10,"Warm","Pred","Yes","Naive","None",0.132,"Pred_Warm"
"T10_C8_Az2_A3","IMG_4628",727,2,"C8_Az2","C8","T10",10,"Warm","Pred","Yes","Naive","None",0.134,"Pred_Warm"
"T10_C9_Az2_D1","IMG_4584",715,2,"C9_Az2","C9","T10",10,"Ambiant","Pred","Yes","Naive","None",0.116,"Pred_Ambiant"
"T10_C9_Az9_B5","IMG_4531",715,2,"C9_Az9","C9","T10",10,"Ambiant","Pred","Yes","Naive","None",0.135,"Pred_Ambiant"
"T10_C9_Az3_B4","IMG_4613",727,2,"C9_Az3","C9","T10",10,"Ambiant","Pred","Yes","Naive","None",0.139,"Pred_Ambiant"
"T10_D6_Az6_A4","IMG_4539",715,2,"D6_Az6","D6","T10",10,"Ambiant","Ctrl","Yes","Naive","None",0.13,"Ctrl_Ambiant"
"T10_D6_Az12_C3","IMG_4635",727,2,"D6_Az12","D6","T10",10,"Ambiant","Ctrl","Yes","Naive","None",0.131,"Ctrl_Ambiant"
"T10_D7_Az13_D4","IMG_4547",715,2,"D7_Az13","D7","T10",10,"Warm","Ctrl","Yes","Naive","None",0.166,"Ctrl_Warm"
"T10_D7_Az11_C1","IMG_4652",727,2,"D7_Az11","D7","T10",10,"Warm","Ctrl","Yes","Naive","None",0.127,"Ctrl_Warm"
"T15_A1_Az12_A6","IMG_4391",715,2,"A1_Az12","A1","T15",15,"Ambiant","Ctrl","Yes","Naive","None",0.121,"Ctrl_Ambiant"
"T15_A1_Az14_A2","IMG_4493",727,2,"A1_Az14","A1","T15",15,"Ambiant","Ctrl","Yes","Naive","None",0.114,"Ctrl_Ambiant"
"T15_B1_Az9_B1","IMG_4440",715,2,"B1_Az9","B1","T15",15,"Warm","Ctrl","Yes","Naive","None",0.146,"Ctrl_Warm"
"T15_B1_Az5_B3","IMG_4486",727,2,"B1_Az5","B1","T15",15,"Warm","Ctrl","Yes","Naive","None",0.139,"Ctrl_Warm"
"T15_B1_Az16_D4","IMG_4481",727,2,"B1_Az16","B1","T15",15,"Warm","Ctrl","Yes","Naive","None",0.078,"Ctrl_Warm"
"T15_B2_Az6_D3","IMG_4428",715,2,"B2_Az6","B2","T15",15,"Ambiant","Ctrl","Yes","Naive","None",0.128,"Ctrl_Ambiant"
"T15_B2_Az7_D5","IMG_4471",727,2,"B2_Az7","B2","T15",15,"Ambiant","Ctrl","Yes","Naive","None",0.129,"Ctrl_Ambiant"
"T15_B2_Az12_A6","IMG_4449",727,2,"B2_Az12","B2","T15",15,"Ambiant","Ctrl","Yes","Naive","None",0.123,"Ctrl_Ambiant"
"T15_B4_Az5_B3","IMG_4421",715,2,"B4_Az5","B4","T15",15,"Ambiant","Pred","Yes","Naive","None",0.142,"Pred_Ambiant"
"T15_B4_Az18_B6","IMG_4453",727,2,"B4_Az18","B4","T15",15,"Ambiant","Pred","Yes","Naive","None",0.143,"Pred_Ambiant"
"T15_B5_Az6_C2","IMG_4435",715,2,"B5_Az6","B5","T15",15,"Warm","Pred","Yes","Experienced","None",0.15,"Pred_Warm"
"T15_B5_Az5_D5","IMG_4406",715,2,"B5_Az5","B5","T15",15,"Warm","Pred","Yes","Naive","None",0.148,"Pred_Warm"
"T15_B5_Az12_C6","IMG_4455",727,2,"B5_Az12","B5","T15",15,"Warm","Pred","Yes","Experienced","None",0.142,"Pred_Warm"
"T15_B6_Az7_C4","IMG_4414",715,2,"B6_Az7","B6","T15",15,"Ambiant","Pred","Yes","Experienced","None",0.128,"Pred_Ambiant"
"T15_B6_Az17_D1","IMG_4508",727,2,"B6_Az17","B6","T15",15,"Ambiant","Pred","Yes","Naive","None",0.12,"Pred_Ambiant"
"T15_B6_Az15_B5","IMG_4461",727,2,"B6_Az15","B6","T15",15,"Ambiant","Pred","Yes","Experienced","None",0.119,"Pred_Ambiant"
"T15_B7_Az19_B6","IMG_4395",715,2,"B7_Az19","B7","T15",15,"Warm","Pred","Yes","Naive","None",0.158,"Pred_Warm"
"T15_B7_Az5_C4","IMG_4477",727,2,"B7_Az5","B7","T15",15,"Warm","Pred","Yes","Experienced","None",0.145,"Pred_Warm"
"T15_B7_Az14_A5","IMG_4458",727,2,"B7_Az14","B7","T15",15,"Warm","Pred","Yes","Experienced","None",0.127,"Pred_Warm"
"T15_B9_Az12_A3","IMG_4419",715,2,"B9_Az12","B9","T15",15,"Warm","Pred","Yes","Naive","None",0.14,"Pred_Warm"
"T15_B9_Az10_C2","IMG_4495",727,2,"B9_Az10","B9","T15",15,"Warm","Pred","Yes","Naive","None",0.12,"Pred_Warm"
"T15_C1_Az14_A1","IMG_4436",715,2,"C1_Az14","C1","T15",15,"Ambiant","Pred","Yes","Naive","None",0.125,"Pred_Ambiant"
"T15_C1_Az2_B1","IMG_4502",727,2,"C1_Az2","C1","T15",15,"Ambiant","Pred","Yes","Naive","None",0.141,"Pred_Ambiant"
"T15_C3_Az10_C1","IMG_4444",715,2,"C3_Az10","C3","T15",15,"Ambiant","Pred","Yes","Naive","None",0.129,"Pred_Ambiant"
"T15_C3_Az4_C5","IMG_4466",727,2,"C3_Az4","C3","T15",15,"Ambiant","Pred","Yes","Naive","None",0.152,"Pred_Ambiant"
"T15_C5_Az12_B2","IMG_4432",715,2,"C5_Az12","C5","T15",15,"Ambiant","Ctrl","Yes","Naive","None",0.133,"Ctrl_Ambiant"
"T15_C5_Az18_D2","IMG_4500",727,2,"C5_Az18","C5","T15",15,"Ambiant","Ctrl","Yes","Naive","None",0.138,"Ctrl_Ambiant"
"T15_C8_Az10_C3","IMG_4424",715,2,"C8_Az10","C8","T15",15,"Warm","Pred","Yes","Naive","None",0.093,"Pred_Warm"
"T15_C8_Az6_A5","IMG_4398",715,2,"C8_Az6","C8","T15",15,"Warm","Pred","Yes","Naive","None",0.108,"Pred_Warm"
"T15_C8_Az2_A3","IMG_4484",727,2,"C8_Az2","C8","T15",15,"Warm","Pred","Yes","Naive","None",0.118,"Pred_Warm"
"T15_C9_Az2_D1","IMG_4447",715,2,"C9_Az2","C9","T15",15,"Ambiant","Pred","Yes","Naive","None",0.127,"Pred_Ambiant"
"T15_C9_Az9_B5","IMG_4401",715,2,"C9_Az9","C9","T15",15,"Ambiant","Pred","Yes","Naive","None",0.131,"Pred_Ambiant"
"T15_C9_Az3_B4","IMG_4473",727,2,"C9_Az3","C9","T15",15,"Ambiant","Pred","Yes","Naive","None",0.098,"Pred_Ambiant"
"T15_D6_Az6_A4","IMG_4411",715,2,"D6_Az6","D6","T15",15,"Ambiant","Ctrl","Yes","Naive","None",0.135,"Ctrl_Ambiant"
"T15_D6_Az12_C3","IMG_4489",727,2,"D6_Az12","D6","T15",15,"Ambiant","Ctrl","Yes","Naive","None",0.13,"Ctrl_Ambiant"
"T15_D7_Az13_D4","IMG_4416",715,2,"D7_Az13","D7","T15",15,"Warm","Ctrl","Yes","Naive","None",0.164,"Ctrl_Warm"
"T15_D7_Az11_C1","IMG_4506",727,2,"D7_Az11","D7","T15",15,"Warm","Ctrl","Yes","Naive","None",0.163,"Ctrl_Warm"
"T20_A1_Az12_A6","IMG_4272",715,2,"A1_Az12","A1","T20",20,"Ambiant","Ctrl","Yes","Experienced","None",0.115,"Ctrl_Ambiant"
"T20_A1_Az14_A2",NA,727,2,"A1_Az14","A1","T20",20,"Ambiant","Ctrl","Yes","Naive","None",NA,"Ctrl_Ambiant"
"T20_B1_Az9_B1",NA,715,2,"B1_Az9","B1","T20",20,"Warm","Ctrl","None","Naive","None",NA,"Ctrl_Warm"
"T20_B1_Az16_D4",NA,727,2,"B1_Az16","B1","T20",20,"Warm","Ctrl","Yes","Naive","None",NA,"Ctrl_Warm"
"T20_B1_Az5_B3",NA,727,2,"B1_Az5","B1","T20",20,"Warm","Ctrl","Yes","Naive","None",NA,"Ctrl_Warm"
"T20_B2_Az6_D3","IMG_4306",715,2,"B2_Az6","B2","T20",20,"Ambiant","Ctrl","Yes","Naive","None",0.135,"Ctrl_Ambiant"
"T20_B2_Az12_A6",NA,727,2,"B2_Az12","B2","T20",20,"Ambiant","Ctrl","Yes","Naive","None",NA,"Ctrl_Ambiant"
"T20_B2_Az7_D5",NA,727,2,"B2_Az7","B2","T20",20,"Ambiant","Ctrl","Yes","Naive","None",NA,"Ctrl_Ambiant"
"T20_B4_Az5_B3","IMG_4299",715,2,"B4_Az5","B4","T20",20,"Ambiant","Pred","Yes","Naive","None",0.119,"Pred_Ambiant"
"T20_B4_Az18_B6",NA,727,2,"B4_Az18","B4","T20",20,"Ambiant","Pred","Yes","Naive","None",NA,"Pred_Ambiant"
"T20_B5_Az5_D5","IMG_4285",715,2,"B5_Az5","B5","T20",20,"Warm","Pred","Yes","Naive","None",0.15,"Pred_Warm"
"T20_B5_Az6_C2","IMG_4313",715,2,"B5_Az6","B5","T20",20,"Warm","Pred","Yes","Experienced","None",0.153,"Pred_Warm"
"T20_B5_Az12_C6",NA,727,2,"B5_Az12","B5","T20",20,"Warm","Pred","Yes","Experienced","None",NA,"Pred_Warm"
"T20_B6_Az7_C4","IMG_4290",715,2,"B6_Az7","B6","T20",20,"Ambiant","Pred","Yes","Experienced","None",0.126,"Pred_Ambiant"
"T20_B6_Az15_B5",NA,727,2,"B6_Az15","B6","T20",20,"Ambiant","Pred","Yes","Experienced","None",NA,"Pred_Ambiant"
"T20_B6_Az17_D1",NA,727,2,"B6_Az17","B6","T20",20,"Ambiant","Pred","Yes","Naive","None",NA,"Pred_Ambiant"
"T20_B7_Az19_B6","IMG_4275",715,2,"B7_Az19","B7","T20",20,"Warm","Pred","Yes","Experienced","None",0.159,"Pred_Warm"
"T20_B7_Az14_A5",NA,727,2,"B7_Az14","B7","T20",20,"Warm","Pred","Yes","Experienced","None",NA,"Pred_Warm"
"T20_B7_Az5_C4",NA,727,2,"B7_Az5","B7","T20",20,"Warm","Pred","Yes","Experienced","None",NA,"Pred_Warm"
"T20_B9_Az12_A3","IMG_4297",715,2,"B9_Az12","B9","T20",20,"Warm","Pred","Yes","Naive","None",0.124,"Pred_Warm"
"T20_B9_Az10_C2",NA,727,2,"B9_Az10","B9","T20",20,"Warm","Pred","Yes","Naive","None",NA,"Pred_Warm"
"T20_C1_Az14_A1","IMG_4314",715,2,"C1_Az14","C1","T20",20,"Ambiant","Pred","None","Naive","None",0.113,"Pred_Ambiant"
"T20_C1_Az2_B1",NA,727,2,"C1_Az2","C1","T20",20,"Ambiant","Pred","Yes","Naive","None",NA,"Pred_Ambiant"
"T20_C3_Az10_C1",NA,715,2,"C3_Az10","C3","T20",20,"Ambiant","Pred","None","Naive","None",NA,"Pred_Ambiant"
"T20_C3_Az4_C5",NA,727,2,"C3_Az4","C3","T20",20,"Ambiant","Pred","Yes","Naive","None",NA,"Pred_Ambiant"
"T20_C5_Az12_B2","IMG_4309",715,2,"C5_Az12","C5","T20",20,"Ambiant","Ctrl","Yes","Naive","None",0.137,"Ctrl_Ambiant"
"T20_C5_Az18_D2",NA,727,2,"C5_Az18","C5","T20",20,"Ambiant","Ctrl","Yes","Naive","None",NA,"Ctrl_Ambiant"
"T20_C8_Az10_C3","IMG_4302",715,2,"C8_Az10","C8","T20",20,"Warm","Pred","Yes","Naive","None",0.103,"Pred_Warm"
"T20_C8_Az6_A5","IMG_4277",715,2,"C8_Az6","C8","T20",20,"Warm","Pred","Yes","Naive","None",0.137,"Pred_Warm"
"T20_C8_Az2_A3",NA,727,2,"C8_Az2","C8","T20",20,"Warm","Pred","Yes","Naive","None",NA,"Pred_Warm"
"T20_C9_Az2_D1",NA,715,2,"C9_Az2","C9","T20",20,"Ambiant","Pred","None","Naive","None",NA,"Pred_Ambiant"
"T20_C9_Az9_B5","IMG_4282",715,2,"C9_Az9","C9","T20",20,"Ambiant","Pred","Yes","Naive","None",0.112,"Pred_Ambiant"
"T20_C9_Az3_B4",NA,727,2,"C9_Az3","C9","T20",20,"Ambiant","Pred","Yes","Naive","None",NA,"Pred_Ambiant"
"T20_D6_Az6_A4","IMG_4287",715,2,"D6_Az6","D6","T20",20,"Ambiant","Ctrl","Yes","Naive","None",0.131,"Ctrl_Ambiant"
"T20_D6_Az12_C3",NA,727,2,"D6_Az12","D6","T20",20,"Ambiant","Ctrl","Yes","Naive","None",NA,"Ctrl_Ambiant"
"T20_D7_Az13_D4","IMG_4294",715,2,"D7_Az13","D7","T20",20,"Warm","Ctrl","Yes","Naive","None",0.153,"Ctrl_Warm"
"T20_D7_Az11_C1",NA,727,2,"D7_Az11","D7","T20",20,"Warm","Ctrl","Yes","Naive","None",NA,"Ctrl_Warm"
"T23_A1_Az12_A6","IMG_4141",715,2,"A1_Az12","A1","T23",23,"Ambiant","Ctrl","Yes","Naive","None",0.112,"Ctrl_Ambiant"
"T23_A1_Az14_A2","IMG_4238",727,2,"A1_Az14","A1","T23",23,"Ambiant","Ctrl","Yes","Naive","None",0.096,"Ctrl_Ambiant"
"T23_B1_Az9_B1","IMG_4188",715,2,"B1_Az9","B1","T23",23,"Warm","Ctrl","Yes","Naive","None",0.129,"Ctrl_Warm"
"T23_B1_Az5_B3","IMG_4232",727,2,"B1_Az5","B1","T23",23,"Warm","Ctrl","Yes","Naive","Goulot",0.115,"Ctrl_Warm"
"T23_B1_Az16_D4","IMG_4225",727,2,"B1_Az16","B1","T23",23,"Warm","Ctrl","Yes","Naive","None",0.118,"Ctrl_Warm"
"T23_B2_Az6_D3","IMG_4176",715,2,"B2_Az6","B2","T23",23,"Ambiant","Ctrl","Yes","Naive","None",0.138,"Ctrl_Ambiant"
"T23_B2_Az7_D5","IMG_4217",727,2,"B2_Az7","B2","T23",23,"Ambiant","Ctrl","Yes","Naive","None",0.129,"Ctrl_Ambiant"
"T23_B2_Az12_A6","IMG_4197",727,2,"B2_Az12","B2","T23",23,"Ambiant","Ctrl","Yes","Naive","None",0.125,"Ctrl_Ambiant"
"T23_B4_Az5_B3","IMG_4170",715,2,"B4_Az5","B4","T23",23,"Ambiant","Pred","Yes","Naive","None",0.137,"Pred_Ambiant"
"T23_B4_Az18_B6","IMG_4199",727,2,"B4_Az18","B4","T23",23,"Ambiant","Pred","Yes","Naive","None",0.14,"Pred_Ambiant"
"T23_B5_Az6_C2","IMG_4182",715,2,"B5_Az6","B5","T23",23,"Warm","Pred","Yes","Naive","None",0.136,"Pred_Warm"
"T23_B5_Az5_D5","IMG_4154",715,2,"B5_Az5","B5","T23",23,"Warm","Pred","Yes","Naive","None",0.14,"Pred_Warm"
"T23_B5_Az12_C6","IMG_4201",727,2,"B5_Az12","B5","T23",23,"Warm","Pred","Yes","Naive","Goulot",0.142,"Pred_Warm"
"T23_B6_Az7_C4","IMG_4159",715,2,"B6_Az7","B6","T23",23,"Ambiant","Pred","Yes","Naive","None",0.123,"Pred_Ambiant"
"T23_B6_Az17_D1","IMG_4253",727,2,"B6_Az17","B6","T23",23,"Ambiant","Pred","Yes","Experienced","None",0.115,"Pred_Ambiant"
"T23_B6_Az15_B5","IMG_4209",727,2,"B6_Az15","B6","T23",23,"Ambiant","Pred","Yes","Naive","None",0.125,"Pred_Ambiant"
"T23_B7_Az19_B6","IMG_4143",715,2,"B7_Az19","B7","T23",23,"Warm","Pred","Yes","Naive","None",0.124,"Pred_Warm"
"T23_B7_Az5_C4","IMG_4223",727,2,"B7_Az5","B7","T23",23,"Warm","Pred","Yes","Naive","None",0.139,"Pred_Warm"
"T23_B7_Az14_A5","IMG_4205",727,2,"B7_Az14","B7","T23",23,"Warm","Pred","Yes","Naive","None",0.112,"Pred_Warm"
"T23_B9_Az12_A3","IMG_4164",715,2,"B9_Az12","B9","T23",23,"Warm","Pred","Yes","Naive","None",0.107,"Pred_Warm"
"T23_B9_Az10_C2","IMG_4241",727,2,"B9_Az10","B9","T23",23,"Warm","Pred","Yes","Naive","None",0.134,"Pred_Warm"
"T23_C1_Az14_A1","IMG_4183",715,2,"C1_Az14","C1","T23",23,"Ambiant","Pred","Yes","Naive","None",0.142,"Pred_Ambiant"
"T23_C1_Az2_B1","IMG_4246",727,2,"C1_Az2","C1","T23",23,"Ambiant","Pred","Yes","Naive","None",0.121,"Pred_Ambiant"
"T23_C3_Az10_C1","IMG_4190",715,2,"C3_Az10","C3","T23",23,"Ambiant","Pred","Yes","Naive","None",0.125,"Pred_Ambiant"
"T23_C3_Az4_C5","IMG_4213",727,2,"C3_Az4","C3","T23",23,"Ambiant","Pred","Yes","Naive","None",0.143,"Pred_Ambiant"
"T23_C5_Az12_B2","IMG_4179",715,2,"C5_Az12","C5","T23",23,"Ambiant","Ctrl","Yes","Naive","None",0.139,"Ctrl_Ambiant"
"T23_C5_Az18_D2","IMG_4243",727,2,"C5_Az18","C5","T23",23,"Ambiant","Ctrl","Yes","Naive","None",0.102,"Ctrl_Ambiant"
"T23_C8_Az10_C3","IMG_4173",715,2,"C8_Az10","C8","T23",23,"Warm","Pred","Yes","Naive","None",0.1,"Pred_Warm"
"T23_C8_Az6_A5","IMG_4148",715,2,"C8_Az6","C8","T23",23,"Warm","Pred","Yes","Naive","None",0.13,"Pred_Warm"
"T23_C8_Az2_A3","IMG_4229",727,2,"C8_Az2","C8","T23",23,"Warm","Pred","Yes","Naive","None",0.135,"Pred_Warm"
"T23_C9_Az2_D1","IMG_4193",715,2,"C9_Az2","C9","T23",23,"Ambiant","Pred","Yes","Naive","None",0.12,"Pred_Ambiant"
"T23_C9_Az9_B5","IMG_4150",715,2,"C9_Az9","C9","T23",23,"Ambiant","Pred","Yes","Naive","None",0.126,"Pred_Ambiant"
"T23_C9_Az3_B4","IMG_4219",727,2,"C9_Az3","C9","T23",23,"Ambiant","Pred","Yes","Naive","Goulot",0.127,"Pred_Ambiant"
"T23_D6_Az6_A4","IMG_4157",715,2,"D6_Az6","D6","T23",23,"Ambiant","Ctrl","Yes","Naive","None",0.136,"Ctrl_Ambiant"
"T23_D6_Az12_C3","IMG_4235",727,2,"D6_Az12","D6","T23",23,"Ambiant","Ctrl","Yes","Naive","None",0.135,"Ctrl_Ambiant"
"T23_D7_Az13_D4","IMG_4163",715,2,"D7_Az13","D7","T23",23,"Warm","Ctrl","Yes","Naive","None",0.145,"Ctrl_Warm"
"T23_D7_Az11_C1","IMG_4249",727,2,"D7_Az11","D7","T23",23,"Warm","Ctrl","Yes","Naive","None",0.149,"Ctrl_Warm"
"T25_A1_Az12_A6","IMG_4025",715,2,"A1_Az12","A1","T25",25,"Ambiant","Ctrl","Yes","Naive","None",0.095,"Ctrl_Ambiant"
"T25_A1_Az14_A2","IMG_4122",727,2,"A1_Az14","A1","T25",25,"Ambiant","Ctrl","Yes","Naive","None",0.102,"Ctrl_Ambiant"
"T25_B1_Az16_D4","IMG_4108",727,2,"B1_Az16","B1","T25",25,"Warm","Ctrl","Yes","Naive","None",0.105,"Ctrl_Warm"
"T25_B1_Az5_B3","IMG_4116",727,2,"B1_Az5","B1","T25",25,"Warm","Ctrl","Yes","Naive","Goulot",0.146,"Ctrl_Warm"
"T25_B1_Az9_B1","IMG_4072",715,2,"B1_Az9","B1","T25",25,"Warm","Ctrl","Yes","Naive","None",0.108,"Ctrl_Warm"
"T25_B2_Az12_A6","IMG_4082",727,2,"B2_Az12","B2","T25",25,"Ambiant","Ctrl","Yes","Naive","None",0.113,"Ctrl_Ambiant"
"T25_B2_Az6_D3","IMG_4061",715,2,"B2_Az6","B2","T25",25,"Ambiant","Ctrl","Yes","Naive","None",0.125,"Ctrl_Ambiant"
"T25_B2_Az7_D5","IMG_4101",727,2,"B2_Az7","B2","T25",25,"Ambiant","Ctrl","Yes","Naive","None",0.127,"Ctrl_Ambiant"
"T25_B4_Az18_B6","IMG_4084",727,2,"B4_Az18","B4","T25",25,"Ambiant","Pred","Yes","Naive","None",0.139,"Pred_Ambiant"
"T25_B4_Az5_B3","IMG_4053/IMG_4054",715,2,"B4_Az5","B4","T25",25,"Ambiant","Pred","Yes","Naive","None",0.032,"Pred_Ambiant"
"T25_B5_Az12_C6","IMG_4086",727,2,"B5_Az12","B5","T25",25,"Warm","Pred","Yes","Naive","Goulot",0.13,"Pred_Warm"
"T25_B5_Az5_D5","IMG_4036",715,2,"B5_Az5","B5","T25",25,"Warm","Pred","Yes","Naive","None",0.128,"Pred_Warm"
"T25_B5_Az6_C2","IMG_4066",715,2,"B5_Az6","B5","T25",25,"Warm","Pred","Yes","Naive","None",0.145,"Pred_Warm"
"T25_B6_Az15_B5","IMG_4094",727,2,"B6_Az15","B6","T25",25,"Ambiant","Pred","Yes","Naive","None",0.121,"Pred_Ambiant"
"T25_B6_Az17_D1","IMG_4138",727,2,"B6_Az17","B6","T25",25,"Ambiant","Pred","Yes","Naive","None",0.109,"Pred_Ambiant"
"T25_B6_Az7_C4","IMG_4043",715,2,"B6_Az7","B6","T25",25,"Ambiant","Pred","Yes","Naive","None",0.121,"Pred_Ambiant"
"T25_B7_Az14_A5","IMG_4091",727,2,"B7_Az14","B7","T25",25,"Warm","Pred","Yes","Naive","None",0.145,"Pred_Warm"
"T25_B7_Az19_B6","IMG_4028",715,2,"B7_Az19","B7","T25",25,"Warm","Pred","Yes","Naive","Goulot",0.143,"Pred_Warm"
"T25_B7_Az5_C4","IMG_4105",727,2,"B7_Az5","B7","T25",25,"Warm","Pred","Yes","Naive","None",0.11,"Pred_Warm"
"T25_B9_Az10_C2","IMG_4125",727,2,"B9_Az10","B9","T25",25,"Warm","Pred","Yes","Naive","None",0.141,"Pred_Warm"
"T25_B9_Az12_A3","IMG_4049",715,2,"B9_Az12","B9","T25",25,"Warm","Pred","Yes","Naive","None",0.129,"Pred_Warm"
"T25_C1_Az14_A1","IMG_4070",715,2,"C1_Az14","C1","T25",25,"Ambiant","Pred","Yes","Naive","None",0.117,"Pred_Ambiant"
"T25_C1_Az2_B1","IMG_4131",727,2,"C1_Az2","C1","T25",25,"Ambiant","Pred","Yes","Naive","None",0.116,"Pred_Ambiant"
"T25_C3_Az10_C1","IMG_4075",715,2,"C3_Az10","C3","T25",25,"Ambiant","Pred","Yes","Naive","None",0.153,"Pred_Ambiant"
"T25_C3_Az4_C5","IMG_4096",727,2,"C3_Az4","C3","T25",25,"Ambiant","Pred","Yes","Naive","None",0.139,"Pred_Ambiant"
"T25_C5_Az12_B2","IMG_4064",715,2,"C5_Az12","C5","T25",25,"Ambiant","Ctrl","Yes","Naive","None",0.134,"Ctrl_Ambiant"
"T25_C5_Az18_D2","IMG_4129",727,2,"C5_Az18","C5","T25",25,"Ambiant","Ctrl","Yes","Naive","None",0.134,"Ctrl_Ambiant"
"T25_C8_Az10_C3","IMG_4056",715,2,"C8_Az10","C8","T25",25,"Warm","Pred","Yes","Naive","None",0.099,"Pred_Warm"
"T25_C8_Az2_A3","IMG_4114",727,2,"C8_Az2","C8","T25",25,"Warm","Pred","Yes","Naive","Goulot",0.137,"Pred_Warm"
"T25_C8_Az6_A5","IMG_4032",715,2,"C8_Az6","C8","T25",25,"Warm","Pred","Yes","Naive","None",0.13,"Pred_Warm"
"T25_C9_Az2_D1","IMG_4078",715,2,"C9_Az2","C9","T25",25,"Ambiant","Pred","Yes","Naive","None",0.126,"Pred_Ambiant"
"T25_C9_Az3_B4","IMG_4104",727,2,"C9_Az3","C9","T25",25,"Ambiant","Pred","Yes","Naive","Goulot",0.112,"Pred_Ambiant"
"T25_C9_Az9_B5","IMG_4034",715,2,"C9_Az9","C9","T25",25,"Ambiant","Pred","Yes","Naive","None",0.11,"Pred_Ambiant"
"T25_D6_Az12_C3","IMG_4118",727,2,"D6_Az12","D6","T25",25,"Ambiant","Ctrl","Yes","Naive","None",0.114,"Ctrl_Ambiant"
"T25_D6_Az6_A4","IMG_4041",715,2,"D6_Az6","D6","T25",25,"Ambiant","Ctrl","Yes","Naive","None",0.11,"Ctrl_Ambiant"
"T25_D7_Az11_C1","IMG_4135",727,2,"D7_Az11","D7","T25",25,"Warm","Ctrl","Yes","Naive","None",0.136,"Ctrl_Warm"
"T25_D7_Az13_D4","IMG_4047",715,2,"D7_Az13","D7","T25",25,"Warm","Ctrl","Yes","Naive","None",0.137,"Ctrl_Warm"
"T27_A1_Az12_A6","IMG_3900",715,2,"A1_Az12","A1","T27",27,"Ambiant","Ctrl","Yes","Naive","None",0.12,"Ctrl_Ambiant"
"T27_A1_Az14_A2","IMG_3995",727,2,"A1_Az14","A1","T27",27,"Ambiant","Ctrl","Yes","Naive","None",0.12,"Ctrl_Ambiant"
"T27_B1_Az9_B1","IMG_3943",715,2,"B1_Az9","B1","T27",27,"Warm","Ctrl","Yes","Naive","None",0.139,"Ctrl_Warm"
"T27_B1_Az5_B3","IMG_3989",727,2,"B1_Az5","B1","T27",27,"Warm","Ctrl","Yes","Naive","None",0.12,"Ctrl_Warm"
"T27_B1_Az16_D4","IMG_3983",727,2,"B1_Az16","B1","T27",27,"Warm","Ctrl","Yes","Naive","None",0.103,"Ctrl_Warm"
"T27_B2_Az6_D3","IMG_3932",715,2,"B2_Az6","B2","T27",27,"Ambiant","Ctrl","Yes","Naive","None",0.13,"Ctrl_Ambiant"
"T27_B2_Az7_D5","IMG_3973",727,2,"B2_Az7","B2","T27",27,"Ambiant","Ctrl","Yes","Naive","None",0.123,"Ctrl_Ambiant"
"T27_B2_Az12_A6","IMG_3953",727,2,"B2_Az12","B2","T27",27,"Ambiant","Ctrl","Yes","Naive","None",0.117,"Ctrl_Ambiant"
"T27_B4_Az5_B3","IMG_3925",715,2,"B4_Az5","B4","T27",27,"Ambiant","Pred","Yes","Naive","None",0.125,"Pred_Ambiant"
"T27_B4_Az18_B6","IMG_3957",727,2,"B4_Az18","B4","T27",27,"Ambiant","Pred","Yes","Naive","Goulot",0.159,"Pred_Ambiant"
"T27_B5_Az6_C2","IMG_3939",715,2,"B5_Az6","B5","T27",27,"Warm","Pred","Yes","Naive","None",0.094,"Pred_Warm"
"T27_B5_Az5_D5","IMG_3912",715,2,"B5_Az5","B5","T27",27,"Warm","Pred","Yes","Naive","None",0.137,"Pred_Warm"
"T27_B5_Az12_C6","IMG_3962",727,2,"B5_Az12","B5","T27",27,"Warm","Pred","Yes","Naive","Goulot",0.147,"Pred_Warm"
"T27_B6_Az7_C4","IMG_3918",715,2,"B6_Az7","B6","T27",27,"Ambiant","Pred","Yes","Naive","None",0.122,"Pred_Ambiant"
"T27_B6_Az17_D1","IMG_4013",727,2,"B6_Az17","B6","T27",27,"Ambiant","Pred","Yes","Naive","None",0.127,"Pred_Ambiant"
"T27_B6_Az15_B5","IMG_3968",727,2,"B6_Az15","B6","T27",27,"Ambiant","Pred","Yes","Naive","None",0.115,"Pred_Ambiant"
"T27_B7_Az19_B6","IMG_3903",715,2,"B7_Az19","B7","T27",27,"Warm","Pred","Yes","Naive","None",0.131,"Pred_Warm"
"T27_B7_Az5_C4","IMG_3980",727,2,"B7_Az5","B7","T27",27,"Warm","Pred","Yes","Naive","None",0.135,"Pred_Warm"
"T27_B7_Az14_A5","IMG_3964",727,2,"B7_Az14","B7","T27",27,"Warm","Pred","Yes","Naive","None",0.115,"Pred_Warm"
"T27_B9_Az12_A3","IMG_3923",715,2,"B9_Az12","B9","T27",27,"Warm","Pred","Yes","Naive","None",0.151,"Pred_Warm"
"T27_B9_Az10_C2","IMG_4002",727,2,"B9_Az10","B9","T27",27,"Warm","Pred","Yes","Naive","None",0.137,"Pred_Warm"
"T27_C1_Az14_A1","IMG_3942",715,2,"C1_Az14","C1","T27",27,"Ambiant","Pred","Yes","Naive","None",0.138,"Pred_Ambiant"
"T27_C1_Az2_B1","IMG_4007",727,2,"C1_Az2","C1","T27",27,"Ambiant","Pred","Yes","Naive","None",0.11,"Pred_Ambiant"
"T27_C3_Az10_C1",NA,715,2,"C3_Az10","C3","T27",27,"Ambiant","Pred","Yes","Naive","None",NA,"Pred_Ambiant"
"T27_C3_Az4_C5","IMG_3971",727,2,"C3_Az4","C3","T27",27,"Ambiant","Pred","Yes","Naive","None",0.12,"Pred_Ambiant"
"T27_C5_Az12_B2","IMG_3935",715,2,"C5_Az12","C5","T27",27,"Ambiant","Ctrl","Yes","Naive","None",0.126,"Ctrl_Ambiant"
"T27_C5_Az18_D2","IMG_4004",727,2,"C5_Az18","C5","T27",27,"Ambiant","Ctrl","Yes","Naive","None",0.098,"Ctrl_Ambiant"
"T27_C8_Az10_C3","IMG_3930",715,2,"C8_Az10","C8","T27",27,"Warm","Pred","Yes","Naive","None",0.133,"Pred_Warm"
"T27_C8_Az6_A5","IMG_3906",715,2,"C8_Az6","C8","T27",27,"Warm","Pred","Yes","Naive","None",0.096,"Pred_Warm"
"T27_C8_Az2_A3","IMG_3986",727,2,"C8_Az2","C8","T27",27,"Warm","Pred","Yes","Naive","Goulot",0.131,"Pred_Warm"
"T27_C9_Az2_D1","IMG_3949",715,2,"C9_Az2","C9","T27",27,"Ambiant","Pred","Yes","Naive","None",0.102,"Pred_Ambiant"
"T27_C9_Az9_B5","IMG_3909",715,2,"C9_Az9","C9","T27",27,"Ambiant","Pred","Yes","Naive","None",0.135,"Pred_Ambiant"
"T27_C9_Az3_B4","IMG_3977",727,2,"C9_Az3","C9","T27",27,"Ambiant","Pred","Yes","Naive","Goulot",0.138,"Pred_Ambiant"
"T27_D6_Az6_A4","IMG_3914",715,2,"D6_Az6","D6","T27",27,"Ambiant","Ctrl","Yes","Naive","None",0.124,"Ctrl_Ambiant"
"T27_D6_Az12_C3","IMG_3991",727,2,"D6_Az12","D6","T27",27,"Ambiant","Ctrl","Yes","Naive","None",0.127,"Ctrl_Ambiant"
"T27_D7_Az13_D4","IMG_3921",715,2,"D7_Az13","D7","T27",27,"Warm","Ctrl","Yes","Naive","None",0.089,"Ctrl_Warm"
"T27_D7_Az11_C1","IMG_4011",727,2,"D7_Az11","D7","T27",27,"Warm","Ctrl","Yes","Naive","None",0.146,"Ctrl_Warm"
"T30_A1_Az12_A6","IMG_3763",715,2,"A1_Az12","A1","T30",30,"Ambiant","Ctrl","Yes","Naive","None",0.101,"Ctrl_Ambiant"
"T30_A1_Az14_A2","IMG_3867",727,2,"A1_Az14","A1","T30",30,"Ambiant","Ctrl","No","Naive","None",0.127,"Ctrl_Ambiant"
"T30_B1_Az9_B1","IMG_3815",715,2,"B1_Az9","B1","T30",30,"Warm","Ctrl","Yes","Naive","None",0.11,"Ctrl_Warm"
"T30_B1_Az5_B3","IMG_3861",727,2,"B1_Az5","B1","T30",30,"Warm","Ctrl","Yes","Naive","None",0.132,"Ctrl_Warm"
"T30_B1_Az16_D4","IMG_3855",727,2,"B1_Az16","B1","T30",30,"Warm","Ctrl","Yes","Naive","None",0.108,"Ctrl_Warm"
"T30_B2_Az6_D3","IMG_3801",715,2,"B2_Az6","B2","T30",30,"Ambiant","Ctrl","Yes","Naive","None",0.141,"Ctrl_Ambiant"
"T30_B2_Az7_D5","IMG_3845",727,2,"B2_Az7","B2","T30",30,"Ambiant","Ctrl","Yes","Naive","None",0.139,"Ctrl_Ambiant"
"T30_B2_Az12_A6","IMG_3825",727,2,"B2_Az12","B2","T30",30,"Ambiant","Ctrl","Yes","Naive","None",0.136,"Ctrl_Ambiant"
"T30_B4_Az5_B3","IMG_3796",715,2,"B4_Az5","B4","T30",30,"Ambiant","Pred","Yes","Naive","None",0.14,"Pred_Ambiant"
"T30_B4_Az18_B6","IMG_3828",727,2,"B4_Az18","B4","T30",30,"Ambiant","Pred","Yes","Naive","None",0.135,"Pred_Ambiant"
"T30_B5_Az6_C2","IMG_3809",715,2,"B5_Az6","B5","T30",30,"Warm","Pred","Yes","Naive","None",0.157,"Pred_Warm"
"T30_B5_Az5_D5","IMG_3778",715,2,"B5_Az5","B5","T30",30,"Warm","Pred","Yes","Naive","None",0.129,"Pred_Warm"
"T30_B5_Az12_C6","IMG_3832",727,2,"B5_Az12","B5","T30",30,"Warm","Pred","Yes","Naive","None",0.152,"Pred_Warm"
"T30_B6_Az7_C4","IMG_3786",715,2,"B6_Az7","B6","T30",30,"Ambiant","Pred","Yes","Naive","None",0.133,"Pred_Ambiant"
"T30_B6_Az17_D1","IMG_3885",727,2,"B6_Az17","B6","T30",30,"Ambiant","Pred","Yes","Naive","None",0.12,"Pred_Ambiant"
"T30_B6_Az15_B5","IMG_3839",727,2,"B6_Az15","B6","T30",30,"Ambiant","Pred","Yes","Naive","None",0.13,"Pred_Ambiant"
"T30_B7_Az19_B6","IMG_3765",715,2,"B7_Az19","B7","T30",30,"Warm","Pred","Yes","Naive","None",0.119,"Pred_Warm"
"T30_B7_Az5_C4","IMG_3851",727,2,"B7_Az5","B7","T30",30,"Warm","Pred","Yes","Naive","None",0.14,"Pred_Warm"
"T30_B7_Az14_A5","IMG_3835",727,2,"B7_Az14","B7","T30",30,"Warm","Pred","Yes","Naive","None",0.124,"Pred_Warm"
"T30_B9_Az12_A3","IMG_3791",715,2,"B9_Az12","B9","T30",30,"Warm","Pred","Yes","Naive","None",0.107,"Pred_Warm"
"T30_B9_Az10_C2","IMG_3870",727,2,"B9_Az10","B9","T30",30,"Warm","Pred","Yes","Naive","None",0.127,"Pred_Warm"
"T30_C1_Az14_A1","IMG_3812",715,2,"C1_Az14","C1","T30",30,"Ambiant","Pred","Yes","Naive","None",0.139,"Pred_Ambiant"
"T30_C1_Az2_B1","IMG_3877",727,2,"C1_Az2","C1","T30",30,"Ambiant","Pred","Yes","Naive","None",0.147,"Pred_Ambiant"
"T30_C3_Az10_C1","IMG_3818",715,2,"C3_Az10","C3","T30",30,"Ambiant","Pred","Yes","Naive","None",0.103,"Pred_Ambiant"
"T30_C3_Az4_C5","IMG_3841",727,2,"C3_Az4","C3","T30",30,"Ambiant","Pred","Yes","Naive","None",0.129,"Pred_Ambiant"
"T30_C5_Az12_B2","IMG_3805",715,2,"C5_Az12","C5","T30",30,"Ambiant","Ctrl","Yes","Naive","None",0.13,"Ctrl_Ambiant"
"T30_C5_Az18_D2","IMG_3872",727,2,"C5_Az18","C5","T30",30,"Ambiant","Ctrl","Yes","Naive","None",0.14,"Ctrl_Ambiant"
"T30_C8_Az10_C3","IMG_3799",715,2,"C8_Az10","C8","T30",30,"Warm","Pred","Yes","Naive","None",0.131,"Pred_Warm"
"T30_C8_Az6_A5","IMG_3772",715,2,"C8_Az6","C8","T30",30,"Warm","Pred","Yes","Naive","None",0.142,"Pred_Warm"
"T30_C8_Az2_A3","IMG_3858",727,2,"C8_Az2","C8","T30",30,"Warm","Pred","Yes","Naive","None",0.104,"Pred_Warm"
"T30_C9_Az2_D1","IMG_3821",715,2,"C9_Az2","C9","T30",30,"Ambiant","Pred","Yes","Naive","None",0.122,"Pred_Ambiant"
"T30_C9_Az9_B5","IMG_3776",715,2,"C9_Az9","C9","T30",30,"Ambiant","Pred","Yes","Naive","None",0.119,"Pred_Ambiant"
"T30_C9_Az3_B4","IMG_3849",727,2,"C9_Az3","C9","T30",30,"Ambiant","Pred","Yes","Naive","None",0.134,"Pred_Ambiant"
"T30_D6_Az6_A4","IMG_3782",715,2,"D6_Az6","D6","T30",30,"Ambiant","Ctrl","Yes","Naive","None",0.127,"Ctrl_Ambiant"
"T30_D6_Az12_C3","IMG_3863",727,2,"D6_Az12","D6","T30",30,"Ambiant","Ctrl","Yes","Naive","None",0.1,"Ctrl_Ambiant"
"T30_D7_Az13_D4","IMG_3790",715,2,"D7_Az13","D7","T30",30,"Warm","Ctrl","Yes","Naive","None",0.166,"Ctrl_Warm"
"T30_D7_Az11_C1","IMG_3881",727,2,"D7_Az11","D7","T30",30,"Warm","Ctrl","Yes","Naive","None",0.144,"Ctrl_Warm"
"T05_A1_Az1_B5","IMG_0618",715,3,"A1_Az1","A1","T05",5,"Ambiant","Ctrl","Yes","Naive","None",0.101,"Ctrl_Ambiant"
"T05_A1_Az8_B2","IMG_0685",727,3,"A1_Az8","A1","T05",5,"Ambiant","Ctrl","Yes","Naive","None",0.101,"Ctrl_Ambiant"
"T05_B1_Az6_D2","IMG_0647",715,3,"B1_Az6","B1","T05",5,"Warm","Ctrl","Yes","Naive","None",0.112,"Ctrl_Warm"
"T05_B1_Az3_A3","IMG_0674",727,3,"B1_Az3","B1","T05",5,"Warm","Ctrl","Yes","Naive","None",0.1,"Ctrl_Warm"
"T05_B2_Az7_A1","IMG_0650",715,3,"B2_Az7","B2","T05",5,"Ambiant","Ctrl","Yes","Naive","None",0.095,"Ctrl_Ambiant"
"T05_B2_Az4_C3","IMG_0637",715,3,"B2_Az4","B2","T05",5,"Ambiant","Ctrl","Yes","Naive","None",0.106,"Ctrl_Ambiant"
"T05_B2_Az5_B5","IMG_0664",727,3,"B2_Az5","B2","T05",5,"Ambiant","Ctrl","Yes","Naive","None",0.101,"Ctrl_Ambiant"
"T05_B4_Az2_D5","IMG_0622",715,3,"B4_Az2","B4","T05",5,"Ambiant","Pred","Yes","Naive","None",0.111,"Pred_Ambiant"
"T05_B4_Az9_A6","IMG_0614",715,3,"B4_Az9","B4","T05",5,"Ambiant","Pred","Yes","Naive","None",0.128,"Pred_Ambiant"
"T05_B4_Az5_C3","IMG_0679",727,3,"B4_Az5","B4","T05",5,"Ambiant","Pred","Yes","Naive","None",0.092,"Pred_Ambiant"
"T05_B5_Az2_C1","IMG_0652",715,3,"B5_Az2","B5","T05",5,"Warm","Pred","Yes","Naive","None",0.094,"Pred_Warm"
"T05_B5_Az9_D3","IMG_0639",715,3,"B5_Az9","B5","T05",5,"Warm","Pred","Yes","Naive","None",0.11,"Pred_Warm"
"T05_B5_Az7_D4","IMG_0672",727,3,"B5_Az7","B5","T05",5,"Warm","Pred","Yes","Naive","None",0.119,"Pred_Warm"
"T05_B6_Az2_D2","IMG_0688",727,3,"B6_Az2","B6","T05",5,"Ambiant","Pred","Yes","Naive","None",0.106,"Pred_Ambiant"
"T05_B7_Az3_B2","IMG_0643",715,3,"B7_Az3","B7","T05",5,"Warm","Pred","Yes","Naive","None",0.114,"Pred_Warm"
"T05_B7_Az1_A5","IMG_0616",715,3,"B7_Az1","B7","T05",5,"Warm","Pred","Yes","Naive","None",0.094,"Pred_Warm"
"T05_B7_Az9_C5","IMG_0620",715,3,"B7_Az9","B7","T05",5,"Warm","Pred","Yes","Naive","None",0.104,"Pred_Warm"
"T05_B7_Az4_A6","IMG_0656",727,3,"B7_Az4","B7","T05",5,"Warm","Pred","Yes","Naive","None",0.095,"Pred_Warm"
"T05_B9_Az8_A3","IMG_0634",715,3,"B9_Az8","B9","T05",5,"Warm","Pred","Yes","Naive","None",0.092,"Pred_Warm"
"T05_B9_Az4_D1","IMG_0691",727,3,"B9_Az4","B9","T05",5,"Warm","Pred","Yes","Naive","None",0.078,"Pred_Warm"
"T05_B9_Az10_B6","IMG_0658",727,3,"B9_Az10","B9","T05",5,"Warm","Pred","Yes","Naive","None",0.091,"Pred_Warm"
"T05_C1_Az2_C2","IMG_0645",715,3,"C1_Az2","C1","T05",5,"Ambiant","Pred","Yes","Naive","None",0.099,"Pred_Ambiant"
"T05_C1_Az5_A5","IMG_0662",727,3,"C1_Az5","C1","T05",5,"Ambiant","Pred","Yes","Naive","None",0.106,"Pred_Ambiant"
"T05_C1_Az9_D6","IMG_0660",727,3,"C1_Az9","C1","T05",5,"Ambiant","Pred","Yes","Naive","None",0.127,"Pred_Ambiant"
"T05_C3_Az7_A2","IMG_0641",715,3,"C3_Az7","C3","T05",5,"Ambiant","Pred","Yes","Naive","None",0.094,"Pred_Ambiant"
"T05_C3_Az9_A2","IMG_0682",727,3,"C3_Az9","C3","T05",5,"Ambiant","Pred","Yes","Naive","None",0.155,"Pred_Ambiant"
"T05_C3_Az8_C5","IMG_0666",727,3,"C3_Az8","C3","T05",5,"Ambiant","Pred","Yes","Naive","None",0.14,"Pred_Ambiant"
"T05_C5_Az3_A4","IMG_0625",715,3,"C5_Az3","C5","T05",5,"Ambiant","Ctrl","Yes","Naive","None",0.114,"Ctrl_Ambiant"
"T05_C5_Az2_B3","IMG_0676",727,3,"C5_Az2","C5","T05",5,"Ambiant","Ctrl","Yes","Naive","None",0.121,"Ctrl_Ambiant"
"T05_C8_Az10_D4","IMG_0632",715,3,"C8_Az10","C8","T05",5,"Warm","Pred","Yes","Naive","None",0.1,"Pred_Warm"
"T05_C8_Az9_D3","IMG_0681",727,3,"C8_Az9","C8","T05",5,"Warm","Pred","Yes","Naive","None",0.088,"Pred_Warm"
"T05_C9_Az3_B4","IMG_0627",715,3,"C9_Az3","C9","T05",5,"Ambiant","Pred","Yes","Naive","None",0.105,"Pred_Ambiant"
"T05_C9_Az2_C1","IMG_0690",727,3,"C9_Az2","C9","T05",5,"Ambiant","Pred","Yes","Naive","None",0.102,"Pred_Ambiant"
"T05_D6_Az5_D1","IMG_0654",715,3,"D6_Az5","D6","T05",5,"Ambiant","Ctrl","Yes","Naive","None",0.094,"Ctrl_Ambiant"
"T05_D6_Az9_D5","IMG_0668",727,3,"D6_Az9","D6","T05",5,"Ambiant","Ctrl","Yes","Naive","None",0.119,"Ctrl_Ambiant"
"T05_D7_Az10_C4","IMG_0629",715,3,"D7_Az10","D7","T05",5,"Warm","Ctrl","Yes","Naive","None",0.109,"Ctrl_Warm"
"T05_D7_Az3_C4","IMG_0670",727,3,"D7_Az3","D7","T05",5,"Warm","Ctrl","Yes","Naive","None",0.091,"Ctrl_Warm"
"T10_A1_Az7_A6","IMG_4664",715,3,"A1_Az7","A1","T10",10,"Ambiant","Ctrl","Yes","Naive","None",0.137,"Ctrl_Ambiant"
"T10_A1_Az15_D4","IMG_4757",727,3,"A1_Az15","A1","T10",10,"Ambiant","Ctrl","Yes","Naive","None",0.113,"Ctrl_Ambiant"
"T10_B1_Az8_B3","IMG_4696",715,3,"B1_Az8","B1","T10",10,"Warm","Ctrl","Yes","Naive","None",0.131,"Ctrl_Warm"
"T10_B1_Az1_C6","IMG_4670",715,3,"B1_Az1","B1","T10",10,"Warm","Ctrl","Yes","Naive","None",0.141,"Ctrl_Warm"
"T10_B1_Az19_C4","IMG_4754",727,3,"B1_Az19","B1","T10",10,"Warm","Ctrl","Yes","Naive","None",0.157,"Ctrl_Warm"
"T10_B2_Az16_A1","IMG_4712",715,3,"B2_Az16","B2","T10",10,"Ambiant","Ctrl","Yes","Naive","None",0.133,"Ctrl_Ambiant"
"T10_B2_Az15_C1","IMG_4781",727,3,"B2_Az15","B2","T10",10,"Ambiant","Ctrl","Yes","Naive","None",0.138,"Ctrl_Ambiant"
"T10_B2_Az3_C6","IMG_4732",727,3,"B2_Az3","B2","T10",10,"Ambiant","Ctrl","Yes","Naive","None",0.159,"Ctrl_Ambiant"
"T10_B4_Az15_C1","IMG_4718",715,3,"B4_Az15","B4","T10",10,"Ambiant","Pred","Yes","Naive","None",0.148,"Pred_Ambiant"
"T10_B4_Az10_D2","IMG_4708",715,3,"B4_Az10","B4","T10",10,"Ambiant","Pred","Yes","Naive","None",0.162,"Pred_Ambiant"
"T10_B4_Az8_B5","IMG_4743",727,3,"B4_Az8","B4","T10",10,"Ambiant","Pred","Yes","Naive","None",0.126,"Pred_Ambiant"
"T10_B5_Az16_B5","IMG_4678",715,3,"B5_Az16","B5","T10",10,"Warm","Pred","Yes","Naive","None",0.142,"Pred_Warm"
"T10_B5_Az4_A3","IMG_4758",727,3,"B5_Az4","B5","T10",10,"Warm","Pred","Yes","Naive","None",0.138,"Pred_Warm"
"T10_B5_Az15_D5","IMG_4747",727,3,"B5_Az15","B5","T10",10,"Warm","Pred","Yes","Naive","None",0.143,"Pred_Warm"
"T10_B6_Az19_A5","IMG_4675",715,3,"B6_Az19","B6","T10",10,"Ambiant","Pred","Yes","Naive","None",0.128,"Pred_Ambiant"
"T10_B6_Az13_B2","IMG_4772",727,3,"B6_Az13","B6","T10",10,"Ambiant","Pred","Yes","Naive","None",0.14,"Pred_Ambiant"
"T10_B6_Az20_B4","IMG_4751",727,3,"B6_Az20","B6","T10",10,"Ambiant","Pred","Yes","Naive","None",0.142,"Pred_Ambiant"
"T10_B7_Az6_A2","IMG_4702",715,3,"B7_Az6","B7","T10",10,"Warm","Pred","Yes","Naive","None",0.153,"Pred_Warm"
"T10_B7_Az7_D1","IMG_4787",727,3,"B7_Az7","B7","T10",10,"Warm","Pred","Yes","Naive","None",0.141,"Pred_Warm"
"T10_B7_Az20_A6","IMG_4725",727,3,"B7_Az20","B7","T10",10,"Warm","Pred","Yes","Naive","None",0.12,"Pred_Warm"
"T10_B9_Az19_D5","IMG_4681",715,3,"B9_Az19","B9","T10",10,"Warm","Pred","Yes","Naive","None",0.132,"Pred_Warm"
"T10_B9_Az8_C3","IMG_4762",727,3,"B9_Az8","B9","T10",10,"Warm","Pred","Yes","Naive","None",0.112,"Pred_Warm"
"T10_C1_Az20_B6","IMG_4669",715,3,"C1_Az20","C1","T10",10,"Ambiant","Pred","Yes","Naive","None",0.155,"Pred_Ambiant"
"T10_C1_Az5_D3","IMG_4766",727,3,"C1_Az5","C1","T10",10,"Ambiant","Pred","Yes","Naive","None",0.139,"Pred_Ambiant"
"T10_C1_Az3_B6","IMG_4727",727,3,"C1_Az3","C1","T10",10,"Ambiant","Pred","Yes","Naive","None",0.143,"Pred_Ambiant"
"T10_C3_Az13_C2","IMG_4705",715,3,"C3_Az13","C3","T10",10,"Ambiant","Pred","Yes","Naive","None",0.176,"Pred_Ambiant"
"T10_C3_Az3_D2","IMG_4779",727,3,"C3_Az3","C3","T10",10,"Ambiant","Pred","Yes","Naive","None",0.135,"Pred_Ambiant"
"T10_C5_Az20_D1","IMG_4720",715,3,"C5_Az20","C5","T10",10,"Ambiant","Ctrl","Yes","Naive","None",0.141,"Ctrl_Ambiant"
"T10_C5_Az19_C3","IMG_4698",715,3,"C5_Az19","C5","T10",10,"Ambiant","Ctrl","Yes","Naive","None",0.136,"Ctrl_Ambiant"
"T10_C5_Az11_A5","IMG_4738",727,3,"C5_Az11","C5","T10",10,"Ambiant","Ctrl","Yes","Naive","None",0.14,"Ctrl_Ambiant"
"T10_C8_Az8_B1","IMG_4715",715,3,"C8_Az8","C8","T10",10,"Warm","Pred","Yes","Naive","None",0.109,"Pred_Warm"
"T10_C8_Az12_A4","IMG_4683",715,3,"C8_Az12","C8","T10",10,"Warm","Pred","Yes","Naive","None",0.136,"Pred_Warm"
"T10_C8_Az4_A2","IMG_4768",727,3,"C8_Az4","C8","T10",10,"Warm","Pred","Yes","Naive","None",0.142,"Pred_Warm"
"T10_C9_Az17_C4","IMG_4689",715,3,"C9_Az17","C9","T10",10,"Ambiant","Pred","Yes","Naive","None",0.131,"Pred_Ambiant"
"T10_C9_Az16_D6","IMG_4736",727,3,"C9_Az16","C9","T10",10,"Ambiant","Pred","Yes","Naive","None",0.121,"Pred_Ambiant"
"T10_D6_Az9_B4","IMG_4687",715,3,"D6_Az9","D6","T10",10,"Ambiant","Ctrl","Yes","Naive","None",0.118,"Ctrl_Ambiant"
"T10_D6_Az5_C2","IMG_4774",727,3,"D6_Az5","D6","T10",10,"Ambiant","Ctrl","Yes","Naive","None",0.143,"Ctrl_Ambiant"
"T10_D7_Az2_D4","IMG_4692",715,3,"D7_Az2","D7","T10",10,"Warm","Ctrl","Yes","Naive","None",0.118,"Ctrl_Warm"
"T15_A1_Az7_A6","IMG_4793",715,3,"A1_Az7","A1","T15",15,"Ambiant","Ctrl","Yes","Naive","None",0.117,"Ctrl_Ambiant"
"T15_A1_Az15_D4","IMG_4878",727,3,"A1_Az15","A1","T15",15,"Ambiant","Ctrl","Yes","Naive","None",0.122,"Ctrl_Ambiant"
"T15_B1_Az8_B3","IMG_4824",715,3,"B1_Az8","B1","T15",15,"Warm","Ctrl","Yes","Naive","None",0.114,"Ctrl_Warm"
"T15_B1_Az1_C6","IMG_4800",715,3,"B1_Az1","B1","T15",15,"Warm","Ctrl","Yes","Naive","None",0.112,"Ctrl_Warm"
"T15_B1_Az19_C4","IMG_4877",727,3,"B1_Az19","B1","T15",15,"Warm","Ctrl","Yes","Naive","None",0.133,"Ctrl_Warm"
"T15_B2_Az16_A1","IMG_4839",715,3,"B2_Az16","B2","T15",15,"Ambiant","Ctrl","Yes","Naive","None",0.172,"Ctrl_Ambiant"
"T15_B2_Az15_C1","IMG_4903",727,3,"B2_Az15","B2","T15",15,"Ambiant","Ctrl","Yes","Naive","None",0.116,"Ctrl_Ambiant"
"T15_B2_Az3_C6","IMG_4859",727,3,"B2_Az3","B2","T15",15,"Ambiant","Ctrl","Yes","Naive","None",0.129,"Ctrl_Ambiant"
"T15_B4_Az15_C1","IMG_4846",715,3,"B4_Az15","B4","T15",15,"Ambiant","Pred","Yes","Naive","None",0.153,"Pred_Ambiant"
"T15_B4_Az10_D2","IMG_4837",715,3,"B4_Az10","B4","T15",15,"Ambiant","Pred","Yes","Naive","None",0.141,"Pred_Ambiant"
"T15_B4_Az8_B5","IMG_4867",727,3,"B4_Az8","B4","T15",15,"Ambiant","Pred","Yes","Naive","None",0.116,"Pred_Ambiant"
"T15_B5_Az16_B5","IMG_4806",715,3,"B5_Az16","B5","T15",15,"Warm","Pred","Yes","Naive","None",0.135,"Pred_Warm"
"T15_B5_Az4_A3","IMG_4883",727,3,"B5_Az4","B5","T15",15,"Warm","Pred","Yes","Naive","None",0.161,"Pred_Warm"
"T15_B5_Az15_D5","IMG_4871",727,3,"B5_Az15","B5","T15",15,"Warm","Pred","Yes","Naive","None",0.159,"Pred_Warm"
"T15_B6_Az19_A5","IMG_4804",715,3,"B6_Az19","B6","T15",15,"Ambiant","Pred","Yes","Naive","None",0.145,"Pred_Ambiant"
"T15_B6_Az13_B2","IMG_4893",727,3,"B6_Az13","B6","T15",15,"Ambiant","Pred","Yes","Naive","None",0.137,"Pred_Ambiant"
"T15_B6_Az20_B4","IMG_4873",727,3,"B6_Az20","B6","T15",15,"Ambiant","Pred","Yes","Naive","None",0.147,"Pred_Ambiant"
"T15_B7_Az6_A2","IMG_4831",715,3,"B7_Az6","B7","T15",15,"Warm","Pred","Yes","Naive","None",0.138,"Pred_Warm"
"T15_B7_Az7_D1",NA,727,3,"B7_Az7","B7","T15",15,"Warm","Pred","Yes","Naive","None",NA,"Pred_Warm"
"T15_B7_Az20_A6","IMG_4853",727,3,"B7_Az20","B7","T15",15,"Warm","Pred","Yes","Naive","None",0.131,"Pred_Warm"
"T15_B9_Az19_D5","IMG_4810",715,3,"B9_Az19","B9","T15",15,"Warm","Pred","Yes","Naive","None",0.121,"Pred_Warm"
"T15_B9_Az8_C3","IMG_4886",727,3,"B9_Az8","B9","T15",15,"Warm","Pred","Yes","Naive","None",0.14,"Pred_Warm"
"T15_C1_Az20_B6","IMG_4797",715,3,"C1_Az20","C1","T15",15,"Ambiant","Pred","Yes","Naive","None",0.146,"Pred_Ambiant"
"T15_C1_Az5_D3","IMG_4889",727,3,"C1_Az5","C1","T15",15,"Ambiant","Pred","Yes","Naive","None",0.15,"Pred_Ambiant"
"T15_C1_Az3_B6","IMG_4855",727,3,"C1_Az3","C1","T15",15,"Ambiant","Pred","Yes","Naive","None",0.137,"Pred_Ambiant"
"T15_C3_Az13_C2","IMG_4833",715,3,"C3_Az13","C3","T15",15,"Ambiant","Pred","Yes","Naive","None",0.16,"Pred_Ambiant"
"T15_C3_Az3_D2","IMG_4900",727,3,"C3_Az3","C3","T15",15,"Ambiant","Pred","Yes","Naive","None",0.165,"Pred_Ambiant"
"T15_C5_Az20_D1","IMG_4850",715,3,"C5_Az20","C5","T15",15,"Ambiant","Ctrl","Yes","Naive","None",0.114,"Ctrl_Ambiant"
"T15_C5_Az19_C3","IMG_4828",715,3,"C5_Az19","C5","T15",15,"Ambiant","Ctrl","Yes","Naive","None",0.141,"Ctrl_Ambiant"
"T15_C5_Az11_A5","IMG_4865",727,3,"C5_Az11","C5","T15",15,"Ambiant","Ctrl","Yes","Naive","None",0.107,"Ctrl_Ambiant"
"T15_C8_Az8_B1","IMG_4842",715,3,"C8_Az8","C8","T15",15,"Warm","Pred","Yes","Naive","None",0.103,"Pred_Warm"
"T15_C8_Az12_A4","IMG_4812",715,3,"C8_Az12","C8","T15",15,"Warm","Pred","Yes","Naive","None",0.134,"Pred_Warm"
"T15_C8_Az4_A2","IMG_4891",727,3,"C8_Az4","C8","T15",15,"Warm","Pred","Yes","Naive","None",0.15,"Pred_Warm"
"T15_C9_Az17_C4","IMG_4818",715,3,"C9_Az17","C9","T15",15,"Ambiant","Pred","Yes","Naive","None",0.123,"Pred_Ambiant"
"T15_C9_Az16_D6","IMG_4861",727,3,"C9_Az16","C9","T15",15,"Ambiant","Pred","Yes","Naive","None",0.129,"Pred_Ambiant"
"T15_D6_Az9_B4","IMG_4816",715,3,"D6_Az9","D6","T15",15,"Ambiant","Ctrl","Yes","Naive","None",0.139,"Ctrl_Ambiant"
"T15_D6_Az5_C2","IMG_4896",727,3,"D6_Az5","D6","T15",15,"Ambiant","Ctrl","Yes","Naive","None",0.143,"Ctrl_Ambiant"
"T15_D7_Az2_D4","IMG_4820",715,3,"D7_Az2","D7","T15",15,"Warm","Ctrl","Yes","Naive","None",0.104,"Ctrl_Warm"
"T20_A1_Az7_A6","IMG_4912",715,3,"A1_Az7","A1","T20",20,"Ambiant","Ctrl","Yes","Naive","None",0.13,"Ctrl_Ambiant"
"T20_A1_Az15_D4","IMG_4999",727,3,"A1_Az15","A1","T20",20,"Ambiant","Ctrl","Yes","Naive","None",0.106,"Ctrl_Ambiant"
"T20_B1_Az1_C6","IMG_4917",715,3,"B1_Az1","B1","T20",20,"Warm","Ctrl","Yes","Naive","None",0.119,"Ctrl_Warm"
"T20_B1_Az8_B3","IMG_4943",715,3,"B1_Az8","B1","T20",20,"Warm","Ctrl","Yes","Naive","None",0.137,"Ctrl_Warm"
"T20_B1_Az19_C4","IMG_4996",727,3,"B1_Az19","B1","T20",20,"Warm","Ctrl","Yes","Naive","None",0.144,"Ctrl_Warm"
"T20_B2_Az16_A1","IMG_4957",715,3,"B2_Az16","B2","T20",20,"Ambiant","Ctrl","Yes","Naive","None",0.139,"Ctrl_Ambiant"
"T20_B2_Az15_C1","IMG_5025",727,3,"B2_Az15","B2","T20",20,"Ambiant","Ctrl","Yes","Naive","None",0.142,"Ctrl_Ambiant"
"T20_B2_Az3_C6","IMG_4976",727,3,"B2_Az3","B2","T20",20,"Ambiant","Ctrl","Yes","Naive","None",0.129,"Ctrl_Ambiant"
"T20_B4_Az10_D2","IMG_4955",715,3,"B4_Az10","B4","T20",20,"Ambiant","Pred","Yes","Naive","None",0.127,"Pred_Ambiant"
"T20_B4_Az15_C1","IMG_4963",715,3,"B4_Az15","B4","T20",20,"Ambiant","Pred","Yes","Naive","None",0.154,"Pred_Ambiant"
"T20_B4_Az8_B5","IMG_4984",727,3,"B4_Az8","B4","T20",20,"Ambiant","Pred","Yes","Naive","None",0.136,"Pred_Ambiant"
"T20_B5_Az16_B5","IMG_4925",715,3,"B5_Az16","B5","T20",20,"Warm","Pred","Yes","Naive","None",0.134,"Pred_Warm"
"T20_B5_Az15_D5","IMG_4988",727,3,"B5_Az15","B5","T20",20,"Warm","Pred","Yes","Naive","None",0.149,"Pred_Warm"
"T20_B5_Az4_A3","IMG_5003",727,3,"B5_Az4","B5","T20",20,"Warm","Pred","Yes","Naive","None",0.107,"Pred_Warm"
"T20_B6_Az19_A5","IMG_4921",715,3,"B6_Az19","B6","T20",20,"Ambiant","Pred","Yes","Naive","None",0.126,"Pred_Ambiant"
"T20_B6_Az13_B2","IMG_5018",727,3,"B6_Az13","B6","T20",20,"Ambiant","Pred","Yes","Naive","None",0.133,"Pred_Ambiant"
"T20_B6_Az20_B4","IMG_4990",727,3,"B6_Az20","B6","T20",20,"Ambiant","Pred","Yes","Naive","None",0.152,"Pred_Ambiant"
"T20_B7_Az6_A2","IMG_4947",715,3,"B7_Az6","B7","T20",20,"Warm","Pred","Yes","Naive","None",0.133,"Pred_Warm"
"T20_B7_Az20_A6","IMG_4970",727,3,"B7_Az20","B7","T20",20,"Warm","Pred","Yes","Naive","None",0.12,"Pred_Warm"
"T20_B7_Az7_D1","IMG_5032",727,3,"B7_Az7","B7","T20",20,"Warm","Pred","Yes","Naive","None",0.127,"Pred_Warm"
"T20_B9_Az19_D5","IMG_4927",715,3,"B9_Az19","B9","T20",20,"Warm","Pred","Yes","Naive","None",0.128,"Pred_Warm"
"T20_B9_Az8_C3","IMG_5007",727,3,"B9_Az8","B9","T20",20,"Warm","Pred","Yes","Naive","None",0.15,"Pred_Warm"
"T20_C1_Az20_B6","IMG_4914",715,3,"C1_Az20","C1","T20",20,"Ambiant","Pred","Yes","Naive","None",0.145,"Pred_Ambiant"
"T20_C1_Az3_B6","IMG_4972",727,3,"C1_Az3","C1","T20",20,"Ambiant","Pred","Yes","Naive","None",0.141,"Pred_Ambiant"
"T20_C1_Az5_D3","IMG_5011",727,3,"C1_Az5","C1","T20",20,"Ambiant","Pred","Yes","Naive","None",0.137,"Pred_Ambiant"
"T20_C3_Az13_C2","IMG_4951",715,3,"C3_Az13","C3","T20",20,"Ambiant","Pred","Yes","Naive","None",0.132,"Pred_Ambiant"
"T20_C3_Az3_D2","IMG_5023",727,3,"C3_Az3","C3","T20",20,"Ambiant","Pred","Yes","Naive","None",0.183,"Pred_Ambiant"
"T20_C5_Az19_C3","IMG_4945",715,3,"C5_Az19","C5","T20",20,"Ambiant","Ctrl","Yes","Naive","None",0.132,"Ctrl_Ambiant"
"T20_C5_Az20_D1","IMG_4965",715,3,"C5_Az20","C5","T20",20,"Ambiant","Ctrl","Yes","Naive","None",0.118,"Ctrl_Ambiant"
"T20_C5_Az11_A5","IMG_4982",727,3,"C5_Az11","C5","T20",20,"Ambiant","Ctrl","Yes","Naive","None",0.128,"Ctrl_Ambiant"
"T20_C8_Az12_A4","IMG_4930",715,3,"C8_Az12","C8","T20",20,"Warm","Pred","Yes","Naive","None",0.13,"Pred_Warm"
"T20_C8_Az8_B1","IMG_4961",715,3,"C8_Az8","C8","T20",20,"Warm","Pred","Yes","Naive","None",NA,"Pred_Warm"
"T20_C8_Az4_A2","IMG_5014",727,3,"C8_Az4","C8","T20",20,"Warm","Pred","Yes","Naive","None",0.125,"Pred_Warm"
"T20_C9_Az17_C4","IMG_4936",715,3,"C9_Az17","C9","T20",20,"Ambiant","Pred","Yes","Naive","None",0.131,"Pred_Ambiant"
"T20_C9_Az16_D6","IMG_4978",727,3,"C9_Az16","C9","T20",20,"Ambiant","Pred","Yes","Naive","None",0.131,"Pred_Ambiant"
"T20_D6_Az9_B4","IMG_4934",715,3,"D6_Az9","D6","T20",20,"Ambiant","Ctrl","Yes","Naive","None",0.13,"Ctrl_Ambiant"
"T20_D6_Az5_C2","IMG_5021",727,3,"D6_Az5","D6","T20",20,"Ambiant","Ctrl","Yes","Naive","None",0.137,"Ctrl_Ambiant"
"T20_D7_Az2_D4","IMG_4939",715,3,"D7_Az2","D7","T20",20,"Warm","Ctrl","Yes","Naive","None",0.13,"Ctrl_Warm"
"T23_A1_Az7_A6","IMG_5036",715,3,"A1_Az7","A1","T23",23,"Ambiant","Ctrl","Yes","Naive","None",0.154,"Ctrl_Ambiant"
"T23_A1_Az15_D4","IMG_5143",727,3,"A1_Az15","A1","T23",23,"Ambiant","Ctrl","Yes","Naive","None",0.129,"Ctrl_Ambiant"
"T23_B1_Az8_B3","IMG_5075",715,3,"B1_Az8","B1","T23",23,"Warm","Ctrl","Yes","Naive","None",0.129,"Ctrl_Warm"
"T23_B1_Az1_C6","IMG_5042",715,3,"B1_Az1","B1","T23",23,"Warm","Ctrl","Yes","Naive","None",0.162,"Ctrl_Warm"
"T23_B1_Az19_C4","IMG_5136",727,3,"B1_Az19","B1","T23",23,"Warm","Ctrl","Yes","Naive","None",0.165,"Ctrl_Warm"
"T23_B2_Az16_A1","IMG_5091",715,3,"B2_Az16","B2","T23",23,"Ambiant","Ctrl","Yes","Naive","None",0.14,"Ctrl_Ambiant"
"T23_B2_Az15_C1","IMG_5175",727,3,"B2_Az15","B2","T23",23,"Ambiant","Ctrl","Yes","Naive","None",0.123,"Ctrl_Ambiant"
"T23_B2_Az3_C6","IMG_5112",727,3,"B2_Az3","B2","T23",23,"Ambiant","Ctrl","Yes","Naive","None",0.139,"Ctrl_Ambiant"
"T23_B4_Az15_C1","IMG_5098",715,3,"B4_Az15","B4","T23",23,"Ambiant","Pred","Yes","Naive","None",0.123,"Pred_Ambiant"
"T23_B4_Az10_D2","IMG_5088",715,3,"B4_Az10","B4","T23",23,"Ambiant","Pred","Yes","Naive","None",0.162,"Pred_Ambiant"
"T23_B4_Az8_B5","IMG_5123",727,3,"B4_Az8","B4","T23",23,"Ambiant","Pred","Yes","Naive","None",0.135,"Pred_Ambiant"
"T23_B5_Az16_B5","IMG_5050",715,3,"B5_Az16","B5","T23",23,"Warm","Pred","Yes","Naive","None",0.133,"Pred_Warm"
"T23_B5_Az4_A3","IMG_5145",727,3,"B5_Az4","B5","T23",23,"Warm","Pred","Yes","Naive","None",0.143,"Pred_Warm"
"T23_B5_Az15_D5","IMG_5128",727,3,"B5_Az15","B5","T23",23,"Warm","Pred","Yes","Naive","None",0.142,"Pred_Warm"
"T23_B6_Az19_A5","IMG_5048",715,3,"B6_Az19","B6","T23",23,"Ambiant","Pred","Yes","Naive","None",0.126,"Pred_Ambiant"
"T23_B6_Az13_B2","IMG_5162",727,3,"B6_Az13","B6","T23",23,"Ambiant","Pred","Yes","Naive","None",0.146,"Pred_Ambiant"
"T23_B6_Az20_B4","IMG_5132",727,3,"B6_Az20","B6","T23",23,"Ambiant","Pred","Yes","Naive","None",0.142,"Pred_Ambiant"
"T23_B7_Az6_A2","IMG_5080",715,3,"B7_Az6","B7","T23",23,"Warm","Pred","Yes","Naive","None",0.141,"Pred_Warm"
"T23_B7_Az7_D1","IMG_5179",727,3,"B7_Az7","B7","T23",23,"Warm","Pred","Yes","Naive","None",0.131,"Pred_Warm"
"T23_B7_Az20_A6","IMG_5105",727,3,"B7_Az20","B7","T23",23,"Warm","Pred","Yes","Naive","None",0.143,"Pred_Warm"
"T23_B9_Az19_D5","IMG_5055",715,3,"B9_Az19","B9","T23",23,"Warm","Pred","Yes","Naive","None",0.143,"Pred_Warm"
"T23_B9_Az8_C3","IMG_5151",727,3,"B9_Az8","B9","T23",23,"Warm","Pred","Yes","Naive","None",0.132,"Pred_Warm"
"T23_C1_Az20_B6","IMG_5039",715,3,"C1_Az20","C1","T23",23,"Ambiant","Pred","Yes","Naive","None",0.151,"Pred_Ambiant"
"T23_C1_Az5_D3","IMG_5157",727,3,"C1_Az5","C1","T23",23,"Ambiant","Pred","Yes","Naive","None",0.165,"Pred_Ambiant"
"T23_C1_Az3_B6","IMG_5108",727,3,"C1_Az3","C1","T23",23,"Ambiant","Pred","Yes","Naive","None",0.156,"Pred_Ambiant"
"T23_C3_Az13_C2","IMG_5084",715,3,"C3_Az13","C3","T23",23,"Ambiant","Pred","Yes","Naive","None",0.129,"Pred_Ambiant"
"T23_C3_Az3_D2","IMG_5171",727,3,"C3_Az3","C3","T23",23,"Ambiant","Pred","Yes","Naive","None",0.161,"Pred_Ambiant"
"T23_C5_Az20_D1","IMG_5102",715,3,"C5_Az20","C5","T23",23,"Ambiant","Ctrl","Yes","Naive","None",0.133,"Ctrl_Ambiant"
"T23_C5_Az19_C3","IMG_5077",715,3,"C5_Az19","C5","T23",23,"Ambiant","Ctrl","Yes","Naive","None",0.133,"Ctrl_Ambiant"
"T23_C5_Az11_A5","IMG_5120",727,3,"C5_Az11","C5","T23",23,"Ambiant","Ctrl","Yes","Naive","None",0.137,"Ctrl_Ambiant"
"T23_C8_Az8_B1","IMG_5094",715,3,"C8_Az8","C8","T23",23,"Warm","Pred","Yes","Naive","None",0.132,"Pred_Warm"
"T23_C8_Az12_A4","IMG_5057",715,3,"C8_Az12","C8","T23",23,"Warm","Pred","Yes","Naive","None",0.131,"Pred_Warm"
"T23_C8_Az4_A2","IMG_5159",727,3,"C8_Az4","C8","T23",23,"Warm","Pred","Yes","Naive","None",0.139,"Pred_Warm"
"T23_C9_Az17_C4","IMG_5066",715,3,"C9_Az17","C9","T23",23,"Ambiant","Pred","Yes","Naive","None",0.127,"Pred_Ambiant"
"T23_C9_Az16_D6","IMG_5116",727,3,"C9_Az16","C9","T23",23,"Ambiant","Pred","Yes","Naive","None",0.112,"Pred_Ambiant"
"T23_D6_Az9_B4","IMG_5062",715,3,"D6_Az9","D6","T23",23,"Ambiant","Ctrl","Yes","Naive","None",0.13,"Ctrl_Ambiant"
"T23_D6_Az5_C2","IMG_5168",727,3,"D6_Az5","D6","T23",23,"Ambiant","Ctrl","Yes","Naive","None",0.152,"Ctrl_Ambiant"
"T23_D7_Az2_D4","IMG_5071",715,3,"D7_Az2","D7","T23",23,"Warm","Ctrl","Yes","Naive","None",0.144,"Ctrl_Warm"
"T25_A1_Az15_D4","IMG_5273",727,3,"A1_Az15","A1","T25",25,"Ambiant","Ctrl","Yes","Naive","None",0.12,"Ctrl_Ambiant"
"T25_A1_Az7_A6","IMG_5185",715,3,"A1_Az7","A1","T25",25,"Ambiant","Ctrl","Yes","Naive","None",0.111,"Ctrl_Ambiant"
"T25_B1_Az1_C6","IMG_5189",715,3,"B1_Az1","B1","T25",25,"Warm","Ctrl","Yes","Naive","None",0.143,"Ctrl_Warm"
"T25_B1_Az19_C4","IMG_5270",727,3,"B1_Az19","B1","T25",25,"Warm","Ctrl","Yes","Naive","None",0.124,"Ctrl_Warm"
"T25_B1_Az8_B3","IMG_5221",715,3,"B1_Az8","B1","T25",25,"Warm","Ctrl","Yes","Naive","None",0.129,"Ctrl_Warm"
"T25_B2_Az15_C1","IMG_5298",727,3,"B2_Az15","B2","T25",25,"Ambiant","Ctrl","Yes","Naive","None",0.139,"Ctrl_Ambiant"
"T25_B2_Az16_A1","IMG_5236",715,3,"B2_Az16","B2","T25",25,"Ambiant","Ctrl","Yes","Naive","None",0.121,"Ctrl_Ambiant"
"T25_B2_Az3_C6","IMG_5253",727,3,"B2_Az3","B2","T25",25,"Ambiant","Ctrl","Yes","Naive","None",0.149,"Ctrl_Ambiant"
"T25_B4_Az10_D2","IMG_5233",715,3,"B4_Az10","B4","T25",25,"Ambiant","Pred","Yes","Naive","None",0.137,"Pred_Ambiant"
"T25_B4_Az15_C1","IMG_5242",715,3,"B4_Az15","B4","T25",25,"Ambiant","Pred","Yes","Naive","None",0.128,"Pred_Ambiant"
"T25_B4_Az8_B5","IMG_5262",727,3,"B4_Az8","B4","T25",25,"Ambiant","Pred","Yes","Naive","None",0.147,"Pred_Ambiant"
"T25_B5_Az16_B5","IMG_5195",715,3,"B5_Az16","B5","T25",25,"Warm","Pred","Yes","Naive","None",0.147,"Pred_Warm"
"T25_B5_Az4_A3","IMG_5278",727,3,"B5_Az4","B5","T25",25,"Warm","Pred","Yes","Naive","None",0.098,"Pred_Warm"
"T25_B5_Az15_D5","IMG_5264",727,3,"B5_Az15","B5","T25",25,"Warm","Pred","Yes","Naive","None",0.137,"Pred_Warm"
"T25_B6_Az13_B2","IMG_5290",727,3,"B6_Az13","B6","T25",25,"Ambiant","Pred","Yes","Naive","None",0.106,"Pred_Ambiant"
"T25_B6_Az19_A5","IMG_5193",715,3,"B6_Az19","B6","T25",25,"Ambiant","Pred","Yes","Naive","None",0.13,"Pred_Ambiant"
"T25_B6_Az20_B4","IMG_5268",727,3,"B6_Az20","B6","T25",25,"Ambiant","Pred","Yes","Naive","None",0.136,"Pred_Ambiant"
"T25_B7_Az20_A6","IMG_5246",727,3,"B7_Az20","B7","T25",25,"Warm","Pred","Yes","Naive","None",0.127,"Pred_Warm"
"T25_B7_Az6_A2","IMG_5227",715,3,"B7_Az6","B7","T25",25,"Warm","Pred","Yes","Naive","None",0.123,"Pred_Warm"
"T25_B7_Az7_D1","IMG_5302",727,3,"B7_Az7","B7","T25",25,"Warm","Pred","Yes","Naive","None",0.146,"Pred_Warm"
"T25_B9_Az19_D5","IMG_5200",715,3,"B9_Az19","B9","T25",25,"Warm","Pred","Yes","Naive","None",0.13,"Pred_Warm"
"T25_B9_Az8_C3","IMG_5280",727,3,"B9_Az8","B9","T25",25,"Warm","Pred","Yes","Naive","None",0.128,"Pred_Warm"
"T25_C1_Az20_B6","IMG_5187",715,3,"C1_Az20","C1","T25",25,"Ambiant","Pred","Yes","Naive","None",0.162,"Pred_Ambiant"
"T25_C1_Az3_B6","IMG_5249",727,3,"C1_Az3","C1","T25",25,"Ambiant","Pred","Yes","Naive","None",0.134,"Pred_Ambiant"
"T25_C1_Az5_D3","IMG_5283",727,3,"C1_Az5","C1","T25",25,"Ambiant","Pred","Yes","Naive","None",0.137,"Pred_Ambiant"
"T25_C3_Az13_C2","IMG_5230",715,3,"C3_Az13","C3","T25",25,"Ambiant","Pred","Yes","Naive","None",0.138,"Pred_Ambiant"
"T25_C3_Az3_D2","IMG_5296",727,3,"C3_Az3","C3","T25",25,"Ambiant","Pred","Yes","Naive","None",0.148,"Pred_Ambiant"
"T25_C5_Az11_A5","IMG_5260",727,3,"C5_Az11","C5","T25",25,"Ambiant","Ctrl","Yes","Naive","None",0.132,"Ctrl_Ambiant"
"T25_C5_Az19_C3","IMG_5224",715,3,"C5_Az19","C5","T25",25,"Ambiant","Ctrl","Yes","Naive","None",0.139,"Ctrl_Ambiant"
"T25_C5_Az20_D1","IMG_5244",715,3,"C5_Az20","C5","T25",25,"Ambiant","Ctrl","Yes","Naive","None",0.137,"Ctrl_Ambiant"
"T25_C8_Az12_A4","IMG_5208",715,3,"C8_Az12","C8","T25",25,"Warm","Pred","Yes","Naive","None",0.148,"Pred_Warm"
"T25_C8_Az4_A2","IMG_5285",727,3,"C8_Az4","C8","T25",25,"Warm","Pred","Yes","Naive","None",0.135,"Pred_Warm"
"T25_C8_Az8_B1","IMG_5238",715,3,"C8_Az8","C8","T25",25,"Warm","Pred","Yes","Naive","None",0.098,"Pred_Warm"
"T25_C9_Az16_D6","IMG_5255",727,3,"C9_Az16","C9","T25",25,"Ambiant","Pred","Yes","Naive","None",0.14,"Pred_Ambiant"
"T25_C9_Az17_C4","IMG_5213",715,3,"C9_Az17","C9","T25",25,"Ambiant","Pred","Yes","Naive","None",0.132,"Pred_Ambiant"
"T25_D6_Az5_C2","IMG_5293",727,3,"D6_Az5","D6","T25",25,"Ambiant","Ctrl","Yes","Naive","None",0.131,"Ctrl_Ambiant"
"T25_D6_Az9_B4","IMG_5210",715,3,"D6_Az9","D6","T25",25,"Ambiant","Ctrl","Yes","Naive","None",0.122,"Ctrl_Ambiant"
"T25_D7_Az2_D4","IMG_5218",715,3,"D7_Az2","D7","T25",25,"Warm","Ctrl","Yes","Naive","None",0.137,"Ctrl_Warm"
"T27_A1_Az7_A6","IMG_5307",715,3,"A1_Az7","A1","T27",27,"Ambiant","Ctrl","Yes","Naive","None",0.103,"Ctrl_Ambiant"
"T27_A1_Az15_D4","IMG_5416",727,3,"A1_Az15","A1","T27",27,"Ambiant","Ctrl","Yes","Naive","None",0.12,"Ctrl_Ambiant"
"T27_B1_Az8_B3","IMG_5347",715,3,"B1_Az8","B1","T27",27,"Warm","Ctrl","Yes","Naive","None",0.133,"Ctrl_Warm"
"T27_B1_Az1_C6","IMG_5314",715,3,"B1_Az1","B1","T27",27,"Warm","Ctrl","Yes","Naive","None",0.132,"Ctrl_Warm"
"T27_B1_Az19_C4","IMG_5413",727,3,"B1_Az19","B1","T27",27,"Warm","Ctrl","Yes","Naive","None",0.113,"Ctrl_Warm"
"T27_B2_Az16_A1","IMG_5370",715,3,"B2_Az16","B2","T27",27,"Ambiant","Ctrl","Yes","Naive","None",0.138,"Ctrl_Ambiant"
"T27_B2_Az15_C1","IMG_5446",727,3,"B2_Az15","B2","T27",27,"Ambiant","Ctrl","Yes","Naive","None",0.185,"Ctrl_Ambiant"
"T27_B2_Az3_C6","IMG_5392",727,3,"B2_Az3","B2","T27",27,"Ambiant","Ctrl","Yes","Naive","None",0.115,"Ctrl_Ambiant"
"T27_B4_Az15_C1","IMG_5380",715,3,"B4_Az15","B4","T27",27,"Ambiant","Pred","Yes","Naive","None",0.133,"Pred_Ambiant"
"T27_B4_Az10_D2","IMG_5366",715,3,"B4_Az10","B4","T27",27,"Ambiant","Pred","Yes","Naive","None",0.181,"Pred_Ambiant"
"T27_B4_Az8_B5","IMG_5403",727,3,"B4_Az8","B4","T27",27,"Ambiant","Pred","Yes","Naive","None",0.164,"Pred_Ambiant"
"T27_B5_Az16_B5","IMG_5321",715,3,"B5_Az16","B5","T27",27,"Warm","Pred","Yes","Naive","None",0.131,"Pred_Warm"
"T27_B5_Az4_A3","IMG_5420",727,3,"B5_Az4","B5","T27",27,"Warm","Pred","Yes","Naive","None",0.095,"Pred_Warm"
"T27_B5_Az15_D5","IMG_5407",727,3,"B5_Az15","B5","T27",27,"Warm","Pred","Yes","Naive","None",0.155,"Pred_Warm"
"T27_B6_Az19_A5","IMG_5319",715,3,"B6_Az19","B6","T27",27,"Ambiant","Pred","Yes","Naive","None",0.134,"Pred_Ambiant"
"T27_B6_Az13_B2","IMG_5432",727,3,"B6_Az13","B6","T27",27,"Ambiant","Pred","Yes","Naive","None",0.126,"Pred_Ambiant"
"T27_B6_Az20_B4","IMG_5410",727,3,"B6_Az20","B6","T27",27,"Ambiant","Pred","Yes","Naive","None",0.126,"Pred_Ambiant"
"T27_B7_Az6_A2","IMG_5356",715,3,"B7_Az6","B7","T27",27,"Warm","Pred","Yes","Naive","None",0.14,"Pred_Warm"
"T27_B7_Az7_D1","IMG_5448",727,3,"B7_Az7","B7","T27",27,"Warm","Pred","Yes","Naive","None",0.12,"Pred_Warm"
"T27_B7_Az20_A6","IMG_5386",727,3,"B7_Az20","B7","T27",27,"Warm","Pred","Yes","Naive","None",0.121,"Pred_Warm"
"T27_B9_Az19_D5","IMG_5329",715,3,"B9_Az19","B9","T27",27,"Warm","Pred","Yes","Naive","None",0.141,"Pred_Warm"
"T27_B9_Az8_C3","IMG_5422",727,3,"B9_Az8","B9","T27",27,"Warm","Pred","Yes","Naive","None",0.12,"Pred_Warm"
"T27_C1_Az20_B6","IMG_5312",715,3,"C1_Az20","C1","T27",27,"Ambiant","Pred","Yes","Naive","None",0.1,"Pred_Ambiant"
"T27_C1_Az5_D3","IMG_5424",727,3,"C1_Az5","C1","T27",27,"Ambiant","Pred","Yes","Naive","None",0.14,"Pred_Ambiant"
"T27_C1_Az3_B6","IMG_5390",727,3,"C1_Az3","C1","T27",27,"Ambiant","Pred","Yes","Naive","None",0.129,"Pred_Ambiant"
"T27_C3_Az13_C2","IMG_5361",715,3,"C3_Az13","C3","T27",27,"Ambiant","Pred","Yes","Naive","None",0.176,"Pred_Ambiant"
"T27_C3_Az3_D2","IMG_5441",727,3,"C3_Az3","C3","T27",27,"Ambiant","Pred","Yes","Naive","None",0.183,"Pred_Ambiant"
"T27_C5_Az20_D1","IMG_5384",715,3,"C5_Az20","C5","T27",27,"Ambiant","Ctrl","Yes","Naive","None",0.114,"Ctrl_Ambiant"
"T27_C5_Az19_C3","IMG_5354",715,3,"C5_Az19","C5","T27",27,"Ambiant","Ctrl","Yes","Naive","None",0.121,"Ctrl_Ambiant"
"T27_C5_Az11_A5","IMG_5397",727,3,"C5_Az11","C5","T27",27,"Ambiant","Ctrl","Yes","Naive","None",0.132,"Ctrl_Ambiant"
"T27_C8_Az8_B1","IMG_5371",715,3,"C8_Az8","C8","T27",27,"Warm","Pred","Yes","Naive","None",0.153,"Pred_Warm"
"T27_C8_Az12_A4","IMG_5332",715,3,"C8_Az12","C8","T27",27,"Warm","Pred","Yes","Naive","None",0.129,"Pred_Warm"
"T27_C8_Az4_A2","IMG_5429",727,3,"C8_Az4","C8","T27",27,"Warm","Pred","Yes","Naive","None",0.098,"Pred_Warm"
"T27_C9_Az17_C4","IMG_5341",715,3,"C9_Az17","C9","T27",27,"Ambiant","Pred","Yes","Naive","None",0.137,"Pred_Ambiant"
"T27_C9_Az16_D6","IMG_5394",727,3,"C9_Az16","C9","T27",27,"Ambiant","Pred","Yes","Naive","None",0.146,"Pred_Ambiant"
"T27_D6_Az9_B4","IMG_5337",715,3,"D6_Az9","D6","T27",27,"Ambiant","Ctrl","Yes","Naive","None",0.135,"Ctrl_Ambiant"
"T27_D6_Az5_C2","IMG_5438",727,3,"D6_Az5","D6","T27",27,"Ambiant","Ctrl","Yes","Naive","None",0.131,"Ctrl_Ambiant"
"T27_D7_Az2_D4","IMG_5343",715,3,"D7_Az2","D7","T27",27,"Warm","Ctrl","Yes","Naive","None",0.144,"Ctrl_Warm"
"T30_A1_Az7_A6","IMG_5456",715,3,"A1_Az7","A1","T30",30,"Ambiant","Ctrl","Yes","Naive","None",0.124,"Ctrl_Ambiant"
"T30_A1_Az15_D4","IMG_5547",727,3,"A1_Az15","A1","T30",30,"Ambiant","Ctrl","Yes","Naive","None",0.123,"Ctrl_Ambiant"
"T30_B1_Az8_B3","IMG_5491",715,3,"B1_Az8","B1","T30",30,"Warm","Ctrl","Yes","Naive","None",0.112,"Ctrl_Warm"
"T30_B1_Az1_C6","IMG_5465",715,3,"B1_Az1","B1","T30",30,"Warm","Ctrl","Yes","Naive","None",0.114,"Ctrl_Warm"
"T30_B1_Az19_C4","IMG_5542",727,3,"B1_Az19","B1","T30",30,"Warm","Ctrl","Yes","Naive","None",0.139,"Ctrl_Warm"
"T30_B2_Az16_A1","IMG_5506",715,3,"B2_Az16","B2","T30",30,"Ambiant","Ctrl","Yes","Naive","None",0.138,"Ctrl_Ambiant"
"T30_B2_Az15_C1","IMG_5572",727,3,"B2_Az15","B2","T30",30,"Ambiant","Ctrl","Yes","Naive","None",0.12,"Ctrl_Ambiant"
"T30_B2_Az3_C6","IMG_5525",727,3,"B2_Az3","B2","T30",30,"Ambiant","Ctrl","Yes","Naive","None",0.132,"Ctrl_Ambiant"
"T30_B4_Az15_C1","IMG_5512",715,3,"B4_Az15","B4","T30",30,"Ambiant","Pred","Yes","Naive","None",0.142,"Pred_Ambiant"
"T30_B4_Az10_D2","IMG_5504",715,3,"B4_Az10","B4","T30",30,"Ambiant","Pred","Yes","Naive","None",0.134,"Pred_Ambiant"
"T30_B4_Az8_B5","IMG_5533",727,3,"B4_Az8","B4","T30",30,"Ambiant","Pred","Yes","Naive","None",0.129,"Pred_Ambiant"
"T30_B5_Az16_B5","IMG_5471",715,3,"B5_Az16","B5","T30",30,"Warm","Pred","Yes","Naive","None",0.121,"Pred_Warm"
"T30_B5_Az4_A3","IMG_5549",727,3,"B5_Az4","B5","T30",30,"Warm","Pred","Yes","Naive","None",0.152,"Pred_Warm"
"T30_B5_Az15_D5","IMG_5536",727,3,"B5_Az15","B5","T30",30,"Warm","Pred","Yes","Naive","None",0.118,"Pred_Warm"
"T30_B6_Az19_A5","IMG_5467",715,3,"B6_Az19","B6","T30",30,"Ambiant","Pred","Yes","Naive","None",0.133,"Pred_Ambiant"
"T30_B6_Az13_B2","IMG_5563",727,3,"B6_Az13","B6","T30",30,"Ambiant","Pred","Yes","Naive","None",0.115,"Pred_Ambiant"
"T30_B6_Az20_B4","IMG_5540",727,3,"B6_Az20","B6","T30",30,"Ambiant","Pred","Yes","Naive","None",0.121,"Pred_Ambiant"
"T30_B7_Az6_A2","IMG_5498",715,3,"B7_Az6","B7","T30",30,"Warm","Pred","Yes","Naive","None",0.144,"Pred_Warm"
"T30_B7_Az7_D1","IMG_5578",727,3,"B7_Az7","B7","T30",30,"Warm","Pred","Yes","Naive","None",0.128,"Pred_Warm"
"T30_B7_Az20_A6","IMG_5518",727,3,"B7_Az20","B7","T30",30,"Warm","Pred","Yes","Naive","None",0.139,"Pred_Warm"
"T30_B9_Az19_D5","IMG_5477",715,3,"B9_Az19","B9","T30",30,"Warm","Pred","Yes","Naive","None",0.134,"Pred_Warm"
"T30_B9_Az8_C3","IMG_5554",727,3,"B9_Az8","B9","T30",30,"Warm","Pred","Yes","Naive","None",0.14,"Pred_Warm"
"T30_C1_Az20_B6","IMG_5460",715,3,"C1_Az20","C1","T30",30,"Ambiant","Pred","Yes","Naive","None",0.132,"Pred_Ambiant"
"T30_C1_Az5_D3","IMG_5558",727,3,"C1_Az5","C1","T30",30,"Ambiant","Pred","Yes","Naive","None",0.134,"Pred_Ambiant"
"T30_C1_Az3_B6","IMG_5520",727,3,"C1_Az3","C1","T30",30,"Ambiant","Pred","Yes","Naive","None",0.129,"Pred_Ambiant"
"T30_C3_Az13_C2","IMG_5501",715,3,"C3_Az13","C3","T30",30,"Ambiant","Pred","Yes","Naive","None",0.159,"Pred_Ambiant"
"T30_C3_Az3_D2","IMG_5570",727,3,"C3_Az3","C3","T30",30,"Ambiant","Pred","Yes","Naive","None",0.116,"Pred_Ambiant"
"T30_C5_Az20_D1","IMG_5513",715,3,"C5_Az20","C5","T30",30,"Ambiant","Ctrl","Yes","Naive","None",0.123,"Ctrl_Ambiant"
"T30_C5_Az19_C3","IMG_5493",715,3,"C5_Az19","C5","T30",30,"Ambiant","Ctrl","Yes","Naive","None",0.149,"Ctrl_Ambiant"
"T30_C5_Az11_A5","IMG_5531",727,3,"C5_Az11","C5","T30",30,"Ambiant","Ctrl","Yes","Naive","None",0.148,"Ctrl_Ambiant"
"T30_C8_Az8_B1","IMG_5508",715,3,"C8_Az12","C8","T30",30,"Warm","Pred","Yes","Naive","None",0.124,"Pred_Warm"
"T30_C8_Az12_A4","IMG_5479",715,3,"C8_Az12","C8","T30",30,"Warm","Pred","Yes","Naive","None",0.146,"Pred_Warm"
"T30_C8_Az4_A2","IMG_5561",727,3,"C8_Az4","C8","T30",30,"Warm","Pred","Yes","Naive","None",0.114,"Pred_Warm"
"T30_C9_Az17_C4","IMG_5485",715,3,"C9_Az17","C9","T30",30,"Ambiant","Pred","Yes","Naive","None",0.123,"Pred_Ambiant"
"T30_C9_Az16_D6","IMG_5528",727,3,"C9_Az16","C9","T30",30,"Ambiant","Pred","Yes","Naive","None",0.131,"Pred_Ambiant"
"T30_D6_Az9_B4","IMG_5483",715,3,"D6_Az9","D6","T30",30,"Ambiant","Ctrl","Yes","Naive","None",0.135,"Ctrl_Ambiant"
"T30_D6_Az5_C2","IMG_5567",727,3,"D6_Az5","D6","T30",30,"Ambiant","Ctrl","Yes","Naive","None",0.137,"Ctrl_Ambiant"
"T30_D7_Az2_D4","IMG_5488",715,3,"D7_Az2","D7","T30",30,"Warm","Ctrl","Yes","Naive","None",0.101,"Ctrl_Warm"
"T05_A1_Az5_A1","IMG_0729",715,4,"A1_Az5","A1","T05",5,"Ambiant","Ctrl","Yes","Naive","None",0.095,"Ctrl_Ambiant"
"T05_A1_Az6_D4","IMG_0718",715,4,"A1_Az6","A1","T05",5,"Ambiant","Ctrl","Yes","Naive","None",0.123,"Ctrl_Ambiant"
"T05_A1_Az4_C4","IMG_0748",727,4,"A1_Az4","A1","T05",5,"Ambiant","Ctrl","Yes","Naive","None",0.08,"Ctrl_Ambiant"
"T05_B1_Az7_C5","IMG_0713",715,4,"B1_Az7","B1","T05",5,"Warm","Ctrl","Yes","Naive","None",0.106,"Ctrl_Warm"
"T05_B1_Az8_C5","IMG_0743",727,4,"B1_Az8","B1","T05",5,"Warm","Ctrl","Yes","Naive","None",0.122,"Ctrl_Warm"
"T05_B1_Az10_A6","IMG_0735",727,4,"B1_Az10","B1","T05",5,"Warm","Ctrl","Yes","Naive","None",0.122,"Ctrl_Warm"
"T05_B2_Az3_D2","IMG_0728",715,4,"B2_Az3","B2","T05",5,"Ambiant","Ctrl","Yes","Naive","None",0.135,"Ctrl_Ambiant"
"T05_B2_Az6_A4","IMG_0744",727,4,"B2_Az6","B2","T05",5,"Ambiant","Ctrl","Yes","Naive","None",0.1,"Ctrl_Ambiant"
"T05_B4_Az6_D1","IMG_0733",715,4,"B4_Az6","B4","T05",5,"Ambiant","Pred","Yes","Naive","None",0.131,"Pred_Ambiant"
"T05_B4_Az10_B1","IMG_0766",727,4,"B4_Az10","B4","T05",5,"Ambiant","Pred","Yes","Naive","None",0.098,"Pred_Ambiant"
"T05_B4_Az3_D6","IMG_0739",727,4,"B4_Az3","B4","T05",5,"Ambiant","Pred","Yes","Naive","None",0.13,"Pred_Ambiant"
"T05_B5_Az1_D3","IMG_0724",715,4,"B5_Az1","B5","T05",5,"Warm","Pred","Yes","Naive","None",0.115,"Pred_Warm"
"T05_B5_Az10_C4","IMG_0717",715,4,"B5_Az10","B5","T05",5,"Warm","Pred","Yes","Naive","None",0.097,"Pred_Warm"
"T05_B5_Az6_C2","IMG_0763",727,4,"B5_Az6","B5","T05",5,"Warm","Pred","Yes","Naive","None",0.113,"Pred_Warm"
"T05_B6_Az6_B1","IMG_0731",715,4,"B6_Az6","B6","T05",5,"Ambiant","Pred","Yes","Naive","None",0.122,"Pred_Ambiant"
"T05_B6_Az4_B4","IMG_0746",727,4,"B6_Az4","B6","T05",5,"Ambiant","Pred","Yes","Naive","None",0.111,"Pred_Ambiant"
"T05_B6_Az10_B5","IMG_0742",727,4,"B6_Az10","B6","T05",5,"Ambiant","Pred","Yes","Naive","None",0.106,"Pred_Ambiant"
"T05_B7_Az8_B5","IMG_0712",715,4,"B7_Az8","B7","T05",5,"Warm","Pred","Yes","Naive","None",0.092,"Pred_Warm"
"T05_B9_Az1_A3","IMG_0720",715,4,"B9_Az1","B9","T05",5,"Warm","Pred","Yes","Naive","None",0.12,"Pred_Warm"
"T05_B9_Az9_D2","IMG_0765",727,4,"B9_Az9","B9","T05",5,"Warm","Pred","Yes","Naive","None",0.103,"Pred_Warm"
"T05_B9_Az7_A5","IMG_0741",727,4,"B9_Az7","B9","T05",5,"Warm","Pred","Yes","Naive","None",0.112,"Pred_Warm"
"T05_C1_Az4_B4","IMG_0716",715,4,"C1_Az4","C1","T05",5,"Ambiant","Pred","Yes","Naive","None",0.152,"Pred_Ambiant"
"T05_C1_Az1_A3","IMG_0752",727,4,"C1_Az1","C1","T05",5,"Ambiant","Pred","Yes","Naive","None",0.162,"Pred_Ambiant"
"T05_C3_Az5_B3","IMG_0721",715,4,"C3_Az5","C3","T05",5,"Ambiant","Pred","Yes","Naive","None",0.124,"Pred_Ambiant"
"T05_C3_Az4_B2","IMG_0760",727,4,"C3_Az4","C3","T05",5,"Ambiant","Pred","Yes","Naive","None",0.099,"Pred_Ambiant"
"T05_C5_Az1_B2","IMG_0726",715,4,"C5_Az1","C5","T05",5,"Ambiant","Ctrl","Yes","Naive","None",0.138,"Ctrl_Ambiant"
"T05_C5_Az7_B6","IMG_0737",727,4,"C5_Az7","C5","T05",5,"Ambiant","Ctrl","Yes","Naive","None",0.101,"Ctrl_Ambiant"
"T05_C8_Az5_D5","IMG_0715",715,4,"C8_Az5","C8","T05",5,"Warm","Pred","Yes","Naive","None",0.127,"Pred_Warm"
"T05_C8_Az1_A2","IMG_0758",727,4,"C8_Az1","C8","T05",5,"Warm","Pred","Yes","Naive","None",0.095,"Pred_Warm"
"T05_C8_Az6_D4","IMG_0750",727,4,"C8_Az6","C8","T05",5,"Warm","Pred","Yes","Naive","None",0.109,"Pred_Warm"
"T05_C9_Az1_C2","IMG_0727",715,4,"C9_Az1","C9","T05",5,"Ambiant","Pred","Yes","Naive","None",0.106,"Pred_Ambiant"
"T05_C9_Az10_D1","IMG_0768",727,4,"C9_Az10","C9","T05",5,"Ambiant","Pred","Yes","Naive","None",0.135,"Pred_Ambiant"
"T05_D6_Az10_A5","IMG_0710",715,4,"D6_Az10","D6","T05",5,"Ambiant","Ctrl","Yes","Naive","None",0.142,"Ctrl_Ambiant"
"T05_D6_Az6_D3","IMG_0755",727,4,"D6_Az6","D6","T05",5,"Ambiant","Ctrl","Yes","Naive","None",0.096,"Ctrl_Ambiant"
"T05_D7_Az6_A2","IMG_0725",715,4,"D7_Az6","D7","T05",5,"Warm","Ctrl","Yes","Naive","None",0.14,"Ctrl_Warm"
"T05_D7_Az5_C3","IMG_0722",715,4,"D7_Az5","D7","T05",5,"Warm","Ctrl","Yes","Naive","None",0.137,"Ctrl_Warm"
"T05_D7_Az1_C3","IMG_0753",727,4,"D7_Az1","D7","T05",5,"Warm","Ctrl","Yes","Naive","None",0.124,"Ctrl_Warm"
"T10_A1_Az5_B2","IMG_6384",715,4,"A1_Az5","A1","T10",10,"Ambiant","Ctrl","Yes","Naive","None",0.132,"Ctrl_Ambiant"
"T10_A1_Az13_D4","IMG_6429",727,4,"A1_Az13","A1","T10",10,"Ambiant","Ctrl","Yes","Naive","None",0.136,"Ctrl_Ambiant"
"T10_A1_Az3_A5","IMG_6412",727,4,"A1_Az3","A1","T10",10,"Ambiant","Ctrl","Yes","Naive","None",0.092,"Ctrl_Ambiant"
"T10_A1_Az9_B4","IMG_6488",715,4,"A1_Az9","A1","T10",10,"Ambiant","Ctrl","Yes","Naive","None",0.126,"Ctrl_Ambiant"
"T10_A1_Az19_C5","IMG_6549",727,4,"A1_Az19","A1","T10",10,"Ambiant","Ctrl","Yes","Naive","None",0.119,"Ctrl_Ambiant"
"T10_B1_Az2_A4","IMG_6364",715,4,"B1_Az2","B1","T10",10,"Warm","Ctrl","Yes","Naive","None",0.131,"Ctrl_Warm"
"T10_B1_Az18_D3","IMG_6442",727,4,"B1_Az18","B1","T10",10,"Warm","Ctrl","Yes","Naive","None",0.16,"Ctrl_Warm"
"T10_B2_Az10_C3","IMG_6378",715,4,"B2_Az10","B2","T10",10,"Ambiant","Ctrl","Yes","Naive","None",0.134,"Ctrl_Ambiant"
"T10_B2_Az20_A6","IMG_6402",727,4,"B2_Az20","B2","T10",10,"Ambiant","Ctrl","Yes","Naive","None",0.138,"Ctrl_Ambiant"
"T10_B4_Az20_B3","IMG_6375",715,4,"B4_Az20","B4","T10",10,"Ambiant","Pred","Yes","Naive","None",0.144,"Pred_Ambiant"
"T10_B4_Az6_A4","IMG_6422",727,4,"B4_Az6","B4","T10",10,"Ambiant","Pred","Yes","Naive","None",0.124,"Pred_Ambiant"
"T10_B5_Az20_C2","IMG_6388",715,4,"B5_Az20","B5","T10",10,"Warm","Pred","Yes","Naive","None",0.12,"Pred_Warm"
"T10_B5_Az14_C1","IMG_6459",727,4,"B5_Az14","B5","T10",10,"Warm","Pred","Yes","Naive","None",0.121,"Pred_Warm"
"T10_B6_Az16_A6","IMG_6343",715,4,"B6_Az16","B6","T10",10,"Ambiant","Pred","Yes","Naive","None",0.126,"Pred_Ambiant"
"T10_B6_Az12_C5","IMG_6415",727,4,"B6_Az12","B6","T10",10,"Ambiant","Pred","Yes","Naive","None",0.124,"Pred_Ambiant"
"T10_B7_Az18_D3","IMG_6382",715,4,"B7_Az18","B7","T10",10,"Warm","Pred","Yes","Naive","None",0.122,"Pred_Warm"
"T10_B7_Az10_B6","IMG_6406",727,4,"B7_Az10","B7","T10",10,"Warm","Pred","Yes","Naive","None",0.128,"Pred_Warm"
"T10_B9_Az6_A5","IMG_6355",715,4,"B9_Az6","B9","T10",10,"Warm","Pred","Yes","Naive","None",0.118,"Pred_Warm"
"T10_B9_Az2_C2","IMG_6450",727,4,"B9_Az2","B9","T10",10,"Warm","Pred","Yes","Naive","None",0.116,"Pred_Warm"
"T10_B9_Az1_D6","IMG_6409",727,4,"B9_Az1","B9","T10",10,"Warm","Pred","Yes","Naive","None",0.126,"Pred_Warm"
"T10_C1_Az13_D4","IMG_6369",715,4,"C1_Az13","C1","T10",10,"Ambiant","Pred","Yes","Naive","None",0.126,"Pred_Ambiant"
"T10_C1_Az19_C3","IMG_6439",727,4,"C1_Az19","C1","T10",10,"Ambiant","Pred","Yes","Naive","None",0.11,"Pred_Ambiant"
"T10_C3_Az15_D2","IMG_6390",715,4,"C3_Az15","C3","T10",10,"Ambiant","Pred","Yes","Naive","None",0.138,"Pred_Ambiant"
"T10_C3_Az12_B5","IMG_6358",715,4,"C3_Az12","C3","T10",10,"Ambiant","Pred","Yes","Naive","None",0.142,"Pred_Ambiant"
"T10_C3_Az1_B2","IMG_6444",727,4,"C3_Az1","C3","T10",10,"Ambiant","Pred","Yes","Naive","None",0.138,"Pred_Ambiant"
"T10_C5_Az15_C4","IMG_6367",715,4,"C5_Az15","C5","T10",10,"Ambiant","Ctrl","Yes","Naive","None",0.137,"Ctrl_Ambiant"
"T10_C5_Az5_A3","IMG_6432",727,4,"C5_Az5","C5","T10",10,"Ambiant","Ctrl","Yes","Naive","None",0.141,"Ctrl_Ambiant"
"T10_C8_Az3_C6","IMG_6352",715,4,"C8_Az3","C8","T10",10,"Warm","Pred","Yes","Naive","None",0.133,"Pred_Warm"
"T10_C8_Az9_B3","IMG_6433",727,4,"C8_Az9","C8","T10",10,"Warm","Pred","Yes","Naive","None",0.11,"Pred_Warm"
"T10_C9_Az19_B1","IMG_6395",715,4,"C9_Az19","C9","T10",10,"Ambiant","Pred","Yes","Naive","None",0.108,"Pred_Ambiant"
"T10_C9_Az11_D1","IMG_6463",727,4,"C9_Az11","C9","T10",10,"Ambiant","Pred","Yes","Naive","None",0.118,"Pred_Ambiant"
"T10_C9_Az6_B4","IMG_6425",727,4,"C9_Az6","C9","T10",10,"Ambiant","Pred","Yes","Naive","None",0.125,"Pred_Ambiant"
"T10_D6_Az1_A3","IMG_6372",715,4,"D6_Az1","D6","T10",10,"Ambiant","Ctrl","Yes","Naive","None",0.109,"Ctrl_Ambiant"
"T10_D6_Az8_B6","IMG_6348",715,4,"D6_Az8","D6","T10",10,"Ambiant","Ctrl","Yes","Naive","None",0.13,"Ctrl_Ambiant"
"T10_D6_Az18_B1","IMG_6456",727,4,"D6_Az18","D6","T10",10,"Ambiant","Ctrl","Yes","Naive","None",0.142,"Ctrl_Ambiant"
"T10_D7_Az16_C1","IMG_6399",715,4,"D7_Az16","D7","T10",10,"Warm","Ctrl","Yes","Naive","None",0.115,"Ctrl_Warm"
"T10_D7_Az8_C5","IMG_6360",715,4,"D7_Az8","D7","T10",10,"Warm","Ctrl","Yes","Naive","None",0.105,"Ctrl_Warm"
"T10_D7_Az5_D2","IMG_6453",727,4,"D7_Az5","D7","T10",10,"Warm","Ctrl","Yes","Naive","None",0.142,"Ctrl_Warm"
"T10_D7_Az15_D5","IMG_6419",727,4,"D7_Az15","D7","T10",10,"Warm","Ctrl","Yes","Naive","None",0.1,"Ctrl_Warm"
"T15_A1_Az5_B2","IMG_6266",715,4,"A1_Az5","A1","T15",15,"Ambiant","Ctrl","Yes","Naive","None",0.115,"Ctrl_Ambiant"
"T15_A1_Az13_D4","IMG_6293",727,4,"A1_Az13","A1","T15",15,"Ambiant","Ctrl","Yes","Naive","None",0.116,"Ctrl_Ambiant"
"T15_A1_Az3_A5","IMG_6291",727,4,"A1_Az3","A1","T15",15,"Ambiant","Ctrl","Yes","Naive","None",0.12,"Ctrl_Ambiant"
"T15_B1_Az2_A4","IMG_6244",715,4,"B1_Az2","B1","T15",15,"Warm","Ctrl","Yes","Naive","None",0.127,"Ctrl_Warm"
"T15_B1_Az18_D3","IMG_6319",727,4,"B1_Az18","B1","T15",15,"Warm","Ctrl","Yes","Naive","None",0.135,"Ctrl_Warm"
"T15_B2_Az10_C3","IMG_6260",715,4,"B2_Az10","B2","T15",15,"Ambiant","Ctrl","Yes","Naive","None",0.13,"Ctrl_Ambiant"
"T15_B2_Az20_A6","IMG_6283",727,4,"B2_Az20","B2","T15",15,"Ambiant","Ctrl","Yes","Naive","None",0.122,"Ctrl_Ambiant"
"T15_B4_Az20_B3","IMG_6255",715,4,"B4_Az20","B4","T15",15,"Ambiant","Pred","Yes","Naive","None",0.124,"Pred_Ambiant"
"T15_B4_Az6_A4","IMG_6300",727,4,"B4_Az6","B4","T15",15,"Ambiant","Pred","Yes","Naive","None",0.139,"Pred_Ambiant"
"T15_B5_Az20_C2","IMG_6270",715,4,"B5_Az20","B5","T15",15,"Warm","Pred","Yes","Naive","None",0.155,"Pred_Warm"
"T15_B5_Az14_C1","IMG_6338",727,4,"B5_Az14","B5","T15",15,"Warm","Pred","Yes","Naive","None",0.137,"Pred_Warm"
"T15_B6_Az16_A6","IMG_6225",715,4,"B6_Az16","B6","T15",15,"Ambiant","Pred","Yes","Naive","None",0.118,"Pred_Ambiant"
"T15_B6_Az12_C5","IMG_6294",727,4,"B6_Az12","B6","T15",15,"Ambiant","Pred","Yes","Naive","None",0.128,"Pred_Ambiant"
"T15_B7_Az18_D3","IMG_6262",715,4,"B7_Az18","B7","T15",15,"Warm","Pred","Yes","Naive","None",0.116,"Pred_Warm"
"T15_B7_Az10_B6","IMG_6287",727,4,"B7_Az10","B7","T15",15,"Warm","Pred","Yes","Naive","None",0.134,"Pred_Warm"
"T15_B9_Az6_A5","IMG_6234",715,4,"B9_Az6","B9","T15",15,"Warm","Pred","Yes","Naive","None",0.153,"Pred_Warm"
"T15_B9_Az2_C2","IMG_6326",727,4,"B9_Az2","B9","T15",15,"Warm","Pred","Yes","Naive","None",0.122,"Pred_Warm"
"T15_B9_Az1_D6","IMG_6289",727,4,"B9_Az1","B9","T15",15,"Warm","Pred","Yes","Naive","None",0.126,"Pred_Warm"
"T15_C1_Az13_D4","IMG_6249",715,4,"C1_Az13","C1","T15",15,"Ambiant","Pred","Yes","Naive","None",0.111,"Pred_Ambiant"
"T15_C1_Az19_C3","IMG_6317",727,4,"C1_Az19","C1","T15",15,"Ambiant","Pred","Yes","Naive","None",0.121,"Pred_Ambiant"
"T15_C3_Az15_D2","IMG_6272",715,4,"C3_Az15","C3","T15",15,"Ambiant","Pred","Yes","Naive","None",0.129,"Pred_Ambiant"
"T15_C3_Az12_B5","IMG_6238",715,4,"C3_Az12","C3","T15",15,"Ambiant","Pred","Yes","Naive","None",0.108,"Pred_Ambiant"
"T15_C3_Az1_B2","IMG_6323",727,4,"C3_Az1","C3","T15",15,"Ambiant","Pred","Yes","Naive","None",0.129,"Pred_Ambiant"
"T15_C5_Az15_C4","IMG_6248",715,4,"C5_Az15","C5","T15",15,"Ambiant","Ctrl","Yes","Naive","None",0.109,"Ctrl_Ambiant"
"T15_C5_Az5_A3","IMG_6310",727,4,"C5_Az5","C5","T15",15,"Ambiant","Ctrl","Yes","Naive","None",0.135,"Ctrl_Ambiant"
"T15_C8_Az3_C6","IMG_6231",715,4,"C8_Az3","C8","T15",15,"Warm","Pred","Yes","Naive","None",0.127,"Pred_Warm"
"T15_C8_Az9_B3","IMG_6313",727,4,"C8_Az9","C8","T15",15,"Warm","Pred","Yes","Naive","None",0.129,"Pred_Warm"
"T15_C9_Az19_B1","IMG_6277",715,4,"C9_Az19","C9","T15",15,"Ambiant","Pred","Yes","Naive","None",0.124,"Pred_Ambiant"
"T15_C9_Az11_D1","IMG_6340",727,4,"C9_Az11","C9","T15",15,"Ambiant","Pred","Yes","Naive","None",0.104,"Pred_Ambiant"
"T15_C9_Az6_B4","IMG_6305",727,4,"C9_Az6","C9","T15",15,"Ambiant","Pred","Yes","Naive","None",0.135,"Pred_Ambiant"
"T15_D6_Az1_A3","IMG_6252",715,4,"D6_Az1","D6","T15",15,"Ambiant","Ctrl","Yes","Naive","None",0.131,"Ctrl_Ambiant"
"T15_D6_Az8_B6","IMG_6226",715,4,"D6_Az8","D6","T15",15,"Ambiant","Ctrl","Yes","Naive","None",0.125,"Ctrl_Ambiant"
"T15_D6_Az18_B1","IMG_6333",727,4,"D6_Az18","D6","T15",15,"Ambiant","Ctrl","Yes","Naive","None",0.139,"Ctrl_Ambiant"
"T15_D7_Az16_C1","IMG_6281",715,4,"D7_Az16","D7","T15",15,"Warm","Ctrl","Yes","Naive","None",0.145,"Ctrl_Warm"
"T15_D7_Az8_C5","IMG_6240",715,4,"D7_Az8","D7","T15",15,"Warm","Ctrl","Yes","Naive","None",0.106,"Ctrl_Warm"
"T15_D7_Az5_D2","IMG_6329",727,4,"D7_Az5","D7","T15",15,"Warm","Ctrl","Yes","Naive","None",0.104,"Ctrl_Warm"
"T15_D7_Az15_D5","IMG_6298",727,4,"D7_Az15","D7","T15",15,"Warm","Ctrl","Yes","Naive","None",0.139,"Ctrl_Warm"
"T20_A1_Az5_B2","IMG_6132",715,4,"A1_Az5","A1","T20",20,"Ambiant","Ctrl","Yes","Naive","None",0.117,"Ctrl_Ambiant"
"T20_A1_Az3_A5","IMG_6158",727,4,"A1_Az3","A1","T20",20,"Ambiant","Ctrl","Yes","Naive","None",0.121,"Ctrl_Ambiant"
"T20_A1_Az13_D4","IMG_6180",727,4,"A1_Az13","A1","T20",20,"Ambiant","Ctrl","Yes","Naive","None",0.095,"Ctrl_Ambiant"
"T20_B1_Az2_A4","IMG_6110",715,4,"B1_Az2","B1","T20",20,"Warm","Ctrl","Yes","Naive","None",0.132,"Ctrl_Warm"
"T20_B1_Az18_D3","IMG_6193",727,4,"B1_Az18","B1","T20",20,"Warm","Ctrl","Yes","Naive","None",0.115,"Ctrl_Warm"
"T20_B2_Az10_C3","IMG_6126",715,4,"B2_Az10","B2","T20",20,"Ambiant","Ctrl","Yes","Naive","None",0.12,"Ctrl_Ambiant"
"T20_B2_Az20_A6","IMG_6148",727,4,"B2_Az20","B2","T20",20,"Ambiant","Ctrl","Yes","Naive","None",0.121,"Ctrl_Ambiant"
"T20_B4_Az20_B3","IMG_6122",715,4,"B4_Az20","B4","T20",20,"Ambiant","Pred","Yes","Naive","None",0.139,"Pred_Ambiant"
"T20_B4_Az6_A4","IMG_6171",727,4,"B4_Az6","B4","T20",20,"Ambiant","Pred","Yes","Naive","None",0.124,"Pred_Ambiant"
"T20_B5_Az20_C2","IMG_6134",715,4,"B5_Az20","B5","T20",20,"Warm","Pred","Yes","Naive","None",0.126,"Pred_Warm"
"T20_B5_Az14_C1","IMG_6210",727,4,"B5_Az14","B5","T20",20,"Warm","Pred","Yes","Naive","None",0.105,"Pred_Warm"
"T20_B6_Az16_A6","IMG_6090",715,4,"B6_Az16","B6","T20",20,"Ambiant","Pred","Yes","Naive","None",0.124,"Pred_Ambiant"
"T20_B6_Az12_C5","IMG_6165",727,4,"B6_Az12","B6","T20",20,"Ambiant","Pred","Yes","Naive","None",0.098,"Pred_Ambiant"
"T20_B7_Az18_D3","IMG_6130",715,4,"B7_Az18","B7","T20",20,"Warm","Pred","Yes","Naive","None",0.121,"Pred_Warm"
"T20_B7_Az10_B6","IMG_6154",727,4,"B7_Az10","B7","T20",20,"Warm","Pred","Yes","Naive","None",0.128,"Pred_Warm"
"T20_B9_Az6_A5","IMG_6100",715,4,"B9_Az6","B9","T20",20,"Warm","Pred","Yes","Naive","None",0.121,"Pred_Warm"
"T20_B9_Az1_D6","IMG_6156",727,4,"B9_Az1","B9","T20",20,"Warm","Pred","Yes","Naive","None",0.114,"Pred_Warm"
"T20_B9_Az2_C2","IMG_6200",727,4,"B9_Az2","B9","T20",20,"Warm","Pred","Yes","Naive","None",0.147,"Pred_Warm"
"T20_C1_Az13_D4","IMG_6116",715,4,"C1_Az13","C1","T20",20,"Ambiant","Pred","Yes","Naive","None",0.127,"Pred_Ambiant"
"T20_C1_Az19_C3","IMG_6189",727,4,"C1_Az19","C1","T20",20,"Ambiant","Pred","Yes","Naive","None",0.114,"Pred_Ambiant"
"T20_C3_Az12_B5","IMG_6104",715,4,"C3_Az12","C3","T20",20,"Ambiant","Pred","Yes","Naive","None",0.134,"Pred_Ambiant"
"T20_C3_Az15_D2","IMG_6138",715,4,"C3_Az15","C3","T20",20,"Ambiant","Pred","Yes","Naive","None",0.121,"Pred_Ambiant"
"T20_C3_Az1_B2","IMG_6196",727,4,"C3_Az1","C3","T20",20,"Ambiant","Pred","Yes","Naive","None",0.158,"Pred_Ambiant"
"T20_C5_Az15_C4","IMG_6114",715,4,"C5_Az15","C5","T20",20,"Ambiant","Ctrl","Yes","Naive","None",0.103,"Ctrl_Ambiant"
"T20_C5_Az5_A3","IMG_6184",727,4,"C5_Az5","C5","T20",20,"Ambiant","Ctrl","Yes","Naive","None",0.125,"Ctrl_Ambiant"
"T20_C8_Az3_C6","IMG_6095",715,4,"C8_Az3","C8","T20",20,"Warm","Pred","Yes","Naive","None",0.121,"Pred_Warm"
"T20_C8_Az9_B3","IMG_6186",727,4,"C8_Az9","C8","T20",20,"Warm","Pred","Yes","Naive","None",0.12,"Pred_Warm"
"T20_C9_Az19_B1","IMG_6140",715,4,"C9_Az19","C9","T20",20,"Ambiant","Pred","Yes","Naive","None",0.118,"Pred_Ambiant"
"T20_C9_Az11_D1","IMG_6217",727,4,"C9_Az11","C9","T20",20,"Ambiant","Pred","Yes","Naive","None",0.119,"Pred_Ambiant"
"T20_C9_Az6_B4","IMG_6176",727,4,"C9_Az6","C9","T20",20,"Ambiant","Pred","Yes","Naive","None",0.119,"Pred_Ambiant"
"T20_D6_Az1_A3","IMG_6120",715,4,"D6_Az1","D6","T20",20,"Ambiant","Ctrl","Yes","Naive","None",0.122,"Ctrl_Ambiant"
"T20_D6_Az8_B6","IMG_6093",715,4,"D6_Az8","D6","T20",20,"Ambiant","Ctrl","Yes","Naive","None",0.128,"Ctrl_Ambiant"
"T20_D6_Az18_B1","IMG_6207",727,4,"D6_Az18","D6","T20",20,"Ambiant","Ctrl","Yes","Naive","None",0.121,"Ctrl_Ambiant"
"T20_D7_Az16_C1","IMG_6146",715,4,"D7_Az16","D7","T20",20,"Warm","Ctrl","Yes","Naive","None",0.1,"Ctrl_Warm"
"T20_D7_Az8_C5","IMG_6106",715,4,"D7_Az8","D7","T20",20,"Warm","Ctrl","Yes","Naive","None",0.138,"Ctrl_Warm"
"T20_D7_Az15_D5","IMG_6169",727,4,"D7_Az15","D7","T20",20,"Warm","Ctrl","Yes","Naive","None",0.115,"Ctrl_Warm"
"T20_D7_Az5_D2","IMG_6203",727,4,"D7_Az5","D7","T20",20,"Warm","Ctrl","Yes","Naive","None",0.134,"Ctrl_Warm"
"T23_A1_Az5_B2","IMG_6001",715,4,"A1_Az5","A1","T23",23,"Ambiant","Ctrl","Yes","Naive","None",0.112,"Ctrl_Ambiant"
"T23_A1_Az13_D4","IMG_6051",727,4,"A1_Az13","A1","T23",23,"Ambiant","Ctrl","Yes","Naive","None",0.1,"Ctrl_Ambiant"
"T23_A1_Az3_A5","IMG_6031",727,4,"A1_Az3","A1","T23",23,"Ambiant","Ctrl","Yes","Naive","None",0.132,"Ctrl_Ambiant"
"T23_B1_Az2_A4","IMG_5978",715,4,"B1_Az2","B1","T23",23,"Warm","Ctrl","Yes","Naive","None",0.129,"Ctrl_Warm"
"T23_B1_Az18_D3","IMG_6063",727,4,"B1_Az18","B1","T23",23,"Warm","Ctrl","Yes","Naive","None",0.123,"Ctrl_Warm"
"T23_B2_Az10_C3","IMG_5995",715,4,"B2_Az10","B2","T23",23,"Ambiant","Ctrl","Yes","Naive","None",0.12,"Ctrl_Ambiant"
"T23_B2_Az20_A6","IMG_6020",727,4,"B2_Az20","B2","T23",23,"Ambiant","Ctrl","Yes","Naive","None",0.131,"Ctrl_Ambiant"
"T23_B4_Az20_B3","IMG_5992",715,4,"B4_Az20","B4","T23",23,"Ambiant","Pred","Yes","Naive","None",0.14,"Pred_Ambiant"
"T23_B4_Az6_A4","IMG_6043",727,4,"B4_Az6","B4","T23",23,"Ambiant","Pred","Yes","Naive","None",0.131,"Pred_Ambiant"
"T23_B5_Az20_C2","IMG_6006",715,4,"B5_Az20","B5","T23",23,"Warm","Pred","Yes","Naive","None",0.118,"Pred_Warm"
"T23_B5_Az14_C1","IMG_6078",727,4,"B5_Az14","B5","T23",23,"Warm","Pred","Yes","Naive","None",0.123,"Pred_Warm"
"T23_B6_Az16_A6","IMG_5960",715,4,"B6_Az16","B6","T23",23,"Ambiant","Pred","Yes","Naive","None",0.124,"Pred_Ambiant"
"T23_B6_Az12_C5","IMG_6033",727,4,"B6_Az12","B6","T23",23,"Ambiant","Pred","Yes","Naive","None",0.137,"Pred_Ambiant"
"T23_B7_Az18_D3","IMG_5998",715,4,"B7_Az18","B7","T23",23,"Warm","Pred","Yes","Naive","None",0.128,"Pred_Warm"
"T23_B7_Az10_B6","IMG_6023",727,4,"B7_Az10","B7","T23",23,"Warm","Pred","Yes","Naive","None",0.139,"Pred_Warm"
"T23_B9_Az6_A5","IMG_5969",715,4,"B9_Az6","B9","T23",23,"Warm","Pred","Yes","Naive","None",0.103,"Pred_Warm"
"T23_B9_Az2_C2","IMG_6071",727,4,"B9_Az2","B9","T23",23,"Warm","Pred","Yes","Naive","None",0.121,"Pred_Warm"
"T23_B9_Az1_D6","IMG_6027",727,4,"B9_Az1","B9","T23",23,"Warm","Pred","Yes","Naive","None",0.129,"Pred_Warm"
"T23_C1_Az13_D4","IMG_5985",715,4,"C1_Az13","C1","T23",23,"Ambiant","Pred","Yes","Naive","None",0.12,"Pred_Ambiant"
"T23_C1_Az19_C3","IMG_6061",727,4,"C1_Az19","C1","T23",23,"Ambiant","Pred","Yes","Naive","None",0.129,"Pred_Ambiant"
"T23_C3_Az15_D2","IMG_6007",715,4,"C3_Az15","C3","T23",23,"Ambiant","Pred","Yes","Naive","None",0.166,"Pred_Ambiant"
"T23_C3_Az12_B5","IMG_5973",715,4,"C3_Az12","C3","T23",23,"Ambiant","Pred","Yes","Naive","None",0.139,"Pred_Ambiant"
"T23_C3_Az1_B2","IMG_6067",727,4,"C3_Az1","C3","T23",23,"Ambiant","Pred","Yes","Naive","None",0.14,"Pred_Ambiant"
"T23_C5_Az15_C4","IMG_5980",715,4,"C5_Az15","C5","T23",23,"Ambiant","Ctrl","Yes","Naive","None",0.134,"Ctrl_Ambiant"
"T23_C5_Az5_A3","IMG_6052",727,4,"C5_Az5","C5","T23",23,"Ambiant","Ctrl","Yes","Naive","None",0.115,"Ctrl_Ambiant"
"T23_C8_Az3_C6","IMG_5966",715,4,"C8_Az3","C8","T23",23,"Warm","Pred","Yes","Naive","None",0.131,"Pred_Warm"
"T23_C8_Az9_B3","IMG_6057",727,4,"C8_Az9","C8","T23",23,"Warm","Pred","Yes","Naive","None",0.105,"Pred_Warm"
"T23_C9_Az19_B1","IMG_6013",715,4,"C9_Az19","C9","T23",23,"Ambiant","Pred","Yes","Naive","None",0.128,"Pred_Ambiant"
"T23_C9_Az11_D1","IMG_6083",727,4,"C9_Az11","C9","T23",23,"Ambiant","Pred","Yes","Naive","None",0.135,"Pred_Ambiant"
"T23_C9_Az6_B4","IMG_6046",727,4,"C9_Az6","C9","T23",23,"Ambiant","Pred","Yes","Naive","None",0.142,"Pred_Ambiant"
"T23_D6_Az1_A3","IMG_5987",715,4,"D6_Az1","D6","T23",23,"Ambiant","Ctrl","Yes","Naive","None",0.148,"Ctrl_Ambiant"
"T23_D6_Az8_B6","IMG_5964",715,4,"D6_Az8","D6","T23",23,"Ambiant","Ctrl","Yes","Naive","None",0.127,"Ctrl_Ambiant"
"T23_D6_Az18_B1","IMG_6075",727,4,"D6_Az18","D6","T23",23,"Ambiant","Ctrl","Yes","Naive","None",0.131,"Ctrl_Ambiant"
"T23_D7_Az16_C1","IMG_6016",715,4,"D7_Az16","D7","T23",23,"Warm","Ctrl","Yes","Naive","None",0.136,"Ctrl_Warm"
"T23_D7_Az8_C5","IMG_5975",715,4,"D7_Az8","D7","T23",23,"Warm","Ctrl","Yes","Naive","None",0.136,"Ctrl_Warm"
"T23_D7_Az5_D2","IMG_6073",727,4,"D7_Az5","D7","T23",23,"Warm","Ctrl","Yes","Naive","None",0.13,"Ctrl_Warm"
"T23_D7_Az15_D5","IMG_6040",727,4,"D7_Az15","D7","T23",23,"Warm","Ctrl","Yes","Naive","None",0.154,"Ctrl_Warm"
"T25_A1_Az13_D4","IMG_5908",727,4,"A1_Az13","A1","T25",25,"Ambiant","Ctrl","Yes","Naive","None",0.129,"Ctrl_Ambiant"
"T25_A1_Az3_A5","IMG_5888",727,4,"A1_Az3","A1","T25",25,"Ambiant","Ctrl","Yes","Naive","None",0.129,"Ctrl_Ambiant"
"T25_A1_Az5_B2","IMG_5861",715,4,"A1_Az5","A1","T25",25,"Ambiant","Ctrl","Yes","Naive","None",0.106,"Ctrl_Ambiant"
"T25_B1_Az18_D3","IMG_5920",727,4,"B1_Az18","B1","T25",25,"Warm","Ctrl","Yes","Naive","None",0.148,"Ctrl_Warm"
"T25_B1_Az2_A4","IMG_5840",715,4,"B1_Az2","B1","T25",25,"Warm","Ctrl","Yes","Naive","None",0.135,"Ctrl_Warm"
"T25_B2_Az10_C3","IMG_5855",715,4,"B2_Az10","B2","T25",25,"Ambiant","Ctrl","Yes","Naive","None",0.13,"Ctrl_Ambiant"
"T25_B2_Az20_A6","IMG_5880",727,4,"B2_Az20","B2","T25",25,"Ambiant","Ctrl","Yes","Naive","None",0.111,"Ctrl_Ambiant"
"T25_B4_Az20_B3","IMG_5853",715,4,"B4_Az20","B4","T25",25,"Ambiant","Pred","Yes","Naive","None",0.152,"Pred_Ambiant"
"T25_B4_Az6_A4","IMG_5900",727,4,"B4_Az6","B4","T25",25,"Ambiant","Pred","Yes","Naive","None",0.129,"Pred_Ambiant"
"T25_B5_Az14_C1","IMG_5936",727,4,"B5_Az14","B5","T25",25,"Warm","Pred","Yes","Naive","None",NA,"Pred_Warm"
"T25_B5_Az20_C2","IMG_5867",715,4,"B5_Az20","B5","T25",25,"Warm","Pred","Yes","Naive","None",0.13,"Pred_Warm"
"T25_B6_Az12_C5","IMG_5893",727,4,"B6_Az12","B6","T25",25,"Ambiant","Pred","Yes","Naive","None",0.115,"Pred_Ambiant"
"T25_B6_Az16_A6","IMG_5821",715,4,"B6_Az16","B6","T25",25,"Ambiant","Pred","Yes","Naive","None",0.118,"Pred_Ambiant"
"T25_B7_Az10_B6","IMG_5884",727,4,"B7_Az10","B7","T25",25,"Warm","Pred","Yes","Naive","None",0.125,"Pred_Warm"
"T25_B7_Az18_D3","IMG_5859",715,4,"B7_Az18","B7","T25",25,"Warm","Pred","Yes","Naive","None",0.144,"Pred_Warm"
"T25_B9_Az1_D6","IMG_5886",727,4,"B9_Az1","B9","T25",25,"Warm","Pred","Yes","Naive","None",0.124,"Pred_Warm"
"T25_B9_Az2_C2","IMG_5926",727,4,"B9_Az2","B9","T25",25,"Warm","Pred","Yes","Naive","None",0.118,"Pred_Warm"
"T25_B9_Az6_A5","IMG_5830",715,4,"B9_Az6","B9","T25",25,"Warm","Pred","Yes","Naive","None",0.12,"Pred_Warm"
"T25_C1_Az13_D4","IMG_5844",715,4,"C1_Az13","C1","T25",25,"Ambiant","Pred","Yes","Naive","None",0.155,"Pred_Ambiant"
"T25_C1_Az19_C3","IMG_5918",727,4,"C1_Az19","C1","T25",25,"Ambiant","Pred","Yes","Naive","None",0.118,"Pred_Ambiant"
"T25_C3_Az1_B2","IMG_5923",727,4,"C3_Az1","C3","T25",25,"Ambiant","Pred","Yes","Naive","None",0.158,"Pred_Ambiant"
"T25_C3_Az12_B5","IMG_5832",715,4,"C3_Az12","C3","T25",25,"Ambiant","Pred","Yes","Naive","None",0.138,"Pred_Ambiant"
"T25_C3_Az15_D2","IMG_5870",715,4,"C3_Az15","C3","T25",25,"Ambiant","Pred","Yes","Naive","None",0.148,"Pred_Ambiant"
"T25_C5_Az15_C4","IMG_5842",715,4,"C5_Az15","C5","T25",25,"Ambiant","Ctrl","Yes","Naive","None",0.134,"Ctrl_Ambiant"
"T25_C5_Az5_A3","IMG_5912",727,4,"C5_Az5","C5","T25",25,"Ambiant","Ctrl","Yes","Naive","None",0.118,"Ctrl_Ambiant"
"T25_C8_Az3_C6","IMG_5825",715,4,"C8_Az3","C8","T25",25,"Warm","Pred","Yes","Naive","None",0.138,"Pred_Warm"
"T25_C8_Az9_B3","IMG_5914",727,4,"C8_Az9","C8","T25",25,"Warm","Pred","Yes","Naive","None",0.121,"Pred_Warm"
"T25_C9_Az11_D1","IMG_5940",727,4,"C9_Az11","C9","T25",25,"Ambiant","Pred","Yes","Naive","None",0.115,"Pred_Ambiant"
"T25_C9_Az19_B1","IMG_5872",715,4,"C9_Az19","C9","T25",25,"Ambiant","Pred","Yes","Naive","None",0.122,"Pred_Ambiant"
"T25_C9_Az6_B4","IMG_5903",727,4,"C9_Az6","C9","T25",25,"Ambiant","Pred","Yes","Naive","None",0.14,"Pred_Ambiant"
"T25_D6_Az1_A3","IMG_5848",715,4,"D6_Az1","D6","T25",25,"Ambiant","Ctrl","Yes","Naive","None",0.128,"Ctrl_Ambiant"
"T25_D6_Az18_B1","IMG_5932",727,4,"D6_Az18","D6","T25",25,"Ambiant","Ctrl","Yes","Naive","None",0.129,"Ctrl_Ambiant"
"T25_D6_Az8_B6","IMG_5823",715,4,"D6_Az8","D6","T25",25,"Ambiant","Ctrl","Yes","Naive","None",0.141,"Ctrl_Ambiant"
"T25_D7_Az15_D5","IMG_5896",727,4,"D7_Az15","D7","T25",25,"Warm","Ctrl","Yes","Naive","None",0.111,"Ctrl_Warm"
"T25_D7_Az16_C1","IMG_5876",715,4,"D7_Az16","D7","T25",25,"Warm","Ctrl","Yes","Naive","None",0.113,"Ctrl_Warm"
"T25_D7_Az5_D2","IMG_5930",727,4,"D7_Az5","D7","T25",25,"Warm","Ctrl","Yes","Naive","None",0.124,"Ctrl_Warm"
"T25_D7_Az8_C5","IMG_5836",715,4,"D7_Az8","D7","T25",25,"Warm","Ctrl","Yes","Naive","None",0.111,"Ctrl_Warm"
"T27_A1_Az5_B2","IMG_5744",715,4,"A1_Az5","A1","T27",27,"Ambiant","Ctrl","Yes","Naive","None",0.111,"Ctrl_Ambiant"
"T27_A1_Az13_D4","IMG_5785",727,4,"A1_Az13","A1","T27",27,"Ambiant","Ctrl","Yes","Naive","None",0.124,"Ctrl_Ambiant"
"T27_A1_Az3_A5","IMG_5768",727,4,"A1_Az3","A1","T27",27,"Ambiant","Ctrl","Yes","Naive","None",0.097,"Ctrl_Ambiant"
"T27_B1_Az2_A4","IMG_5722",715,4,"B1_Az2","B1","T27",27,"Warm","Ctrl","Yes","Naive","None",0.131,"Ctrl_Warm"
"T27_B1_Az18_D3","IMG_5797",727,4,"B1_Az18","B1","T27",27,"Warm","Ctrl","Yes","Naive","None",0.147,"Ctrl_Warm"
"T27_B2_Az10_C3","IMG_5738",715,4,"B2_Az10","B2","T27",27,"Ambiant","Ctrl","Yes","Naive","None",0.132,"Ctrl_Ambiant"
"T27_B2_Az20_A6","IMG_5758",727,4,"B2_Az20","B2","T27",27,"Ambiant","Ctrl","Yes","Naive","None",0.109,"Ctrl_Ambiant"
"T27_B4_Az20_B3","IMG_5734",715,4,"B4_Az20","B4","T27",27,"Ambiant","Pred","Yes","Naive","None",0.123,"Pred_Ambiant"
"T27_B4_Az6_A4","IMG_5778",727,4,"B4_Az6","B4","T27",27,"Ambiant","Pred","Yes","Naive","None",0.133,"Pred_Ambiant"
"T27_B5_Az20_C2","IMG_5746",715,4,"B5_Az20","B5","T27",27,"Warm","Pred","Yes","Naive","None",0.125,"Pred_Warm"
"T27_B5_Az14_C1","IMG_5814",727,4,"B5_Az14","B5","T27",27,"Warm","Pred","Yes","Naive","None",0.122,"Pred_Warm"
"T27_B6_Az16_A6","IMG_5702",715,4,"B6_Az16","B6","T27",27,"Ambiant","Pred","Yes","Naive","None",0.094,"Pred_Ambiant"
"T27_B6_Az12_C5","IMG_5773",727,4,"B6_Az12","B6","T27",27,"Ambiant","Pred","Yes","Naive","None",0.127,"Pred_Ambiant"
"T27_B7_Az18_D3","IMG_5740",715,4,"B7_Az18","B7","T27",27,"Warm","Pred","Yes","Naive","None",0.135,"Pred_Warm"
"T27_B7_Az10_B6","IMG_5763",727,4,"B7_Az10","B7","T27",27,"Warm","Pred","Yes","Naive","None",0.12,"Pred_Warm"
"T27_B9_Az6_A5","IMG_5712",715,4,"B9_Az6","B9","T27",27,"Warm","Pred","Yes","Naive","None",0.141,"Pred_Warm"
"T27_B9_Az2_C2","IMG_5803",727,4,"B9_Az2","B9","T27",27,"Warm","Pred","Yes","Naive","None",0.143,"Pred_Warm"
"T27_B9_Az1_D6","IMG_5766",727,4,"B9_Az1","B9","T27",27,"Warm","Pred","Yes","Naive","None",0.132,"Pred_Warm"
"T27_C1_Az13_D4","IMG_5728",715,4,"C1_Az13","C1","T27",27,"Ambiant","Pred","Yes","Naive","None",0.113,"Pred_Ambiant"
"T27_C1_Az19_C3","IMG_5793",727,4,"C1_Az19","C1","T27",27,"Ambiant","Pred","Yes","Naive","None",0.146,"Pred_Ambiant"
"T27_C3_Az15_D2","IMG_5750",715,4,"C3_Az15","C3","T27",27,"Ambiant","Pred","Yes","Naive","None",0.15,"Pred_Ambiant"
"T27_C3_Az12_B5","IMG_5714",715,4,"C3_Az12","C3","T27",27,"Ambiant","Pred","Yes","Naive","None",0.16,"Pred_Ambiant"
"T27_C3_Az1_B2","IMG_5798",727,4,"C3_Az1","C3","T27",27,"Ambiant","Pred","Yes","Naive","None",0.151,"Pred_Ambiant"
"T27_C5_Az15_C4","IMG_5724",715,4,"C5_Az15","C5","T27",27,"Ambiant","Ctrl","Yes","Naive","None",0.129,"Ctrl_Ambiant"
"T27_C5_Az5_A3","IMG_5788",727,4,"C5_Az5","C5","T27",27,"Ambiant","Ctrl","Yes","Naive","None",0.126,"Ctrl_Ambiant"
"T27_C8_Az3_C6","IMG_5708",715,4,"C8_Az3","C8","T27",27,"Warm","Pred","Yes","Naive","None",0.131,"Pred_Warm"
"T27_C8_Az9_B3","IMG_5791",727,4,"C8_Az9","C8","T27",27,"Warm","Pred","Yes","Naive","None",0.103,"Pred_Warm"
"T27_C9_Az19_B1","IMG_5751",715,4,"C9_Az19","C9","T27",27,"Ambiant","Pred","Yes","Naive","None",0.12,"Pred_Ambiant"
"T27_C9_Az11_D1","IMG_5817",727,4,"C9_Az11","C9","T27",27,"Ambiant","Pred","Yes","Naive","None",0.146,"Pred_Ambiant"
"T27_C9_Az6_B4","IMG_5781",727,4,"C9_Az6","C9","T27",27,"Ambiant","Pred","Yes","Naive","None",0.107,"Pred_Ambiant"
"T27_D6_Az1_A3","IMG_5731",715,4,"D6_Az1","D6","T27",27,"Ambiant","Ctrl","Yes","Naive","None",0.113,"Ctrl_Ambiant"
"T27_D6_Az8_B6","IMG_5718",715,4,"D6_Az8","D6","T27",27,"Ambiant","Ctrl","Yes","Naive","None",0.116,"Ctrl_Ambiant"
"T27_D6_Az18_B1","IMG_5809",727,4,"D6_Az18","D6","T27",27,"Ambiant","Ctrl","Yes","Naive","None",0.132,"Ctrl_Ambiant"
"T27_D7_Az16_C1","IMG_5755",715,4,"D7_Az16","D7","T27",27,"Warm","Ctrl","Yes","Naive","None",0.102,"Ctrl_Warm"
"T27_D7_Az8_C5","IMG_5706",715,4,"D7_Az8","D7","T27",27,"Warm","Ctrl","Yes","Naive","None",0.114,"Ctrl_Warm"
"T27_D7_Az5_D2","IMG_5805",727,4,"D7_Az5","D7","T27",27,"Warm","Ctrl","Yes","Naive","None",0.11,"Ctrl_Warm"
"T27_D7_Az15_D5","IMG_5775",727,4,"D7_Az15","D7","T27",27,"Warm","Ctrl","Yes","Naive","None",0.106,"Ctrl_Warm"
"T30_A1_Az5_B2","IMG_5622",715,4,"A1_Az5","A1","T30",30,"Ambiant","Ctrl","Yes","Naive","None",0.103,"Ctrl_Ambiant"
"T30_A1_Az13_D4","IMG_5661",727,4,"A1_Az13","A1","T30",30,"Ambiant","Ctrl","Yes","Naive","None",0.121,"Ctrl_Ambiant"
"T30_A1_Az3_A5","IMG_5646",727,4,"A1_Az3","A1","T30",30,"Ambiant","Ctrl","Yes","Naive","None",0.123,"Ctrl_Ambiant"
"T30_B1_Az2_A4","IMG_5600",715,4,"B1_Az2","B1","T30",30,"Warm","Ctrl","Yes","Naive","None",0.154,"Ctrl_Warm"
"T30_B1_Az18_D3","IMG_5673",727,4,"B1_Az18","B1","T30",30,"Warm","Ctrl","Yes","Naive","None",0.111,"Ctrl_Warm"
"T30_B2_Az10_C3","IMG_5614",715,4,"B2_Az10","B2","T30",30,"Ambiant","Ctrl","Yes","Naive","None",0.12,"Ctrl_Ambiant"
"T30_B2_Az20_A6","IMG_5635",727,4,"B2_Az20","B2","T30",30,"Ambiant","Ctrl","Yes","Naive","None",0.115,"Ctrl_Ambiant"
"T30_B4_Az20_B3","IMG_5611",715,4,"B4_Az20","B4","T30",30,"Ambiant","Pred","Yes","Naive","None",0.132,"Pred_Ambiant"
"T30_B4_Az6_A4","IMG_5656",727,4,"B4_Az6","B4","T30",30,"Ambiant","Pred","Yes","Naive","None",0.16,"Pred_Ambiant"
"T30_B5_Az20_C2","IMG_5624",715,4,"B5_Az20","B5","T30",30,"Warm","Pred","Yes","Naive","None",0.143,"Pred_Warm"
"T30_B5_Az14_C1","IMG_5690",727,4,"B5_Az14","B5","T30",30,"Warm","Pred","Yes","Naive","None",0.148,"Pred_Warm"
"T30_B6_Az16_A6","IMG_5581",715,4,"B6_Az16","B6","T30",30,"Ambiant","Pred","Yes","Naive","None",0.133,"Pred_Ambiant"
"T30_B6_Az12_C5","IMG_5648",727,4,"B6_Az12","B6","T30",30,"Ambiant","Pred","Yes","Naive","None",0.124,"Pred_Ambiant"
"T30_B7_Az18_D3","IMG_5617",715,4,"B7_Az18","B7","T30",30,"Warm","Pred","Yes","Naive","None",0.125,"Pred_Warm"
"T30_B7_Az10_B6","IMG_5640",727,4,"B7_Az10","B7","T30",30,"Warm","Pred","Yes","Naive","None",0.145,"Pred_Warm"
"T30_B9_Az6_A5","IMG_5589",715,4,"B9_Az6","B9","T30",30,"Warm","Pred","Yes","Naive","None",0.119,"Pred_Warm"
"T30_B9_Az2_C2","IMG_5681",727,4,"B9_Az2","B9","T30",30,"Warm","Pred","Yes","Naive","None",0.117,"Pred_Warm"
"T30_B9_Az1_D6","IMG_5642",727,4,"B9_Az1","B9","T30",30,"Warm","Pred","Yes","Naive","None",0.126,"Pred_Warm"
"T30_C1_Az13_D4","IMG_5606",715,4,"C1_Az13","C1","T30",30,"Ambiant","Pred","Yes","Naive","None",0.124,"Pred_Ambiant"
"T30_C1_Az19_C3","IMG_5671",727,4,"C1_Az19","C1","T30",30,"Ambiant","Pred","Yes","Naive","None",0.161,"Pred_Ambiant"
"T30_C3_Az15_D2","IMG_5628",715,4,"C3_Az15","C3","T30",30,"Ambiant","Pred","Yes","Naive","None",0.119,"Pred_Ambiant"
"T30_C3_Az12_B5","IMG_5594",715,4,"C3_Az12","C3","T30",30,"Ambiant","Pred","Yes","Naive","None",0.15,"Pred_Ambiant"
"T30_C3_Az1_B2","IMG_5677",727,4,"C3_Az1","C3","T30",30,"Ambiant","Pred","Yes","Naive","None",0.146,"Pred_Ambiant"
"T30_C5_Az15_C4","IMG_5602",715,4,"C5_Az15","C5","T30",30,"Ambiant","Ctrl","Yes","Naive","None",0.136,"Ctrl_Ambiant"
"T30_C5_Az5_A3","IMG_5664",727,4,"C5_Az5","C5","T30",30,"Ambiant","Ctrl","Yes","Naive","None",0.127,"Ctrl_Ambiant"
"T30_C8_Az3_C6","IMG_5587",715,4,"C8_Az3","C8","T30",30,"Warm","Pred","Yes","Naive","None",0.122,"Pred_Warm"
"T30_C8_Az9_B3","IMG_5667",727,4,"C8_Az9","C8","T30",30,"Warm","Pred","Yes","Naive","None",0.138,"Pred_Warm"
"T30_C9_Az19_B1","IMG_5631",715,4,"C9_Az19","C9","T30",30,"Ambiant","Pred","Yes","Naive","None",0.111,"Pred_Ambiant"
"T30_C9_Az11_D1","IMG_5694",727,4,"C9_Az11","C9","T30",30,"Ambiant","Pred","Yes","Naive","None",0.117,"Pred_Ambiant"
"T30_C9_Az6_B4","IMG_5659",727,4,"C9_Az6","C9","T30",30,"Ambiant","Pred","Yes","Naive","None",0.133,"Pred_Ambiant"
"T30_D6_Az1_A3","IMG_5609",715,4,"D6_Az1","D6","T30",30,"Ambiant","Ctrl","Yes","Naive","None",0.134,"Ctrl_Ambiant"
"T30_D6_Az8_B6","IMG_5584",715,4,"D6_Az8","D6","T30",30,"Ambiant","Ctrl","Yes","Naive","None",0.143,"Ctrl_Ambiant"
"T30_D6_Az18_B1","IMG_5685",727,4,"D6_Az18","D6","T30",30,"Ambiant","Ctrl","Yes","Naive","None",0.144,"Ctrl_Ambiant"
"T30_D7_Az16_C1","IMG_5633",715,4,"D7_Az16","D7","T30",30,"Warm","Ctrl","Yes","Naive","None",0.141,"Ctrl_Warm"
"T30_D7_Az8_C5","IMG_5596",715,4,"D7_Az8","D7","T30",30,"Warm","Ctrl","Yes","Naive","None",0.161,"Ctrl_Warm"
"T30_D7_Az5_D2","IMG_5683",727,4,"D7_Az5","D7","T30",30,"Warm","Ctrl","Yes","Naive","None",0.156,"Ctrl_Warm"
"T30_D7_Az15_D5","IMG_5652",727,4,"D7_Az15","D7","T30",30,"Warm","Ctrl","Yes","Naive","None",0.158,"Ctrl_Warm"
"T10_A1_Az8_C1","IMG_6589",727,5,"A1_Az8","A1","T10",10,"Ambiant","Ctrl","Yes","Naive","None",0.116,"Ctrl_Ambiant"
"T10_A1_Az4_D4","IMG_8300",715,5,"A1_Az4","A1","T10",10,"Ambiant","Ctrl","Yes","Naive","None",0.101,"Ctrl_Ambiant"
"T10_A1_Az20_A6","IMG_8336",727,5,"A1_Az20","A1","T10",10,"Ambiant","Ctrl","Yes","Naive","None",0.114,"Ctrl_Ambiant"
"T10_B1_Az17_B5","IMG_6477",715,5,"B1_Az17","B1","T10",10,"Warm","Ctrl","Yes","Naive","None",0.127,"Ctrl_Warm"
"T10_B1_Az12_A3","IMG_6568",727,5,"B1_Az12","B1","T10",10,"Warm","Ctrl","Yes","Naive","None",0.157,"Ctrl_Warm"
"T10_B1_Az13_B2","IMG_8317",715,5,"B1_Az13","B1","T10",10,"Warm","Ctrl","Yes","Naive","None",0.109,"Ctrl_Warm"
"T10_B2_Az13_C2","IMG_6512",715,5,"B2_Az13","B2","T10",10,"Ambiant","Ctrl","Yes","Naive","None",0.125,"Ctrl_Ambiant"
"T10_B2_Az17_D3","IMG_6506",715,5,"B2_Az17","B2","T10",10,"Ambiant","Ctrl","Yes","Naive","None",0.1496,"Ctrl_Ambiant"
"T10_B2_Az2_A6","IMG_6529",727,5,"B2_Az2","B2","T10",10,"Ambiant","Ctrl","Yes","Naive","None",0.162,"Ctrl_Ambiant"
"T10_B4_Az17_D1","IMG_6524",715,5,"B4_Az17","B4","T10",10,"Ambiant","Pred","Yes","Naive","None",0.149,"Pred_Ambiant"
"T10_B4_Az9_C5","IMG_6479",715,5,"B4_Az9","B4","T10",10,"Ambiant","Pred","Yes","Naive","None",0.128,"Pred_Ambiant"
"T10_B4_Az19_A4","IMG_6555",727,5,"B4_Az19","B4","T10",10,"Ambiant","Pred","Yes","Naive","None",0.1342,"Pred_Ambiant"
"T10_B5_Az11_C6","IMG_6471",715,5,"B5_Az11","B5","T10",10,"Warm","Pred","Yes","Naive","None",0.133,"Pred_Warm"
"T10_B5_Az13_B2","IMG_6582",727,5,"B5_Az13","B5","T10",10,"Warm","Pred","Yes","Naive","None",0.173,"Pred_Warm"
"T10_B5_Az7_C4","IMG_6561",727,5,"B5_Az7","B5","T10",10,"Warm","Pred","Yes","Naive","None",0.126,"Pred_Warm"
"T10_B6_Az11_B3","IMG_6498",715,5,"B6_Az11","B6","T10",10,"Ambiant","Pred","Yes","Naive","None",0.136,"Pred_Ambiant"
"T10_B6_Az6_A2","IMG_6577",727,5,"B6_Az6","B6","T10",10,"Ambiant","Pred","Yes","Naive","None",0.125,"Pred_Ambiant"
"T10_B7_Az3_C1","IMG_6522",715,5,"B7_Az3","B7","T10",10,"Warm","Pred","Yes","Naive","None",0.1466,"Pred_Warm"
"T10_B7_Az17_D5","IMG_6553",727,5,"B7_Az17","B7","T10",10,"Warm","Pred","Yes","Naive","None",0.149,"Pred_Warm"
"T10_B9_Az7_A3","IMG_6494",715,5,"B9_Az7","B9","T10",10,"Warm","Pred","Yes","Naive","None",0.1503,"Pred_Warm"
"T10_B9_Az4_A5","IMG_6541",727,5,"B9_Az4","B9","T10",10,"Warm","Pred","Yes","Naive","None",NA,"Pred_Warm"
"T10_C1_Az8_B2","IMG_6508",715,5,"C1_Az8","C1","T10",10,"Ambiant","Pred","Yes","Naive","None",0.13,"Pred_Ambiant"
"T10_C1_Az9_B3","IMG_6570",727,5,"C1_Az9","C1","T10",10,"Ambiant","Pred","Yes","Naive","None",0.15,"Pred_Ambiant"
"T10_C1_Az11_D6","IMG_6537",727,5,"C1_Az11","C1","T10",10,"Ambiant","Pred","Yes","Naive","None",0.1414,"Pred_Ambiant"
"T10_C3_Az14_A4","IMG_6486",715,5,"C3_Az14","C3","T10",10,"Ambiant","Pred","Yes","Naive","None",0.143,"Pred_Ambiant"
"T10_C3_Az11_D1","IMG_6593",727,5,"C3_Az11","C3","T10",10,"Ambiant","Pred","Yes","Naive","None",0.154,"Pred_Ambiant"
"T10_C5_Az9_A1","IMG_6516",715,5,"C5_Az9","C5","T10",10,"Ambiant","Ctrl","Yes","Naive","None",0.127,"Ctrl_Ambiant"
"T10_C5_Az6_A5","IMG_6473",715,5,"C5_Az6","C5","T10",10,"Ambiant","Ctrl","Yes","Naive","None",0.148,"Ctrl_Ambiant"
"T10_C5_Az14_D4","IMG_6564",727,5,"C5_Az14","C5","T10",10,"Ambiant","Ctrl","Yes","Naive","None",0.101,"Ctrl_Ambiant"
"T10_C8_Az16_C4","IMG_6492",715,5,"C8_Az16","C8","T10",10,"Warm","Pred","Yes","Naive","None",0.127,"Pred_Warm"
"T10_C8_Az18_D5","IMG_6481",715,5,"C8_Az18","C8","T10",10,"Warm","Pred","Yes","Naive","None",0.1491,"Pred_Warm"
"T10_C8_Az15_C6","IMG_6535",727,5,"C8_Az15","C8","T10",10,"Warm","Pred","Yes","Naive","None",0.143,"Pred_Warm"
"T10_C9_Az7_B1","IMG_6518",715,5,"C9_Az7","C9","T10",10,"Ambiant","Pred","Yes","Naive","None",0.1452,"Pred_Ambiant"
"T10_C9_Az18_B4","IMG_6559",727,5,"C9_Az18","C9","T10",10,"Ambiant","Pred","Yes","Naive","None",0.139,"Pred_Ambiant"
"T10_D6_Az11_B6","IMG_6467",715,5,"D6_Az11","D6","T10",10,"Ambiant","Ctrl","Yes","Naive","None",0.143,"Ctrl_Ambiant"
"T10_D6_Az7_C3","IMG_6572",727,5,"D6_Az7","D6","T10",10,"Ambiant","Ctrl","Yes","Naive","None",0.142,"Ctrl_Ambiant"
"T10_D7_Az1_C3","IMG_6502",715,5,"D7_Az1","D7","T10",10,"Warm","Ctrl","Yes","Naive","None",0.15,"Ctrl_Warm"
"T10_D7_Az14_D2","IMG_6584",727,5,"D7_Az14","D7","T10",10,"Warm","Ctrl","Yes","Naive","None",0.1139,"Ctrl_Warm"
"T10_D7_Az3_B6","IMG_6531",727,5,"D7_Az3","D7","T10",10,"Warm","Ctrl","Yes","Naive","None",0.155,"Ctrl_Warm"
"T15_A1_Az9_B4","IMG_6625",715,5,"A1_Az9","A1","T15",15,"Ambiant","Ctrl","Yes","Naive","None",0.125,"Ctrl_Ambiant"
"T15_A1_Az8_C1","IMG_6722",727,5,"A1_Az8","A1","T15",15,"Ambiant","Ctrl","Yes","Naive","None",0.1,"Ctrl_Ambiant"
"T15_A1_Az19_C5","IMG_6684",727,5,"A1_Az19","A1","T15",15,"Ambiant","Ctrl","Yes","Naive","None",0.135,"Ctrl_Ambiant"
"T15_B1_Az17_B5","IMG_6612",715,5,"B1_Az17","B1","T15",15,"Warm","Ctrl","Yes","Naive","None",0.1445,"Ctrl_Warm"
"T15_B1_Az12_A3","IMG_6703",727,5,"B1_Az12","B1","T15",15,"Warm","Ctrl","Yes","Naive","None",0.137,"Ctrl_Warm"
"T15_B2_Az13_C2","IMG_6648",715,5,"B2_Az13","B2","T15",15,"Ambiant","Ctrl","Yes","Naive","None",0.133,"Ctrl_Ambiant"
"T15_B2_Az17_D3","IMG_6642",715,5,"B2_Az17","B2","T15",15,"Ambiant","Ctrl","Yes","Naive","None",0.149,"Ctrl_Ambiant"
"T15_B2_Az2_A6","IMG_6664",727,5,"B2_Az2","B2","T15",15,"Ambiant","Ctrl","Yes","Naive","None",0.148,"Ctrl_Ambiant"
"T15_B4_Az17_D1","IMG_6662",715,5,"B4_Az17","B4","T15",15,"Ambiant","Pred","Yes","Naive","None",0.17,"Pred_Ambiant"
"T15_B4_Az9_C5","IMG_6615",715,5,"B4_Az9","B4","T15",15,"Ambiant","Pred","Yes","Naive","None",0.126,"Pred_Ambiant"
"T15_B4_Az19_A4","IMG_6688",727,5,"B4_Az19","B4","T15",15,"Ambiant","Pred","Yes","Naive","None",0.155,"Pred_Ambiant"
"T15_B5_Az11_C6","IMG_6606",715,5,"B5_Az11","B5","T15",15,"Warm","Pred","Yes","Naive","None",0.131,"Pred_Warm"
"T15_B5_Az13_B2","IMG_6717",727,5,"B5_Az13","B5","T15",15,"Warm","Pred","Yes","Naive","None",0.136,"Pred_Warm"
"T15_B5_Az7_C4","IMG_6696",727,5,"B5_Az7","B5","T15",15,"Warm","Pred","Yes","Naive","None",0.16,"Pred_Warm"
"T15_B6_Az11_B3","IMG_6636",715,5,"B6_Az11","B6","T15",15,"Ambiant","Pred","Yes","Naive","None",0.133,"Pred_Ambiant"
"T15_B6_Az6_A2","IMG_6714",727,5,"B6_Az6","B6","T15",15,"Ambiant","Pred","Yes","Naive","None",0.136,"Pred_Ambiant"
"T15_B7_Az3_C1","IMG_6656",715,5,"B7_Az3","B7","T15",15,"Warm","Pred","Yes","Naive","None",0.13,"Pred_Warm"
"T15_B7_Az17_D5","IMG_6686",727,5,"B7_Az17","B7","T15",15,"Warm","Pred","Yes","Naive","None",0.125,"Pred_Warm"
"T15_B9_Az7_A3","IMG_6632",715,5,"B9_Az7","B9","T15",15,"Warm","Pred","Yes","Naive","None",0.112,"Pred_Warm"
"T15_B9_Az4_A5","IMG_6680",727,5,"B9_Az4","B9","T15",15,"Warm","Pred","Yes","Naive","None",0.143,"Pred_Warm"
"T15_C1_Az8_B2","IMG_6644",715,5,"C1_Az8","C1","T15",15,"Ambiant","Pred","Yes","Naive","None",0.131,"Pred_Ambiant"
"T15_C1_Az9_B3","IMG_6707",727,5,"C1_Az9","C1","T15",15,"Ambiant","Pred","Yes","Naive","None",0.136,"Pred_Ambiant"
"T15_C1_Az11_D6","IMG_6676",727,5,"C1_Az11","C1","T15",15,"Ambiant","Pred","Yes","Naive","None",0.137,"Pred_Ambiant"
"T15_C3_Az14_A4","IMG_6622",715,5,"C3_Az14","C3","T15",15,"Ambiant","Pred","Yes","Naive","None",0.1377,"Pred_Ambiant"
"T15_C3_Az11_D1","IMG_6726",727,5,"C3_Az11","C3","T15",15,"Ambiant","Pred","Yes","Naive","None",0.138,"Pred_Ambiant"
"T15_C5_Az9_A1","IMG_6650",715,5,"C5_Az9","C5","T15",15,"Ambiant","Ctrl","Yes","Naive","None",0.131,"Ctrl_Ambiant"
"T15_C5_Az6_A5","IMG_6610",715,5,"C5_Az6","C5","T15",15,"Ambiant","Ctrl","Yes","Naive","None",0.1236,"Ctrl_Ambiant"
"T15_C5_Az14_D4","IMG_6699",727,5,"C5_Az14","C5","T15",15,"Ambiant","Ctrl","Yes","Naive","None",0.125,"Ctrl_Ambiant"
"T15_C8_Az16_C4","IMG_6630",715,5,"C8_Az16","C8","T15",15,"Warm","Pred","Yes","Naive","None",0.1137,"Pred_Warm"
"T15_C8_Az18_D5","IMG_6617",715,5,"C8_Az18","C8","T15",15,"Warm","Pred","Yes","Naive","None",0.1331,"Pred_Warm"
"T15_C8_Az15_C6","IMG_6672",727,5,"C8_Az15","C8","T15",15,"Warm","Pred","Yes","Naive","None",0.13,"Pred_Warm"
"T15_C9_Az7_B1","IMG_6653",715,5,"C9_Az7","C9","T15",15,"Ambiant","Pred","Yes","Naive","None",0.14,"Pred_Ambiant"
"T15_C9_Az18_B4","IMG_6693",727,5,"C9_Az18","C9","T15",15,"Ambiant","Pred","Yes","Naive","None",0.14,"Pred_Ambiant"
"T15_D6_Az11_B6","IMG_6604",715,5,"D6_Az11","D6","T15",15,"Ambiant","Ctrl","Yes","Naive","None",0.117,"Ctrl_Ambiant"
"T15_D6_Az7_C3","IMG_6709",727,5,"D6_Az7","D6","T15",15,"Ambiant","Ctrl","Yes","Naive","None",0.148,"Ctrl_Ambiant"
"T15_D7_Az1_C3","IMG_6638",715,5,"D7_Az1","D7","T15",15,"Warm","Ctrl","Yes","Naive","None",0.131,"Ctrl_Warm"
"T15_D7_Az14_D2","IMG_6719",727,5,"D7_Az14","D7","T15",15,"Warm","Ctrl","Yes","Naive","None",0.116,"Ctrl_Warm"
"T15_D7_Az3_B6","IMG_6668",727,5,"D7_Az3","D7","T15",15,"Warm","Ctrl","Yes","Naive","None",0.115,"Ctrl_Warm"
"T20_A1_Az9_B4","IMG_6760",715,5,"A1_Az9","A1","T20",20,"Ambiant","Ctrl","Yes","Naive","None",0.112,"Ctrl_Ambiant"
"T20_A1_Az19_C5","IMG_6836",727,5,"A1_Az19","A1","T20",20,"Ambiant","Ctrl","Yes","Naive","None",0.1052,"Ctrl_Ambiant"
"T20_A1_Az8_C1","IMG_6883",727,5,"A1_Az8","A1","T20",20,"Ambiant","Ctrl","Yes","Naive","None",0.139,"Ctrl_Ambiant"
"T20_B1_Az17_B5","IMG_6744",715,5,"B1_Az17","B1","T20",20,"Warm","Ctrl","Yes","Naive","None",0.147,"Ctrl_Warm"
"T20_B1_Az12_A3","IMG_6860",727,5,"B1_Az12","B1","T20",20,"Warm","Ctrl","Yes","Naive","None",0.116,"Ctrl_Warm"
"T20_B2_Az13_C2","IMG_6788",715,5,"B2_Az13","B2","T20",20,"Ambiant","Ctrl","Yes","Naive","None",0.13,"Ctrl_Ambiant"
"T20_B2_Az17_D3","IMG_6780",715,5,"B2_Az17","B2","T20",20,"Ambiant","Ctrl","Yes","Naive","None",0.145,"Ctrl_Ambiant"
"T20_B2_Az2_A6","IMG_6812",727,5,"B2_Az2","B2","T20",20,"Ambiant","Ctrl","Yes","Naive","None",0.1527,"Ctrl_Ambiant"
"T20_B4_Az17_D1","IMG_6808",715,5,"B4_Az17","B4","T20",20,"Ambiant","Pred","Yes","Naive","None",0.138,"Pred_Ambiant"
"T20_B4_Az9_C5","IMG_6749",715,5,"B4_Az9","B4","T20",20,"Ambiant","Pred","Yes","Naive","None",0.119,"Pred_Ambiant"
"T20_B4_Az19_A4","IMG_6843",727,5,"B4_Az19","B4","T20",20,"Ambiant","Pred","Yes","Naive","None",0.154,"Pred_Ambiant"
"T20_B5_Az11_C6","IMG_6738",715,5,"B5_Az11","B5","T20",20,"Warm","Pred","Yes","Naive","None",0.127,"Pred_Warm"
"T20_B5_Az13_B2","IMG_6878",727,5,"B5_Az13","B5","T20",20,"Warm","Pred","Yes","Naive","None",0.091,"Pred_Warm"
"T20_B5_Az7_C4","IMG_6851",727,5,"B5_Az7","B5","T20",20,"Warm","Pred","Yes","Naive","None",0.15,"Pred_Warm"
"T20_B6_Az11_B3","IMG_6768",715,5,"B6_Az11","B6","T20",20,"Ambiant","Pred","Yes","Naive","None",0.115,"Pred_Ambiant"
"T20_B6_Az6_A2","IMG_6873",727,5,"B6_Az6","B6","T20",20,"Ambiant","Pred","Yes","Naive","None",0.132,"Pred_Ambiant"
"T20_B7_Az3_C1","IMG_6806",715,5,"B7_Az3","B7","T20",20,"Warm","Pred","Yes","Naive","None",0.133,"Pred_Warm"
"T20_B7_Az17_D5","IMG_6839",727,5,"B7_Az17","B7","T20",20,"Warm","Pred","Yes","Naive","None",0.155,"Pred_Warm"
"T20_B9_Az7_A3","IMG_6764",715,5,"B9_Az7","B9","T20",20,"Warm","Pred","Yes","Naive","None",0.1169,"Pred_Warm"
"T20_B9_Az4_A5","IMG_6833",727,5,"B9_Az4","B9","T20",20,"Warm","Pred","Yes","Naive","None",0.136,"Pred_Warm"
"T20_C1_Az8_B2","IMG_6784",715,5,"C1_Az8","C1","T20",20,"Ambiant","Pred","Yes","Naive","None",0.14,"Pred_Ambiant"
"T20_C1_Az11_D6","IMG_6829",727,5,"C1_Az11","C1","T20",20,"Ambiant","Pred","Yes","Naive","None",0.146,"Pred_Ambiant"
"T20_C1_Az9_B3","IMG_6862",727,5,"C1_Az9","C1","T20",20,"Ambiant","Pred","Yes","Naive","None",0.139,"Pred_Ambiant"
"T20_C3_Az14_A4","IMG_6755",715,5,"C3_Az14","C3","T20",20,"Ambiant","Pred","Yes","Naive","None",0.168,"Pred_Ambiant"
"T20_C3_Az11_D1","IMG_6886",727,5,"C3_Az11","C3","T20",20,"Ambiant","Pred","Yes","Naive","None",0.159,"Pred_Ambiant"
"T20_C5_Az6_A5","IMG_6739",715,5,"C5_Az6","C5","T20",20,"Ambiant","Ctrl","Yes","Naive","None",0.112,"Ctrl_Ambiant"
"T20_C5_Az9_A1","IMG_6792",715,5,"C5_Az9","C5","T20",20,"Ambiant","Ctrl","Yes","Naive","None",0.1579,"Ctrl_Ambiant"
"T20_C5_Az14_D4","IMG_6857",727,5,"C5_Az14","C5","T20",20,"Ambiant","Ctrl","Yes","Naive","None",0.112,"Ctrl_Ambiant"
"T20_C8_Az16_C4","IMG_6761",715,5,"C8_Az16","C8","T20",20,"Warm","Pred","Yes","Naive","None",0.103,"Pred_Warm"
"T20_C8_Az18_D5","IMG_6753",715,5,"C8_Az18","C8","T20",20,"Warm","Pred","Yes","Naive","None",0.1547,"Pred_Warm"
"T20_C8_Az15_C6","IMG_6827",727,5,"C8_Az15","C8","T20",20,"Warm","Pred","Yes","Naive","None",0.136,"Pred_Warm"
"T20_C9_Az7_B1","IMG_6797",715,5,"C9_Az7","C9","T20",20,"Ambiant","Pred","Yes","Naive","None",0.118,"Pred_Ambiant"
"T20_C9_Az18_B4","IMG_6850",727,5,"C9_Az18","C9","T20",20,"Ambiant","Pred","Yes","Naive","None",0.136,"Pred_Ambiant"
"T20_D6_Az11_B6","IMG_6733",715,5,"D6_Az11","D6","T20",20,"Ambiant","Ctrl","Yes","Naive","None",0.112,"Ctrl_Ambiant"
"T20_D6_Az7_C3","IMG_6867",727,5,"D6_Az7","D6","T20",20,"Ambiant","Ctrl","Yes","Naive","None",0.116,"Ctrl_Ambiant"
"T20_D7_Az1_C3","IMG_6777",715,5,"D7_Az1","D7","T20",20,"Warm","Ctrl","Yes","Naive","None",0.099,"Ctrl_Warm"
"T20_D7_Az14_D2","IMG_6879",727,5,"D7_Az14","D7","T20",20,"Warm","Ctrl","Yes","Naive","None",0.117,"Ctrl_Warm"
"T20_D7_Az3_B6","IMG_6816",727,5,"D7_Az3","D7","T20",20,"Warm","Ctrl","Yes","Naive","None",0.096,"Ctrl_Warm"
"T23_A1_Az9_B4","IMG_6917",715,5,"A1_Az9","A1","T23",23,"Ambiant","Ctrl","Yes","Naive","None",0.13,"Ctrl_Ambiant"
"T23_A1_Az8_C1","IMG_7016",727,5,"A1_Az8","A1","T23",23,"Ambiant","Ctrl","Yes","Naive","None",0.119,"Ctrl_Ambiant"
"T23_A1_Az19_C5","IMG_6978",727,5,"A1_Az19","A1","T23",23,"Ambiant","Ctrl","Yes","Naive","None",0.141,"Ctrl_Ambiant"
"T23_B1_Az17_B5","IMG_6906",715,5,"B1_Az17","B1","T23",23,"Warm","Ctrl","Yes","Naive","None",0.149,"Ctrl_Warm"
"T23_B1_Az12_A3","IMG_6997",727,5,"B1_Az12","B1","T23",23,"Warm","Ctrl","Yes","Naive","None",0.1304,"Ctrl_Warm"
"T23_B2_Az13_C2","IMG_6945",715,5,"B2_Az13","B2","T23",23,"Ambiant","Ctrl","Yes","Naive","None",0.137,"Ctrl_Ambiant"
"T23_B2_Az17_D3","IMG_6939",715,5,"B2_Az17","B2","T23",23,"Ambiant","Ctrl","Yes","Naive","None",0.106,"Ctrl_Ambiant"
"T23_B2_Az2_A6","IMG_6961",727,5,"B2_Az2","B2","T23",23,"Ambiant","Ctrl","Yes","Naive","None",0.1487,"Ctrl_Ambiant"
"T23_B4_Az17_D1","IMG_6957",715,5,"B4_Az17","B4","T23",23,"Ambiant","Pred","Yes","Naive","None",0.173,"Pred_Ambiant"
"T23_B4_Az9_C5","IMG_6908",715,5,"B4_Az9","B4","T23",23,"Ambiant","Pred","Yes","Naive","None",0.1484,"Pred_Ambiant"
"T23_B4_Az19_A4","IMG_6985",727,5,"B4_Az19","B4","T23",23,"Ambiant","Pred","Yes","Naive","None",0.127,"Pred_Ambiant"
"T23_B5_Az11_C6","IMG_6898",715,5,"B5_Az11","B5","T23",23,"Warm","Pred","Yes","Naive","None",0.131,"Pred_Warm"
"T23_B5_Az13_B2","IMG_7008",727,5,"B5_Az13","B5","T23",23,"Warm","Pred","Yes","Naive","None",0.156,"Pred_Warm"
"T23_B5_Az7_C4","IMG_6990",727,5,"B5_Az7","B5","T23",23,"Warm","Pred","Yes","Naive","None",0.1388,"Pred_Warm"
"T23_B6_Az11_B3","IMG_6933",715,5,"B6_Az11","B6","T23",23,"Ambiant","Pred","Yes","Naive","None",0.134,"Pred_Ambiant"
"T23_B6_Az6_A2","IMG_7006",727,5,"B6_Az6","B6","T23",23,"Ambiant","Pred","Yes","Naive","None",0.114,"Pred_Ambiant"
"T23_B7_Az3_C1","IMG_6955",715,5,"B7_Az3","B7","T23",23,"Warm","Pred","Yes","Naive","None",0.122,"Pred_Warm"
"T23_B7_Az17_D5","IMG_6979",727,5,"B7_Az17","B7","T23",23,"Warm","Pred","Yes","Naive","None",0.155,"Pred_Warm"
"T23_B9_Az7_A3","IMG_6924",715,5,"B9_Az7","B9","T23",23,"Warm","Pred","Yes","Naive","None",0.1255,"Pred_Warm"
"T23_B9_Az4_A5","IMG_6974",727,5,"B9_Az4","B9","T23",23,"Warm","Pred","Yes","Naive","None",0.123,"Pred_Warm"
"T23_C1_Az8_B2","IMG_6943",715,5,"C1_Az8","C1","T23",23,"Ambiant","Pred","Yes","Naive","None",0.1497,"Pred_Ambiant"
"T23_C1_Az9_B3","IMG_6999",727,5,"C1_Az9","C1","T23",23,"Ambiant","Pred","Yes","Naive","None",0.144,"Pred_Ambiant"
"T23_C1_Az11_D6","IMG_6972",727,5,"C1_Az11","C1","T23",23,"Ambiant","Pred","Yes","Naive","None",0.1475,"Pred_Ambiant"
"T23_C3_Az14_A4","IMG_6913",715,5,"C3_Az14","C3","T23",23,"Ambiant","Pred","Yes","Naive","None",0.1456,"Pred_Ambiant"
"T23_C3_Az11_D1","IMG_7020",727,5,"C3_Az11","C3","T23",23,"Ambiant","Pred","Yes","Naive","None",0.135,"Pred_Ambiant"
"T23_C5_Az9_A1","IMG_6948",715,5,"C5_Az9","C5","T23",23,"Ambiant","Ctrl","Yes","Naive","None",0.125,"Ctrl_Ambiant"
"T23_C5_Az6_A5","IMG_6902",715,5,"C5_Az6","C5","T23",23,"Ambiant","Ctrl","Yes","Naive","None",0.1502,"Ctrl_Ambiant"
"T23_C5_Az14_D4","IMG_6992",727,5,"C5_Az14","C5","T23",23,"Ambiant","Ctrl","Yes","Naive","None",0.126,"Ctrl_Ambiant"
"T23_C8_Az16_C4","IMG_6923",715,5,"C8_Az16","C8","T23",23,"Warm","Pred","Yes","Naive","None",0.138,"Pred_Warm"
"T23_C8_Az18_D5","IMG_6911",715,5,"C8_Az18","C8","T23",23,"Warm","Pred","Yes","Naive","None",0.136,"Pred_Warm"
"T23_C8_Az15_C6","IMG_6969",727,5,"C8_Az15","C8","T23",23,"Warm","Pred","Yes","Naive","None",0.114,"Pred_Warm"
"T23_C9_Az7_B1","IMG_6951",715,5,"C9_Az7","C9","T23",23,"Ambiant","Pred","Yes","Naive","None",0.132,"Pred_Ambiant"
"T23_C9_Az18_B4","IMG_6987",727,5,"C9_Az18","C9","T23",23,"Ambiant","Pred","Yes","Naive","None",0.121,"Pred_Ambiant"
"T23_D6_Az11_B6","IMG_6894",715,5,"D6_Az11","D6","T23",23,"Ambiant","Ctrl","Yes","Naive","None",0.1336,"Ctrl_Ambiant"
"T23_D6_Az7_C3","IMG_7002",727,5,"D6_Az7","D6","T23",23,"Ambiant","Ctrl","Yes","Naive","None",0.115,"Ctrl_Ambiant"
"T23_D7_Az1_C3","IMG_6935",715,5,"D7_Az1","D7","T23",23,"Warm","Ctrl","Yes","Naive","None",0.1284,"Ctrl_Warm"
"T23_D7_Az14_D2","IMG_7012",727,5,"D7_Az14","D7","T23",23,"Warm","Ctrl","Yes","Naive","None",0.12,"Ctrl_Warm"
"T23_D7_Az3_B6","IMG_6965",727,5,"D7_Az3","D7","T23",23,"Warm","Ctrl","Yes","Naive","None",0.161,"Ctrl_Warm"
"T25_A1_Az19_C5","IMG_7100",727,5,"A1_Az19","A1","T25",25,"Ambiant","Ctrl","Yes","Naive","None",0.1134,"Ctrl_Ambiant"
"T25_A1_Az8_C1","IMG_7142",727,5,"A1_Az8","A1","T25",25,"Ambiant","Ctrl","Yes","Naive","None",0.1368,"Ctrl_Ambiant"
"T25_A1_Az9_B4","IMG_7048",715,5,"A1_Az9","A1","T25",25,"Ambiant","Ctrl","Yes","Naive","None",0.137,"Ctrl_Ambiant"
"T25_B1_Az12_A3","IMG_7123",727,5,"B1_Az12","B1","T25",25,"Warm","Ctrl","Yes","Naive","None",0.114,"Ctrl_Warm"
"T25_B1_Az17_B5","IMG_7038",715,5,"B1_Az17","B1","T25",25,"Warm","Ctrl","Yes","Naive","None",0.119,"Ctrl_Warm"
"T25_B2_Az13_C2","IMG_7071",715,5,"B2_Az13","B2","T25",25,"Ambiant","Ctrl","Yes","Naive","None",0.1553,"Ctrl_Ambiant"
"T25_B2_Az17_D3","IMG_7063",715,5,"B2_Az17","B2","T25",25,"Ambiant","Ctrl","Yes","Naive","None",0.15,"Ctrl_Ambiant"
"T25_B2_Az2_A6","IMG_7085",727,5,"B2_Az2","B2","T25",25,"Ambiant","Ctrl","Yes","Naive","None",0.1321,"Ctrl_Ambiant"
"T25_B4_Az17_D1","IMG_7083",715,5,"B4_Az17","B4","T25",25,"Ambiant","Pred","Yes","Naive","None",0.143,"Pred_Ambiant"
"T25_B4_Az19_A4","IMG_7108",727,5,"B4_Az19","B4","T25",25,"Ambiant","Pred","Yes","Naive","None",0.158,"Pred_Ambiant"
"T25_B4_Az9_C5","IMG_7039",715,5,"B4_Az9","B4","T25",25,"Ambiant","Pred","Yes","Naive","None",0.1242,"Pred_Ambiant"
"T25_B5_Az11_C6","IMG_7030",715,5,"B5_Az11","B5","T25",25,"Warm","Pred","Yes","Naive","None",0.1671,"Pred_Warm"
"T25_B5_Az13_B2","IMG_7137",727,5,"B5_Az13","B5","T25",25,"Warm","Pred","Yes","Naive","None",0.151,"Pred_Warm"
"T25_B5_Az7_C4","IMG_7117",727,5,"B5_Az7","B5","T25",25,"Warm","Pred","Yes","Naive","None",0.1118,"Pred_Warm"
"T25_B6_Az11_B3","IMG_7058",715,5,"B6_Az11","B6","T25",25,"Ambiant","Pred","Yes","Naive","None",0.136,"Pred_Ambiant"
"T25_B6_Az6_A2","IMG_7132",727,5,"B6_Az6","B6","T25",25,"Ambiant","Pred","Yes","Naive","None",0.126,"Pred_Ambiant"
"T25_B7_Az17_D5","IMG_7104",727,5,"B7_Az17","B7","T25",25,"Warm","Pred","Yes","Naive","None",0.15,"Pred_Warm"
"T25_B7_Az3_C1","IMG_7080",715,5,"B7_Az3","B7","T25",25,"Warm","Pred","Yes","Naive","None",0.136,"Pred_Warm"
"T25_B9_Az4_A5","IMG_7096",727,5,"B9_Az4","B9","T25",25,"Warm","Pred","Yes","Naive","None",0.144,"Pred_Warm"
"T25_B9_Az7_A3","IMG_7056",715,5,"B9_Az7","B9","T25",25,"Warm","Pred","Yes","Naive","None",0.131,"Pred_Warm"
"T25_C1_Az11_D6","IMG_7093",727,5,"C1_Az11","C1","T25",25,"Ambiant","Pred","Yes","Naive","None",0.134,"Pred_Ambiant"
"T25_C1_Az8_B2","IMG_7067",715,5,"C1_Az8","C1","T25",25,"Ambiant","Pred","Yes","Naive","None",0.14,"Pred_Ambiant"
"T25_C1_Az9_B3","IMG_7125",727,5,"C1_Az9","C1","T25",25,"Ambiant","Pred","Yes","Naive","None",0.1519,"Pred_Ambiant"
"T25_C3_Az11_D1","IMG_7146",727,5,"C3_Az11","C3","T25",25,"Ambiant","Pred","Yes","Naive","None",0.1585,"Pred_Ambiant"
"T25_C3_Az14_A4","IMG_7046",715,5,"C3_Az14","C3","T25",25,"Ambiant","Pred","Yes","Naive","None",0.145,"Pred_Ambiant"
"T25_C5_Az14_D4","IMG_7119",727,5,"C5_Az14","C5","T25",25,"Ambiant","Ctrl","Yes","Naive","None",0.1582,"Ctrl_Ambiant"
"T25_C5_Az6_A5","IMG_7032",715,5,"C5_Az6","C5","T25",25,"Ambiant","Ctrl","Yes","Naive","None",0.138,"Ctrl_Ambiant"
"T25_C5_Az9_A1","IMG_7072",715,5,"C5_Az9","C5","T25",25,"Ambiant","Ctrl","Yes","Naive","None",0.132,"Ctrl_Ambiant"
"T25_C8_Az15_C6","IMG_7092",727,5,"C8_Az15","C8","T25",25,"Warm","Pred","Yes","Naive","None",0.148,"Pred_Warm"
"T25_C8_Az16_C4","IMG_7052",715,5,"C8_Az16","C8","T25",25,"Warm","Pred","Yes","Naive","None",0.129,"Pred_Warm"
"T25_C8_Az18_D5","IMG_7044",715,5,"C8_Az18","C8","T25",25,"Warm","Pred","Yes","Naive","None",0.123,"Pred_Warm"
"T25_C9_Az18_B4",NA,727,5,"C9_Az18","C9","T25",25,"Ambiant","Pred","Yes","Naive","None",NA,"Pred_Ambiant"
"T25_C9_Az7_B1","IMG_7075",715,5,"C9_Az7","C9","T25",25,"Ambiant","Pred","Yes","Naive","None",0.1598,"Pred_Ambiant"
"T25_D6_Az11_B6","IMG_7026",715,5,"D6_Az11","D6","T25",25,"Ambiant","Ctrl","Yes","Naive","None",0.141,"Ctrl_Ambiant"
"T25_D6_Az7_C3","IMG_7128",727,5,"D6_Az7","D6","T25",25,"Ambiant","Ctrl","Yes","Naive","None",0.137,"Ctrl_Ambiant"
"T25_D7_Az1_C3","IMG_7062",715,5,"D7_Az1","D7","T25",25,"Warm","Ctrl","Yes","Naive","None",0.135,"Ctrl_Warm"
"T25_D7_Az14_D2","IMG_7139",727,5,"D7_Az14","D7","T25",25,"Warm","Ctrl","Yes","Naive","None",0.127,"Ctrl_Warm"
"T25_D7_Az3_B6","IMG_7088",727,5,"D7_Az3","D7","T25",25,"Warm","Ctrl","Yes","Naive","None",0.114,"Ctrl_Warm"
"T27_A1_Az9_B4",NA,715,5,"A1_Az9","A1","T27",27,"Ambiant","Ctrl","Yes","Naive","None",NA,"Ctrl_Ambiant"
"T27_A1_Az8_C1","IMG_7278",727,5,"A1_Az8","A1","T27",27,"Ambiant","Ctrl","Yes","Naive","None",0.111,"Ctrl_Ambiant"
"T27_A1_Az19_C5","IMG_7175",727,5,"A1_Az19","A1","T27",27,"Ambiant","Ctrl","Yes","Naive","None",0.127,"Ctrl_Ambiant"
"T27_B1_Az17_B5","IMG_7160",715,5,"B1_Az17","B1","T27",27,"Warm","Ctrl","Yes","Naive","None",0.138,"Ctrl_Warm"
"T27_B1_Az12_A3","IMG_7258",727,5,"B1_Az12","B1","T27",27,"Warm","Ctrl","Yes","Naive","None",0.1376,"Ctrl_Warm"
"T27_B2_Az13_C2","IMG_7199",715,5,"B2_Az13","B2","T27",27,"Ambiant","Ctrl","Yes","Naive","None",0.125,"Ctrl_Ambiant"
"T27_B2_Az17_D3","IMG_7194",715,5,"B2_Az17","B2","T27",27,"Ambiant","Ctrl","Yes","Naive","None",0.132,"Ctrl_Ambiant"
"T27_B2_Az2_A6","IMG_7226",727,5,"B2_Az2","B2","T27",27,"Ambiant","Ctrl","Yes","Naive","None",0.113,"Ctrl_Ambiant"
"T27_B4_Az17_D1","IMG_7214",715,5,"B4_Az17","B4","T27",27,"Ambiant","Pred","Yes","Naive","None",0.133,"Pred_Ambiant"
"T27_B4_Az9_C5","IMG_7167",715,5,"B4_Az9","B4","T27",27,"Ambiant","Pred","Yes","Naive","None",0.1791,"Pred_Ambiant"
"T27_B4_Az19_A4","IMG_7247",727,5,"B4_Az19","B4","T27",27,"Ambiant","Pred","Yes","Naive","None",0.166,"Pred_Ambiant"
"T27_B5_Az11_C6","IMG_7155",715,5,"B5_Az11","B5","T27",27,"Warm","Pred","Yes","Naive","None",0.141,"Pred_Warm"
"T27_B5_Az13_B2","IMG_7273",727,5,"B5_Az13","B5","T27",27,"Warm","Pred","Yes","Naive","None",0.1101,"Pred_Warm"
"T27_B5_Az7_C4","IMG_7252",727,5,"B5_Az7","B5","T27",27,"Warm","Pred","Yes","Naive","None",0.1175,"Pred_Warm"
"T27_B6_Az11_B3","IMG_7184",715,5,"B6_Az11","B6","T27",27,"Ambiant","Pred","Yes","Naive","None",0.141,"Pred_Ambiant"
"T27_B6_Az6_A2","IMG_7269",727,5,"B6_Az6","B6","T27",27,"Ambiant","Pred","Yes","Naive","None",0.124,"Pred_Ambiant"
"T27_B7_Az3_C1","IMG_7207",715,5,"B7_Az3","B7","T27",27,"Warm","Pred","Yes","Naive","None",0.145,"Pred_Warm"
"T27_B7_Az17_D5","IMG_7243",727,5,"B7_Az17","B7","T27",27,"Warm","Pred","Yes","Naive","None",0.124,"Pred_Warm"
"T27_B9_Az7_A3","IMG_7187",715,5,"B9_Az7","B9","T27",27,"Warm","Pred","Yes","Naive","None",0.104,"Pred_Warm"
"T27_B9_Az4_A5","IMG_7236",727,5,"B9_Az4","B9","T27",27,"Warm","Pred","Yes","Naive","None",0.15,"Pred_Warm"
"T27_C1_Az8_B2","IMG_7195",715,5,"C1_Az8","C1","T27",27,"Ambiant","Pred","Yes","Naive","None",0.141,"Pred_Ambiant"
"T27_C1_Az9_B3","IMG_7262",727,5,"C1_Az9","C1","T27",27,"Ambiant","Pred","Yes","Naive","None",0.131,"Pred_Ambiant"
"T27_C1_Az11_D6","IMG_7223",727,5,"C1_Az11","C1","T27",27,"Ambiant","Pred","Yes","Naive","None",0.117,"Pred_Ambiant"
"T27_C3_Az14_A4","IMG_7172",715,5,"C3_Az14","C3","T27",27,"Ambiant","Pred","Yes","Naive","None",0.132,"Pred_Ambiant"
"T27_C3_Az11_D1","IMG_7281",727,5,"C3_Az11","C3","T27",27,"Ambiant","Pred","Yes","Naive","None",0.1625,"Pred_Ambiant"
"T27_C5_Az9_A1","IMG_7202",715,5,"C5_Az9","C5","T27",27,"Ambiant","Ctrl","Yes","Naive","None",0.138,"Ctrl_Ambiant"
"T27_C5_Az6_A5","IMG_7165",715,5,"C5_Az6","C5","T27",27,"Ambiant","Ctrl","Yes","Naive","None",0.145,"Ctrl_Ambiant"
"T27_C5_Az14_D4","IMG_7254",727,5,"C5_Az14","C5","T27",27,"Ambiant","Ctrl","Yes","Naive","None",0.114,"Ctrl_Ambiant"
"T27_C8_Az16_C4","IMG_7178",715,5,"C8_Az16","C8","T27",27,"Warm","Pred","Yes","Naive","None",0.115,"Pred_Warm"
"T27_C8_Az18_D5","IMG_7171",715,5,"C8_Az18","C8","T27",27,"Warm","Pred","Yes","Naive","None",0.134,"Pred_Warm"
"T27_C8_Az15_C6","IMG_7218",727,5,"C8_Az15","C8","T27",27,"Warm","Pred","Yes","Naive","None",0.098,"Pred_Warm"
"T27_C9_Az7_B1","IMG_7204",715,5,"C9_Az7","C9","T27",27,"Ambiant","Pred","Yes","Naive","None",0.106,"Pred_Ambiant"
"T27_C9_Az18_B4","IMG_7257",727,5,"C9_Az18","C9","T27",27,"Ambiant","Pred","Yes","Naive","None",0.1275,"Pred_Ambiant"
"T27_D6_Az11_B6","IMG_7152",715,5,"D6_Az11","D6","T27",27,"Ambiant","Ctrl","Yes","Naive","None",0.126,"Ctrl_Ambiant"
"T27_D6_Az7_C3","IMG_7266",727,5,"D6_Az7","D6","T27",27,"Ambiant","Ctrl","Yes","Naive","None",0.12,"Ctrl_Ambiant"
"T27_D7_Az1_C3","IMG_7188",715,5,"D7_Az1","D7","T27",27,"Warm","Ctrl","Yes","Naive","None",0.133,"Ctrl_Warm"
"T27_D7_Az14_D2","IMG_7275",727,5,"D7_Az14","D7","T27",27,"Warm","Ctrl","Yes","Naive","None",0.131,"Ctrl_Warm"
"T27_D7_Az3_B6","IMG_7215",727,5,"D7_Az3","D7","T27",27,"Warm","Ctrl","Yes","Naive","None",0.109,"Ctrl_Warm"
"T30_A1_Az9_B4","IMG_7310",715,5,"A1_Az9","A1","T30",30,"Ambiant","Ctrl","Yes","Naive","None",0.1196,"Ctrl_Ambiant"
"T30_A1_Az8_C1","IMG_7413",727,5,"A1_Az8","A1","T30",30,"Ambiant","Ctrl","Yes","Naive","None",0.129,"Ctrl_Ambiant"
"T30_A1_Az19_C5","IMG_7372",727,5,"A1_Az19","A1","T30",30,"Ambiant","Ctrl","Yes","Naive","None",0.131,"Ctrl_Ambiant"
"T30_B1_Az17_B5","IMG_7296",715,5,"B1_Az17","B1","T30",30,"Warm","Ctrl","Yes","Naive","None",0.131,"Ctrl_Warm"
"T30_B1_Az12_A3","IMG_7393",727,5,"B1_Az12","B1","T30",30,"Warm","Ctrl","Yes","Naive","None",0.0982,"Ctrl_Warm"
"T30_B2_Az13_C2","IMG_7334",715,5,"B2_Az13","B2","T30",30,"Ambiant","Ctrl","Yes","Naive","None",0.1149,"Ctrl_Ambiant"
"T30_B2_Az17_D3","IMG_7329",715,5,"B2_Az17","B2","T30",30,"Ambiant","Ctrl","Yes","Naive","None",0.145,"Ctrl_Ambiant"
"T30_B2_Az2_A6","IMG_7351",727,5,"B2_Az2","B2","T30",30,"Ambiant","Ctrl","Yes","Naive","None",0.143,"Ctrl_Ambiant"
"T30_B4_Az17_D1","IMG_7348",715,5,"B4_Az17","B4","T30",30,"Ambiant","Pred","Yes","Naive","None",0.15,"Pred_Ambiant"
"T30_B4_Az9_C5","IMG_7299",715,5,"B4_Az9","B4","T30",30,"Ambiant","Pred","Yes","Naive","None",0.117,"Pred_Ambiant"
"T30_B4_Az19_A4","IMG_7381",727,5,"B4_Az19","B4","T30",30,"Ambiant","Pred","Yes","Naive","None",0.161,"Pred_Ambiant"
"T30_B5_Az11_C6","IMG_7290",715,5,"B5_Az11","B5","T30",30,"Warm","Pred","Yes","Naive","None",0.146,"Pred_Warm"
"T30_B5_Az13_B2","IMG_7407",727,5,"B5_Az13","B5","T30",30,"Warm","Pred","Yes","Naive","None",0.104,"Pred_Warm"
"T30_B5_Az7_C4","IMG_7385",727,5,"B5_Az7","B5","T30",30,"Warm","Pred","Yes","Naive","None",0.148,"Pred_Warm"
"T30_B6_Az11_B3","IMG_7320",715,5,"B6_Az11","B6","T30",30,"Ambiant","Pred","Yes","Naive","None",0.127,"Pred_Ambiant"
"T30_B6_Az6_A2","IMG_7401",727,5,"B6_Az6","B6","T30",30,"Ambiant","Pred","Yes","Naive","None",0.124,"Pred_Ambiant"
"T30_B7_Az3_C1","IMG_7343",715,5,"B7_Az3","B7","T30",30,"Warm","Pred","Yes","Naive","None",0.099,"Pred_Warm"
"T30_B7_Az17_D5","IMG_7376",727,5,"B7_Az17","B7","T30",30,"Warm","Pred","Yes","Naive","None",0.123,"Pred_Warm"
"T30_B9_Az7_A3","IMG_7317",715,5,"B9_Az7","B9","T30",30,"Warm","Pred","Yes","Naive","None",0.111,"Pred_Warm"
"T30_B9_Az4_A5","IMG_7371",727,5,"B9_Az4","B9","T30",30,"Warm","Pred","Yes","Naive","None",0.101,"Pred_Warm"
"T30_C1_Az8_B2","IMG_7330",715,5,"C1_Az8","C1","T30",30,"Ambiant","Pred","Yes","Naive","None",0.128,"Pred_Ambiant"
"T30_C1_Az9_B3","IMG_7396",727,5,"C1_Az9","C1","T30",30,"Ambiant","Pred","Yes","Naive","None",0.123,"Pred_Ambiant"
"T30_C1_Az11_D6","IMG_7366",727,5,"C1_Az11","C1","T30",30,"Ambiant","Pred","Yes","Naive","None",0.1293,"Pred_Ambiant"
"T30_C3_Az14_A4","IMG_7306",715,5,"C3_Az14","C3","T30",30,"Ambiant","Pred","Yes","Naive","None",0.135,"Pred_Ambiant"
"T30_C3_Az11_D1","IMG_7416",727,5,"C3_Az11","C3","T30",30,"Ambiant","Pred","Yes","Naive","None",0.121,"Pred_Ambiant"
"T30_C5_Az9_A1","IMG_7339",715,5,"C5_Az9","C5","T30",30,"Ambiant","Ctrl","Yes","Naive","None",0.092,"Ctrl_Ambiant"
"T30_C5_Az6_A5","IMG_7293",715,5,"C5_Az6","C5","T30",30,"Ambiant","Ctrl","Yes","Naive","None",0.119,"Ctrl_Ambiant"
"T30_C5_Az14_D4","IMG_7389",727,5,"C5_Az14","C5","T30",30,"Ambiant","Ctrl","Yes","Naive","None",0.138,"Ctrl_Ambiant"
"T30_C8_Az16_C4","IMG_7315",715,5,"C8_Az16","C8","T30",30,"Warm","Pred","Yes","Naive","None",0.102,"Pred_Warm"
"T30_C8_Az18_D5","IMG_7303",715,5,"C8_Az18","C8","T30",30,"Warm","Pred","Yes","Naive","None",0.1428,"Pred_Warm"
"T30_C8_Az15_C6","IMG_7357",727,5,"C8_Az15","C8","T30",30,"Warm","Pred","Yes","Naive","None",0.139,"Pred_Warm"
"T30_C9_Az7_B1","IMG_7340",715,5,"C9_Az7","C9","T30",30,"Ambiant","Pred","Yes","Naive","None",0.123,"Pred_Ambiant"
"T30_C9_Az18_B4","IMG_7383",727,5,"C9_Az18","C9","T30",30,"Ambiant","Pred","Yes","Naive","None",0.133,"Pred_Ambiant"
"T30_D6_Az11_B6","IMG_7286",715,5,"D6_Az11","D6","T30",30,"Ambiant","Ctrl","Yes","Naive","None",0.1213,"Ctrl_Ambiant"
"T30_D6_Az7_C3","IMG_7398",727,5,"D6_Az7","D6","T30",30,"Ambiant","Ctrl","Yes","Naive","None",0.12,"Ctrl_Ambiant"
"T30_D7_Az1_C3","IMG_7323",715,5,"D7_Az1","D7","T30",30,"Warm","Ctrl","Yes","Naive","None",0.112,"Ctrl_Warm"
"T30_D7_Az14_D2","IMG_7411",727,5,"D7_Az14","D7","T30",30,"Warm","Ctrl","Yes","Naive","None",0.11,"Ctrl_Warm"
"T30_D7_Az3_B6","IMG_7356",727,5,"D7_Az3","D7","T30",30,"Warm","Ctrl","Yes","Naive","None",0.126,"Ctrl_Warm"
"T10_A1_Az18_B2","IMG_8463",715,7,"A1_Az18","A1","T10",10,"Ambiant","Ctrl","Yes","Naive","None",0.131,"Ctrl_Ambiant"
"T10_A1_Az2_B4","IMG_8509",727,7,"A1_Az2","A1","T10",10,"Ambiant","Ctrl","Yes","Naive","None",0.1397,"Ctrl_Ambiant"
"T10_B1_Az14_D1","IMG_8407",727,6,"B1_Az14","B1","T10",10,"Warm","Ctrl","Yes","Naive","None",0.15,"Ctrl_Warm"
"T10_B1_Az15_B3","IMG_8382",727,6,"B1_Az15","B1","T10",10,"Warm","Ctrl","Yes","Naive","None",0.109,"Ctrl_Warm"
"T10_B1_Az20_D1","IMG_8480",715,7,"B1_Az20","B1","T10",10,"Warm","Ctrl","Yes","Naive","None",0.127,"Ctrl_Warm"
"T10_B2_Az19_B4","IMG_8296",715,6,"B2_Az19","B2","T10",10,"Ambiant","Ctrl","Yes","Naive","None",0.147,"Ctrl_Ambiant"
"T10_B2_Az11_A2","IMG_8392",727,6,"B2_Az11","B2","T10",10,"Ambiant","Ctrl","Yes","Naive","None",0.142,"Ctrl_Ambiant"
"T10_B4_Az13_D3","IMG_8313",715,6,"B4_Az13","B4","T10",10,"Ambiant","Pred","Yes","Naive","None",0.14,"Pred_Ambiant"
"T10_B4_Az16_D4","IMG_8371",727,6,"B4_Az16","B4","T10",10,"Ambiant","Pred","Yes","Naive","None",0.157,"Pred_Ambiant"
"T10_B5_Az9_B5","IMG_8284",715,6,"B5_Az9","B5","T10",10,"Warm","Pred","Yes","Naive","None",0.143,"Pred_Warm"
"T10_B5_Az19_B4","IMG_8366",727,6,"B5_Az19","B5","T10",10,"Warm","Pred","Yes","Naive","None",0.117,"Pred_Warm"
"T10_B6_Az9_D5","IMG_8293",715,6,"B6_Az9","B6","T10",10,"Ambiant","Pred","Yes","Naive","None",0.093,"Pred_Ambiant"
"T10_B6_Az8_D3","IMG_8389",727,6,"B6_Az8","B6","T10",10,"Ambiant","Pred","Yes","Naive","None",0.13,"Pred_Ambiant"
"T10_B6_Az10_A5","IMG_8348",727,6,"B6_Az10","B6","T10",10,"Ambiant","Pred","Yes","Naive","None",0.081,"Pred_Ambiant"
"T10_B7_Az8_B6","IMG_8274",715,6,"B7_Az8","B7","T10",10,"Warm","Pred","Yes","Naive","None",0.121,"Pred_Warm"
"T10_B7_Az2_A3","IMG_8379",727,6,"B7_Az2","B7","T10",10,"Warm","Pred","Yes","Naive","None",0.103,"Pred_Warm"
"T10_B7_Az4_D6","IMG_8344",727,6,"B7_Az4","B7","T10",10,"Warm","Pred","Yes","Naive","None",0.095,"Pred_Warm"
"T10_B9_Az15_D1","IMG_8332",715,6,"B9_Az15","B9","T10",10,"Warm","Pred","Yes","Naive","None",0.084,"Pred_Warm"
"T10_B9_Az14_C2","IMG_8321",715,6,"B9_Az14","B9","T10",10,"Warm","Pred","Yes","Naive","None",0.083,"Pred_Warm"
"T10_B9_Az5_D5","IMG_8359",727,6,"B9_Az5","B9","T10",10,"Warm","Pred","Yes","Naive","None",0.144,"Pred_Warm"
"T10_C1_Az10_C6","IMG_8277",715,6,"C1_Az10","C1","T10",10,"Ambiant","Pred","Yes","Naive","None",0.155,"Pred_Ambiant"
"T10_C1_Az6_A4","IMG_8363",727,6,"C1_Az6","C1","T10",10,"Ambiant","Pred","Yes","Naive","None",0.124,"Pred_Ambiant"
"T10_C3_Az18_A1","IMG_8323",715,6,"C3_Az18","C3","T10",10,"Ambiant","Pred","Yes","Naive","None",0.148,"Pred_Ambiant"
"T10_C3_Az5_C2","IMG_8399",727,6,"C3_Az5","C3","T10",10,"Ambiant","Pred","Yes","Naive","None",0.149,"Pred_Ambiant"
"T10_C3_Az20_C6","IMG_8340",727,6,"C3_Az20","C3","T10",10,"Ambiant","Pred","Yes","Naive","None",0.116,"Pred_Ambiant"
"T10_C5_Az2_A3","IMG_8303",715,6,"C5_Az2","C5","T10",10,"Ambiant","Ctrl","Yes","Naive","None",0.132,"Ctrl_Ambiant"
"T10_C5_Az4_C3","IMG_8386",727,6,"C5_Az4","C5","T10",10,"Ambiant","Ctrl","Yes","Naive","None",0.099,"Ctrl_Ambiant"
"T10_C8_Az11_B3","IMG_8307",715,6,"C8_Az11","C8","T10",10,"Warm","Pred","Yes","Naive","None",0.091,"Pred_Warm"
"T10_C8_Az13_B1","IMG_8401",727,6,"C8_Az13","C8","T10",10,"Warm","Pred","Yes","Naive","None",0.14,"Pred_Warm"
"T10_C9_Az8_C1","IMG_8325",715,6,"C9_Az8","C9","T10",10,"Ambiant","Pred","Yes","Naive","None",0.134,"Pred_Ambiant"
"T10_C9_Az20_A5","IMG_8281",715,6,"C9_Az20","C9","T10",10,"Ambiant","Pred","Yes","Naive","None",0.107,"Pred_Ambiant"
"T10_C9_Az14_C1","IMG_8405",727,6,"C9_Az14","C9","T10",10,"Ambiant","Pred","Yes","Naive","None",0.137,"Pred_Ambiant"
"T10_D6_Az16_C5","IMG_8288",715,6,"D6_Az16","D6","T10",10,"Ambiant","Ctrl","Yes","Naive","None",0.131,"Ctrl_Ambiant"
"T10_D6_Az19_A6","IMG_8272",715,6,"D6_Az19","D6","T10",10,"Ambiant","Ctrl","Yes","Naive","None",0.116,"Ctrl_Ambiant"
"T10_D6_Az13_B5","IMG_8352",727,6,"D6_Az13","D6","T10",10,"Ambiant","Ctrl","Yes","Naive","None",0.136,"Ctrl_Ambiant"
"T10_D7_Az18_C3","IMG_8310",715,6,"D7_Az18","D7","T10",10,"Warm","Ctrl","Yes","Naive","None",0.126,"Ctrl_Warm"
"T10_D7_Az19_C5","IMG_8356",727,6,"D7_Az19","D7","T10",10,"Warm","Ctrl","Yes","Naive","None",0.103,"Ctrl_Warm"
"T15_A1_Az4_D4","IMG_8173",715,6,"A1_Az4","A1","T15",15,"Ambiant","Ctrl","Yes","Naive","None",0.097,"Ctrl_Ambiant"
"T15_A1_Az20_A6","IMG_8207",727,6,"A1_Az20","A1","T15",15,"Ambiant","Ctrl","Yes","Naive","None",0.104,"Ctrl_Ambiant"
"T15_B1_Az13_B2","IMG_8189",715,6,"B1_Az13","B1","T15",15,"Warm","Ctrl","Yes","Naive","None",0.134,"Ctrl_Warm"
"T15_B1_Az14_D1","IMG_8268",727,6,"B1_Az14","B1","T15",15,"Warm","Ctrl","Yes","Naive","None",0.095,"Ctrl_Warm"
"T15_B1_Az15_B3","IMG_8243",727,6,"B1_Az15","B1","T15",15,"Warm","Ctrl","Yes","Naive","None",0.096,"Ctrl_Warm"
"T15_B2_Az19_B4","IMG_8169",715,6,"B2_Az19","B2","T15",15,"Ambiant","Ctrl","Yes","Naive","None",0.151,"Ctrl_Ambiant"
"T15_B2_Az11_A2","IMG_8254",727,6,"B2_Az11","B2","T15",15,"Ambiant","Ctrl","Yes","Naive","None",0.135,"Ctrl_Ambiant"
"T15_B4_Az13_D3","IMG_8185",715,6,"B4_Az13","B4","T15",15,"Ambiant","Pred","Yes","Naive","None",0.127,"Pred_Ambiant"
"T15_B4_Az16_D4","IMG_8234",727,6,"B4_Az16","B4","T15",15,"Ambiant","Pred","Yes","Naive","None",0.119,"Pred_Ambiant"
"T15_B5_Az9_B5","IMG_8159",715,6,"B5_Az9","B5","T15",15,"Warm","Pred","Yes","Naive","None",0.109,"Pred_Warm"
"T15_B5_Az19_B4","IMG_8232",727,6,"B5_Az19","B5","T15",15,"Warm","Pred","Yes","Naive","None",0.123,"Pred_Warm"
"T15_B6_Az9_D5","IMG_8167",715,6,"B6_Az9","B6","T15",15,"Ambiant","Pred","Yes","Naive","None",0.115,"Pred_Ambiant"
"T15_B6_Az8_D3","IMG_8250",727,6,"B6_Az8","B6","T15",15,"Ambiant","Pred","Yes","Naive","None",0.092,"Pred_Ambiant"
"T15_B6_Az10_A5","IMG_8215",727,6,"B6_Az10","B6","T15",15,"Ambiant","Pred","Yes","Naive","None",0.12,"Pred_Ambiant"
"T15_B7_Az8_B6","IMG_8150",715,6,"B7_Az8","B7","T15",15,"Warm","Pred","Yes","Naive","None",0.103,"Pred_Warm"
"T15_B7_Az2_A3","IMG_8239",727,6,"B7_Az2","B7","T15",15,"Warm","Pred","Yes","Naive","None",0.105,"Pred_Warm"
"T15_B7_Az4_D6","IMG_8213",727,6,"B7_Az4","B7","T15",15,"Warm","Pred","Yes","Naive","None",0.135,"Pred_Warm"
"T15_B9_Az15_D1","IMG_8201",715,6,"B9_Az15","B9","T15",15,"Warm","Pred","Yes","Naive","None",0.118,"Pred_Warm"
"T15_B9_Az14_C2","IMG_8193",715,6,"B9_Az14","B9","T15",15,"Warm","Pred","Yes","Naive","None",0.11,"Pred_Warm"
"T15_B9_Az5_D5","IMG_8224",727,6,"B9_Az5","B9","T15",15,"Warm","Pred","Yes","Naive","None",0.134,"Pred_Warm"
"T15_C1_Az10_C6","IMG_8152",715,6,"C1_Az10","C1","T15",15,"Ambiant","Pred","Yes","Naive","None",0.129,"Pred_Ambiant"
"T15_C1_Az6_A4","IMG_8228",727,6,"C1_Az6","C1","T15",15,"Ambiant","Pred","Yes","Naive","None",0.12,"Pred_Ambiant"
"T15_C3_Az18_A1","IMG_8195",715,6,"C3_Az18","C3","T15",15,"Ambiant","Pred","Yes","Naive","None",0.128,"Pred_Ambiant"
"T15_C3_Az5_C2","IMG_8256",727,6,"C3_Az5","C3","T15",15,"Ambiant","Pred","Yes","Naive","None",0.124,"Pred_Ambiant"
"T15_C3_Az20_C6","IMG_8210",727,6,"C3_Az20","C3","T15",15,"Ambiant","Pred","Yes","Naive","None",0.122,"Pred_Ambiant"
"T15_C5_Az2_A3","IMG_8177",715,6,"C5_Az2","C5","T15",15,"Ambiant","Ctrl","Yes","Naive","None",0.11,"Ctrl_Ambiant"
"T15_C5_Az4_C3","IMG_8246",727,6,"C5_Az4","C5","T15",15,"Ambiant","Ctrl","Yes","Naive","None",0.133,"Ctrl_Ambiant"
"T15_C8_Az11_B3","IMG_8180",715,6,"C8_Az11","C8","T15",15,"Warm","Pred","Yes","Naive","None",0.113,"Pred_Warm"
"T15_C8_Az13_B1","IMG_8259",727,6,"C8_Az13","C8","T15",15,"Warm","Pred","Yes","Naive","None",0.134,"Pred_Warm"
"T15_C9_Az8_C1","IMG_8199",715,6,"C9_Az8","C9","T15",15,"Ambiant","Pred","Yes","Naive","None",0.111,"Pred_Ambiant"
"T15_C9_Az20_A5","IMG_8156",715,6,"C9_Az20","C9","T15",15,"Ambiant","Pred","Yes","Naive","None",0.138,"Pred_Ambiant"
"T15_C9_Az14_C1","IMG_8261",727,6,"C9_Az14","C9","T15",15,"Ambiant","Pred","Yes","Naive","None",0.132,"Pred_Ambiant"
"T15_D6_Az16_C5","IMG_8163",715,6,"D6_Az16","D6","T15",15,"Ambiant","Ctrl","Yes","Naive","None",0.133,"Ctrl_Ambiant"
"T15_D6_Az19_A6","IMG_8146",715,6,"D6_Az19","D6","T15",15,"Ambiant","Ctrl","Yes","Naive","None",0.124,"Ctrl_Ambiant"
"T15_D6_Az13_B5","IMG_8219",727,6,"D6_Az13","D6","T15",15,"Ambiant","Ctrl","Yes","Naive","None",0.125,"Ctrl_Ambiant"
"T15_D7_Az18_C3","IMG_8183",715,6,"D7_Az18","D7","T15",15,"Warm","Ctrl","Yes","Naive","None",0.136,"Ctrl_Warm"
"T15_D7_Az19_C5","IMG_8222",727,6,"D7_Az19","D7","T15",15,"Warm","Ctrl","Yes","Naive","None",0.112,"Ctrl_Warm"
"T20_A1_Az4_D4","IMG_8036",715,6,"A1_Az4","A1","T20",20,"Ambiant","Ctrl","Yes","Naive","None",0.137,"Ctrl_Ambiant"
"T20_A1_Az20_A6","IMG_8073",727,6,"A1_Az20","A1","T20",20,"Ambiant","Ctrl","Yes","Naive","None",0.121,"Ctrl_Ambiant"
"T20_B1_Az13_B2","IMG_8056",715,6,"B1_Az13","B1","T20",20,"Warm","Ctrl","Yes","Naive","None",0.133,"Ctrl_Warm"
"T20_B1_Az14_D1","IMG_8139",727,6,"B1_Az14","B1","T20",20,"Warm","Ctrl","Yes","Naive","None",0.115,"Ctrl_Warm"
"T20_B1_Az15_B3","IMG_8114",727,6,"B1_Az15","B1","T20",20,"Warm","Ctrl","Yes","Naive","None",0.111,"Ctrl_Warm"
"T20_B2_Az19_B4","IMG_8033",715,6,"B2_Az19","B2","T20",20,"Ambiant","Ctrl","Yes","Naive","None",0.138,"Ctrl_Ambiant"
"T20_B2_Az11_A2","IMG_8124",727,6,"B2_Az11","B2","T20",20,"Ambiant","Ctrl","Yes","Naive","None",0.13,"Ctrl_Ambiant"
"T20_B4_Az13_D3","IMG_8052",715,6,"B4_Az13","B4","T20",20,"Ambiant","Pred","Yes","Naive","None",0.093,"Pred_Ambiant"
"T20_B4_Az16_D4","IMG_8105",727,6,"B4_Az16","B4","T20",20,"Ambiant","Pred","Yes","Naive","None",0.142,"Pred_Ambiant"
"T20_B5_Az9_B5","IMG_8024",715,6,"B5_Az9","B5","T20",20,"Warm","Pred","Yes","Naive","None",0.101,"Pred_Warm"
"T20_B5_Az19_B4","IMG_8099",727,6,"B5_Az19","B5","T20",20,"Warm","Pred","Yes","Naive","None",0.155,"Pred_Warm"
"T20_B6_Az9_D5","IMG_8031",715,6,"B6_Az9","B6","T20",20,"Ambiant","Pred","Yes","Naive","None",0.127,"Pred_Ambiant"
"T20_B6_Az10_A5","IMG_8083",727,6,"B6_Az10","B6","T20",20,"Ambiant","Pred","Yes","Naive","None",0.097,"Pred_Ambiant"
"T20_B6_Az8_D3","IMG_8121",727,6,"B6_Az8","B6","T20",20,"Ambiant","Pred","Yes","Naive","None",0.121,"Pred_Ambiant"
"T20_B7_Az8_B6","IMG_8015",715,6,"B7_Az8","B7","T20",20,"Warm","Pred","Yes","Naive","None",0.095,"Pred_Warm"
"T20_B7_Az2_A3","IMG_8109",727,6,"B7_Az2","B7","T20",20,"Warm","Pred","Yes","Naive","None",0.104,"Pred_Warm"
"T20_B7_Az4_D6","IMG_8079",727,6,"B7_Az4","B7","T20",20,"Warm","Pred","Yes","Naive","None",0.1,"Pred_Warm"
"T20_B9_Az14_C2","IMG_8061",715,6,"B9_Az14","B9","T20",20,"Warm","Pred","Yes","Naive","None",0.124,"Pred_Warm"
"T20_B9_Az15_D1","IMG_8070",715,6,"B9_Az15","B9","T20",20,"Warm","Pred","Yes","Naive","None",0.092,"Pred_Warm"
"T20_B9_Az5_D5","IMG_8095",727,6,"B9_Az5","B9","T20",20,"Warm","Pred","Yes","Naive","None",0.117,"Pred_Warm"
"T20_C1_Az10_C6","IMG_8017",715,6,"C1_Az10","C1","T20",20,"Ambiant","Pred","Yes","Naive","None",0.138,"Pred_Ambiant"
"T20_C1_Az6_A4","IMG_8097",727,6,"C1_Az6","C1","T20",20,"Ambiant","Pred","Yes","Naive","None",0.136,"Pred_Ambiant"
"T20_C3_Az18_A1","IMG_8062",715,6,"C3_Az18","C3","T20",20,"Ambiant","Pred","Yes","Naive","None",0.136,"Pred_Ambiant"
"T20_C3_Az20_C6","IMG_8076",727,6,"C3_Az20","C3","T20",20,"Ambiant","Pred","Yes","Naive","None",0.159,"Pred_Ambiant"
"T20_C3_Az5_C2","IMG_8128",727,6,"C3_Az5","C3","T20",20,"Ambiant","Pred","Yes","Naive","None",0.154,"Pred_Ambiant"
"T20_C5_Az2_A3","IMG_8041",715,6,"C5_Az2","C5","T20",20,"Ambiant","Ctrl","Yes","Naive","None",0.108,"Ctrl_Ambiant"
"T20_C5_Az4_C3","IMG_8117",727,6,"C5_Az4","C5","T20",20,"Ambiant","Ctrl","Yes","Naive","None",0.132,"Ctrl_Ambiant"
"T20_C8_Az11_B3","IMG_8044",715,6,"C8_Az11","C8","T20",20,"Warm","Pred","Yes","Naive","None",0.062,"Pred_Warm"
"T20_C8_Az13_B1","IMG_8130",727,6,"C8_Az13","C8","T20",20,"Warm","Pred","Yes","Naive","None",0.127,"Pred_Warm"
"T20_C9_Az20_A5","IMG_8021",715,6,"C9_Az20","C9","T20",20,"Ambiant","Pred","Yes","Naive","None",0.141,"Pred_Ambiant"
"T20_C9_Az8_C1","IMG_8066",715,6,"C9_Az8","C9","T20",20,"Ambiant","Pred","Yes","Naive","None",0.123,"Pred_Ambiant"
"T20_C9_Az14_C1","IMG_8134",727,6,"C9_Az14","C9","T20",20,"Ambiant","Pred","Yes","Naive","None",0.11,"Pred_Ambiant"
"T20_D6_Az16_C5","IMG_8028",715,6,"D6_Az16","D6","T20",20,"Ambiant","Ctrl","Yes","Naive","None",0.113,"Ctrl_Ambiant"
"T20_D6_Az19_A6","IMG_8011",715,6,"D6_Az19","D6","T20",20,"Ambiant","Ctrl","Yes","Naive","None",0.128,"Ctrl_Ambiant"
"T20_D6_Az13_B5","IMG_8087",727,6,"D6_Az13","D6","T20",20,"Ambiant","Ctrl","Yes","Naive","None",0.139,"Ctrl_Ambiant"
"T20_D7_Az18_C3","IMG_8048",715,6,"D7_Az18","D7","T20",20,"Warm","Ctrl","Yes","Naive","None",0.127,"Ctrl_Warm"
"T20_D7_Az19_C5","IMG_8092",727,6,"D7_Az19","D7","T20",20,"Warm","Ctrl","Yes","Naive","None",0.119,"Ctrl_Warm"
"T23_A1_Az4_D4","IMG_7907",715,6,"A1_Az4","A1","T23",23,"Ambiant","Ctrl","Yes","Naive","None",0.114,"Ctrl_Ambiant"
"T23_A1_Az20_A6","IMG_7945",727,6,"A1_Az20","A1","T23",23,"Ambiant","Ctrl","Yes","Naive","None",0.138,"Ctrl_Ambiant"
"T23_B1_Az13_B2","IMG_7926",715,6,"B1_Az13","B1","T23",23,"Warm","Ctrl","Yes","Naive","None",0.105,"Ctrl_Warm"
"T23_B1_Az14_D1","IMG_8007",727,6,"B1_Az14","B1","T23",23,"Warm","Ctrl","Yes","Naive","None",0.118,"Ctrl_Warm"
"T23_B1_Az15_B3","IMG_7982",727,6,"B1_Az15","B1","T23",23,"Warm","Ctrl","Yes","Naive","None",0.125,"Ctrl_Warm"
"T23_B2_Az19_B4","IMG_7904",715,6,"B2_Az19","B2","T23",23,"Ambiant","Ctrl","Yes","Naive","None",0.128,"Ctrl_Ambiant"
"T23_B2_Az11_A2","IMG_7993",727,6,"B2_Az11","B2","T23",23,"Ambiant","Ctrl","Yes","Naive","None",0.132,"Ctrl_Ambiant"
"T23_B4_Az13_D3","IMG_7921",715,6,"B4_Az13","B4","T23",23,"Ambiant","Pred","Yes","Naive","None",0.143,"Pred_Ambiant"
"T23_B4_Az16_D4","IMG_7976",727,6,"B4_Az16","B4","T23",23,"Ambiant","Pred","Yes","Naive","None",0.149,"Pred_Ambiant"
"T23_B5_Az9_B5","IMG_7890",715,6,"B5_Az9","B5","T23",23,"Warm","Pred","Yes","Naive","None",0.109,"Pred_Warm"
"T23_B5_Az19_B4","IMG_7973",727,6,"B5_Az19","B5","T23",23,"Warm","Pred","Yes","Naive","None",0.113,"Pred_Warm"
"T23_B6_Az9_D5","IMG_7900",715,6,"B6_Az9","B6","T23",23,"Ambiant","Pred","Yes","Naive","None",0.094,"Pred_Ambiant"
"T23_B6_Az8_D3","IMG_7989",727,6,"B6_Az8","B6","T23",23,"Ambiant","Pred","Yes","Naive","None",0.119,"Pred_Ambiant"
"T23_B6_Az10_A5","IMG_7957",727,6,"B6_Az10","B6","T23",23,"Ambiant","Pred","Yes","Naive","None",0.111,"Pred_Ambiant"
"T23_B7_Az8_B6","IMG_7880",715,6,"B7_Az8","B7","T23",23,"Warm","Pred","Yes","Naive","None",0.15,"Pred_Warm"
"T23_B7_Az2_A3","IMG_7980",727,6,"B7_Az2","B7","T23",23,"Warm","Pred","Yes","Naive","None",0.087,"Pred_Warm"
"T23_B7_Az4_D6","IMG_7953",727,6,"B7_Az4","B7","T23",23,"Warm","Pred","Yes","Naive","None",0.123,"Pred_Warm"
"T23_B9_Az15_D1","IMG_7941",715,6,"B9_Az15","B9","T23",23,"Warm","Pred","Yes","Naive","None",0.125,"Pred_Warm"
"T23_B9_Az14_C2","IMG_7930",715,6,"B9_Az14","B9","T23",23,"Warm","Pred","Yes","Naive","None",0.129,"Pred_Warm"
"T23_B9_Az5_D5","IMG_7967",727,6,"B9_Az5","B9","T23",23,"Warm","Pred","Yes","Naive","None",0.113,"Pred_Warm"
"T23_C1_Az10_C6","IMG_7882",715,6,"C1_Az10","C1","T23",23,"Ambiant","Pred","Yes","Naive","None",0.127,"Pred_Ambiant"
"T23_C3_Az18_A1","IMG_7934",715,6,"C3_Az18","C3","T23",23,"Ambiant","Pred","Yes","Naive","None",0.125,"Pred_Ambiant"
"T23_C5_Az2_A3","IMG_7910",715,6,"C5_Az2","C5","T23",23,"Ambiant","Ctrl","Yes","Naive","None",0.112,"Ctrl_Ambiant"
"T23_C8_Az11_B3","IMG_7914",715,6,"C8_Az11","C8","T23",23,"Warm","Pred","Yes","Naive","None",0.121,"Pred_Warm"
"T23_C9_Az8_C1","IMG_7938",715,6,"C9_Az8","C9","T23",23,"Ambiant","Pred","Yes","Naive","None",0.115,"Pred_Ambiant"
"T23_C9_Az20_A5","IMG_7886",715,6,"C9_Az20","C9","T23",23,"Ambiant","Pred","Yes","Naive","None",0.13,"Pred_Ambiant"
"T23_D6_Az16_C5","IMG_7894",715,6,"D6_Az16","D6","T23",23,"Ambiant","Ctrl","Yes","Naive","None",0.115,"Ctrl_Ambiant"
"T23_D6_Az19_A6","IMG_7877",715,6,"D6_Az19","D6","T23",23,"Ambiant","Ctrl","Yes","Naive","None",0.102,"Ctrl_Ambiant"
"T23_D7_Az18_C3","IMG_7919",715,6,"D7_Az18","D7","T23",23,"Warm","Ctrl","Yes","Naive","None",0.104,"Ctrl_Warm"
"T23_C1_Az6_A4","IMG_7969",727,6,"C1_Az6","C1","T23",23,"Ambiant","Pred","Yes","Naive","None",0.139,"Pred_Ambiant"
"T23_C3_Az5_C2","IMG_7997",727,6,"C3_Az5","C3","T23",23,"Ambiant","Pred","Yes","Naive","None",0.145,"Pred_Ambiant"
"T23_C3_Az20_C6","IMG_7949",727,6,"C3_Az20","C3","T23",23,"Ambiant","Pred","Yes","Naive","None",0.136,"Pred_Ambiant"
"T23_C5_Az4_C3","IMG_7985",727,6,"C5_Az4","C5","T23",23,"Ambiant","Ctrl","Yes","Naive","None",0.123,"Ctrl_Ambiant"
"T23_C8_Az13_B1","IMG_7998",727,6,"C8_Az13","C8","T23",23,"Warm","Pred","Yes","Naive","None",0.14,"Pred_Warm"
"T23_C9_Az14_C1","IMG_8003",727,6,"C9_Az14","C9","T23",23,"Ambiant","Pred","Yes","Naive","None",0.134,"Pred_Ambiant"
"T23_D6_Az13_B5",NA,727,6,"D6_Az13","D6","T23",23,"Ambiant","Ctrl","Yes","Naive","None",NA,"Ctrl_Ambiant"
"T23_D7_Az19_C5","IMG_7964",727,6,"D7_Az19","D7","T25",23,"Warm","Ctrl","Yes","Naive","None",0.11,"Ctrl_Warm"
"T25_A1_Az4_D4","IMG_7735",715,6,"A1_Az4","A1","T25",25,"Ambiant","Ctrl","Yes","Naive","None",0.122,"Ctrl_Ambiant"
"T25_A1_Az20_A6","IMG_7776",727,6,"A1_Az20","A1","T25",25,"Ambiant","Ctrl","Yes","Naive","None",0.101,"Ctrl_Ambiant"
"T25_B1_Az13_B2","IMG_7759",715,6,"B1_Az13","B1","T25",25,"Warm","Ctrl","Yes","Naive","None",0.101,"Ctrl_Warm"
"T25_B1_Az14_D1","IMG_7851",727,6,"B1_Az14","B1","T25",25,"Warm","Ctrl","Yes","Naive","None",0.143,"Ctrl_Warm"
"T25_B1_Az15_B3","IMG_7820",727,6,"B1_Az15","B1","T25",25,"Warm","Ctrl","Yes","Naive","None",0.121,"Ctrl_Warm"
"T25_B2_Az19_B4","IMG_7733",715,6,"B2_Az19","B2","T25",25,"Ambiant","Ctrl","Yes","Naive","None",0.133,"Ctrl_Ambiant"
"T25_B2_Az11_A2","IMG_7832",727,6,"B2_Az11","B2","T25",25,"Ambiant","Ctrl","Yes","Naive","None",0.136,"Ctrl_Ambiant"
"T25_B4_Az13_D3","IMG_7753",715,6,"B4_Az13","B4","T25",25,"Ambiant","Pred","Yes","Naive","None",0.132,"Pred_Ambiant"
"T25_B4_Az16_D4","IMG_7813",727,6,"B4_Az16","B4","T25",25,"Ambiant","Pred","Yes","Naive","None",0.114,"Pred_Ambiant"
"T25_B5_Az9_B5","IMG_7722",715,6,"B5_Az9","B5","T25",25,"Warm","Pred","Yes","Naive","None",0.144,"Pred_Warm"
"T25_B5_Az19_B4","IMG_7809",727,6,"B5_Az19","B5","T25",25,"Warm","Pred","Yes","Naive","None",0.123,"Pred_Warm"
"T25_B6_Az9_D5","IMG_7730",715,6,"B6_Az9","B6","T25",25,"Ambiant","Pred","Yes","Naive","None",0.13,"Pred_Ambiant"
"T25_B6_Az10_A5","IMG_7786",727,6,"B6_Az10","B6","T25",25,"Ambiant","Pred","Yes","Naive","None",0.127,"Pred_Ambiant"
"T25_B6_Az8_D3","IMG_7828",727,6,"B6_Az8","B6","T25",25,"Ambiant","Pred","Yes","Naive","None",0.105,"Pred_Ambiant"
"T25_B7_Az8_B6","IMG_7712",715,6,"B7_Az8","B7","T25",25,"Warm","Pred","Yes","Naive","None",0.131,"Pred_Warm"
"T25_B7_Az2_A3","IMG_7817",727,6,"B7_Az2","B7","T25",25,"Warm","Pred","Yes","Naive","None",0.091,"Pred_Warm"
"T25_B7_Az4_D6","IMG_7782",727,6,"B7_Az4","B7","T25",25,"Warm","Pred","Yes","Naive","None",0.148,"Pred_Warm"
"T25_B9_Az14_C2",NA,715,6,"B9_Az14","B9","T25",25,"Warm","Pred","Yes","Naive","None",NA,"Pred_Warm"
"T25_B9_Az15_D1","IMG_7772",715,6,"B9_Az15","B9","T25",25,"Warm","Pred","Yes","Naive","None",0.124,"Pred_Warm"
"T25_B9_Az5_D5","IMG_7800",727,6,"B9_Az5","B9","T25",25,"Warm","Pred","Yes","Naive","None",0.135,"Pred_Warm"
"T25_C1_Az10_C6","IMG_7715",715,6,"C1_Az10","C1","T25",25,"Ambiant","Pred","Yes","Naive","None",0.129,"Pred_Ambiant"
"T25_C1_Az6_A4","IMG_7804",727,6,"C1_Az6","C1","T25",25,"Ambiant","Pred","Yes","Naive","None",0.109,"Pred_Ambiant"
"T25_C3_Az18_A1","IMG_7763",715,6,"C3_Az18","C3","T25",25,"Ambiant","Pred","Yes","Naive","None",0.145,"Pred_Ambiant"
"T25_C3_Az20_C6","IMG_7778",727,6,"C3_Az20","C3","T25",25,"Ambiant","Pred","Yes","Naive","None",0.144,"Pred_Ambiant"
"T25_C3_Az5_C2","IMG_7838",727,6,"C3_Az5","C3","T25",25,"Ambiant","Pred","Yes","Naive","None",0.151,"Pred_Ambiant"
"T25_C5_Az2_A3","IMG_7739",715,6,"C5_Az2","C5","T25",25,"Ambiant","Ctrl","Yes","Naive","None",0.121,"Ctrl_Ambiant"
"T25_C5_Az4_C3","IMG_7825",727,6,"C5_Az4","C5","T25",25,"Ambiant","Ctrl","Yes","Naive","None",0.131,"Ctrl_Ambiant"
"T25_C8_Az11_B3","IMG_7744",715,6,"C8_Az11","C8","T25",25,"Warm","Pred","Yes","Naive","None",0.103,"Pred_Warm"
"T25_C8_Az13_B1","IMG_7844",727,6,"C8_Az13","C8","T25",25,"Warm","Pred","Yes","Naive","None",0.102,"Pred_Warm"
"T25_C9_Az20_A5","IMG_7717",715,6,"C9_Az20","C9","T25",25,"Ambiant","Pred","Yes","Naive","None",0.112,"Pred_Ambiant"
"T25_C9_Az8_C1","IMG_7769",715,6,"C9_Az8","C9","T25",25,"Ambiant","Pred","Yes","Naive","None",0.133,"Pred_Ambiant"
"T25_C9_Az14_C1","IMG_7846",727,6,"C9_Az14","C9","T25",25,"Ambiant","Pred","Yes","Naive","None",0.12,"Pred_Ambiant"
"T25_D6_Az16_C5","IMG_7725",715,6,"D6_Az16","D6","T25",25,"Ambiant","Ctrl","Yes","Naive","None",0.147,"Ctrl_Ambiant"
"T25_D6_Az19_A6","IMG_7710",715,6,"D6_Az19","D6","T25",25,"Ambiant","Ctrl","Yes","Naive","None",0.151,"Ctrl_Ambiant"
"T25_D6_Az13_B5",NA,727,6,"D6_Az13","D6","T25",25,"Ambiant","Ctrl","Yes","Naive","None",NA,"Ctrl_Ambiant"
"T25_D7_Az18_C3","IMG_7747",715,6,"D7_Az18","D7","T25",25,"Warm","Ctrl","Yes","Naive","None",0.155,"Ctrl_Warm"
"T25_D7_Az19_C5","IMG_7793",727,6,"D7_Az19","D7","T25",25,"Warm","Ctrl","Yes","Naive","None",0.121,"Ctrl_Warm"
"T27_A1_Az4_D4","IMG_7599",715,6,"A1_Az4","A1","T27",27,"Ambiant","Ctrl","Yes","Naive","None",0.104,"Ctrl_Ambiant"
"T27_B1_Az13_B2","IMG_7617",715,6,"B1_Az13","B1","T27",27,"Warm","Ctrl","Yes","Naive","None",0.125,"Ctrl_Warm"
"T27_B2_Az19_B4","IMG_7596",715,6,"B2_Az19","B2","T27",27,"Ambiant","Ctrl","Yes","Naive","None",0.141,"Ctrl_Ambiant"
"T27_B4_Az13_D3","IMG_7612",715,6,"B4_Az13","B4","T27",27,"Ambiant","Pred","Yes","Naive","None",0.121,"Pred_Ambiant"
"T27_B5_Az9_B5","IMG_7585",715,6,"B5_Az9","B5","T27",27,"Warm","Pred","Yes","Naive","None",0.125,"Pred_Warm"
"T27_B6_Az9_D5","IMG_7593",715,6,"B6_Az9","B6","T27",27,"Ambiant","Pred","Yes","Naive","None",0.132,"Pred_Ambiant"
"T27_B7_Az8_B6","IMG_7572",715,6,"B7_Az8","B7","T27",27,"Warm","Pred","Yes","Naive","None",0.124,"Pred_Warm"
"T27_B9_Az15_D1","IMG_7631",715,6,"B9_Az15","B9","T27",27,"Warm","Pred","Yes","Naive","None",0.12,"Pred_Warm"
"T27_B9_Az14_C2","IMG_7620",715,6,"B9_Az14","B9","T27",27,"Warm","Pred","Yes","Naive","None",0.125,"Pred_Warm"
"T27_C1_Az10_C6","IMG_7577",715,6,"C1_Az10","C1","T27",27,"Ambiant","Pred","Yes","Naive","None",0.139,"Pred_Ambiant"
"T27_C3_Az18_A1","IMG_7623",715,6,"C3_Az18","C3","T27",27,"Ambiant","Pred","Yes","Naive","None",0.112,"Pred_Ambiant"
"T27_C5_Az2_A3","IMG_7603",715,6,"C5_Az2","C5","T27",27,"Ambiant","Ctrl","Yes","Naive","None",0.121,"Ctrl_Ambiant"
"T27_C8_Az11_B3","IMG_7605",715,6,"C8_Az11","C8","T27",27,"Warm","Pred","Yes","Naive","None",0.136,"Pred_Warm"
"T27_C9_Az8_C1","IMG_7627",715,6,"C9_Az8","C9","T27",27,"Ambiant","Pred","Yes","Naive","None",0.111,"Pred_Ambiant"
"T27_C9_Az20_A5","IMG_7581",715,6,"C9_Az20","C9","T27",27,"Ambiant","Pred","Yes","Naive","None",0.133,"Pred_Ambiant"
"T27_D6_Az16_C5","IMG_7587",715,6,"D6_Az16","D6","T27",27,"Ambiant","Ctrl","Yes","Naive","None",0.135,"Ctrl_Ambiant"
"T27_D6_Az19_A6","IMG_7570",715,6,"D6_Az19","D6","T27",27,"Ambiant","Ctrl","Yes","Naive","None",0.127,"Ctrl_Ambiant"
"T27_D7_Az18_C3","IMG_7610",715,6,"D7_Az18","D7","T27",27,"Warm","Ctrl","Yes","Naive","None",0.122,"Ctrl_Warm"
"T27_A1_Az20_A6","IMG_7633",727,6,"A1_Az20","A1","T27",27,"Ambiant","Ctrl","Yes","Naive","None",0.118,"Ctrl_Ambiant"
"T27_B1_Az14_D1","IMG_7699",727,6,"B1_Az14","B1","T27",27,"Warm","Ctrl","Yes","Naive","None",0.11,"Ctrl_Warm"
"T27_B1_Az15_B3","IMG_7673",727,6,"B1_Az15","B1","T27",27,"Warm","Ctrl","Yes","Naive","None",0.136,"Ctrl_Warm"
"T27_B2_Az11_A2","IMG_7683",727,6,"B2_Az11","B2","T27",27,"Ambiant","Ctrl","Yes","Naive","None",0.14,"Ctrl_Ambiant"
"T27_B4_Az16_D4","IMG_7667",727,6,"B4_Az16","B4","T27",27,"Ambiant","Pred","Yes","Naive","None",0.099,"Pred_Ambiant"
"T27_B5_Az19_B4","IMG_7663",727,6,"B5_Az19","B5","T27",27,"Warm","Pred","Yes","Naive","None",0.103,"Pred_Warm"
"T27_B6_Az8_D3","IMG_7680",727,6,"B6_Az8","B6","T27",27,"Ambiant","Pred","Yes","Naive","None",0.122,"Pred_Ambiant"
"T27_B6_Az10_A5","IMG_7646",727,6,"B6_Az10","B6","T27",27,"Ambiant","Pred","Yes","Naive","None",0.114,"Pred_Ambiant"
"T27_B7_Az2_A3","IMG_7671",727,6,"B7_Az2","B7","T27",27,"Warm","Pred","Yes","Naive","None",0.085,"Pred_Warm"
"T27_B7_Az4_D6","IMG_7642",727,6,"B7_Az4","B7","T27",27,"Warm","Pred","Yes","Naive","None",0.106,"Pred_Warm"
"T27_B9_Az5_D5","IMG_7656",727,6,"B9_Az5","B9","T27",27,"Warm","Pred","Yes","Naive","None",0.117,"Pred_Warm"
"T27_C1_Az6_A4","IMG_7658",727,6,"C1_Az6","C1","T27",27,"Ambiant","Pred","Yes","Naive","None",0.162,"Pred_Ambiant"
"T27_C3_Az5_C2","IMG_7687",727,6,"C3_Az5","C3","T27",27,"Ambiant","Pred","Yes","Naive","None",0.1,"Pred_Ambiant"
"T27_C3_Az20_C6","IMG_7639",727,6,"C3_Az20","C3","T27",27,"Ambiant","Pred","Yes","Naive","None",0.126,"Pred_Ambiant"
"T27_C5_Az4_C3","IMG_7677",727,6,"C5_Az4","C5","T27",27,"Ambiant","Ctrl","Yes","Naive","None",0.119,"Ctrl_Ambiant"
"T27_C8_Az13_B1","IMG_7690",727,6,"C8_Az13","C8","T27",27,"Warm","Pred","Yes","Naive","None",0.134,"Pred_Warm"
"T27_C9_Az14_C1","IMG_7695",727,6,"C9_Az14","C9","T27",27,"Ambiant","Pred","Yes","Naive","None",0.113,"Pred_Ambiant"
"T27_D6_Az13_B5",NA,727,6,"D6_Az13","D6","T27",27,"Ambiant","Ctrl","Yes","Naive","None",NA,"Ctrl_Ambiant"
"T27_D7_Az19_C5","IMG_7653",727,6,"D7_Az19","D7","T27",27,"Warm","Ctrl","Yes","Naive","None",0.125,"Ctrl_Warm"
"T30_A1_Az4_D4","IMG_7465",715,6,"A1_Az4","A1","T30",30,"Ambiant","Ctrl","Yes","Naive","None",0.125,"Ctrl_Ambiant"
"T30_A1_Az20_A6","IMG_7501",727,6,"A1_Az20","A1","T30",30,"Ambiant","Ctrl","Yes","Naive","None",0.091,"Ctrl_Ambiant"
"T30_B1_Az13_B2","IMG_7482",715,6,"B1_Az13","B1","T30",30,"Warm","Ctrl","Yes","Naive","None",0.12,"Ctrl_Warm"
"T30_B1_Az14_D1","IMG_7567",727,6,"B1_Az14","B1","T30",30,"Warm","Ctrl","Yes","Naive","None",0.164,"Ctrl_Warm"
"T30_B1_Az15_B3","IMG_7542",727,6,"B1_Az15","B1","T30",30,"Warm","Ctrl","Yes","Naive","None",0.14,"Ctrl_Warm"
"T30_B2_Az19_B4","IMG_7463",715,6,"B2_Az19","B2","T30",30,"Ambiant","Ctrl","Yes","Naive","None",0.119,"Ctrl_Ambiant"
"T30_B2_Az11_A2","IMG_7552",727,6,"B2_Az11","B2","T30",30,"Ambiant","Ctrl","Yes","Naive","None",0.134,"Ctrl_Ambiant"
"T30_B4_Az13_D3","IMG_7479",715,6,"B4_Az13","B4","T30",30,"Ambiant","Pred","Yes","Naive","None",0.121,"Pred_Ambiant"
"T30_B4_Az16_D4","IMG_7533",727,6,"B4_Az16","B4","T30",30,"Ambiant","Pred","Yes","Naive","None",0.145,"Pred_Ambiant"
"T30_B5_Az9_B5","IMG_7450",715,6,"B5_Az9","B5","T30",30,"Warm","Pred","Yes","Naive","None",0.118,"Pred_Warm"
"T30_B5_Az19_B4","IMG_7531",727,6,"B5_Az19","B5","T30",30,"Warm","Pred","Yes","Naive","None",0.156,"Pred_Warm"
"T30_B6_Az9_D5","IMG_7460",715,6,"B6_Az9","B6","T30",30,"Ambiant","Pred","Yes","Naive","None",0.097,"Pred_Ambiant"
"T30_B6_Az8_D3","IMG_7549",727,6,"B6_Az8","B6","T30",30,"Ambiant","Pred","Yes","Naive","None",0.111,"Pred_Ambiant"
"T30_B6_Az10_A5","IMG_7511",727,6,"B6_Az10","B6","T30",30,"Ambiant","Pred","Yes","Naive","None",0.117,"Pred_Ambiant"
"T30_B7_Az8_B6","IMG_7441",715,6,"B7_Az8","B7","T30",30,"Warm","Pred","Yes","Naive","None",0.111,"Pred_Warm"
"T30_B7_Az2_A3","IMG_7538",727,6,"B7_Az2","B7","T30",30,"Warm","Pred","Yes","Naive","None",0.121,"Pred_Warm"
"T30_B7_Az4_D6","IMG_7506",727,6,"B7_Az4","B7","T30",30,"Warm","Pred","Yes","Naive","None",0.135,"Pred_Warm"
"T30_B9_Az15_D1","IMG_7496",715,6,"B9_Az15","B9","T30",30,"Warm","Pred","Yes","Naive","None",0.133,"Pred_Warm"
"T30_B9_Az14_C2","IMG_7485",715,6,"B9_Az14","B9","T30",30,"Warm","Pred","Yes","Naive","None",0.122,"Pred_Warm"
"T30_B9_Az5_D5","IMG_7522",727,6,"B9_Az5","B9","T30",30,"Warm","Pred","Yes","Naive","None",0.108,"Pred_Warm"
"T30_C1_Az10_C6","IMG_7445",715,6,"C1_Az10","C1","T30",30,"Ambiant","Pred","Yes","Naive","None",0.105,"Pred_Ambiant"
"T30_C1_Az6_A4","IMG_7527",727,6,"C1_Az6","C1","T30",30,"Ambiant","Pred","Yes","Naive","None",0.125,"Pred_Ambiant"
"T30_C3_Az18_A1","IMG_7489",715,6,"C3_Az18","C3","T30",30,"Ambiant","Pred","Yes","Naive","None",0.138,"Pred_Ambiant"
"T30_C3_Az5_C2","IMG_7553",727,6,"C3_Az5","C3","T30",30,"Ambiant","Pred","Yes","Naive","None",0.142,"Pred_Ambiant"
"T30_C3_Az20_C6","IMG_7504",727,6,"C3_Az20","C3","T30",30,"Ambiant","Pred","Yes","Naive","None",0.128,"Pred_Ambiant"
"T30_C5_Az2_A3","IMG_7468",715,6,"C5_Az2","C5","T30",30,"Ambiant","Ctrl","Yes","Naive","None",0.121,"Ctrl_Ambiant"
"T30_C5_Az4_C3","IMG_7545",727,6,"C5_Az4","C5","T30",30,"Ambiant","Ctrl","Yes","Naive","None",0.157,"Ctrl_Ambiant"
"T30_C8_Az11_B3","IMG_7470",715,6,"C8_Az11","C8","T30",30,"Warm","Pred","Yes","Naive","None",0.13,"Pred_Warm"
"T30_C8_Az13_B1","IMG_7558",727,6,"C8_Az13","C8","T30",30,"Warm","Pred","Yes","Naive","None",0.125,"Pred_Warm"
"T30_C9_Az8_C1","IMG_7493",715,6,"C9_Az8","C9","T30",30,"Ambiant","Pred","Yes","Naive","None",0.114,"Pred_Ambiant"
"T30_C9_Az20_A5","IMG_7447",715,6,"C9_Az20","C9","T30",30,"Ambiant","Pred","Yes","Naive","None",0.134,"Pred_Ambiant"
"T30_C9_Az14_C1","IMG_7564",727,6,"C9_Az14","C9","T30",30,"Ambiant","Pred","Yes","Naive","None",0.11,"Pred_Ambiant"
"T30_D6_Az16_C5","IMG_7455",715,6,"D6_Az16","D6","T30",30,"Ambiant","Ctrl","Yes","Naive","None",0.146,"Ctrl_Ambiant"
"T30_D6_Az19_A6","IMG_7437",715,6,"D6_Az19","D6","T30",30,"Ambiant","Ctrl","Yes","Naive","None",0.141,"Ctrl_Ambiant"
"T30_D6_Az13_B5",NA,727,6,"D6_Az13","D6","T30",30,"Ambiant","Ctrl","Yes","Naive","None",NA,"Ctrl_Ambiant"
"T30_D7_Az18_C3","IMG_7476",715,6,"D7_Az18","D7","T30",30,"Warm","Ctrl","Yes","Naive","None",0.119,"Ctrl_Warm"
"T30_D7_Az19_C5","IMG_7520",727,6,"D7_Az19","D7","T30",30,"Warm","Ctrl","Yes","Naive","None",0.105,"Ctrl_Warm"
"T10_A1_Az6_A4","IMG_9942",715,8,"A1_Az6","A1","T10",10,"Ambiant","Ctrl","Yes","Naive","None",0.122,"Ctrl_Ambiant"
"T10_A1_Az17_C2","IMG_0041",727,8,"A1_Az17","A1","T10",10,"Ambiant","Ctrl","Yes","Naive","None",0.104,"Ctrl_Ambiant"
"T10_A1_Az10_A6","IMG_9988",727,8,"A1_Az10","A1","T10",10,"Ambiant","Ctrl","Yes","Naive","None",0.126,"Ctrl_Ambiant"
"T10_B1_Az7_C3","IMG_8450",715,7,"B1_Az7","B1","T10",10,"Warm","Ctrl","Yes","Naive","None",0.116,"Ctrl_Warm"
"T10_B1_Az6_C2","IMG_8533",727,7,"B1_Az6","B1","T10",10,"Warm","Ctrl","Yes","Naive","None",0.125,"Ctrl_Warm"
"T10_B1_Az4_B5","IMG_8495",727,7,"B1_Az4","B1","T10",10,"Warm","Ctrl","Yes","Naive","None",0.115,"Ctrl_Warm"
"T10_B2_Az4_A5","IMG_8427",715,7,"B2_Az4","B2","T10",10,"Ambiant","Ctrl","Yes","Naive","None",0.135,"Ctrl_Ambiant"
"T10_B2_Az9_C1","IMG_8544",727,7,"B2_Az9","B2","T10",10,"Ambiant","Ctrl","Yes","Naive","None",0.125,"Ctrl_Ambiant"
"T10_B2_Az14_D5","IMG_8502",727,7,"B2_Az14","B2","T10",10,"Ambiant","Ctrl","Yes","Naive","None",0.148,"Ctrl_Ambiant"
"T10_B4_Az2_A4","IMG_8436",715,7,"B4_Az2","B4","T10",10,"Ambiant","Pred","Yes","Naive","None",0.162,"Pred_Ambiant"
"T10_B4_Az14_C6","IMG_8422",715,7,"B4_Az14","B4","T10",10,"Ambiant","Pred","Yes","Naive","None",0.15,"Pred_Ambiant"
"T10_B4_Az7_A3","IMG_8516",727,7,"B4_Az7","B4","T10",10,"Ambiant","Pred","Yes","Naive","None",0.144,"Pred_Ambiant"
"T10_B5_Az2_D2","IMG_8470",715,7,"B5_Az2","B5","T10",10,"Warm","Pred","Yes","Naive","None",0.14,"Pred_Warm"
"T10_B5_Az1_B3","IMG_8522",727,7,"B5_Az1","B5","T10",10,"Warm","Pred","Yes","Naive","None",0.16,"Pred_Warm"
"T10_B6_Az2_C2","IMG_8467",715,7,"B6_Az2","B6","T10",10,"Ambiant","Pred","Yes","Naive","None",0.119,"Pred_Ambiant"
"T10_B6_Az5_B2","IMG_8529",727,7,"B6_Az5","B6","T10",10,"Ambiant","Pred","Yes","Naive","None",0.117,"Pred_Ambiant"
"T10_B7_Az9_A3","IMG_8446",715,7,"B7_Az9","B7","T10",10,"Warm","Pred","Yes","Naive","None",0.1595,"Pred_Warm"
"T10_B7_Az11_D4","IMG_8444",715,7,"B7_Az11","B7","T10",10,"Warm","Pred","Yes","Naive","None",0.134,"Pred_Warm"
"T10_B7_Az1_C5","IMG_8498",727,7,"B7_Az1","B7","T10",10,"Warm","Pred","Yes","Naive","None",0.133,"Pred_Warm"
"T10_B9_Az3_A6","IMG_8421",715,7,"B9_Az3","B9","T10",10,"Warm","Pred","Yes","Naive","None",0.078,"Pred_Warm"
"T10_B9_Az11_B6","IMG_8485",727,7,"B9_Az11","B9","T10",10,"Warm","Pred","Yes","Naive","None",0.133,"Pred_Warm"
"T10_C1_Az7_D3","IMG_8455",715,7,"C1_Az7","C1","T10",10,"Ambiant","Pred","Yes","Naive","None",0.111,"Pred_Ambiant"
"T10_C1_Az12_C4","IMG_8512",727,7,"C1_Az12","C1","T10",10,"Ambiant","Pred","Yes","Naive","None",0.1385,"Pred_Ambiant"
"T10_C3_Az7_A2","IMG_8459",715,7,"C3_Az7","C3","T10",10,"Ambiant","Pred","Yes","Naive","None",0.144,"Pred_Ambiant"
"T10_C3_Az8_D2","IMG_8537",727,7,"C3_Az8","C3","T10",10,"Ambiant","Pred","Yes","Naive","None",0.09,"Pred_Ambiant"
"T10_C8_Az20_C5","IMG_8432",715,7,"C8_Az20","C8","T10",10,"Warm","Pred","Yes","Naive","None",0.149,"Pred_Warm"
"T10_C8_Az1_B1","IMG_8540",727,7,"C8_Az1","C8","T10",10,"Warm","Pred","Yes","Naive","None",0.143,"Pred_Warm"
"T10_C8_Az19_D4","IMG_8514",727,7,"C8_Az19","C8","T10",10,"Warm","Pred","Yes","Naive","None",0.136,"Pred_Warm"
"T10_C9_Az15_B1","IMG_8476",715,7,"C9_Az15","C9","T10",10,"Ambiant","Pred","Yes","Naive","None",0.132,"Pred_Ambiant"
"T10_C9_Az4_A4","IMG_8506",727,7,"C9_Az4","C9","T10",10,"Ambiant","Pred","Yes","Naive","None",0.111,"Pred_Ambiant"
"T10_C9_Az5_A6","IMG_8482",727,7,"C9_Az5","C9","T10",10,"Ambiant","Pred","Yes","Naive","None",0.13,"Pred_Ambiant"
"T10_D6_Az2_C4","IMG_8440",715,7,"D6_Az2","D6","T10",10,"Ambiant","Ctrl","Yes","Naive","None",0.124,"Ctrl_Ambiant"
"T10_D6_Az10_D3","IMG_8526",727,7,"D6_Az10","D6","T10",10,"Ambiant","Ctrl","Yes","Naive","None",0.1263,"Ctrl_Ambiant"
"T10_D6_Az3_C6","IMG_8489",727,7,"D6_Az3","D6","T10",10,"Ambiant","Ctrl","Yes","Naive","None",0.129,"Ctrl_Ambiant"
"T10_D7_Az9_A1","IMG_8474",715,7,"D7_Az9","D7","T10",10,"Warm","Ctrl","Yes","Naive","None",0.143,"Ctrl_Warm"
"T10_D7_Az6_B5","IMG_8430",715,7,"D7_Az6","D7","T10",10,"Warm","Ctrl","Yes","Naive","None",0.165,"Ctrl_Warm"
"T10_D7_Az4_D6","IMG_8493",727,7,"D7_Az4","D7","T10",10,"Warm","Ctrl","Yes","Naive","None",0.1295,"Ctrl_Warm"
"T15_A1_Az18_B2","IMG_8589",715,7,"A1_Az18","A1","T15",15,"Ambiant","Ctrl","Yes","Naive","None",0.128,"Ctrl_Ambiant"
"T15_A1_Az2_B4","IMG_8638",727,7,"A1_Az2","A1","T15",15,"Ambiant","Ctrl","Yes","Naive","None",0.147,"Ctrl_Ambiant"
"T15_B1_Az20_D1","IMG_8607",715,7,"B1_Az20","B1","T15",15,"Warm","Ctrl","Yes","Naive","None",0.144,"Ctrl_Warm"
"T15_B1_Az7_C3","IMG_8579",715,7,"B1_Az7","B1","T15",15,"Warm","Ctrl","Yes","Naive","None",0.125,"Ctrl_Warm"
"T15_B1_Az6_C2","IMG_8664",727,7,"B1_Az6","B1","T15",15,"Warm","Ctrl","Yes","Naive","None",0.114,"Ctrl_Warm"
"T15_B1_Az4_B5","IMG_8622",727,7,"B1_Az4","B1","T15",15,"Warm","Ctrl","Yes","Naive","None",0.1701,"Ctrl_Warm"
"T15_B2_Az4_A5","IMG_8558",715,7,"B2_Az4","B2","T15",15,"Ambiant","Ctrl","Yes","Naive","None",0.106,"Ctrl_Ambiant"
"T15_B2_Az9_C1","IMG_8677",727,7,"B2_Az9","B2","T15",15,"Ambiant","Ctrl","Yes","Naive","None",0.112,"Ctrl_Ambiant"
"T15_B2_Az14_D5","IMG_8632",727,7,"B2_Az14","B2","T15",15,"Ambiant","Ctrl","Yes","Naive","None",0.099,"Ctrl_Ambiant"
"T15_B4_Az2_A4","IMG_8567",715,7,"B4_Az2","B4","T15",15,"Ambiant","Pred","Yes","Naive","None",0.15,"Pred_Ambiant"
"T15_B4_Az14_C6","IMG_8554",715,7,"B4_Az14","B4","T15",15,"Ambiant","Pred","Yes","Naive","None",0.146,"Pred_Ambiant"
"T15_B4_Az7_A3","IMG_8647",727,7,"B4_Az7","B4","T15",15,"Ambiant","Pred","Yes","Naive","None",0.139,"Pred_Ambiant"
"T15_B5_Az2_D2","IMG_8598",715,7,"B5_Az2","B5","T15",15,"Warm","Pred","Yes","Naive","None",0.109,"Pred_Warm"
"T15_B5_Az1_B3","IMG_8651",727,7,"B5_Az1","B5","T15",15,"Warm","Pred","Yes","Naive","None",0.12,"Pred_Warm"
"T15_B6_Az2_C2","IMG_8594",715,7,"B6_Az2","B6","T15",15,"Ambiant","Pred","Yes","Naive","None",0.098,"Pred_Ambiant"
"T15_B6_Az5_B2","IMG_8662",727,7,"B6_Az5","B6","T15",15,"Ambiant","Pred","Yes","Naive","None",0.089,"Pred_Ambiant"
"T15_B7_Az9_A3","IMG_8576",715,7,"B7_Az9","B7","T15",15,"Warm","Pred","Yes","Naive","None",0.1421,"Pred_Warm"
"T15_B7_Az11_D4","IMG_8574",715,7,"B7_Az11","B7","T15",15,"Warm","Pred","Yes","Naive","None",0.13,"Pred_Warm"
"T15_B7_Az1_C5","IMG_8627",727,7,"B7_Az1","B7","T15",15,"Warm","Pred","Yes","Naive","None",0.114,"Pred_Warm"
"T15_B9_Az3_A6","IMG_8547",715,7,"B9_Az3","B9","T15",15,"Warm","Pred","Yes","Naive","None",0.118,"Pred_Warm"
"T15_B9_Az11_B6","IMG_8613",727,7,"B9_Az11","B9","T15",15,"Warm","Pred","Yes","Naive","None",0.136,"Pred_Warm"
"T15_C1_Az7_D3","IMG_8582",715,7,"C1_Az7","C1","T15",15,"Ambiant","Pred","Yes","Naive","None",0.146,"Pred_Ambiant"
"T15_C1_Az12_C4","IMG_8640",727,7,"C1_Az12","C1","T15",15,"Ambiant","Pred","Yes","Naive","None",0.138,"Pred_Ambiant"
"T15_C3_Az7_A2","IMG_8584",715,7,"C3_Az7","C3","T15",15,"Ambiant","Pred","Yes","Naive","None",0.161,"Pred_Ambiant"
"T15_C3_Az8_D2","IMG_8669",727,7,"C3_Az8","C3","T15",15,"Ambiant","Pred","Yes","Naive","None",0.093,"Pred_Ambiant"
"T15_C8_Az20_C5","IMG_8564",715,7,"C8_Az20","C8","T15",15,"Warm","Pred","Yes","Naive","None",0.122,"Pred_Warm"
"T15_C8_Az1_B1","IMG_8673",727,7,"C8_Az1","C8","T15",15,"Warm","Pred","Yes","Naive","None",0.122,"Pred_Warm"
"T15_C8_Az19_D4","IMG_8643",727,7,"C8_Az19","C8","T15",15,"Warm","Pred","Yes","Naive","None",0.1364,"Pred_Warm"
"T15_C9_Az15_B1","IMG_8604",715,7,"C9_Az15","C9","T15",15,"Ambiant","Pred","Yes","Naive","None",0.136,"Pred_Ambiant"
"T15_C9_Az4_A4","IMG_8635",727,7,"C9_Az4","C9","T15",15,"Ambiant","Pred","Yes","Naive","None",0.131,"Pred_Ambiant"
"T15_C9_Az5_A6","IMG_8611",727,7,"C9_Az5","C9","T15",15,"Ambiant","Pred","Yes","Naive","None",0.108,"Pred_Ambiant"
"T15_D6_Az2_C4","IMG_8570",715,7,"D6_Az2","D6","T15",15,"Ambiant","Ctrl","Yes","Naive","None",0.133,"Ctrl_Ambiant"
"T15_D6_Az10_D3","IMG_8654",727,7,"D6_Az10","D6","T15",15,"Ambiant","Ctrl","Yes","Naive","None",0.133,"Ctrl_Ambiant"
"T15_D6_Az3_C6","IMG_8617",727,7,"D6_Az3","D6","T15",15,"Ambiant","Ctrl","Yes","Naive","None",0.146,"Ctrl_Ambiant"
"T15_D7_Az9_A1","IMG_8600",715,7,"D7_Az9","D7","T15",15,"Warm","Ctrl","Yes","Naive","None",0.134,"Ctrl_Warm"
"T15_D7_Az6_B5","IMG_8562",715,7,"D7_Az6","D7","T15",15,"Warm","Ctrl","Yes","Naive","None",0.099,"Ctrl_Warm"
"T15_D7_Az4_D6","IMG_8621",727,7,"D7_Az4","D7","T15",15,"Warm","Ctrl","Yes","Naive","None",0.1175,"Ctrl_Warm"
"T20_A1_Az18_B2","IMG_8721",715,7,"A1_Az18","A1","T20",20,"Ambiant","Ctrl","Yes","Naive","None",0.136,"Ctrl_Ambiant"
"T20_A1_Az2_B4","IMG_8766",727,7,"A1_Az2","A1","T20",20,"Ambiant","Ctrl","Yes","Naive","None",0.1131,"Ctrl_Ambiant"
"T20_B1_Az20_D1","IMG_8738",715,7,"B1_Az20","B1","T20",20,"Warm","Ctrl","Yes","Naive","None",0.113,"Ctrl_Warm"
"T20_B1_Az7_C3","IMG_8713",715,7,"B1_Az7","B1","T20",20,"Warm","Ctrl","Yes","Naive","None",0.12,"Ctrl_Warm"
"T20_B1_Az4_B5","IMG_8755",727,7,"B1_Az4","B1","T20",20,"Warm","Ctrl","Yes","Naive","None",0.077,"Ctrl_Warm"
"T20_B1_Az6_C2","IMG_8791",727,7,"B1_Az6","B1","T20",20,"Warm","Ctrl","Yes","Naive","None",0.11,"Ctrl_Warm"
"T20_B2_Az4_A5","IMG_8688",715,7,"B2_Az4","B2","T20",20,"Ambiant","Ctrl","Yes","Naive","None",0.14,"Ctrl_Ambiant"
"T20_B2_Az14_D5","IMG_8761",727,7,"B2_Az14","B2","T20",20,"Ambiant","Ctrl","Yes","Naive","None",0.117,"Ctrl_Ambiant"
"T20_B2_Az9_C1","IMG_8800",727,7,"B2_Az9","B2","T20",20,"Ambiant","Ctrl","Yes","Naive","None",0.1173,"Ctrl_Ambiant"
"T20_B4_Az14_C6","IMG_8685",715,7,"B4_Az14","B4","T20",20,"Ambiant","Pred","Yes","Naive","None",0.163,"Pred_Ambiant"
"T20_B4_Az2_A4","IMG_8696",715,7,"B4_Az2","B4","T20",20,"Ambiant","Pred","Yes","Naive","None",0.168,"Pred_Ambiant"
"T20_B4_Az7_A3","IMG_8778",727,7,"B4_Az7","B4","T20",20,"Ambiant","Pred","Yes","Naive","None",0.162,"Pred_Ambiant"
"T20_B5_Az2_D2","IMG_8728",715,7,"B5_Az2","B5","T20",20,"Warm","Pred","Yes","Naive","None",0.173,"Pred_Warm"
"T20_B5_Az1_B3","IMG_8780",727,7,"B5_Az1","B5","T20",20,"Warm","Pred","Yes","Naive","None",0.158,"Pred_Warm"
"T20_B6_Az2_C2","IMG_8726",715,7,"B6_Az2","B6","T20",20,"Ambiant","Pred","Yes","Naive","None",0.113,"Pred_Ambiant"
"T20_B6_Az5_B2","IMG_8788",727,7,"B6_Az5","B6","T20",20,"Ambiant","Pred","Yes","Naive","None",0.1219,"Pred_Ambiant"
"T20_B7_Az11_D4","IMG_8705",715,7,"B7_Az11","B7","T20",20,"Warm","Pred","Yes","Naive","None",0.1,"Pred_Warm"
"T20_B7_Az9_A3","IMG_8709",715,7,"B7_Az9","B7","T20",20,"Warm","Pred","Yes","Naive","None",0.1453,"Pred_Warm"
"T20_B7_Az1_C5","IMG_8759",727,7,"B7_Az1","B7","T20",20,"Warm","Pred","Yes","Naive","None",0.147,"Pred_Warm"
"T20_B9_Az3_A6","IMG_8681",715,7,"B9_Az3","B9","T20",20,"Warm","Pred","Yes","Naive","None",0.121,"Pred_Warm"
"T20_B9_Az11_B6","IMG_8744",727,7,"B9_Az11","B9","T20",20,"Warm","Pred","Yes","Naive","None",0.135,"Pred_Warm"
"T20_C1_Az7_D3","IMG_8716",715,7,"C1_Az7","C1","T20",20,"Ambiant","Pred","Yes","Naive","None",0.15,"Pred_Ambiant"
"T20_C1_Az12_C4","IMG_8771",727,7,"C1_Az12","C1","T20",20,"Ambiant","Pred","Yes","Naive","None",0.152,"Pred_Ambiant"
"T20_C3_Az7_A2","IMG_8719",715,7,"C3_Az7","C3","T20",20,"Ambiant","Pred","Yes","Naive","None",0.131,"Pred_Ambiant"
"T20_C3_Az8_D2","IMG_8794",727,7,"C3_Az8","C3","T20",20,"Ambiant","Pred","Yes","Naive","None",0.13,"Pred_Ambiant"
"T20_C8_Az20_C5","IMG_8694",715,7,"C8_Az20","C8","T20",20,"Warm","Pred","Yes","Naive","None",0.133,"Pred_Warm"
"T20_C8_Az1_B1","IMG_8798",727,7,"C8_Az1","C8","T20",20,"Warm","Pred","Yes","Naive","None",0.095,"Pred_Warm"
"T20_C8_Az19_D4","IMG_8774",727,7,"C8_Az19","C8","T20",20,"Warm","Pred","Yes","Naive","None",0.136,"Pred_Warm"
"T20_C9_Az15_B1","IMG_8733",715,7,"C9_Az15","C9","T20",20,"Ambiant","Pred","Yes","Naive","None",0.15,"Pred_Ambiant"
"T20_C9_Az4_A4","IMG_8763",727,7,"C9_Az4","C9","T20",20,"Ambiant","Pred","Yes","Naive","None",0.138,"Pred_Ambiant"
"T20_C9_Az5_A6","IMG_8742",727,7,"C9_Az5","C9","T20",20,"Ambiant","Pred","Yes","Naive","None",0.084,"Pred_Ambiant"
"T20_D6_Az2_C4","IMG_8701",715,7,"D6_Az2","D6","T20",20,"Ambiant","Ctrl","Yes","Naive","None",0.151,"Ctrl_Ambiant"
"T20_D6_Az10_D3","IMG_8784",727,7,"D6_Az10","D6","T20",20,"Ambiant","Ctrl","Yes","Naive","None",0.148,"Ctrl_Ambiant"
"T20_D6_Az3_C6","IMG_8748",727,7,"D6_Az3","D6","T20",20,"Ambiant","Ctrl","Yes","Naive","None",0.122,"Ctrl_Ambiant"
"T20_D7_Az6_B5","IMG_8692",715,7,"D7_Az6","D7","T20",20,"Warm","Ctrl","Yes","Naive","None",0.1054,"Ctrl_Warm"
"T20_D7_Az9_A1","IMG_8732",715,7,"D7_Az9","D7","T20",20,"Warm","Ctrl","Yes","Naive","None",0.116,"Ctrl_Warm"
"T20_D7_Az4_D6","IMG_8750",727,7,"D7_Az4","D7","T20",20,"Warm","Ctrl","Yes","Naive","None",0.1257,"Ctrl_Warm"
"T23_A1_Az18_B2","IMG_8852",715,7,"A1_Az18","A1","T23",23,"Ambiant","Ctrl","Yes","Naive","None",0.103,"Ctrl_Ambiant"
"T23_A1_Az2_B4","IMG_8900",727,7,"A1_Az2","A1","T23",23,"Ambiant","Ctrl","Yes","Naive","None",0.129,"Ctrl_Ambiant"
"T23_B1_Az20_D1","IMG_8870",715,7,"B1_Az20","B1","T23",23,"Warm","Ctrl","Yes","Naive","None",0.12,"Ctrl_Warm"
"T23_B1_Az7_C3","IMG_8842",715,7,"B1_Az7","B1","T23",23,"Warm","Ctrl","Yes","Naive","None",0.114,"Ctrl_Warm"
"T23_B1_Az6_C2","IMG_8927",727,7,"B1_Az6","B1","T23",23,"Warm","Ctrl","Yes","Naive","None",0.119,"Ctrl_Warm"
"T23_B1_Az4_B5","IMG_8885",727,7,"B1_Az4","B1","T23",23,"Warm","Ctrl","Yes","Naive","None",0.1208,"Ctrl_Warm"
"T23_B2_Az4_A5","IMG_8817",715,7,"B2_Az4","B2","T23",23,"Ambiant","Ctrl","Yes","Naive","None",0.142,"Ctrl_Ambiant"
"T23_B2_Az9_C1","IMG_8939",727,7,"B2_Az9","B2","T23",23,"Ambiant","Ctrl","Yes","Naive","None",0.15,"Ctrl_Ambiant"
"T23_B2_Az14_D5","IMG_8892",727,7,"B2_Az14","B2","T23",23,"Ambiant","Ctrl","Yes","Naive","None",0.141,"Ctrl_Ambiant"
"T23_B4_Az2_A4","IMG_8827",715,7,"B4_Az2","B4","T23",23,"Ambiant","Pred","Yes","Naive","None",0.098,"Pred_Ambiant"
"T23_B4_Az14_C6","IMG_8813",715,7,"B4_Az14","B4","T23",23,"Ambiant","Pred","Yes","Naive","None",0.104,"Pred_Ambiant"
"T23_B4_Az7_A3","IMG_8914",727,7,"B4_Az7","B4","T23",23,"Ambiant","Pred","Yes","Naive","None",0.094,"Pred_Ambiant"
"T23_B5_Az2_D2","IMG_8860",715,7,"B5_Az2","B5","T23",23,"Warm","Pred","Yes","Naive","None",0.098,"Pred_Warm"
"T23_B5_Az1_B3","IMG_8918",727,7,"B5_Az1","B5","T23",23,"Warm","Pred","Yes","Naive","None",0.093,"Pred_Warm"
"T23_B6_Az2_C2","IMG_8856",715,7,"B6_Az2","B6","T23",23,"Ambiant","Pred","Yes","Naive","None",0.094,"Pred_Ambiant"
"T23_B6_Az5_B2","IMG_8924",727,7,"B6_Az5","B6","T23",23,"Ambiant","Pred","Yes","Naive","None",0.1283,"Pred_Ambiant"
"T23_B7_Az9_A3","IMG_8838",715,7,"B7_Az9","B7","T23",23,"Warm","Pred","Yes","Naive","None",0.1546,"Pred_Warm"
"T23_B7_Az11_D4","IMG_8835",715,7,"B7_Az11","B7","T23",23,"Warm","Pred","Yes","Naive","None",0.101,"Pred_Warm"
"T23_B7_Az1_C5","IMG_8891",727,7,"B7_Az1","B7","T23",23,"Warm","Pred","Yes","Naive","None",0.086,"Pred_Warm"
"T23_B9_Az3_A6","IMG_8807",715,7,"B9_Az3","B9","T23",23,"Warm","Pred","Yes","Naive","None",0.127,"Pred_Warm"
"T23_B9_Az11_B6","IMG_8876",727,7,"B9_Az11","B9","T23",23,"Warm","Pred","Yes","Naive","None",0.148,"Pred_Warm"
"T23_C1_Az7_D3","IMG_8845",715,7,"C1_Az7","C1","T23",23,"Ambiant","Pred","Yes","Naive","None",0.139,"Pred_Ambiant"
"T23_C1_Az12_C4","IMG_8903",727,7,"C1_Az12","C1","T23",23,"Ambiant","Pred","Yes","Naive","None",0.129,"Pred_Ambiant"
"T23_C3_Az7_A2","IMG_8847",715,7,"C3_Az7","C3","T23",23,"Ambiant","Pred","Yes","Naive","None",0.15,"Pred_Ambiant"
"T23_C3_Az8_D2","IMG_8932",727,7,"C3_Az8","C3","T23",23,"Ambiant","Pred","Yes","Naive","None",0.136,"Pred_Ambiant"
"T23_C8_Az20_C5","IMG_8823",715,7,"C8_Az20","C8","T23",23,"Warm","Pred","Yes","Naive","None",0.135,"Pred_Warm"
"T23_C8_Az1_B1","IMG_8934",727,7,"C8_Az1","C8","T23",23,"Warm","Pred","Yes","Naive","None",0.149,"Pred_Warm"
"T23_C8_Az19_D4","IMG_8908",727,7,"C8_Az19","C8","T23",23,"Warm","Pred","Yes","Naive","None",0.126,"Pred_Warm"
"T23_C9_Az15_B1","IMG_8867",715,7,"C9_Az15","C9","T23",23,"Ambiant","Pred","Yes","Naive","None",0.131,"Pred_Ambiant"
"T23_C9_Az4_A4","IMG_8897",727,7,"C9_Az4","C9","T23",23,"Ambiant","Pred","Yes","Naive","None",0.1435,"Pred_Ambiant"
"T23_C9_Az5_A6","IMG_8873",727,7,"C9_Az5","C9","T23",23,"Ambiant","Pred","Yes","Naive","None",0.15,"Pred_Ambiant"
"T23_D6_Az2_C4","IMG_8831",715,7,"D6_Az2","D6","T23",23,"Ambiant","Ctrl","Yes","Naive","None",0.121,"Ctrl_Ambiant"
"T23_D6_Az10_D3","IMG_8922",727,7,"D6_Az10","D6","T23",23,"Ambiant","Ctrl","Yes","Naive","None",0.103,"Ctrl_Ambiant"
"T23_D6_Az3_C6","IMG_8880",727,7,"D6_Az3","D6","T23",23,"Ambiant","Ctrl","Yes","Naive","None",0.12,"Ctrl_Ambiant"
"T23_D7_Az9_A1","IMG_8864",715,7,"D7_Az9","D7","T23",23,"Warm","Ctrl","Yes","Naive","None",0.111,"Ctrl_Warm"
"T23_D7_Az6_B5","IMG_8819",715,7,"D7_Az6","D7","T23",23,"Warm","Ctrl","Yes","Naive","None",0.159,"Ctrl_Warm"
"T23_D7_Az4_D6","IMG_8884",727,7,"D7_Az4","D7","T23",23,"Warm","Ctrl","Yes","Naive","None",0.121,"Ctrl_Warm"
"T25_A1_Az18_B2","IMG_8981",715,7,"A1_Az18","A1","T25",25,"Ambiant","Ctrl","Yes","Naive","None",0.164,"Ctrl_Ambiant"
"T25_A1_Az2_B4","IMG_9035",727,7,"A1_Az2","A1","T25",25,"Ambiant","Ctrl","Yes","Naive","None",0.103,"Ctrl_Ambiant"
"T25_B1_Az20_D1","IMG_8999",715,7,"B1_Az20","B1","T25",25,"Warm","Ctrl","Yes","Naive","None",0.115,"Ctrl_Warm"
"T25_B1_Az4_B5","IMG_9016",727,7,"B1_Az4","B1","T25",25,"Warm","Ctrl","Yes","Naive","None",0.125,"Ctrl_Warm"
"T25_B1_Az6_C2","IMG_9058",727,7,"B1_Az6","B1","T25",25,"Warm","Ctrl","Yes","Naive","None",0.126,"Ctrl_Warm"
"T25_B1_Az7_C3","IMG_8974",715,7,"B1_Az7","B1","T25",25,"Warm","Ctrl","Yes","Naive","None",0.132,"Ctrl_Warm"
"T25_B2_Az14_D5","IMG_9026",727,7,"B2_Az14","B2","T25",25,"Ambiant","Ctrl","Yes","Naive","None",0.1,"Ctrl_Ambiant"
"T25_B2_Az4_A5","IMG_8951",715,7,"B2_Az4","B2","T25",25,"Ambiant","Ctrl","Yes","Naive","None",0.099,"Ctrl_Ambiant"
"T25_B2_Az9_C1","IMG_9068",727,7,"B2_Az9","B2","T25",25,"Ambiant","Ctrl","Yes","Naive","None",0.14,"Ctrl_Ambiant"
"T25_B4_Az14_C6","IMG_8947",715,7,"B4_Az14","B4","T25",25,"Ambiant","Pred","Yes","Naive","None",0.092,"Pred_Ambiant"
"T25_B4_Az2_A4","IMG_8959",715,7,"B4_Az2","B4","T25",25,"Ambiant","Pred","Yes","Naive","None",0.123,"Pred_Ambiant"
"T25_B4_Az7_A3","IMG_9046",727,7,"B4_Az7","B4","T25",25,"Ambiant","Pred","Yes","Naive","None",0.1589,"Pred_Ambiant"
"T25_B5_Az1_B3","IMG_9049",727,7,"B5_Az1","B5","T25",25,"Warm","Pred","Yes","Naive","None",0.111,"Pred_Warm"
"T25_B5_Az2_D2","IMG_8990",715,7,"B5_Az2","B5","T25",25,"Warm","Pred","Yes","Naive","None",0.114,"Pred_Warm"
"T25_B6_Az2_C2","IMG_8986",715,7,"B6_Az2","B6","T25",25,"Ambiant","Pred","Yes","Naive","None",0.115,"Pred_Ambiant"
"T25_B6_Az5_B2","IMG_9056",727,7,"B6_Az5","B6","T25",25,"Ambiant","Pred","Yes","Naive","None",0.086,"Pred_Ambiant"
"T25_B7_Az1_C5","IMG_9022",727,7,"B7_Az1","B7","T25",25,"Warm","Pred","Yes","Naive","None",0.0864,"Pred_Warm"
"T25_B7_Az11_D4","IMG_8967",715,7,"B7_Az11","B7","T25",25,"Warm","Pred","Yes","Naive","None",0.08,"Pred_Warm"
"T25_B7_Az9_A3","IMG_8970",715,7,"B7_Az9","B7","T25",25,"Warm","Pred","Yes","Naive","None",0.131,"Pred_Warm"
"T25_B9_Az11_B6","IMG_7761",727,6,"B9_Az11","B9","T25",25,"Warm","Pred","Yes","Naive","None",0.126,"Pred_Warm"
"T25_B9_Az3_A6","IMG_8943",715,7,"B9_Az3","B9","T25",25,"Warm","Pred","Yes","Naive","None",0.148,"Pred_Warm"
"T25_C1_Az12_C4","IMG_9039",727,7,"C1_Az12","C1","T25",25,"Ambiant","Pred","Yes","Naive","None",0.136,"Pred_Ambiant"
"T25_C1_Az7_D3","IMG_8976",715,7,"C1_Az7","C1","T25",25,"Ambiant","Pred","Yes","Naive","None",0.169,"Pred_Ambiant"
"T25_C3_Az7_A2","IMG_8980",715,7,"C3_Az7","C3","T25",25,"Ambiant","Pred","Yes","Naive","None",0.154,"Pred_Ambiant"
"T25_C3_Az8_D2","IMG_9061",727,7,"C3_Az8","C3","T25",25,"Ambiant","Pred","Yes","Naive","None",0.14,"Pred_Ambiant"
"T25_C8_Az1_B1","IMG_9066",727,7,"C8_Az1","C8","T25",25,"Warm","Pred","Yes","Naive","None",0.089,"Pred_Warm"
"T25_C8_Az19_D4","IMG_9040",727,7,"C8_Az19","C8","T25",25,"Warm","Pred","Yes","Naive","None",0.13,"Pred_Warm"
"T25_C8_Az20_C5","IMG_8957",715,7,"C8_Az20","C8","T25",25,"Warm","Pred","Yes","Naive","None",0.134,"Pred_Warm"
"T25_C9_Az15_B1","IMG_8997",715,7,"C9_Az15","C9","T25",25,"Ambiant","Pred","Yes","Naive","None",0.144,"Pred_Ambiant"
"T25_C9_Az4_A4","IMG_9031",727,7,"C9_Az4","C9","T25",25,"Ambiant","Pred","Yes","Naive","None",0.081,"Pred_Ambiant"
"T25_C9_Az5_A6","IMG_9006",727,7,"C9_Az5","C9","T25",25,"Ambiant","Pred","Yes","Naive","None",0.1408,"Pred_Ambiant"
"T25_D6_Az10_D3","IMG_9050",727,7,"D6_Az10","D6","T25",25,"Ambiant","Ctrl","Yes","Naive","None",0.137,"Ctrl_Ambiant"
"T25_D6_Az2_C4","IMG_8963",715,7,"D6_Az2","D6","T25",25,"Ambiant","Ctrl","Yes","Naive","None",0.16,"Ctrl_Ambiant"
"T25_D6_Az3_C6","IMG_9010",727,7,"D6_Az3","D6","T25",25,"Ambiant","Ctrl","Yes","Naive","None",0.135,"Ctrl_Ambiant"
"T25_D7_Az4_D6","IMG_9014",727,7,"D7_Az4","D7","T25",25,"Warm","Ctrl","Yes","Naive","None",0.106,"Ctrl_Warm"
"T25_D7_Az6_B5","IMG_8954",715,7,"D7_Az6","D7","T25",25,"Warm","Ctrl","Yes","Naive","None",0.14,"Ctrl_Warm"
"T25_D7_Az9_A1","IMG_8994",715,7,"D7_Az9","D7","T25",25,"Warm","Ctrl","Yes","Naive","None",0.111,"Ctrl_Warm"
"T27_A1_Az18_B2","IMG_9169",715,7,"A1_Az18","A1","T27",27,"Ambiant","Ctrl","Yes","Naive","None",0.089,"Ctrl_Ambiant"
"T27_A1_Az2_B4","IMG_9201",727,7,"A1_Az2","A1","T27",27,"Ambiant","Ctrl","Yes","Naive","None",0.113,"Ctrl_Ambiant"
"T27_B1_Az20_D1","IMG_9181",715,7,"B1_Az20","B1","T27",27,"Warm","Ctrl","Yes","Naive","None",0.1157,"Ctrl_Warm"
"T27_B1_Az7_C3","IMG_9162",715,7,"B1_Az7","B1","T27",27,"Warm","Ctrl","Yes","Naive","None",0.146,"Ctrl_Warm"
"T27_B1_Az6_C2","IMG_9219",727,7,"B1_Az6","B1","T27",27,"Warm","Ctrl","Yes","Naive","None",0.111,"Ctrl_Warm"
"T27_B1_Az4_B5","IMG_9191",727,7,"B1_Az4","B1","T27",27,"Warm","Ctrl","Yes","Naive","None",0.118,"Ctrl_Warm"
"T27_B2_Az4_A5","IMG_9144",715,7,"B2_Az4","B2","T27",27,"Ambiant","Ctrl","Yes","Naive","None",0.099,"Ctrl_Ambiant"
"T27_B2_Az9_C1","IMG_9226",727,7,"B2_Az9","B2","T27",27,"Ambiant","Ctrl","Yes","Naive","None",0.1013,"Ctrl_Ambiant"
"T27_B2_Az14_D5","IMG_9196",727,7,"B2_Az14","B2","T27",27,"Ambiant","Ctrl","Yes","Naive","None",0.135,"Ctrl_Ambiant"
"T27_B4_Az2_A4","IMG_9152",715,7,"B4_Az2","B4","T27",27,"Ambiant","Pred","Yes","Naive","None",0.127,"Pred_Ambiant"
"T27_B4_Az14_C6","IMG_9140",715,7,"B4_Az14","B4","T27",27,"Ambiant","Pred","Yes","Naive","None",0.127,"Pred_Ambiant"
"T27_B4_Az7_A3","IMG_9206",727,7,"B4_Az7","B4","T27",27,"Ambiant","Pred","Yes","Naive","None",0.133,"Pred_Ambiant"
"T27_B5_Az2_D2","IMG_9174",715,7,"B5_Az2","B5","T27",27,"Warm","Pred","Yes","Naive","None",0.11,"Pred_Warm"
"T27_B5_Az1_B3","IMG_9210",727,7,"B5_Az1","B5","T27",27,"Warm","Pred","Yes","Naive","None",0.113,"Pred_Warm"
"T27_B6_Az2_C2","IMG_9171",715,7,"B6_Az2","B6","T27",27,"Ambiant","Pred","Yes","Naive","None",0.1355,"Pred_Ambiant"
"T27_B6_Az5_B2","IMG_9217",727,7,"B6_Az5","B6","T27",27,"Ambiant","Pred","Yes","Naive","None",0.119,"Pred_Ambiant"
"T27_B7_Az9_A3","IMG_9159",715,7,"B7_Az9","B7","T27",27,"Warm","Pred","Yes","Naive","None",0.105,"Pred_Warm"
"T27_B7_Az11_D4","IMG_9157",715,7,"B7_Az11","B7","T27",27,"Warm","Pred","Yes","Naive","None",0.133,"Pred_Warm"
"T27_B7_Az1_C5","IMG_9193",727,7,"B7_Az1","B7","T27",27,"Warm","Pred","Yes","Naive","None",0.1287,"Pred_Warm"
"T27_B9_Az3_A6","IMG_9135",715,7,"B9_Az3","B9","T27",27,"Warm","Pred","Yes","Naive","None",0.147,"Pred_Warm"
"T27_B9_Az11_B6","IMG_9185",727,7,"B9_Az11","B9","T27",27,"Warm","Pred","Yes","Naive","None",0.1565,"Pred_Warm"
"T27_C1_Az7_D3","IMG_9164",715,7,"C1_Az7","C1","T27",27,"Ambiant","Pred","Yes","Naive","None",0.1415,"Pred_Ambiant"
"T27_C1_Az12_C4","IMG_9202",727,7,"C1_Az12","C1","T27",27,"Ambiant","Pred","Yes","Naive","None",0.115,"Pred_Ambiant"
"T27_C3_Az7_A2","IMG_9165",715,7,"C3_Az7","C3","T27",27,"Ambiant","Pred","Yes","Naive","None",0.123,"Pred_Ambiant"
"T27_C3_Az8_D2","IMG_9222",727,7,"C3_Az8","C3","T27",27,"Ambiant","Pred","Yes","Naive","None",0.142,"Pred_Ambiant"
"T27_C8_Az20_C5","IMG_9150",715,7,"C8_Az20","C8","T27",27,"Warm","Pred","Yes","Naive","None",0.113,"Pred_Warm"
"T27_C8_Az1_B1","IMG_9224",727,7,"C8_Az1","C8","T27",27,"Warm","Pred","Yes","Naive","None",0.1176,"Pred_Warm"
"T27_C8_Az19_D4","IMG_9205",727,7,"C8_Az19","C8","T27",27,"Warm","Pred","Yes","Naive","None",0.1144,"Pred_Warm"
"T27_C9_Az15_B1","IMG_9179",715,7,"C9_Az15","C9","T27",27,"Ambiant","Pred","Yes","Naive","None",0.111,"Pred_Ambiant"
"T27_C9_Az4_A4","IMG_9198",727,7,"C9_Az4","C9","T27",27,"Ambiant","Pred","Yes","Naive","None",0.1208,"Pred_Ambiant"
"T27_C9_Az5_A6","IMG_9182",727,7,"C9_Az5","C9","T27",27,"Ambiant","Pred","Yes","Naive","None",0.112,"Pred_Ambiant"
"T27_D6_Az2_C4","IMG_9153",715,7,"D6_Az2","D6","T27",27,"Ambiant","Ctrl","Yes","Naive","None",0.13,"Ctrl_Ambiant"
"T27_D6_Az10_D3","IMG_9211",727,7,"D6_Az10","D6","T27",27,"Ambiant","Ctrl","Yes","Naive","None",0.108,"Ctrl_Ambiant"
"T27_D6_Az3_C6","IMG_9186",727,7,"D6_Az3","D6","T27",27,"Ambiant","Ctrl","Yes","Naive","None",0.1245,"Ctrl_Ambiant"
"T27_D7_Az9_A1","IMG_9177",715,7,"D7_Az9","D7","T27",27,"Warm","Ctrl","Yes","Naive","None",0.1308,"Ctrl_Warm"
"T27_D7_Az6_B5","IMG_9147",715,7,"D7_Az6","D7","T27",27,"Warm","Ctrl","Yes","Naive","None",0.123,"Ctrl_Warm"
"T27_D7_Az4_D6","IMG_9188",727,7,"D7_Az4","D7","T27",27,"Warm","Ctrl","Yes","Naive","None",0.1164,"Ctrl_Warm"
"T30_A1_Az18_B2","IMG_9264",715,7,"A1_Az18","A1","T30",30,"Ambiant","Ctrl","Yes","Naive","None",0.1135,"Ctrl_Ambiant"
"T30_A1_Az2_B4","IMG_9299",727,7,"A1_Az2","A1","T30",30,"Ambiant","Ctrl","Yes","Naive","None",0.108,"Ctrl_Ambiant"
"T30_B1_Az20_D1","IMG_9280",715,7,"B1_Az20","B1","T30",30,"Warm","Ctrl","Yes","Naive","None",0.146,"Ctrl_Warm"
"T30_B1_Az7_C3","IMG_9258",715,7,"B1_Az7","B1","T30",30,"Warm","Ctrl","Yes","Naive","None",0.092,"Ctrl_Warm"
"T30_B1_Az6_C2","IMG_9318",727,7,"B1_Az6","B1","T30",30,"Warm","Ctrl","Yes","Naive","None",0.093,"Ctrl_Warm"
"T30_B1_Az4_B5","IMG_9290",727,7,"B1_Az4","B1","T30",30,"Warm","Ctrl","Yes","Naive","None",0.14,"Ctrl_Warm"
"T30_B2_Az4_A5","IMG_9239",715,7,"B2_Az4","B2","T30",30,"Ambiant","Ctrl","Yes","Naive","None",0.088,"Ctrl_Ambiant"
"T30_B2_Az9_C1","IMG_9326",727,7,"B2_Az9","B2","T30",30,"Ambiant","Ctrl","Yes","Naive","None",0.0974,"Ctrl_Ambiant"
"T30_B2_Az14_D5","IMG_9295",727,7,"B2_Az14","B2","T30",30,"Ambiant","Ctrl","Yes","Naive","None",0.09,"Ctrl_Ambiant"
"T30_B4_Az2_A4","IMG_9247",715,7,"B4_Az2","B4","T30",30,"Ambiant","Pred","Yes","Naive","None",0.101,"Pred_Ambiant"
"T30_B4_Az14_C6","IMG_9235",715,7,"B4_Az14","B4","T30",30,"Ambiant","Pred","Yes","Naive","None",0.1306,"Pred_Ambiant"
"T30_B4_Az7_A3","IMG_9307",727,7,"B4_Az7","B4","T30",30,"Ambiant","Pred","Yes","Naive","None",0.145,"Pred_Ambiant"
"T30_B5_Az2_D2","IMG_9270",715,7,"B5_Az2","B5","T30",30,"Warm","Pred","Yes","Naive","None",0.107,"Pred_Warm"
"T30_B5_Az1_B3","IMG_9310",727,7,"B5_Az1","B5","T30",30,"Warm","Pred","Yes","Naive","None",0.097,"Pred_Warm"
"T30_B6_Az2_C2","IMG_9268",715,7,"B6_Az2","B6","T30",30,"Ambiant","Pred","Yes","Naive","None",0.1068,"Pred_Ambiant"
"T30_B6_Az5_B2","IMG_9314",727,7,"B6_Az5","B6","T30",30,"Ambiant","Pred","Yes","Naive","None",0.091,"Pred_Ambiant"
"T30_B7_Az9_A3","IMG_9255",715,7,"B7_Az9","B7","T30",30,"Warm","Pred","Yes","Naive","None",0.0855,"Pred_Warm"
"T30_B7_Az11_D4","IMG_9251",715,7,"B7_Az11","B7","T30",30,"Warm","Pred","Yes","Naive","None",0.125,"Pred_Warm"
"T30_B7_Az1_C5","IMG_9293",727,7,"B7_Az1","B7","T30",30,"Warm","Pred","Yes","Naive","None",0.104,"Pred_Warm"
"T30_B9_Az3_A6","IMG_9232",715,7,"B9_Az3","B9","T30",30,"Warm","Pred","Yes","Naive","None",0.124,"Pred_Warm"
"T30_B9_Az11_B6","IMG_9285",727,7,"B9_Az11","B9","T30",30,"Warm","Pred","Yes","Naive","None",0.117,"Pred_Warm"
"T30_C1_Az7_D3","IMG_9260",715,7,"C1_Az7","C1","T30",30,"Ambiant","Pred","Yes","Naive","None",0.143,"Pred_Ambiant"
"T30_C1_Az12_C4","IMG_9303",727,7,"C1_Az12","C1","T30",30,"Ambiant","Pred","Yes","Naive","None",0.134,"Pred_Ambiant"
"T30_C3_Az7_A2","IMG_9262",715,7,"C3_Az7","C3","T30",30,"Ambiant","Pred","Yes","Naive","None",0.142,"Pred_Ambiant"
"T30_C3_Az8_D2","IMG_9321",727,7,"C3_Az8","C3","T30",30,"Ambiant","Pred","Yes","Naive","None",0.1075,"Pred_Ambiant"
"T30_C8_Az20_C5","IMG_9244",715,7,"C8_Az20","C8","T30",30,"Warm","Pred","Yes","Naive","None",0.1201,"Pred_Warm"
"T30_C8_Az1_B1","IMG_9323",727,7,"C8_Az1","C8","T30",30,"Warm","Pred","Yes","Naive","None",0.103,"Pred_Warm"
"T30_C8_Az19_D4","IMG_9305",727,7,"C8_Az19","C8","T30",30,"Warm","Pred","Yes","Naive","None",0.12,"Pred_Warm"
"T30_C9_Az15_B1","IMG_9276",715,7,"C9_Az15","C9","T30",30,"Ambiant","Pred","Yes","Naive","None",0.0964,"Pred_Ambiant"
"T30_C9_Az4_A4","IMG_9296",727,7,"C9_Az4","C9","T30",30,"Ambiant","Pred","Yes","Naive","None",0.1264,"Pred_Ambiant"
"T30_C9_Az5_A6","IMG_9283",727,7,"C9_Az5","C9","T30",30,"Ambiant","Pred","Yes","Naive","None",0.088,"Pred_Ambiant"
"T30_D6_Az2_C4","IMG_9250",715,7,"D6_Az2","D6","T30",30,"Ambiant","Ctrl","Yes","Naive","None",0.096,"Ctrl_Ambiant"
"T30_D6_Az10_D3","IMG_9312",727,7,"D6_Az10","D6","T30",30,"Ambiant","Ctrl","Yes","Naive","None",0.092,"Ctrl_Ambiant"
"T30_D6_Az3_C6","IMG_9287",727,7,"D6_Az3","D6","T30",30,"Ambiant","Ctrl","Yes","Naive","None",0.1214,"Ctrl_Ambiant"
"T30_D7_Az9_A1","IMG_9273",715,7,"D7_Az9","D7","T30",30,"Warm","Ctrl","Yes","Naive","None",0.1112,"Ctrl_Warm"
"T30_D7_Az6_B5","IMG_9241",715,7,"D7_Az6","D7","T30",30,"Warm","Ctrl","Yes","Naive","None",0.122,"Ctrl_Warm"
"T30_D7_Az4_D6","IMG_9288",727,7,"D7_Az4","D7","T30",30,"Warm","Ctrl","Yes","Naive","None",0.14,"Ctrl_Warm"
"T10_B1_Az11_A2","IMG_0031",727,8,"B1_Az11","B1","T10",10,"Warm","Ctrl","Yes","Naive","None",0.128,"Ctrl_Warm"
"T10_B1_Az10_C6","IMG_0202",715,8,"B1_Az10","B1","T10",10,"Warm","Ctrl","Yes","None","None",0.091,"Ctrl_Warm"
"T10_B2_Az8_D1","IMG_9984",715,8,"B2_Az8","B2","T10",10,"Ambiant","Ctrl","Yes","Naive","None",0.108,"Ctrl_Ambiant"
"T10_B2_Az1_B4","IMG_0014",727,8,"B2_Az1","B2","T10",10,"Ambiant","Ctrl","Yes","Naive","None",0.104,"Ctrl_Ambiant"
"T10_B4_Az1_D3","IMG_9959",715,8,"B4_Az1","B4","T10",10,"Ambiant","Pred","Yes","Naive","None",0.125,"Pred_Ambiant"
"T10_B4_Az3_C1","IMG_0050",727,8,"B4_Az3","B4","T10",10,"Ambiant","Pred","Yes","Naive","None",0.089,"Pred_Ambiant"
"T10_B5_Az10_B2","IMG_9967",715,8,"B5_Az10","B5","T10",10,"Warm","Pred","Yes","Naive","None",0.108,"Pred_Warm"
"T10_B5_Az17_A3","IMG_0020",727,8,"B5_Az17","B5","T10",10,"Warm","Pred","Yes","Naive","None",0.097,"Pred_Warm"
"T10_B5_Az8_D5","IMG_0009",727,8,"B5_Az8","B5","T10",10,"Warm","Pred","Yes","Naive","None",0.117,"Pred_Warm"
"T10_B6_Az14_C4","IMG_9949",715,8,"B6_Az14","B6","T10",10,"Ambiant","Pred","Yes","Naive","None",0.123,"Pred_Ambiant"
"T10_B6_Az4_B5","IMG_9936",715,8,"B6_Az4","B6","T10",10,"Ambiant","Pred","Yes","Naive","None",0.112,"Pred_Ambiant"
"T10_B6_Az3_B5","IMG_0004",727,8,"B6_Az3","B6","T10",10,"Ambiant","Pred","Yes","Naive","None",0.091,"Pred_Ambiant"
"T10_B7_Az12_A5","IMG_9932",715,8,"B7_Az12","B7","T10",10,"Warm","Pred","Yes","Naive","None",0.078,"Pred_Warm"
"T10_B7_Az16_B2","IMG_0035",727,8,"B7_Az16","B7","T10",10,"Warm","Pred","Yes","Naive","None",0.133,"Pred_Warm"
"T10_B9_Az18_D5","IMG_9941",715,8,"B9_Az18","B9","T10",10,"Warm","Pred","Yes","Naive","None",0.135,"Pred_Warm"
"T10_B9_Az20_C6","IMG_9992",727,8,"B9_Az20","B9","T10",10,"Warm","Pred","Yes","Naive","None",0.114,"Pred_Warm"
"T10_C1_Az16_B1","IMG_9979",715,8,"C1_Az16","C1","T10",10,"Ambiant","Pred","Yes","Naive","None",0.123,"Pred_Ambiant"
"T10_C1_Az4_C5","IMG_9939",715,8,"C1_Az4","C1","T10",10,"Ambiant","Pred","Yes","Naive","None",0.143,"Pred_Ambiant"
"T10_C1_Az17_C5","IMG_0007",727,8,"C1_Az17","C1","T10",10,"Ambiant","Pred","Yes","Naive","None",0.125,"Pred_Ambiant"
"T10_C3_Az19_A6","IMG_9923",715,8,"C3_Az19","C3","T10",10,"Ambiant","Pred","Yes","Naive","None",0.157,"Pred_Ambiant"
"T10_C3_Az16_B3","IMG_0025",727,8,"C3_Az16","C3","T10",10,"Ambiant","Pred","Yes","Naive","None",0.099,"Pred_Ambiant"
"T10_C3_Az17_D6","IMG_9994",727,8,"C3_Az17","C3","T10",10,"Ambiant","Pred","Yes","Naive","None",0.145,"Pred_Ambiant"
"T10_C5_Az17_C1","IMG_9981",715,8,"C5_Az17","C5","T10",10,"Ambiant","Ctrl","Yes","Naive","None",0.137,"Ctrl_Ambiant"
"T10_C5_Az10_D2","IMG_9976",715,8,"C5_Az10","C5","T10",10,"Ambiant","Ctrl","Yes","Naive","None",0.101,"Ctrl_Ambiant"
"T10_C5_Az3_D4","IMG_9953",715,8,"C5_Az3","C5","T10",10,"Ambiant","Ctrl","Yes","Naive","None",0.098,"Ctrl_Ambiant"
"T10_C5_az13_B6","IMG_9927",715,8,"C5_az13","C5","T10",10,"Ambiant","Ctrl","Yes","Naive","None",0.093,"Ctrl_Ambiant"
"T10_C5_Az7_D1","IMG_0053",727,8,"C5_Az7","C5","T10",10,"Ambiant","Ctrl","Yes","Naive","None",0.096,"Ctrl_Ambiant"
"T10_C5_Az8_B6","IMG_0200",715,8,"C5_Az8","C5","T10",10,"Ambiant","Ctrl","Yes","None","None",0.123,"Ctrl_Ambiant"
"T10_C8_Az17_B4","IMG_9946",715,8,"C8_Az17","C8","T10",10,"Warm","Pred","Yes","Naive","None",0.136,"Pred_Warm"
"T10_C8_Az5_A5","IMG_9999",727,8,"C8_Az5","C8","T10",10,"Warm","Pred","Yes","Naive","None",0.13,"Pred_Warm"
"T10_C9_Az13_C2","IMG_9970",715,8,"C9_Az13","C9","T10",10,"Ambiant","Pred","Yes","Naive","None",0.116,"Pred_Ambiant"
"T10_C9_Az12_D2","IMG_0045",727,8,"C9_Az12","C9","T10",10,"Ambiant","Pred","Yes","Naive","None",0.084,"Pred_Ambiant"
"T10_D6_Az20_A2","IMG_9960",715,8,"D6_Az20","D6","T10",10,"Ambiant","Ctrl","Yes","Naive","None",0.132,"Ctrl_Ambiant"
"T10_D6_Az15_D4","IMG_0015",727,8,"D6_Az15","D6","T10",10,"Ambiant","Ctrl","Yes","Naive","None",0.114,"Ctrl_Ambiant"
"T10_D7_Az7_A3","IMG_9956",715,8,"D7_Az7","D7","T10",10,"Warm","Ctrl","Yes","Naive","None",0.114,"Ctrl_Warm"
"T10_D7_Az12_D3","IMG_0027",727,8,"D7_Az12","D7","T10",10,"Warm","Ctrl","Yes","Naive","None",0.108,"Ctrl_Warm"
"T15_A1_Az6_A4","IMG_9835",715,8,"A1_Az6","A1","T15",15,"Ambiant","Ctrl","Yes","Naive","None",0.123,"Ctrl_Ambiant"
"T15_A1_Az17_C2","IMG_9907",727,8,"A1_Az17","A1","T15",15,"Ambiant","Ctrl","Yes","Naive","None",0.103,"Ctrl_Ambiant"
"T15_A1_Az10_A6","IMG_9874",727,8,"A1_Az10","A1","T15",15,"Ambiant","Ctrl","Yes","Naive","None",0.12,"Ctrl_Ambiant"
"T15_A1_Az1_B1","IMG_3117",727,8,"A1_Az1","A1","T15",15,"Ambiant","Ctrl","Yes","None","None",0.111,"Ctrl_Ambiant"
"T15_B1_Az11_A2","IMG_9902",727,8,"B1_Az11","B1","T15",15,"Warm","Ctrl","Yes","Naive","None",0.129,"Ctrl_Warm"
"T15_B2_Az8_D1","IMG_9872",715,8,"B2_Az8","B2","T15",15,"Ambiant","Ctrl","Yes","Naive","None",0.135,"Ctrl_Ambiant"
"T15_B2_Az1_B4","IMG_9890",727,8,"B2_Az1","B2","T15",15,"Ambiant","Ctrl","Yes","Naive","None",0.095,"Ctrl_Ambiant"
"T15_B4_Az1_D3","IMG_9853",715,8,"B4_Az1","B4","T15",15,"Ambiant","Pred","Yes","Naive","None",0.104,"Pred_Ambiant"
"T15_B4_Az3_C1","IMG_9913",727,8,"B4_Az3","B4","T15",15,"Ambiant","Pred","Yes","Naive","None",0.099,"Pred_Ambiant"
"T15_B5_Az10_B2","IMG_9858",715,8,"B5_Az10","B5","T15",15,"Warm","Pred","Yes","Naive","None",0.1,"Pred_Warm"
"T15_B5_Az17_A3","IMG_9895",727,8,"B5_Az17","B5","T15",15,"Warm","Pred","Yes","Naive","None",0.103,"Pred_Warm"
"T15_B5_Az8_D5","IMG_9887",727,8,"B5_Az8","B5","T15",15,"Warm","Pred","Yes","Naive","None",0.134,"Pred_Warm"
"T15_B6_Az14_C4","IMG_9844",715,8,"B6_Az14","B6","T15",15,"Ambiant","Pred","Yes","Naive","None",0.081,"Pred_Ambiant"
"T15_B6_Az4_B5","IMG_9828",715,8,"B6_Az4","B6","T15",15,"Ambiant","Pred","Yes","Naive","None",0.12,"Pred_Ambiant"
"T15_B6_Az3_B5","IMG_9884",727,8,"B6_Az3","B6","T15",15,"Ambiant","Pred","Yes","Naive","None",0.105,"Pred_Ambiant"
"T15_B7_Az12_A5","IMG_9826",715,8,"B7_Az12","B7","T15",15,"Warm","Pred","Yes","Naive","None",0.081,"Pred_Warm"
"T15_B7_Az16_B2","IMG_9903",727,8,"B7_Az16","B7","T15",15,"Warm","Pred","Yes","Naive","None",0.124,"Pred_Warm"
"T15_B9_Az18_D5","IMG_9833",715,8,"B9_Az18","B9","T15",15,"Warm","Pred","Yes","Naive","None",0.144,"Pred_Warm"
"T15_B9_Az20_C6","IMG_9877",727,8,"B9_Az20","B9","T15",15,"Warm","Pred","Yes","Naive","None",0.106,"Pred_Warm"
"T15_C1_Az16_B1","IMG_9866",715,8,"C1_Az16","C1","T15",15,"Ambiant","Pred","Yes","Naive","None",0.123,"Pred_Ambiant"
"T15_C1_Az4_C5","IMG_9831",715,8,"C1_Az4","C1","T15",15,"Ambiant","Pred","Yes","Naive","None",0.131,"Pred_Ambiant"
"T15_C1_Az17_C5","IMG_9886",727,8,"C1_Az17","C1","T15",15,"Ambiant","Pred","Yes","Naive","None",0.13,"Pred_Ambiant"
"T15_C3_Az19_A6","IMG_9820",715,8,"C3_Az19","C3","T15",15,"Ambiant","Pred","Yes","Naive","None",0.143,"Pred_Ambiant"
"T15_C3_Az16_B3","IMG_9896",727,8,"C3_Az16","C3","T15",15,"Ambiant","Pred","Yes","Naive","None",0.135,"Pred_Ambiant"
"T15_C3_Az17_D6","IMG_9879",727,8,"C3_Az17","C3","T15",15,"Ambiant","Pred","Yes","Naive","None",0.132,"Pred_Ambiant"
"T15_C5_Az17_C1","IMG_9869",715,8,"C5_Az17","C5","T15",15,"Ambiant","Ctrl","Yes","Naive","None",0.089,"Ctrl_Ambiant"
"T15_C5_Az10_D2","IMG_9863",715,8,"C5_Az10","C5","T15",15,"Ambiant","Ctrl","Yes","Naive","None",0.122,"Ctrl_Ambiant"
"T15_C5_Az3_D4","IMG_9846",715,8,"C5_Az3","C5","T15",15,"Ambiant","Ctrl","Yes","Naive","None",0.136,"Ctrl_Ambiant"
"T15_C5_az13_B6","IMG_9822",715,8,"C5_az13","C5","T15",15,"Ambiant","Ctrl","Yes","Naive","None",0.101,"Ctrl_Ambiant"
"T15_C5_Az7_D1","IMG_9918",727,8,"C5_Az7","C5","T15",15,"Ambiant","Ctrl","Yes","Naive","None",0.092,"Ctrl_Ambiant"
"T15_C8_Az17_B4","IMG_9837",715,8,"C8_Az17","C8","T15",15,"Warm","Pred","Yes","Naive","None",0.131,"Pred_Warm"
"T15_C8_Az5_A5","IMG_9881",727,8,"C8_Az5","C8","T15",15,"Warm","Pred","Yes","Naive","None",0.11,"Pred_Warm"
"T15_C9_Az13_C2","IMG_9861",715,8,"C9_Az13","C9","T15",15,"Ambiant","Pred","Yes","Naive","None",0.097,"Pred_Ambiant"
"T15_C9_Az12_D2","IMG_9909",727,8,"C9_Az12","C9","T15",15,"Ambiant","Pred","Yes","Naive","None",0.114,"Pred_Ambiant"
"T15_D6_Az20_A2","IMG_9854",715,8,"D6_Az20","D6","T15",15,"Ambiant","Ctrl","Yes","Naive","None",0.119,"Ctrl_Ambiant"
"T15_D6_Az15_D4","IMG_9891",727,8,"D6_Az15","D6","T15",15,"Ambiant","Ctrl","Yes","Naive","None",0.127,"Ctrl_Ambiant"
"T15_D7_Az7_A3","IMG_9849",715,8,"D7_Az7","D7","T15",15,"Warm","Ctrl","Yes","Naive","None",0.111,"Ctrl_Warm"
"T15_D7_Az12_D3","IMG_9900",727,8,"D7_Az12","D7","T15",15,"Warm","Ctrl","Yes","Naive","None",0.15,"Ctrl_Warm"
"T20_A1_Az6_A4","IMG_9733",715,8,"A1_Az6","A1","T20",20,"Ambiant","Ctrl","Yes","Naive","None",0.103,"Ctrl_Ambiant"
"T20_A1_Az10_A6","IMG_9765",727,8,"A1_Az10","A1","T20",20,"Ambiant","Ctrl","Yes","Naive","None",0.114,"Ctrl_Ambiant"
"T20_A1_Az17_C2","IMG_9804",727,8,"A1_Az17","A1","T20",20,"Ambiant","Ctrl","Yes","Naive","None",0.108,"Ctrl_Ambiant"
"T20_B1_Az11_A2","IMG_9798",727,8,"B1_Az11","B1","T20",20,"Warm","Ctrl","Yes","Naive","None",0.146,"Ctrl_Warm"
"T20_B2_Az8_D1","IMG_9763",715,8,"B2_Az8","B2","T20",20,"Ambiant","Ctrl","Yes","Naive","None",0.126,"Ctrl_Ambiant"
"T20_B2_Az1_B4","IMG_9785",727,8,"B2_Az1","B2","T20",20,"Ambiant","Ctrl","Yes","Naive","None",0.134,"Ctrl_Ambiant"
"T20_B4_Az1_D3","IMG_9745",715,8,"B4_Az1","B4","T20",20,"Ambiant","Pred","Yes","Naive","None",0.103,"Pred_Ambiant"
"T20_B4_Az3_C1","IMG_9811",727,8,"B4_Az3","B4","T20",20,"Ambiant","Pred","Yes","Naive","None",0.082,"Pred_Ambiant"
"T20_B5_Az10_B2","IMG_9748",715,8,"B5_Az10","B5","T20",20,"Warm","Pred","Yes","Naive","None",0.102,"Pred_Warm"
"T20_B5_Az17_A3","IMG_9791",727,8,"B5_Az17","B5","T20",20,"Warm","Pred","Yes","Naive","None",0.111,"Pred_Warm"
"T20_B5_Az8_D5","IMG_9783",727,8,"B5_Az8","B5","T20",20,"Warm","Pred","Yes","Naive","None",0.118,"Pred_Warm"
"T20_B6_Az14_C4","IMG_9738",715,8,"B6_Az14","B6","T20",20,"Ambiant","Pred","Yes","Naive","None",0.114,"Pred_Ambiant"
"T20_B6_Az4_B5","IMG_9725",715,8,"B6_Az4","B6","T20",20,"Ambiant","Pred","Yes","Naive","None",0.113,"Pred_Ambiant"
"T20_B6_Az3_B5","IMG_9780",727,8,"B6_Az3","B6","T20",20,"Ambiant","Pred","Yes","Naive","None",0.09,"Pred_Ambiant"
"T20_B7_Az12_A5","IMG_9723",715,8,"B7_Az12","B7","T20",20,"Warm","Pred","Yes","Naive","None",0.1,"Pred_Warm"
"T20_B7_Az16_B2","IMG_9802",727,8,"B7_Az16","B7","T20",20,"Warm","Pred","Yes","Naive","None",0.104,"Pred_Warm"
"T20_B9_Az18_D5","IMG_9730",715,8,"B9_Az18","B9","T20",20,"Warm","Pred","Yes","Naive","None",0.112,"Pred_Warm"
"T20_B9_Az20_C6","IMG_9770",727,8,"B9_Az20","B9","T20",20,"Warm","Pred","Yes","Naive","None",0.081,"Pred_Warm"
"T20_C1_Az16_B1","IMG_9758",715,8,"C1_Az16","C1","T20",20,"Ambiant","Pred","Yes","Naive","None",0.113,"Pred_Ambiant"
"T20_C1_Az4_C5","IMG_9727",715,8,"C1_Az4","C1","T20",20,"Ambiant","Pred","Yes","Naive","None",0.115,"Pred_Ambiant"
"T20_C1_Az17_C5","IMG_9782",727,8,"C1_Az17","C1","T20",20,"Ambiant","Pred","Yes","Naive","None",0.107,"Pred_Ambiant"
"T20_C3_Az19_A6","IMG_9718",715,8,"C3_Az19","C3","T20",20,"Ambiant","Pred","Yes","Naive","None",0.128,"Pred_Ambiant"
"T20_C3_Az16_B3","IMG_9793",727,8,"C3_Az16","C3","T20",20,"Ambiant","Pred","Yes","Naive","None",0.113,"Pred_Ambiant"
"T20_C3_Az17_D6","IMG_9774",727,8,"C3_Az17","C3","T20",20,"Ambiant","Pred","Yes","Naive","None",0.136,"Pred_Ambiant"
"T20_C5_Az10_D2","IMG_9753",715,8,"C5_Az10","C5","T20",20,"Ambiant","Ctrl","Yes","Naive","None",0.151,"Ctrl_Ambiant"
"T20_C5_az13_B6","IMG_9719",715,8,"C5_az13","C5","T20",20,"Ambiant","Ctrl","Yes","Naive","None",0.138,"Ctrl_Ambiant"
"T20_C5_Az17_C1","IMG_9759",715,8,"C5_Az17","C5","T20",20,"Ambiant","Ctrl","Yes","Naive","None",0.115,"Ctrl_Ambiant"
"T20_C5_Az3_D4","IMG_9740",715,8,"C5_Az3","C5","T20",20,"Ambiant","Ctrl","Yes","Naive","None",0.12,"Ctrl_Ambiant"
"T20_C5_Az7_D1","IMG_9814",727,8,"C5_Az7","C5","T20",20,"Ambiant","Ctrl","Yes","Naive","None",0.13,"Ctrl_Ambiant"
"T20_C8_Az17_B4","IMG_9734",715,8,"C8_Az17","C8","T20",20,"Warm","Pred","Yes","Naive","None",0.119,"Pred_Warm"
"T20_C8_Az5_A5","IMG_9776",727,8,"C8_Az5","C8","T20",20,"Warm","Pred","Yes","Naive","None",0.141,"Pred_Warm"
"T20_C9_Az13_C2","IMG_9752",715,8,"C9_Az13","C9","T20",20,"Ambiant","Pred","Yes","Naive","None",0.088,"Pred_Ambiant"
"T20_C9_Az12_D2","IMG_9806",727,8,"C9_Az12","C9","T20",20,"Ambiant","Pred","Yes","Naive","None",0.098,"Pred_Ambiant"
"T20_D6_Az20_A2","IMG_9747",715,8,"D6_Az20","D6","T20",20,"Ambiant","Ctrl","Yes","Naive","None",0.134,"Ctrl_Ambiant"
"T20_D6_Az15_D4","IMG_9787",727,8,"D6_Az15","D6","T20",20,"Ambiant","Ctrl","Yes","Naive","None",0.108,"Ctrl_Ambiant"
"T20_D7_Az7_A3","IMG_9742",715,8,"D7_Az7","D7","T20",20,"Warm","Ctrl","Yes","Naive","None",0.128,"Ctrl_Warm"
"T20_D7_Az12_D3","IMG_9795",727,8,"D7_Az12","D7","T20",20,"Warm","Ctrl","Yes","Naive","None",0.157,"Ctrl_Warm"
"T23_A1_Az6_A4","IMG_9632",715,8,"A1_Az6","A1","T23",23,"Ambiant","Ctrl","Yes","Naive","None",0.09,"Ctrl_Ambiant"
"T23_A1_Az17_C2","IMG_9707",727,8,"A1_Az17","A1","T23",23,"Ambiant","Ctrl","Yes","Naive","None",0.102,"Ctrl_Ambiant"
"T23_A1_Az10_A6","IMG_9667",727,8,"A1_Az10","A1","T23",23,"Ambiant","Ctrl","Yes","Naive","None",0.139,"Ctrl_Ambiant"
"T23_B1_Az11_A2","IMG_9702",727,8,"B1_Az11","B1","T23",23,"Warm","Ctrl","Yes","Naive","None",0.138,"Ctrl_Warm"
"T23_B2_Az8_D1","IMG_9665",715,8,"B2_Az8","B2","T23",23,"Ambiant","Ctrl","Yes","Naive","None",0.148,"Ctrl_Ambiant"
"T23_B2_Az1_B4","IMG_9687",727,8,"B2_Az1","B2","T23",23,"Ambiant","Ctrl","Yes","Naive","None",0.135,"Ctrl_Ambiant"
"T23_B4_Az1_D3","IMG_9645",715,8,"B4_Az1","B4","T23",23,"Ambiant","Pred","Yes","Naive","None",0.096,"Pred_Ambiant"
"T23_B4_Az3_C1","IMG_9712",727,8,"B4_Az3","B4","T23",23,"Ambiant","Pred","Yes","Naive","None",0.114,"Pred_Ambiant"
"T23_B5_Az10_B2","IMG_9653",715,8,"B5_Az10","B5","T23",23,"Warm","Pred","Yes","Naive","None",0.094,"Pred_Warm"
"T23_B5_Az17_A3","IMG_9693",727,8,"B5_Az17","B5","T23",23,"Warm","Pred","Yes","Naive","None",0.109,"Pred_Warm"
"T23_B5_Az8_D5","IMG_9685",727,8,"B5_Az8","B5","T23",23,"Warm","Pred","Yes","Naive","None",0.116,"Pred_Warm"
"T23_B6_Az14_C4","IMG_9638",715,8,"B6_Az14","B6","T23",23,"Ambiant","Pred","Yes","Naive","None",0.119,"Pred_Ambiant"
"T23_B6_Az4_B5","IMG_9627",715,6,"B6_Az4","B6","T23",23,"Ambiant","Pred","Yes","Naive","None",0.082,"Pred_Ambiant"
"T23_B6_Az3_B5","IMG_9680",727,8,"B6_Az3","B6","T23",23,"Ambiant","Pred","Yes","Naive","None",0.098,"Pred_Ambiant"
"T23_B7_Az12_A5","IMG_9623",715,8,"B7_Az12","B7","T23",23,"Warm","Pred","Yes","Naive","None",0.102,"Pred_Warm"
"T23_B7_Az16_B2","IMG_9703",727,8,"B7_Az16","B7","T23",23,"Warm","Pred","Yes","Naive","None",0.124,"Pred_Warm"
"T23_B9_Az18_D5","IMG_9630",715,8,"B9_Az18","B9","T23",23,"Warm","Pred","Yes","Naive","None",0.096,"Pred_Warm"
"T23_B9_Az20_C6","IMG_9672",727,8,"B9_Az20","B9","T23",23,"Warm","Pred","Yes","Naive","None",0.123,"Pred_Warm"
"T23_C1_Az16_B1","IMG_9660",715,8,"C1_Az16","C1","T23",23,"Ambiant","Pred","Yes","Naive","None",0.118,"Pred_Ambiant"
"T23_C1_Az4_C5","IMG_9629",715,8,"C1_Az4","C1","T23",23,"Ambiant","Pred","Yes","Naive","None",0.142,"Pred_Ambiant"
"T23_C1_Az17_C5","IMG_9681",727,8,"C1_Az17","C1","T23",23,"Ambiant","Pred","Yes","Naive","None",0.14,"Pred_Ambiant"
"T23_C3_Az19_A6","IMG_9618",715,8,"C3_Az19","C3","T23",23,"Ambiant","Pred","Yes","Naive","None",0.163,"Pred_Ambiant"
"T23_C3_Az16_B3","IMG_9698",727,8,"C3_Az16","C3","T23",23,"Ambiant","Pred","Yes","Naive","None",0.094,"Pred_Ambiant"
"T23_C3_Az17_D6","IMG_9674",727,8,"C3_Az17","C3","T23",23,"Ambiant","Pred","Yes","Naive","None",0.15,"Pred_Ambiant"
"T23_C5_Az17_C1","IMG_9662",715,8,"C5_Az17","C5","T23",23,"Ambiant","Ctrl","Yes","Naive","None",0.118,"Ctrl_Ambiant"
"T23_C5_Az10_D2","IMG_9657",715,8,"C5_Az10","C5","T23",23,"Ambiant","Ctrl","Yes","Naive","None",0.121,"Ctrl_Ambiant"
"T23_C5_Az3_D4","IMG_9640",715,8,"C5_Az3","C5","T23",23,"Ambiant","Ctrl","Yes","Naive","None",0.105,"Ctrl_Ambiant"
"T23_C5_Az13_B6","IMG_9621",715,8,"C5_az13","C5","T23",23,"Ambiant","Ctrl","Yes","Naive","None",0.093,"Ctrl_Ambiant"
"T23_C5_Az7_D1","IMG_9715",727,8,"C5_Az7","C5","T23",23,"Ambiant","Ctrl","Yes","Naive","None",0.122,"Ctrl_Ambiant"
"T23_C8_Az17_B4","IMG_9634",715,8,"C8_Az17","C8","T23",23,"Warm","Pred","Yes","Naive","None",0.116,"Pred_Warm"
"T23_C8_Az5_A5","IMG_9676",727,8,"C8_Az5","C8","T23",23,"Warm","Pred","Yes","Naive","None",0.1,"Pred_Warm"
"T23_C9_Az13_C2","IMG_9655",715,8,"C9_Az13","C9","T23",23,"Ambiant","Pred","Yes","Naive","None",0.115,"Pred_Ambiant"
"T23_C9_Az12_D2","IMG_9709",727,8,"C9_Az12","C9","T23",23,"Ambiant","Pred","Yes","Naive","None",0.128,"Pred_Ambiant"
"T23_D6_Az20_A2","IMG_9651",715,8,"D6_Az20","D6","T23",23,"Ambiant","Ctrl","Yes","Naive","None",0.126,"Ctrl_Ambiant"
"T23_D6_Az15_D4","IMG_9690",727,6,"D6_Az15","D6","T23",23,"Ambiant","Ctrl","Yes","Naive","None",0.12,"Ctrl_Ambiant"
"T23_D7_Az7_A3","IMG_9643",715,8,"D7_Az7","D7","T23",23,"Warm","Ctrl","Yes","Naive","None",0.12,"Ctrl_Warm"
"T23_D7_Az12_D3","IMG_9699",727,8,"D7_Az12","D7","T23",23,"Warm","Ctrl","Yes","Naive","None",0.125,"Ctrl_Warm"
"T25_A1_Az10_A6","IMG_9568",727,8,"A1_Az10","A1","T25",25,"Ambiant","Ctrl","Yes","Naive","None",0.135,"Ctrl_Ambiant"
"T25_A1_Az17_C2","IMG_9602",727,8,"A1_Az17","A1","T25",25,"Ambiant","Ctrl","Yes","Naive","None",0.1,"Ctrl_Ambiant"
"T25_A1_Az6_A4","IMG_9531",715,8,"A1_Az6","A1","T25",25,"Ambiant","Ctrl","Yes","Naive","None",0.093,"Ctrl_Ambiant"
"T25_B1_Az11_A2","IMG_9595",727,8,"B1_Az11","B1","T25",25,"Warm","Ctrl","Yes","Naive","None",0.115,"Ctrl_Warm"
"T25_B2_Az1_B4","IMG_9583",727,8,"B2_Az1","B2","T25",25,"Ambiant","Ctrl","Yes","Naive","None",0.137,"Ctrl_Ambiant"
"T25_B2_Az8_D1","IMG_9566",715,8,"B2_Az8","B2","T25",25,"Ambiant","Ctrl","Yes","Naive","None",0.124,"Ctrl_Ambiant"
"T25_B4_Az1_D3","IMG_9543",715,8,"B4_Az1","B4","T25",25,"Ambiant","Pred","Yes","Naive","None",0.155,"Pred_Ambiant"
"T25_B4_Az3_C1","IMG_9607",727,8,"B4_Az3","B4","T25",25,"Ambiant","Pred","Yes","Naive","None",0.101,"Pred_Ambiant"
"T25_B5_Az10_B2","IMG_9551",715,8,"B5_Az10","B5","T25",25,"Warm","Pred","Yes","Naive","None",0.113,"Pred_Warm"
"T25_B5_Az17_A3","IMG_9588",727,8,"B5_Az17","B5","T25",25,"Warm","Pred","Yes","Naive","None",0.122,"Pred_Warm"
"T25_B5_Az8_D5","IMG_9580",727,8,"B5_Az8","B5","T25",25,"Warm","Pred","Yes","Naive","None",0.101,"Pred_Warm"
"T25_B6_Az14_C4","IMG_9536",715,8,"B6_Az14","B6","T25",25,"Ambiant","Pred","Yes","Naive","None",0.086,"Pred_Ambiant"
"T25_B6_Az3_B5","IMG_9577",727,8,"B6_Az3","B6","T25",25,"Ambiant","Pred","Yes","Naive","None",0.094,"Pred_Ambiant"
"T25_B6_Az4_B5","IMG_9523",715,8,"B6_Az4","B6","T25",25,"Ambiant","Pred","Yes","Naive","None",0.11,"Pred_Ambiant"
"T25_B7_Az12_A5","IMG_9520",715,8,"B7_Az12","B7","T25",25,"Warm","Pred","Yes","Naive","None",0.095,"Pred_Warm"
"T25_B7_Az16_B2","IMG_9599",727,8,"B7_Az16","B7","T25",25,"Warm","Pred","Yes","Naive","None",0.102,"Pred_Warm"
"T25_B9_Az18_D5","IMG_9528",715,8,"B9_Az18","B9","T25",25,"Warm","Pred","Yes","Naive","None",0.118,"Pred_Warm"
"T25_B9_Az20_C6","IMG_9569",727,8,"B9_Az20","B9","T25",25,"Warm","Pred","Yes","Naive","None",0.118,"Pred_Warm"
"T25_C1_Az16_B1","IMG_9559",715,8,"C1_Az16","C1","T25",25,"Ambiant","Pred","Yes","Naive","None",0.137,"Pred_Ambiant"
"T25_C1_Az17_C5","IMG_9578",727,8,"C1_Az17","C1","T25",25,"Ambiant","Pred","Yes","Naive","None",0.131,"Pred_Ambiant"
"T25_C1_Az4_C5","IMG_9525",715,8,"C1_Az4","C1","T25",25,"Ambiant","Pred","Yes","Naive","None",0.138,"Pred_Ambiant"
"T25_C3_Az16_B3","IMG_9590",727,8,"C3_Az16","C3","T25",25,"Ambiant","Pred","Yes","Naive","None",0.169,"Pred_Ambiant"
"T25_C3_Az17_D6","IMG_9571",727,8,"C3_Az17","C3","T25",25,"Ambiant","Pred","Yes","Naive","None",0.146,"Pred_Ambiant"
"T25_C3_Az19_A6","IMG_9516",715,8,"C3_Az19","C3","T25",25,"Ambiant","Pred","Yes","Naive","None",0.135,"Pred_Ambiant"
"T25_C5_Az10_D2","IMG_9557",715,8,"C5_Az10","C5","T25",25,"Ambiant","Ctrl","Yes","Naive","None",0.111,"Ctrl_Ambiant"
"T25_C5_Az13_B6","IMG_9517",715,8,"C5_az13","C5","T25",25,"Ambiant","Ctrl","Yes","Naive","None",0.122,"Ctrl_Ambiant"
"T25_C5_Az17_C1","IMG_9562",715,8,"C5_Az17","C5","T25",25,"Ambiant","Ctrl","Yes","Naive","None",0.096,"Ctrl_Ambiant"
"T25_C5_Az3_D4","IMG_9538",715,8,"C5_Az3","C5","T25",25,"Ambiant","Ctrl","Yes","Naive","None",0.14,"Ctrl_Ambiant"
"T25_C5_Az7_D1","IMG_9609",727,8,"C5_Az7","C5","T25",25,"Ambiant","Ctrl","Yes","Naive","None",0.114,"Ctrl_Ambiant"
"T25_C8_Az17_B4","IMG_9533",715,8,"C8_Az17","C8","T25",25,"Warm","Pred","Yes","Naive","None",0.104,"Pred_Warm"
"T25_C8_Az5_A5","IMG_9573",727,8,"C8_Az5","C8","T25",25,"Warm","Pred","Yes","Naive","None",0.087,"Pred_Warm"
"T25_C9_Az12_D2","IMG_9605",727,8,"C9_Az12","C9","T25",25,"Ambiant","Pred","Yes","Naive","None",0.133,"Pred_Ambiant"
"T25_C9_Az13_C2","IMG_9555",715,8,"C9_Az13","C9","T25",25,"Ambiant","Pred","Yes","Naive","None",0.115,"Pred_Ambiant"
"T25_D6_Az15_D4","IMG_9584",727,6,"D6_Az15","D6","T25",25,"Ambiant","Ctrl","Yes","Naive","None",0.154,"Ctrl_Ambiant"
"T25_D6_Az20_A2","IMG_9544",715,8,"D6_Az20","D6","T25",25,"Ambiant","Ctrl","Yes","Naive","None",0.137,"Ctrl_Ambiant"
"T25_D7_Az12_D3","IMG_9592",727,8,"D7_Az12","D7","T25",25,"Warm","Ctrl","Yes","Naive","None",0.131,"Ctrl_Warm"
"T25_D7_Az7_A3","IMG_9541",715,8,"D7_Az7","D7","T25",25,"Warm","Ctrl","Yes","Naive","None",0.102,"Ctrl_Warm"
"T27_A1_Az6_A4","IMG_9445",715,8,"A1_Az6","A1","T27",27,"Ambiant","Ctrl","Yes","Naive","None",0.097,"Ctrl_Ambiant"
"T27_A1_Az17_C2","IMG_9503",727,8,"A1_Az17","A1","T27",27,"Ambiant","Ctrl","Yes","Naive","None",0.108,"Ctrl_Ambiant"
"T27_A1_Az10_A6","IMG_9472",727,8,"A1_Az10","A1","T27",27,"Ambiant","Ctrl","Yes","Naive","None",0.093,"Ctrl_Ambiant"
"T27_B1_Az11_A2","IMG_9499",727,8,"B1_Az11","B1","T27",27,"Warm","Ctrl","Yes","Naive","None",0.095,"Ctrl_Warm"
"T27_B2_Az8_D1","IMG_9470",715,8,"B2_Az8","B2","T27",27,"Ambiant","Ctrl","Yes","Naive","None",0.135,"Ctrl_Ambiant"
"T27_B2_Az1_B4","IMG_9488",727,8,"B2_Az1","B2","T27",27,"Ambiant","Ctrl","Yes","Naive","None",0.118,"Ctrl_Ambiant"
"T27_B4_Az1_D3","IMG_9455",715,8,"B4_Az1","B4","T27",27,"Ambiant","Pred","Yes","Naive","None",0.133,"Pred_Ambiant"
"T27_B4_Az3_C1","IMG_9508",727,8,"B4_Az3","B4","T27",27,"Ambiant","Pred","Yes","Naive","None",0.103,"Pred_Ambiant"
"T27_B5_Az10_B2","IMG_9460",715,8,"B5_Az10","B5","T27",27,"Warm","Pred","Yes","Naive","None",0.137,"Pred_Warm"
"T27_B5_Az17_A3","IMG_9493",727,8,"B5_Az17","B5","T27",27,"Warm","Pred","Yes","Naive","None",0.106,"Pred_Warm"
"T27_B5_Az8_D5","IMG_9486",727,8,"B5_Az8","B5","T27",27,"Warm","Pred","Yes","Naive","None",0.102,"Pred_Warm"
"T27_B6_Az14_C4","IMG_9449",715,8,"B6_Az14","B6","T27",27,"Ambiant","Pred","Yes","Naive","None",0.091,"Pred_Ambiant"
"T27_B6_Az4_B5","IMG_9439",715,8,"B6_Az4","B6","T27",27,"Ambiant","Pred","Yes","Naive","None",0.105,"Pred_Ambiant"
"T27_B6_Az3_B5","IMG_9482",727,8,"B6_Az3","B6","T27",27,"Ambiant","Pred","Yes","Naive","None",0.097,"Pred_Ambiant"
"T27_B7_Az12_A5","IMG_9436",715,8,"B7_Az12","B7","T27",27,"Warm","Pred","Yes","Naive","None",0.079,"Pred_Warm"
"T27_B7_Az16_B2","IMG_9501",727,8,"B7_Az16","B7","T27",27,"Warm","Pred","Yes","Naive","None",0.139,"Pred_Warm"
"T27_B9_Az18_D5","IMG_9443",715,8,"B9_Az18","B9","T27",27,"Warm","Pred","Yes","Naive","None",0.117,"Pred_Warm"
"T27_B9_Az20_C6","IMG_9474",727,8,"B9_Az20","B9","T27",27,"Warm","Pred","Yes","Naive","None",0.118,"Pred_Warm"
"T27_C1_Az16_B1","IMG_9466",715,8,"C1_Az16","C1","T27",27,"Ambiant","Pred","Yes","Naive","None",0.142,"Pred_Ambiant"
"T27_C1_Az4_C5","IMG_9441",715,8,"C1_Az4","C1","T27",27,"Ambiant","Pred","Yes","Naive","None",0.1,"Pred_Ambiant"
"T27_C1_Az17_C5","IMG_9484",727,8,"C1_Az17","C1","T27",27,"Ambiant","Pred","Yes","Naive","None",0.139,"Pred_Ambiant"
"T27_C3_Az19_A6","IMG_9431",715,8,"C3_Az19","C3","T27",27,"Ambiant","Pred","Yes","Naive","None",0.156,"Pred_Ambiant"
"T27_C3_Az16_B3","IMG_9494",727,8,"C3_Az16","C3","T27",27,"Ambiant","Pred","Yes","Naive","None",0.114,"Pred_Ambiant"
"T27_C3_Az17_D6","IMG_9478",727,8,"C3_Az17","C3","T27",27,"Ambiant","Pred","Yes","Naive","None",0.131,"Pred_Ambiant"
"T27_C5_Az17_C1","IMG_9468",715,8,"C5_Az17","C5","T27",27,"Ambiant","Ctrl","Yes","Naive","None",0.133,"Ctrl_Ambiant"
"T27_C5_Az10_D2","IMG_9463",715,8,"C5_Az10","C5","T27",27,"Ambiant","Ctrl","Yes","Naive","None",0.138,"Ctrl_Ambiant"
"T27_C5_Az3_D4","IMG_9451",715,8,"C5_Az3","C5","T27",27,"Ambiant","Ctrl","Yes","Naive","None",0.097,"Ctrl_Ambiant"
"T27_C5_Az13_B6","IMG_9433",715,8,"C5_az13","C5","T27",27,"Ambiant","Ctrl","Yes","Naive","None",0.09,"Ctrl_Ambiant"
"T27_C5_Az7_D1","IMG_9511",727,8,"C5_Az7","C5","T27",27,"Ambiant","Ctrl","Yes","Naive","None",0.11,"Ctrl_Ambiant"
"T27_C8_Az17_B4","IMG_9447",715,8,"C8_Az17","C8","T27",27,"Warm","Pred","Yes","Naive","None",0.118,"Pred_Warm"
"T27_C8_Az5_A5","IMG_9479",727,8,"C8_Az5","C8","T27",27,"Warm","Pred","Yes","Naive","None",0.136,"Pred_Warm"
"T27_C9_Az13_C2","IMG_9462",715,8,"C9_Az13","C9","T27",27,"Ambiant","Pred","Yes","Naive","None",0.135,"Pred_Ambiant"
"T27_C9_Az12_D2","IMG_9505",727,8,"C9_Az12","C9","T27",27,"Ambiant","Pred","Yes","Naive","None",0.104,"Pred_Ambiant"
"T27_D6_Az20_A2","IMG_9457",715,8,"D6_Az20","D6","T27",27,"Ambiant","Ctrl","Yes","Naive","None",0.132,"Ctrl_Ambiant"
"T27_D6_Az15_D4","IMG_9491",727,6,"D6_Az15","D6","T27",27,"Ambiant","Ctrl","Yes","Naive","None",0.137,"Ctrl_Ambiant"
"T27_D7_Az7_A3","IMG_9454",715,8,"D7_Az7","D7","T27",27,"Warm","Ctrl","Yes","Naive","None",0.125,"Ctrl_Warm"
"T27_D7_Az12_D3","IMG_9498",727,8,"D7_Az12","D7","T27",27,"Warm","Ctrl","Yes","Naive","None",0.12,"Ctrl_Warm"
"T30_A1_Az6_A4","IMG_9346",715,8,"A1_Az6","A1","T30",30,"Ambiant","Ctrl","Yes","Naive","None",0.125,"Ctrl_Ambiant"
"T30_A1_Az17_C2","IMG_9419",727,8,"A1_Az17","A1","T30",30,"Ambiant","Ctrl","Yes","Naive","None",0.108,"Ctrl_Ambiant"
"T30_A1_Az10_A6","IMG_9382",727,8,"A1_Az10","A1","T30",30,"Ambiant","Ctrl","Yes","Naive","None",0.086,"Ctrl_Ambiant"
"T30_B1_Az11_A2","IMG_9414",727,8,"B1_Az11","B1","T30",30,"Warm","Ctrl","Yes","Naive","None",0.113,"Ctrl_Warm"
"T30_B2_Az8_D1","IMG_9378",715,8,"B2_Az8","B2","T30",30,"Ambiant","Ctrl","Yes","Naive","None",0.133,"Ctrl_Ambiant"
"T30_B2_Az1_B4","IMG_9401",727,8,"B2_Az1","B2","T30",30,"Ambiant","Ctrl","Yes","Naive","None",0.132,"Ctrl_Ambiant"
"T30_B4_Az1_D3","IMG_9360",715,8,"B4_Az1","B4","T30",30,"Ambiant","Pred","Yes","Naive","None",0.121,"Pred_Ambiant"
"T30_B4_Az3_C1","IMG_9422",727,8,"B4_Az3","B4","T30",30,"Ambiant","Pred","Yes","Naive","None",0.12,"Pred_Ambiant"
"T30_B5_Az10_B2","IMG_9366",715,8,"B5_Az10","B5","T30",30,"Warm","Pred","Yes","Naive","None",0.105,"Pred_Warm"
"T30_B5_Az17_A3","IMG_9407",727,8,"B5_Az17","B5","T30",30,"Warm","Pred","Yes","Naive","None",0.101,"Pred_Warm"
"T30_B5_Az8_D5","IMG_9399",727,8,"B5_Az8","B5","T30",30,"Warm","Pred","Yes","Naive","None",0.101,"Pred_Warm"
"T30_B6_Az14_C4","IMG_9350",715,8,"B6_Az14","B6","T30",30,"Ambiant","Pred","Yes","Naive","None",0.106,"Pred_Ambiant"
"T30_B6_Az4_B5","IMG_9338",715,8,"B6_Az4","B6","T30",30,"Ambiant","Pred","Yes","Naive","None",0.077,"Pred_Ambiant"
"T30_B6_Az3_B5","IMG_9394",727,8,"B6_Az3","B6","T30",30,"Ambiant","Pred","Yes","Naive","None",0.09,"Pred_Ambiant"
"T30_B7_Az12_A5","IMG_9334",715,8,"B7_Az12","B7","T30",30,"Warm","Pred","Yes","Naive","None",0.131,"Pred_Warm"
"T30_B7_Az16_B2","IMG_9417",727,8,"B7_Az16","B7","T30",30,"Warm","Pred","Yes","Naive","None",0.088,"Pred_Warm"
"T30_B9_Az18_D5","IMG_9344",715,8,"B9_Az18","B9","T30",30,"Warm","Pred","Yes","Naive","None",0.093,"Pred_Warm"
"T30_B9_Az20_C6","IMG_9384",727,8,"B9_Az20","B9","T30",30,"Warm","Pred","Yes","Naive","None",0.107,"Pred_Warm"
"T30_C1_Az16_B1","IMG_9374",715,8,"C1_Az16","C1","T30",30,"Ambiant","Pred","Yes","Naive","None",0.139,"Pred_Ambiant"
"T30_C1_Az4_C5","IMG_9340",715,8,"C1_Az4","C1","T30",30,"Ambiant","Pred","Yes","Naive","None",0.143,"Pred_Ambiant"
"T30_C1_Az17_C5","IMG_9397",727,8,"C1_Az17","C1","T30",30,"Ambiant","Pred","Yes","Naive","None",0.121,"Pred_Ambiant"
"T30_C3_Az19_A6","IMG_9331",715,8,"C3_Az19","C3","T30",30,"Ambiant","Pred","Yes","Naive","None",0.094,"Pred_Ambiant"
"T30_C3_Az16_B3","IMG_9408",727,8,"C3_Az16","C3","T30",30,"Ambiant","Pred","Yes","Naive","None",0.12,"Pred_Ambiant"
"T30_C3_Az17_D6","IMG_9385",727,8,"C3_Az17","C3","T30",30,"Ambiant","Pred","Yes","Naive","None",0.102,"Pred_Ambiant"
"T30_C5_Az17_C1","IMG_9377",715,8,"C5_Az17","C5","T30",30,"Ambiant","Ctrl","Yes","Naive","None",0.106,"Ctrl_Ambiant"
"T30_C5_Az10_D2","IMG_9371",715,8,"C5_Az10","C5","T30",30,"Ambiant","Ctrl","Yes","Naive","None",0.088,"Ctrl_Ambiant"
"T30_C5_Az3_D4","IMG_9352",715,8,"C5_Az3","C5","T30",30,"Ambiant","Ctrl","Yes","Naive","None",0.134,"Ctrl_Ambiant"
"T30_C5_az13_B6","IMG_9332",715,8,"C5_az13","C5","T30",30,"Ambiant","Ctrl","Yes","Naive","None",0.122,"Ctrl_Ambiant"
"T30_C5_Az7_D1","IMG_9426",727,8,"C5_Az7","C5","T30",30,"Ambiant","Ctrl","Yes","Naive","None",0.114,"Ctrl_Ambiant"
"T30_C8_Az17_B4","IMG_9348",715,8,"C8_Az17","C8","T30",30,"Warm","Pred","Yes","Naive","None",0.124,"Pred_Warm"
"T30_C8_Az5_A5","IMG_9390",727,8,"C8_Az5","C8","T30",30,"Warm","Pred","Yes","Naive","None",0.112,"Pred_Warm"
"T30_C9_Az13_C2","IMG_9367",715,8,"C9_Az13","C9","T30",30,"Ambiant","Pred","Yes","Naive","None",0.139,"Pred_Ambiant"
"T30_C9_Az12_D2","IMG_9421",727,8,"C9_Az12","C9","T30",30,"Ambiant","Pred","Yes","Naive","None",0.111,"Pred_Ambiant"
"T30_D6_Az20_A2","IMG_9362",715,8,"D6_Az20","D6","T30",30,"Ambiant","Ctrl","Yes","Naive","None",0.107,"Ctrl_Ambiant"
"T30_D6_Az15_D4","IMG_9403",727,6,"D6_Az15","D6","T30",30,"Ambiant","Ctrl","Yes","Naive","None",0.145,"Ctrl_Ambiant"
"T30_D7_Az7_A3","IMG_9356",715,8,"D7_Az7","D7","T30",30,"Warm","Ctrl","Yes","Naive","None",0.122,"Ctrl_Warm"
"T30_D7_Az12_D3","IMG_9412",727,8,"D7_Az12","D7","T30",30,"Warm","Ctrl","Yes","Naive","None",NA,"Ctrl_Warm"
