"ID","Ref","ID_photo","SlopeEmma","Reader","Round","PopInd","Pop","TempExp","TempExpNum","Tpop","Predpop","Survival","Naivety","Slope","r2"
"T05_A1_Az1_B5","T05_A1_Az1_B5","IMG_0618",-0.038100965,715,3,"A1_Az1","A1","T05",5,"Ambiant","Ctrl","Yes","Naive",-0.0328978681632681,0.943500870633809
"T05_A1_Az10_C6","T05_A1_Az10_C6","IMG_0437",-0.013578453,715,2,"A1_Az10","A1","T05",5,"Ambiant","Ctrl","Yes","Naive",NA,NA
"T05_A1_Az2_A4","T05_A1_Az2_A4","IMG_0351",-0.019557593,715,1,"A1_Az2","A1","T05",5,"Ambiant","Ctrl","Yes","Naive",-0.00641852102476412,0.542158511549742
"T05_A1_Az3_B3","T05_A1_Az3_B3","IMG_0415",-0.009873163,727,1,"A1_Az3","A1","T05",5,"Ambiant","Ctrl","Yes","Naive",-0.00400395819693816,0.246754892292579
"T05_A1_Az4_C4","T05_A1_Az4_C4","IMG_0748",-0.013387065,727,4,"A1_Az4","A1","T05",5,"Ambiant","Ctrl","Yes","Naive",-0.00600667046169079,0.961743256171633
"T05_A1_Az5_A1","T05_A1_Az5_A1","IMG_0729",-0.014915656,715,4,"A1_Az5","A1","T05",5,"Ambiant","Ctrl","Yes","Naive",-0.0030094248911242,0.444914325834207
"T05_A1_Az6_D4","T05_A1_Az6_D4","IMG_0718",-0.017146807,715,4,"A1_Az6","A1","T05",5,"Ambiant","Ctrl","Yes","Naive",-0.0115931226671397,0.902269116757885
"T05_A1_Az7_B1","T05_A1_Az7_B1","IMG_0554",-0.015302222,727,2,"A1_Az7","A1","T05",5,"Ambiant","Ctrl","Yes","Naive",-0.00612946883820304,0.843669617454655
"T05_A1_Az8_B2","T05_A1_Az8_B2","IMG_0685",-0.014311941,727,3,"A1_Az8","A1","T05",5,"Ambiant","Ctrl","Yes","Naive",-0.0116585222884315,0.888781624984406
"T05_A1_Az9_C2","T05_A1_Az9_C2","IMG_0548",-0.013261368,727,2,"A1_Az9","A1","T05",5,"Ambiant","Ctrl","Yes","Naive",-0.00451978292154369,0.510817930722645
"T05_B1_Az1_D3","T05_B1_Az1_D3","IMG_0419",-0.011114421,727,1,"B1_Az1","B1","T05",5,"Warm","Ctrl","Yes","Naive",-0.0085433925605436,0.857415898575209
"T05_B1_Az10_A6","T05_B1_Az10_A6","IMG_0735",-0.014886284,727,4,"B1_Az10","B1","T05",5,"Warm","Ctrl","Yes","Naive",-0.0112903910598598,0.962341082893632
"T05_B1_Az2_A2","T05_B1_Az2_A2","IMG_0367",-0.015214819,715,1,"B1_Az2","B1","T05",5,"Warm","Ctrl","Yes","Naive",-0.0119635619630493,0.855181184327567
"T05_B1_Az3_A3","T05_B1_Az3_A3","IMG_0674",-0.018195748,727,3,"B1_Az3","B1","T05",5,"Warm","Ctrl","Yes","Naive",-0.00393123625091103,0.222169093634902
"T05_B1_Az4_C6","T05_B1_Az4_C6","IMG_0493",-0.007814382,727,2,"B1_Az4","B1","T05",10,"Warm","Ctrl","Yes","Naive",NA,NA
"T05_B1_Az5_B3","T05_B1_Az5_B3","IMG_0464",-0.013711497,715,2,"B1_Az5","B1","T05",10,"Warm","Ctrl","Yes","Naive",-0.0110721224218643,0.898895901447863
"T05_B1_Az6_D2","T05_B1_Az6_D2","IMG_0647",-0.021405898,715,3,"B1_Az6","B1","T05",5,"Warm","Ctrl","Yes","Naive",-0.00521993562792118,0.392289375917973
"T05_B1_Az7_C5","T05_B1_Az7_C5","IMG_0713",-0.013260467,715,4,"B1_Az7","B1","T05",5,"Warm","Ctrl","Yes","Naive",-0.00583209283473946,0.866852001977637
"T05_B1_Az8_C5","T05_B1_Az8_C5","IMG_0743",-0.0135933,727,4,"B1_Az8","B1","T05",5,"Warm","Ctrl","Yes","Naive",-0.00869320851290529,0.870301091734073
"T05_B1_Az9_B6","T05_B1_Az9_B6","IMG_0389",-0.007960728,727,1,"B1_Az9","B1","T05",5,"Warm","Ctrl","Yes","Naive",-0.00673288054153782,0.5376523783983
"T05_B2_Az1_B4","T05_B2_Az1_B4","IMG_0405",-0.009025397,727,1,"B2_Az1","B2","T05",5,"Ambiant","Ctrl","Yes","Naive",-0.00528225687264366,0.875430993002118
"T05_B2_Az10_D4","T05_B2_Az10_D4","IMG_0360",-0.01307637,715,1,"B2_Az10","B2","T05",5,"Ambiant","Ctrl","Yes","Naive",-0.0106069979993402,0.869921311883967
"T05_B2_Az2_D1","T05_B2_Az2_D1","IMG_0487",-0.013832281,715,2,"B2_Az2","B2","T05",5,"Ambiant","Ctrl","Yes","Naive",-0.00518306502750653,0.79027447337201
"T05_B2_Az3_D2","T05_B2_Az3_D2","IMG_0728",-0.020365741,715,4,"B2_Az3","B2","T05",5,"Ambiant","Ctrl","Yes","Naive",-0.0125117801645951,0.887114131677039
"T05_B2_Az4_C3","T05_B2_Az4_C3","IMG_0637",-0.012411275,715,3,"B2_Az4","B2","T05",5,"Ambiant","Ctrl","Yes","Naive",-0.00567670388114832,0.631527805247401
"T05_B2_Az5_B5","T05_B2_Az5_B5","IMG_0664",-0.009493331,727,3,"B2_Az5","B2","T05",5,"Ambiant","Ctrl","Yes","Naive",-0.00821102585388295,0.773856617424641
"T05_B2_Az6_A4","T05_B2_Az6_A4","IMG_0744",-0.003638651,727,4,"B2_Az6","B2","T05",5,"Ambiant","Ctrl","Yes","Naive",-0.0083699899024359,0.509567290442235
"T05_B2_Az7_A1","T05_B2_Az7_A1","IMG_0650",-0.011608165,715,3,"B2_Az7","B2","T05",5,"Ambiant","Ctrl","Yes","Naive",-0.00453002219652773,0.623379233579909
"T05_B2_Az8_B2","T05_B2_Az8_B2","IMG_0476",-0.009069382,715,2,"B2_Az8","B2","T05",5,"Ambiant","Ctrl","Yes","Naive",-0.00416074586525393,0.630796785409544
"T05_B2_Az9_C4","T05_B2_Az9_C4","IMG_0520",-0.01166112,727,2,"B2_Az9","B2","T05",5,"Ambiant","Ctrl","Yes","Naive",-0.00395961530556902,0.615248346365881
"T05_B4_Az1_B1","T05_B4_Az1_B1","IMG_0486",-0.01278501,715,2,"B4_Az1","B4","T05",5,"Ambiant","Pred","Yes","Naive",-0.0104407577043172,0.932640122214053
"T05_B4_Az10_B1","T05_B4_Az10_B1","IMG_0766",-0.01258055,727,4,"B4_Az10","B4","T05",5,"Ambiant","Pred","Yes","Naive",-0.00268372444399601,0.539003397321092
"T05_B4_Az2_D5","T05_B4_Az2_D5","IMG_0622",-0.012975842,715,3,"B4_Az2","B4","T05",5,"Ambiant","Pred","Yes","Naive",-0.00292539868975145,0.299113876157748
"T05_B4_Az3_D6","T05_B4_Az3_D6","IMG_0739",-0.007583388,727,4,"B4_Az3","B4","T05",5,"Ambiant","Pred","Yes","Naive",NA,NA
"T05_B4_Az4_C2","T05_B4_Az4_C2","IMG_0420",-0.012739835,727,1,"B4_Az4","B4","T05",5,"Ambiant","Pred","Yes","Naive",-0.00133555931603879,0.140832394735519
"T05_B4_Az5_C3","T05_B4_Az5_C3","IMG_0679",-0.01359774,727,3,"B4_Az5","B4","T05",5,"Ambiant","Pred","Yes","Naive",-0.0115549404941837,0.947957835174931
"T05_B4_Az6_D1","T05_B4_Az6_D1","IMG_0733",-0.015081207,715,4,"B4_Az6","B4","T05",5,"Ambiant","Pred","Yes","Naive",-0.010721946767808,0.944965400206619
"T05_B4_Az7_D3","T05_B4_Az7_D3","IMG_0537",-0.007937504,727,2,"B4_Az7","B4","T05",5,"Ambiant","Pred","Yes","Naive",-0.00383623643060489,0.880107827083482
"T05_B4_Az8_C5","T05_B4_Az8_C5","IMG_0346",-0.016867009,715,1,"B4_Az8","B4","T05",5,"Ambiant","Pred","Yes","Naive",-0.00535877725862931,0.535312845961647
"T05_B4_Az9_A6","T05_B4_Az9_A6","IMG_0614",-0.012249601,715,3,"B4_Az9","B4","T05",5,"Ambiant","Pred","Yes","Naive",-0.0099787777978116,0.906585363444274
"T05_B5_Az1_D3","T05_B5_Az1_D3","IMG_0724",-0.016162825,715,4,"B5_Az1","B5","T05",5,"Warm","Pred","Yes","Naive",-0.0121500882314061,0.923588158910492
"T05_B5_Az10_C4","T05_B5_Az10_C4","IMG_0717",-0.009126354,715,4,"B5_Az10","B5","T05",5,"Warm","Pred","Yes","Naive",-0.00943278511395504,0.769294631743829
"T05_B5_Az2_C1","T05_B5_Az2_C1","IMG_0652",-0.016417512,715,3,"B5_Az2","B5","T05",5,"Warm","Pred","Yes","Naive",-0.00528253231596345,0.561994516200345
"T05_B5_Az3_C4","T05_B5_Az3_C4","IMG_0408",-0.008349746,727,1,"B5_Az3","B5","T05",5,"Warm","Pred","Yes","Naive",-0.00175074908946247,0.0965598884843784
"T05_B5_Az4_B4","T05_B5_Az4_B4","IMG_0354",-0.008076572,715,1,"B5_Az4","B5","T05",5,"Warm","Pred","Yes","Naive",-0.00260785573430831,0.82095931602326
"T05_B5_Az5_B6","T05_B5_Az5_B6","IMG_0435",-0.011905882,715,2,"B5_Az5","B5","T05",5,"Warm","Pred","Yes","Naive",-0.000775099943991903,0.0312860922697118
"T05_B5_Az6_C2","T05_B5_Az6_C2","IMG_0763",-0.013715096,727,4,"B5_Az6","B5","T05",5,"Warm","Pred","Yes","Naive",-0.011140743979326,0.835867623733278
"T05_B5_Az7_D4","T05_B5_Az7_D4","IMG_0672",-0.008491832,727,3,"B5_Az7","B5","T05",5,"Warm","Pred","Yes","Naive",-0.00793062861865538,0.969887325495919
"T05_B5_Az8_C3","T05_B5_Az8_C3","IMG_0532",-0.012831005,727,2,"B5_Az8","B5","T05",5,"Warm","Pred","Yes","Naive",-0.0103459991170587,0.887334411499884
"T05_B5_Az9_D3","T05_B5_Az9_D3","IMG_0639",-0.01340983,715,3,"B5_Az9","B5","T05",5,"Warm","Pred","Yes","Naive",-0.0107402096696931,0.670462363492371
"T05_B6_Az1_D6","T05_B6_Az1_D6","IMG_0391",-0.004571683,727,1,"B6_Az1","B6","T05",5,"Ambiant","Pred","Yes","Naive",NA,NA
"T05_B6_Az10_B5","T05_B6_Az10_B5","IMG_0742",-0.017163028,727,4,"B6_Az10","B6","T05",5,"Ambiant","Pred","Yes","Naive",-0.0173164839402529,0.950886174717218
"T05_B6_Az2_D2","T05_B6_Az2_D2","IMG_0688",-0.011173312,727,3,"B6_Az2","B6","T05",5,"Ambiant","Pred","Yes","Naive",-0.00907151629059322,0.917997718588349
"T05_B6_Az3_A4","T05_B6_Az3_A4","IMG_0402",-0.011564037,727,1,"B6_Az3","B6","T05",5,"Ambiant","Pred","Yes","Naive",0.00203707343743172,0.0685362440556928
"T05_B6_Az4_B4","T05_B6_Az4_B4","IMG_0746",-0.01340359,727,4,"B6_Az4","B6","T05",5,"Ambiant","Pred","Yes","Naive",-0.0110341799835875,0.937553506628656
"T05_B6_Az5_B4","T05_B6_Az5_B4","IMG_0453",-0.025445688,715,2,"B6_Az5","B6","T05",5,"Ambiant","Pred","Yes","Naive",-0.00500470579493112,0.365150695842509
"T05_B6_Az6_B1","T05_B6_Az6_B1","IMG_0731",-0.016777003,715,4,"B6_Az6","B6","T05",5,"Ambiant","Pred","Yes","Naive",-0.0111648522588765,0.912876837135941
"T05_B6_Az7_B4","T05_B6_Az7_B4","IMG_0518",-0.005602131,727,2,"B6_Az7","B6","T05",5,"Ambiant","Pred","Yes","Naive",-0.00548350184255295,0.545582097686715
"T05_B6_Az8_D5","T05_B6_Az8_D5","IMG_0509",-0.013462112,727,2,"B6_Az8","B6","T05",5,"Ambiant","Pred","Yes","Naive",-0.00117429704223861,0.0446766315969314
"T05_B6_Az9_A3","T05_B6_Az9_A3","IMG_0462",-0.016930375,715,2,"B6_Az9","B6","T05",5,"Ambiant","Pred","Yes","Naive",-0.0128044801115027,0.864491366052797
"T05_B7_Az1_A5","T05_B7_Az1_A5","IMG_0616",-0.013067012,715,3,"B7_Az1","B7","T05",5,"Warm","Pred","Yes","Naive",-0.0103944145620927,0.885810236320551
"T05_B7_Az10_D2","T05_B7_Az10_D2","IMG_0550",-0.012971943,727,2,"B7_Az10","B7","T05",5,"Warm","Pred","Yes","Experienced",-0.00425817942278914,0.30586510385494
"T05_B7_Az2_D2","T05_B7_Az2_D2","IMG_0423",-0.01005716,727,1,"B7_Az2","B7","T05",5,"Warm","Pred","Yes","Naive",NA,NA
"T05_B7_Az3_B2","T05_B7_Az3_B2","IMG_0643",-0.015316355,715,3,"B7_Az3","B7","T05",5,"Warm","Pred","Yes","Naive",-0.00957839672967966,0.940237667169622
"T05_B7_Az4_A6","T05_B7_Az4_A6","IMG_0656",-0.008724127,727,3,"B7_Az4","B7","T05",5,"Warm","Pred","Yes","Naive",-0.00717613237906972,0.908356503121833
"T05_B7_Az5_D3","T05_B7_Az5_D3","IMG_0470",-0.01060105,715,2,"B7_Az5","B7","T05",5,"Warm","Pred","Yes","Naive",-0.00368480435585999,0.540566592398257
"T05_B7_Az6_A4","T05_B7_Az6_A4","IMG_0512",-0.012995512,727,2,"B7_Az6","B7","T05",5,"Warm","Pred","Yes","Naive",-0.006828853790917,0.87313427536731
"T05_B7_Az7_D3","T05_B7_Az7_D3","IMG_0365",-0.017302868,715,1,"B7_Az7","B7","T05",5,"Warm","Pred","Yes","Naive",-0.00812138237157374,0.518960409122837
"T05_B7_Az8_B5","T05_B7_Az8_B5","IMG_0712",-0.022633045,715,4,"B7_Az8","B7","T05",5,"Warm","Pred","Yes","Naive",-0.0129225175807706,0.736643252207513
"T05_B7_Az9_C5","T05_B7_Az9_C5","IMG_0620",-0.008683122,715,3,"B7_Az9","B7","T05",5,"Warm","Pred","Yes","Naive",-0.00366726528758193,0.779678179916509
"T05_B9_Az1_A3","T05_B9_Az1_A3","IMG_0720",-0.01479638,715,4,"B9_Az1","B9","T05",5,"Warm","Pred","Yes","Naive",-0.00689016162430941,0.739799164067363
"T05_B9_Az10_B6","T05_B9_Az10_B6","IMG_0658",-0.00927917,727,3,"B9_Az10","B9","T05",5,"Warm","Pred","Yes","Naive",-0.00766398742068226,0.860443482143241
"T05_B9_Az2_C5","T05_B9_Az2_C5","IMG_0507",-0.007841797,727,2,"B9_Az2","B9","T05",5,"Warm","Pred","Yes","Naive",-0.00719100848949783,0.87114305200906
"T05_B9_Az3_C4","T05_B9_Az3_C4","IMG_0457",-0.016588253,715,2,"B9_Az3","B9","T05",5,"Warm","Pred","Yes","Naive",-0.012660423487552,0.914337866635392
"T05_B9_Az4_D1","T05_B9_Az4_D1","IMG_0691",-0.010249293,727,3,"B9_Az4","B9","T05",5,"Warm","Pred","Yes","Naive",-0.00593025527013244,0.762160713441928
"T05_B9_Az5_A5","T05_B9_Az5_A5","IMG_0394",-0.005044498,727,1,"B9_Az5","B9","T05",5,"Warm","Pred","Yes","Naive",-0.00468622314583093,0.721382566873903
"T05_B9_Az6_B1","T05_B9_Az6_B1","IMG_0377",-0.014278428,715,1,"B9_Az6","B9","T05",5,"Warm","Pred","Yes","Naive",-0.00628394415842124,0.915415568975692
"T05_B9_Az7_A5","T05_B9_Az7_A5","IMG_0741",-0.014863861,727,4,"B9_Az7","B9","T05",5,"Warm","Pred","Yes","Naive",-0.0098801555587221,0.880942387237508
"T05_B9_Az8_A3","T05_B9_Az8_A3","IMG_0634",-0.010861787,715,3,"B9_Az8","B9","T05",5,"Warm","Pred","Yes","Naive",-0.00317995712353216,0.452659605712799
"T05_B9_Az9_D2","T05_B9_Az9_D2","IMG_0765",-0.009312039,727,4,"B9_Az9","B9","T05",5,"Warm","Pred","Yes","Naive",-0.00372063842854154,0.850425911511044
"T05_C1_Az1_A3","T05_C1_Az1_A3","IMG_0752",-0.032635937,727,4,"C1_Az1","C1","T05",5,"Ambiant","Pred","Yes","Naive",-0.0207264646643622,0.881668785790638
"T05_C1_Az10_C5","T05_C1_Az10_C5","IMG_0399",-0.017439734,727,1,"C1_Az10","C1","T05",5,"Ambiant","Pred","Yes","Naive",-0.00899092095734857,0.771382004733075
"T05_C1_Az2_C2","T05_C1_Az2_C2","IMG_0645",-0.003372811,715,3,"C1_Az2","C1","T05",5,"Ambiant","Pred","Yes","Naive",0.00274447171706206,0.102765125402752
"T05_C1_Az3_A4","T05_C1_Az3_A4","IMG_0451",-0.014566079,715,2,"C1_Az3","C1","T05",5,"Ambiant","Pred","Yes","Naive",-0.00501678782406375,0.554435771229357
"T05_C1_Az4_B4","T05_C1_Az4_B4","IMG_0716",-0.019363056,715,4,"C1_Az4","C1","T05",5,"Ambiant","Pred","Yes","Naive",-0.00755000547004304,0.779667264402458
"T05_C1_Az5_A5","T05_C1_Az5_A5","IMG_0662",-0.019565609,727,3,"C1_Az5","C1","T05",5,"Ambiant","Pred","Yes","Naive",-0.00818597304322041,0.523876691654577
"T05_C1_Az6_D2","T05_C1_Az6_D2","IMG_0479",-0.008204543,715,2,"C1_Az6","C1","T05",5,"Ambiant","Pred","Yes","Naive",-0.00154514975743462,0.333895707814648
"T05_C1_Az7_A5","T05_C1_Az7_A5","IMG_0499",-0.019459757,727,2,"C1_Az7","C1","T05",5,"Ambiant","Pred","Yes","Naive",-0.014993899043045,0.897284626475793
"T05_C1_Az8_C3","T05_C1_Az8_C3","IMG_0364",-0.021260623,715,1,"C1_Az8","C1","T05",5,"Ambiant","Pred","Yes","Naive",-0.00934604480282951,0.502825937914352
"T05_C1_Az9_D6","T05_C1_Az9_D6","IMG_0660",-0.018703114,727,3,"C1_Az9","C1","T05",5,"Ambiant","Pred","Yes","Naive",NA,NA
"T05_C3_Az1_D5","T05_C3_Az1_D5","IMG_0447",-0.01533722,715,2,"C3_Az1","C3","T05",5,"Ambiant","Pred","Yes","Naive",-0.00788004388876657,0.712869827282102
"T05_C3_Az10_D6","T05_C3_Az10_D6","IMG_0497",-0.010876576,727,2,"C3_Az10","C3","T05",5,"Ambiant","Pred","Yes","Naive",NA,NA
"T05_C3_Az2_C4","T05_C3_Az2_C4","IMG_0357",-0.004793696,715,1,"C3_Az2","C3","T05",5,"Ambiant","Pred","Yes","Naive",-0.00077118310513649,0.0279604014671928
"T05_C3_Az3_D4","T05_C3_Az3_D4","IMG_0411",-0.017324227,727,1,"C3_Az3","C3","T05",5,"Ambiant","Pred","Yes","Naive",-0.0162347018606718,0.887966117944763
"T05_C3_Az4_B2","T05_C3_Az4_B2","IMG_0760",-0.018935086,727,4,"C3_Az4","C3","T05",5,"Ambiant","Pred","Yes","Naive",-0.0154302326353978,0.918999803200989
"T05_C3_Az5_B3","T05_C3_Az5_B3","IMG_0721",-0.018343021,715,4,"C3_Az5","C3","T05",5,"Ambiant","Pred","Yes","Naive",-0.00606226505768095,0.768860582703033
"T05_C3_Az6_A2","T05_C3_Az6_A2","IMG_0539",-0.012344459,727,2,"C3","C3","T05",5,"Ambiant","Pred","Yes","Naive",-0.0120574412604742,0.852422422357838
"T05_C3_Az7_A2","T05_C3_Az7_A2","IMG_0641",-0.010865738,715,3,"C3_Az7","C3","T05",5,"Ambiant","Pred","Yes","Naive",-0.0053754753240243,0.322022739401646
"T05_C3_Az8_C5","T05_C3_Az8_C5","IMG_0666",-0.010322059,727,3,"C3_Az8","C3","T05",5,"Ambiant","Pred","Yes","Naive",-0.00466262475467385,0.437376537037792
"T05_C3_Az9_A2","T05_C3_Az9_A2","IMG_0682",-0.026519385,727,3,"C3_Az9","C3","T05",5,"Ambiant","Pred","Yes","Naive",-0.0119476232094839,0.572972947276017
"T05_C5_Az1_B2","T05_C5_Az1_B2","IMG_0726",-0.020038252,715,4,"C5_Az1","C5","T05",5,"Ambiant","Ctrl","Yes","Naive",-0.0073145651186331,0.739901236994684
"T05_C5_Az10_B5","T05_C5_Az10_B5","IMG_0397",-0.011064295,727,1,"C5_Az10","C5","T05",5,"Ambiant","Ctrl","Yes","Naive",-0.00232324654177308,0.29997508923385
"T05_C5_Az2_B3","T05_C5_Az2_B3","IMG_0676",-0.011192279,727,3,"C5_Az2","C5","T05",5,"Ambiant","Ctrl","Yes","Naive",-0.00246958741103033,0.29584617111704
"T05_C5_Az3_A4","T05_C5_Az3_A4","IMG_0625",-0.003393896,715,3,"C5_Az3","C5","T05",5,"Ambiant","Ctrl","Yes","Naive",-0.00438687444628063,0.692008577282587
"T05_C5_Az4_B5","T05_C5_Az4_B5","IMG_0501",-0.011426293,727,2,"C5_Az4","C5","T05",5,"Ambiant","Ctrl","Yes","Naive",-0.00872943914851815,0.665411501108455
"T05_C5_Az5_A1","T05_C5_Az5_A1","IMG_0483",-0.020130726,715,2,"C5_Az5","C5","T05",5,"Ambiant","Ctrl","Yes","Naive",-0.0124399483820439,0.703009502207091
"T05_C5_Az6_B5","T05_C5_Az6_B5","IMG_0443",-0.016655134,715,2,"C5_Az6","C5","T05",5,"Ambiant","Ctrl","Yes","Naive",-0.00322735129042098,0.225072675275832
"T05_C5_Az7_B6","T05_C5_Az7_B6","IMG_0737",-0.008596669,727,4,"C5_Az7","C5","T05",5,"Ambiant","Ctrl","Yes","Naive",-0.00291381364493701,0.638967969397023
"T05_C5_Az8_C1","T05_C5_Az8_C1","IMG_0557",-0.005141441,727,2,"C5_Az8","C5","T05",5,"Ambiant","Ctrl","Yes","Naive",0.000362510957734751,0.00166668724777663
"T05_C5_Az9_A1","T05_C5_Az9_A1","IMG_0376",-0.012251282,715,1,"C5_Az9","C5","T05",5,"Ambiant","Ctrl","Yes","Naive",-0.0010886543479897,0.060561646029235
"T05_C8_Az1_A2","T05_C8_Az1_A2","IMG_0758",-0.020099399,727,4,"C8_Az1","C8","T05",5,"Warm","Pred","Yes","Naive",-0.0132296407920108,0.904157536202567
"T05_C8_Az10_D4","T05_C8_Az10_D4","IMG_0632",-0.007274271,715,3,"C8_Az10","C8","T05",5,"Warm","Pred","Yes","Naive",-0.00404342132027096,0.764891555882821
"T05_C8_Az2_C2","T05_C8_Az2_C2","IMG_0371",-0.014831662,715,1,"C8_Az2","C8","T05",5,"Ambiant","Pred","Yes","Naive",-0.00594106866883461,0.704037263620517
"T05_C8_Az3_D5","T05_C8_Az3_D5","IMG_0349",-0.009965719,715,1,"C8_Az3","C8","T05",5,"Ambiant","Pred","Yes","Naive",NA,NA
"T05_C8_Az4_D1","T05_C8_Az4_D1","IMG_0428",-0.008268108,727,1,"C8_Az4","C8","T05",5,"Ambiant","Pred","Yes","Naive",NA,NA
"T05_C8_Az5_D5","T05_C8_Az5_D5","IMG_0715",-0.022461202,715,4,"C8_Az5","C8","T05",5,"Warm","Pred","Yes","Naive",-0.0153225383361414,0.927103761576742
"T05_C8_Az6_D4","T05_C8_Az6_D4","IMG_0750",-0.013977406,727,4,"C8_Az6","C8","T05",5,"Warm","Pred","Yes","Naive",-0.0101148383751723,0.905931747042635
"T05_C8_Az7_A2","T05_C8_Az7_A2","IMG_0474",-0.020213944,715,2,"C8_Az7","C8","T05",5,"Warm","Pred","Yes","Naive",0.0015589507253459,0.0225261545079282
"T05_C8_Az8_B2","T05_C8_Az8_B2","IMG_0544",-0.016919631,727,2,"C8_Az8","C8","T05",5,"Warm","Pred","Yes","Naive",0.00149961320295661,0.0503814413876541
"T05_C8_Az9_D3","T05_C8_Az9_D3","IMG_0681",-0.004830268,727,3,"C8_Az9","C8","T05",5,"Warm","Pred","Yes","Naive",-0.00010935080376095,-0.00237257395872814
"T05_C9_Az1_C2","T05_C9_Az1_C2","IMG_0727",-0.01861176,715,4,"C9_Az1","C9","T05",5,"Ambiant","Pred","Yes","Naive",-0.00696002214398727,0.65927065401607
"T05_C9_Az10_D1","T05_C9_Az10_D1","IMG_0768",-0.01335364,727,4,"C9_Az10","C9","T05",5,"Ambiant","Pred","Yes","Naive",-0.00996613220335961,0.906257016366135
"T05_C9_Az2_C1","T05_C9_Az2_C1","IMG_0690",-0.015170768,727,3,"C9_Az2","C9","T05",5,"Ambiant","Pred","Yes","Naive",-0.0127916148130126,0.877000741790952
"T05_C9_Az3_B4","T05_C9_Az3_B4","IMG_0627",-0.014732389,715,3,"C9_Az3","C9","T05",5,"Ambiant","Pred","Yes","Naive",-0.0113943048002285,0.858549967680197
"T05_C9_Az4_C3","T05_C9_Az4_C3","IMG_0468",-0.009140974,715,2,"C9_Az4","C9","T05",5,"Ambiant","Pred","Yes","Naive",-0.00800015193367212,0.912193127117915
"T05_C9_Az5_A6","T05_C9_Az5_A6","IMG_0343",-0.010204356,715,1,"C9_Az5","C9","T05",5,"Warm","Pred","Yes","Naive",-0.00935873924662932,0.949929437457984
"T05_C9_Az6_A6","T05_C9_Az6_A6","IMG_0387",-0.002661445,727,1,"C9_Az6","C9","T05",5,"Warm","Pred","Yes","Naive",0.00249616059487135,0.626523907408605
"T05_C9_Az7_D4","T05_C9_Az7_D4","IMG_0524",-0.004042193,727,2,"C9_Az7","C9","T05",5,"Ambiant","Pred","Yes","Naive",-0.00052751551195978,0.040094353851966
"T05_C9_Az8_D1","T05_C9_Az8_D1","IMG_0384",-0.019657048,715,1,"C9_Az8","C9","T05",5,"Warm","Pred","Yes","Naive",-0.0156647379931535,0.881605584031251
"T05_C9_Az9_A3","T05_C9_Az9_A3","IMG_0413",-0.01238813,727,1,"C9_Az9","C9","T05",5,"Warm","Pred","Yes","Naive",-0.00290771700901283,0.665182514686951
"T05_D6_Az1_A6","T05_D6_Az1_A6","IMG_0432",-0.015482289,715,2,"D6_Az1","D6","T05",5,"Ambiant","Ctrl","Yes","Naive",-0.0137573038283589,0.944473249693437
"T05_D6_Az10_A5","T05_D6_Az10_A5","IMG_0710",-0.019619157,715,4,"D6_Az10","D6","T05",5,"Ambiant","Ctrl","Yes","Naive",-0.013500773345829,0.920532935151299
"T05_D6_Az2_C1","T05_D6_Az2_C1","IMG_0425",-0.010178256,727,1,"D6_Az2","D6","T05",5,"Ambiant","Ctrl","Yes","Naive",-0.00656369226218799,0.931994170195666
"T05_D6_Az3_D5","T05_D6_Az3_D5","IMG_0400",-0.00900097,727,1,"D6_Az3","D6","T05",5,"Ambiant","Ctrl","Yes","Naive",-0.00483171044365894,0.685412618957466
"T05_D6_Az4_B3","T05_D6_Az4_B3","IMG_0361",-0.016735954,715,1,"D6_Az4","D6","T05",5,"Ambiant","Ctrl","Yes","Naive",-0.00612462769048451,0.584226469588319
"T05_D6_Az5_D1","T05_D6_Az5_D1","IMG_0654",-0.007157517,715,3,"D6_Az5","D6","T05",5,"Ambiant","Ctrl","Yes","Naive",-0.012207331907952,0.770819895803649
"T05_D6_Az6_D3","T05_D6_Az6_D3","IMG_0755",-0.003830068,727,4,"D6_Az6","D6","T05",5,"Ambiant","Ctrl","Yes","Naive",-0.00765019637897305,0.871663506361967
"T05_D6_Az7_C1","T05_D6_Az7_C1","IMG_0381",-0.020196821,715,1,"D6_Az7","D6","T05",5,"Ambiant","Ctrl","Yes","Naive",-0.0167518990897983,0.928740877867542
"T05_D6_Az8_A3","T05_D6_Az8_A3","IMG_0527",-0.010401721,727,2,"D6_Az8","D6","T05",5,"Ambiant","Ctrl","Yes","Naive",-0.00245893324072169,0.534795907642269
"T05_D6_Az9_D5","T05_D6_Az9_D5","IMG_0668",-0.014584388,727,3,"D6_Az9","D6","T05",5,"Ambiant","Ctrl","Yes","Naive",-0.00667127991607277,0.714214833919684
"T05_D7_Az1_C3","T05_D7_Az1_C3","IMG_0753",-0.022270912,727,4,"D7_Az1","D7","T05",5,"Warm","Ctrl","Yes","Naive",-0.0149143057939081,0.893968329992957
"T05_D7_Az10_C4","T05_D7_Az10_C4","IMG_0629",-0.015689167,715,3,"D7_Az10","D7","T05",5,"Warm","Ctrl","Yes","Naive",-0.00695526344209431,0.783450950555743
"T05_D7_Az2_D4","T05_D7_Az2_D4","IMG_0458",-0.000340586,715,2,"D7_Az2","D7","T05",5,"Warm","Ctrl","Yes","Naive",-0.00134954392432397,0.246992661841307
"T05_D7_Az3_C4","T05_D7_Az3_C4","IMG_0670",-0.012738706,727,3,"D7_Az3","D7","T05",5,"Warm","Ctrl","Yes","Naive",-0.00710373470769547,0.760587010967145
"T05_D7_Az4_B3","T05_D7_Az4_B3","IMG_0530",-0.0091292,727,2,"D7_Az4","D7","T05",5,"Warm","Ctrl","Yes","Naive",-0.00272495327358315,0.701668073231189
"T05_D7_Az5_C3","T05_D7_Az5_C3","IMG_0722",-0.03132799,715,4,"D7_Az5","D7","T05",5,"Warm","Ctrl","Yes","Naive",-0.0193914994216428,0.859586335844747
"T05_D7_Az6_A2","T05_D7_Az6_A2","IMG_0725",-0.017678769,715,4,"D7_Az6","D7","T05",5,"Warm","Ctrl","Yes","Naive",-0.00600123607617557,0.78788061783507
"T05_D7_Az7","T05_D7_Az7","",-0.005552076,727,2,"D7_Az7","D7","T05",5,"Warm","Ctrl","Yes","Naive",NA,NA
"T05_D7_Az8_D2","T05_D7_Az8_D2","IMG_0373",-0.015489046,715,1,"D7_Az8","D7","T05",5,"Warm","Pred","Yes","Naive",-0.0153910224853053,0.969465541311301
"T05_D7_Az9_B5","T05_D7_Az9_B5","IMG_0344",-0.016345907,715,1,"D7_Az9","D7","T05",5,"Warm","Ctrl","Yes","Naive",-0.0133824927333096,0.900302940772973
"T10_A1_Az1_B1","T10_A1_Az1_B1","IMG_0306",-0.00585692,727,1,"A1_Az1","A1","T10",10,"Ambiant","Ctrl","Yes","None",-0.00323706007441273,0.831527062302649
"T10_A1_Az10_A6","T10_A1_Az10_A6","IMG_9988",-0.013543539,727,8,"A1_Az10","A1","T10",10,"Ambiant","Ctrl","Yes","Naive",-0.00717790689802044,0.609022079490858
"T10_A1_Az11_A3","T10_A1_Az11_A3","IMG_0222",-0.004343006,715,1,"A1_Az11","A1","T10",10,"Ambiant","Ctrl","Yes","None",0.00135426698649433,0.228380429430731
"T10_A1_Az12_A6","T10_A1_Az12_A6","IMG_4522",-0.007756325,715,2,"A1_Az12","A1","T10",10,"Ambiant","Ctrl","Yes","Naive",-0.00700542450087733,0.886286367016861
"T10_A1_Az13_D4","T10_A1_Az13_D4","IMG_6429",-0.014501212,727,4,"A1_Az13","A1","T10",10,"Ambiant","Ctrl","Yes","Naive",-0.00583374954281225,0.630281139921274
"T10_A1_Az14_A2","T10_A1_Az14_A2","IMG_4639",-0.013942879,727,2,"A1_Az14","A1","T10",10,"Ambiant","Ctrl","Yes","Naive",-0.0135242774434849,0.964350064923739
"T10_A1_Az15_D4","T10_A1_Az15_D4","IMG_4757",-0.019680657,727,3,"A1_Az15","A1","T10",10,"Ambiant","Ctrl","Yes","Naive",-0.00844413399658404,0.545684435385259
"T10_A1_Az16_C5","T10_A1_Az16_C5","IMG_0211",-0.004058921,715,1,"A1_Az16","A1","T10",10,"Ambiant","Ctrl","Yes","None",-0.00431631897367069,0.81446136764246
"T10_A1_Az17_C2","T10_A1_Az17_C2","IMG_0041",-0.01451599,727,8,"A1_Az17","A1","T10",10,"Ambiant","Ctrl","Yes","Naive",-0.0119170845467832,0.886485577567429
"T10_A1_Az18_B2","T10_A1_Az18_B2","IMG_8463",-0.006741155,715,7,"A1_Az18","A1","T10",10,"Ambiant","Ctrl","Yes","Naive",-0.0030168579188051,0.77191966750065
"T10_A1_Az19_C5","T10_A1_Az19_C5","IMG_6549",-0.019250904,727,4,"A1_Az19","A1","T10",10,"Ambiant","Ctrl","Yes","Naive",-0.0183191548864611,0.992499952665887
"T10_A1_Az2_B4","T10_A1_Az2_B4","IMG_8509",-0.007945112,727,7,"A1_Az2","A1","T10",10,"Ambiant","Ctrl","Yes","Naive",-0.00266374020974282,0.356615722107016
"T10_A1_Az20_A6","T10_A1_Az20_A6","IMG_8336",-0.003839033,727,5,"A1_Az20","A1","T10",10,"Ambiant","Ctrl","Yes","Naive",-0.00487467124718885,0.370261889654341
"T10_A1_Az3_A5","T10_A1_Az3_A5","IMG_6412",-0.005969841,727,4,"A1_Az3","A1","T10",10,"Ambiant","Ctrl","Yes","Naive",-0.0062513560653182,0.939491065996622
"T10_A1_Az4_D4","T10_A1_Az4_D4","IMG_8300",-0.007008447,715,5,"A1_Az4","A1","T10",10,"Ambiant","Ctrl","Yes","Naive",-0.0101062710238241,0.621267402421469
"T10_A1_Az5_B2","T10_A1_Az5_B2","IMG_6384",-0.008626746,715,4,"A1_Az5","A1","T10",10,"Ambiant","Ctrl","Yes","Naive",-0.00933003958556,0.537726267911535
"T10_A1_Az6_A4","T10_A1_Az6_A4","IMG_9942",-0.013325335,715,8,"A1_Az6","A1","T10",10,"Ambiant","Ctrl","Yes","Naive",-0.00542296798778804,0.800856608632713
"T10_A1_Az7_A6","T10_A1_Az7_A6","IMG_4664",-0.011915401,715,3,"A1_Az7","A1","T10",10,"Ambiant","Ctrl","Yes","Naive",-0.0120347176653057,0.954097584119047
"T10_A1_Az8_C1","T10_A1_Az8_C1","IMG_6589",-0.008842342,727,5,"A1_Az8","A1","T10",10,"Ambiant","Ctrl","Yes","Naive",-0.00472611207888266,0.659810114294838
"T10_A1_Az9_B4","T10_A1_Az9_B4","IMG_6488",-0.007606092,715,4,"A1_Az9","A1","T10",10,"Ambiant","Ctrl","Yes","Naive",-0.00752454002749037,0.972382699669106
"T10_B1_Az1_C6","T10_B1_Az1_C6","IMG_4670",0.001692625,715,3,"B1_Az1","B1","T10",10,"Warm","Ctrl","Yes","Naive",NA,NA
"T10_B1_Az10_C6","T10_B1_Az10_C6","IMG_0202",-0.005758976,715,8,"B1_Az10","B1","T10",10,"Warm","Ctrl","Yes","None",NA,NA
"T10_B1_Az11_A2","T10_B1_Az11_A2","IMG_0031",-0.026646905,727,8,"B1_Az11","B1","T10",10,"Warm","Ctrl","Yes","Naive",-0.024990580966376,0.98563692664606
"T10_B1_Az12_A3","T10_B1_Az12_A3","IMG_6568",-0.006936009,727,5,"B1_Az12","B1","T10",10,"Warm","Ctrl","Yes","Naive",-0.00199855719030228,0.449593361551223
"T10_B1_Az13_B2","T10_B1_Az13_B2","IMG_8317",-0.005475161,715,5,"B1_Az13","B1","T10",10,"Warm","Ctrl","Yes","Naive",-0.00147299106328647,0.279919280276949
"T10_B1_Az14_D1","T10_B1_Az14_D1","IMG_8407",-0.007772457,727,6,"B1_Az14","B1","T10",10,"Warm","Ctrl","Yes","Naive",-0.0076953405559762,0.959126667163798
"T10_B1_Az15_B3","T10_B1_Az15_B3","IMG_8382",-0.012570023,727,6,"B1_Az15","B1","T10",10,"Warm","Ctrl","Yes","Naive",-0.0120505978156393,0.899248105114419
"T10_B1_Az16_D4","T10_B1_Az16_D4","IMG_4624",-0.00932441,727,2,"B1_Az16","B1","T10",10,"Warm","Ctrl","Yes","Naive",-0.00520818931129551,0.873396220540775
"T10_B1_Az17_B5","T10_B1_Az17_B5","IMG_6477",-0.007469727,715,5,"B1_Az17","B1","T10",10,"Warm","Ctrl","Yes","Naive",-0.00757956350801536,0.974228842808054
"T10_B1_Az18_D3","T10_B1_Az18_D3","IMG_6442",-0.013611814,727,4,"B1_Az18","B1","T10",10,"Warm","Ctrl","Yes","Naive",-0.0131322251883772,0.959681112893606
"T10_B1_Az19_C4","T10_B1_Az19_C4","IMG_4754",-0.009758931,727,3,"B1_Az19","B1","T10",10,"Warm","Ctrl","Yes","Naive",-0.00933108245695198,0.960032149437362
"T10_B1_Az2_A4","T10_B1_Az2_A4","IMG_6364",-0.003489628,715,4,"B1_Az2","B1","T10",10,"Warm","Ctrl","Yes","Naive",-0.00164085703552201,0.596786557151603
"T10_B1_Az20_D1","T10_B1_Az20_D1","IMG_8480",-0.007261757,715,7,"B1_Az20","B1","T10",10,"Warm","Ctrl","Yes","Naive",-0.00705823220345727,0.933450035339902
"T10_B1_Az3_C2","T10_B1_Az3_C2","IMG_0298",-0.001221595,727,1,"B1_Az3","B1","T10",10,"Warm","Ctrl","Yes","None",0.00126101688722326,0.305513088735756
"T10_B1_Az4_B5","T10_B1_Az4_B5","IMG_8495",-0.005911047,727,7,"B1_Az4","B1","T10",10,"Warm","Ctrl","Yes","Naive",-0.000131252709382936,-0.0022664916591979
"T10_B1_Az5_B3","T10_B1_Az5_B3","IMG_4631",-0.007880061,727,2,"B1_Az5","B1","T10",10,"Warm","Ctrl","Yes","Naive",-0.00266079298492935,0.567287886747133
"T10_B1_Az6_C2","T10_B1_Az6_C2","IMG_8533",-0.008931817,727,7,"B1_Az6","B1","T10",10,"Warm","Ctrl","Yes","Naive",-0.00857716456241535,0.922289917212239
"T10_B1_Az7_C3","T10_B1_Az7_C3","IMG_8450",-0.007541216,715,7,"B1_Az7","B1","T10",10,"Warm","Ctrl","Yes","Naive",-0.00476702734217285,0.554959259947907
"T10_B1_Az8_B3","T10_B1_Az8_B3","IMG_4696",-0.004454631,715,3,"B1_Az8","B1","T10",10,"Warm","Ctrl","Yes","Naive",-0.0036338923936895,0.636083157263136
"T10_B1_Az9_B1","T10_B1_Az9_B1","IMG_4576",-0.008121915,715,2,"B1_Az9","B1","T10",10,"Warm","Ctrl","Yes","Naive",-0.00221398292879374,0.141568889166826
"T10_B2_Az1_B4","T10_B2_Az1_B4","IMG_0014",-0.01253847,727,8,"B2_Az1","B2","T10",10,"Ambiant","Ctrl","Yes","Naive",-0.0119848098760133,0.940099424360975
"T10_B2_Az10_C3","T10_B2_Az10_C3","IMG_6378",-0.007722567,715,4,"B2_Az10","B2","T10",10,"Ambiant","Ctrl","Yes","Naive",-0.0074343654604455,0.965285006336245
"T10_B2_Az11_A2","T10_B2_Az11_A2","IMG_8392",-0.009840152,727,6,"B2_Az11","B2","T10",10,"Ambiant","Ctrl","Yes","Naive",-0.00942471622775392,0.915259924389102
"T10_B2_Az12_A6","T10_B2_Az12_A6","IMG_4587",-0.009413131,727,2,"B2_Az12","B2","T10",10,"Ambiant","Ctrl","Yes","Naive",-0.00883083782966429,0.919364436806167
"T10_B2_Az13_C2","T10_B2_Az13_C2","IMG_6512",-0.00828705,715,5,"B2_Az13","B2","T10",10,"Ambiant","Ctrl","Yes","Naive",-0.00249793406417557,0.421015412586512
"T10_B2_Az14_D5","T10_B2_Az14_D5","IMG_8502",-0.018621518,727,7,"B2_Az14","B2","T10",10,"Ambiant","Ctrl","Yes","Naive",-0.018099653176796,0.968359541674022
"T10_B2_Az15_C1","T10_B2_Az15_C1","IMG_4781",-0.007750964,727,3,"B2_Az15","B2","T10",10,"Ambiant","Ctrl","Yes","Naive",-0.00531922562699186,0.951181724626743
"T10_B2_Az16_A1","T10_B2_Az16_A1","IMG_4712",-0.001458585,715,3,"B2_Az16","B2","T10",10,"Ambiant","Ctrl","Yes","Naive",-0.00570152835196327,0.815053636002723
"T10_B2_Az17_D3","T10_B2_Az17_D3","IMG_6506",-0.012375698,715,5,"B2_Az17","B2","T10",10,"Ambiant","Ctrl","Yes","Naive",-0.00977504215627901,0.923104215057239
"T10_B2_Az18_D4","T10_B2_Az18_D4","IMG_0279",-0.005296595,727,1,"B2_Az18","B2","T10",10,"Ambiant","Ctrl","Yes","None",-0.00319421247683066,0.636429078237646
"T10_B2_Az19_B4","T10_B2_Az19_B4","IMG_8296",-0.008701655,715,6,"B2_Az19","B2","T10",10,"Ambiant","Ctrl","Yes","Naive",-0.00891584019749158,0.900179462017806
"T10_B2_Az2_A6","T10_B2_Az2_A6","IMG_6529",-0.002550383,727,5,"B2_Az2","B2","T10",10,"Ambiant","Ctrl","Yes","Naive",0.00194485762699865,0.56082365803523
"T10_B2_Az20_A6","T10_B2_Az20_A6","IMG_6402",-0.012405478,727,4,"B2_Az20","B2","T10",10,"Ambiant","Ctrl","Yes","Naive",-0.0289550718259114,0.799344221343355
"T10_B2_Az3_C6","T10_B2_Az3_C6","IMG_4732",-0.008303836,727,3,"B2_Az3","B2","T10",10,"Ambiant","Ctrl","Yes","Naive",NA,NA
"T10_B2_Az4_A5","T10_B2_Az4_A5","IMG_8427",-0.008981825,715,7,"B2_Az4","B2","T10",10,"Ambiant","Ctrl","Yes","Naive",-0.00845811572511385,0.857166525535768
"T10_B2_Az5_D3","T10_B2_Az5_D3","IMG_0230",-0.004354556,715,1,"B2_Az5","B2","T10",10,"Ambiant","Ctrl","Yes","None",-0.000886305079358595,0.195893351461001
"T10_B2_Az6_D3","T10_B2_Az6_D3","IMG_4563",-0.012136943,715,2,"B2_Az6","B2","T10",10,"Ambiant","Ctrl","Yes","Naive",-0.0115326875106112,0.907136196249916
"T10_B2_Az7_D5","T10_B2_Az7_D5","IMG_4609",-0.011131295,727,2,"B2_Az7","B2","T10",10,"Ambiant","Ctrl","Yes","Naive",-0.0108193733458923,0.870417241526501
"T10_B2_Az8_D1","T10_B2_Az8_D1","IMG_9984",-0.001908902,715,8,"B2_Az8","B2","T10",10,"Ambiant","Ctrl","Yes","Naive",-0.00402138639006639,0.243244540281672
"T10_B2_Az9_C1","T10_B2_Az9_C1","IMG_8544",-0.011181128,727,7,"B2_Az9","B2","T10",10,"Ambiant","Ctrl","Yes","Naive",-0.00561026654205982,0.204539276725299
"T10_B4_Az1_D3","T10_B4_Az1_D3","IMG_9959",-0.010495213,715,8,"B4_Az1","B4","T10",10,"Ambiant","Pred","Yes","Naive",-0.0106273528831687,0.949171598962868
"T10_B4_Az10_D2","T10_B4_Az10_D2","IMG_4708",-0.003953915,715,3,"B4_Az10","B4","T10",10,"Ambiant","Pred","Yes","Naive",0.00130468123153835,0.0131992789010267
"T10_B4_Az11_C3","T10_B4_Az11_C3","IMG_0228",-0.004690469,715,1,"B4_Az11","B4","T10",10,"Ambiant","Pred","Yes","None",-0.0026522799591117,0.63143826630361
"T10_B4_Az12_C1","T10_B4_Az12_C1","IMG_0247",-0.002394422,715,1,"B4_Az12","B4","T10",10,"Ambiant","Pred","Yes","None",-8.69753822551664e-05,0.0006240111341137
"T10_B4_Az13_D3","T10_B4_Az13_D3","IMG_8313",-0.009481471,715,6,"B4_Az13","B4","T10",10,"Ambiant","Pred","Yes","Naive",-0.0093439059542061,0.972960930856706
"T10_B4_Az14_C6","T10_B4_Az14_C6","IMG_8422",-0.011474461,715,7,"B4_Az14","B4","T10",10,"Ambiant","Pred","Yes","Naive",NA,NA
"T10_B4_Az15_C1","T10_B4_Az15_C1","IMG_4718",-0.004310329,715,3,"B4_Az15","B4","T10",10,"Ambiant","Pred","Yes","Naive",-0.00465555392023347,0.866202534979167
"T10_B4_Az16_D4","T10_B4_Az16_D4","IMG_8371",-0.009927656,727,6,"B4_Az16","B4","T10",10,"Ambiant","Pred","Yes","Naive",-0.00983897536170764,0.967647897322117
"T10_B4_Az17_D1","T10_B4_Az17_D1","IMG_6524",-0.005122022,715,5,"B4_Az17","B4","T10",10,"Ambiant","Pred","Yes","Naive",-0.00288648996652238,0.669428490803109
"T10_B4_Az18_B6","T10_B4_Az18_B6","IMG_4592",-0.005730746,727,2,"B4_Az18","B4","T10",10,"Ambiant","Pred","Yes","Naive",-0.00276363033245611,0.422822698769187
"T10_B4_Az19_A4","T10_B4_Az19_A4","IMG_6555",-0.007476997,727,5,"B4_Az19","B4","T10",10,"Ambiant","Pred","Yes","Naive",-0.00731799185948274,0.905403016399355
"T10_B4_Az2_A4","T10_B4_Az2_A4","IMG_8436",-0.009856794,715,7,"B4_Az2","B4","T10",10,"Ambiant","Pred","Yes","Naive",-0.00999658980463732,0.928723614861652
"T10_B4_Az20_B3","T10_B4_Az20_B3","IMG_6375",-0.00639094,715,4,"B4_Az20","B4","T10",10,"Ambiant","Pred","Yes","Naive",6.21364628114598e-05,-0.001788061858921
"T10_B4_Az3_C1","T10_B4_Az3_C1","IMG_0050",-0.013494851,727,8,"B4_Az3","B4","T10",10,"Ambiant","Pred","Yes","Naive",-0.0115573327965222,0.898941309911869
"T10_B4_Az4_D3","T10_B4_Az4_D3","IMG_0288",-0.002024176,727,1,"B4_Az4","B4","T10",10,"Ambiant","Pred","Yes","None",-0.000904055896422905,0.317308898234346
"T10_B4_Az5_B3","T10_B4_Az5_B3","IMG_4555",-0.016407865,715,2,"B4_Az5","B4","T10",10,"Ambiant","Pred","Yes","Naive",-0.0156651577847272,0.912723355178674
"T10_B4_Az6_A4","T10_B4_Az6_A4","IMG_6422",-0.011891721,727,4,"B4_Az6","B4","T10",10,"Ambiant","Pred","Yes","Naive",-0.0108918004601299,0.939433252773409
"T10_B4_Az7_A3","T10_B4_Az7_A3","IMG_8516",-0.018073159,727,7,"B4_Az7","B4","T10",10,"Ambiant","Pred","Yes","Naive",-0.0173992018208521,0.909294145436719
"T10_B4_Az8_B5","T10_B4_Az8_B5","IMG_4743",-0.010278099,727,3,"B4_Az8","B4","T10",10,"Ambiant","Pred","Yes","Naive",-0.00369216493669608,0.296335548173713
"T10_B4_Az9_C5","T10_B4_Az9_C5","IMG_6479",-0.004356832,715,5,"B4_Az9","B4","T10",10,"Ambiant","Pred","Yes","Naive",-0.00652310313444257,0.799258412877494
"T10_B5_Az1_B3","T10_B5_Az1_B3","IMG_8522",-0.010547186,727,7,"B5_Az1","B5","T10",10,"Warm","Pred","Yes","Naive",-0.0104940430624165,0.916112919254801
"T10_B5_Az10_B2","T10_B5_Az10_B2","IMG_9967",-0.010901516,715,8,"B5_Az10","B5","T10",10,"Warm","Pred","Yes","Naive",-0.00502504543489743,0.844599688562245
"T10_B5_Az11_C6","T10_B5_Az11_C6","IMG_6471",-0.016161033,715,5,"B5_Az11","B5","T10",10,"Warm","Pred","Yes","Naive",NA,NA
"T10_B5_Az12_C6","T10_B5_Az12_C6","IMG_4596",-0.00669976,727,2,"B5_Az12","B5","T10",10,"Warm","Pred","Yes","Naive",NA,NA
"T10_B5_Az13_B2","T10_B5_Az13_B2","IMG_6582",-0.00782454,727,5,"B5_Az13","B5","T10",10,"Warm","Pred","Yes","Naive",-0.00303154726648914,0.775400872353068
"T10_B5_Az14_C1","T10_B5_Az14_C1","IMG_6459",-0.011016488,727,4,"B5_Az14","B5","T10",10,"Warm","Pred","Yes","Naive",-0.0103583698089419,0.880214836874132
"T10_B5_Az15_D5","T10_B5_Az15_D5","IMG_4747",-0.007431065,727,3,"B5_Az15","B5","T10",10,"Warm","Pred","Yes","Naive",-0.00710923612030264,0.925819864848044
"T10_B5_Az16_B5","T10_B5_Az16_B5","IMG_4678",-0.016325331,715,3,"B5_Az16","B5","T10",10,"Warm","Pred","Yes","Naive",-0.0137082969399892,0.949294964702223
"T10_B5_Az17_A3","T10_B5_Az17_A3","IMG_0020",-0.010060245,727,8,"B5_Az17","B5","T10",10,"Warm","Pred","Yes","Naive",-0.00188487297595384,0.222680001391009
"T10_B5_Az18_A5","T10_B5_Az18_A5","IMG_0207",-0.005944312,715,1,"B5_Az18","B5","T10",10,"Warm","Pred","Yes","None",-0.00160826667749578,0.372882562159414
"T10_B5_Az19_B4","T10_B5_Az19_B4","IMG_8366",-0.007620986,727,6,"B5_Az19","B5","T10",10,"Warm","Pred","Yes","Naive",-0.00692690691826191,0.712868150621611
"T10_B5_Az2_D2","T10_B5_Az2_D2","IMG_8470",-0.00720243,715,7,"B5_Az2","B5","T10",10,"Warm","Pred","Yes","Naive",0.00351280643762156,0.0466342085075458
"T10_B5_Az20_C2","T10_B5_Az20_C2","IMG_6388",-0.008319906,715,4,"B5_Az20","B5","T10",10,"Warm","Pred","Yes","Naive",-0.00824721902019458,0.918654439759101
"T10_B5_Az3_B3","T10_B5_Az3_B3","IMG_0284",-0.00580388,727,1,"B5_Az3","B5","T10",10,"Warm","Pred","Yes","None",-0.0022132159648984,0.664182318744851
"T10_B5_Az4_A3","T10_B5_Az4_A3","IMG_4758",-0.010253226,727,3,"B5_Az4","B5","T10",10,"Warm","Pred","Yes","Naive",-0.00816180868282668,0.90688092871056
"T10_B5_Az5_D5","T10_B5_Az5_D5","IMG_4534",-0.016395575,715,2,"B5_Az5","B5","T10",10,"Warm","Pred","Yes","Naive",-0.0161390406164308,0.922651602904749
"T10_B5_Az6_C2","T10_B5_Az6_C2","IMG_4570",-0.018637626,715,2,"B5_Az6","B5","T10",10,"Warm","Pred","Yes","Naive",-0.0185653287482286,0.964683603940739
"T10_B5_Az7_C4","T10_B5_Az7_C4","IMG_6561",-0.005915403,727,5,"B5_Az7","B5","T10",10,"Warm","Pred","Yes","Naive",-0.00381518337419074,0.541715156478603
"T10_B5_Az8_D5","T10_B5_Az8_D5","IMG_0009",-0.009348131,727,8,"B5_Az8","B5","T10",10,"Warm","Pred","Yes","Naive",-0.00478015196942728,0.470511334864152
"T10_B5_Az9_B5","T10_B5_Az9_B5","IMG_8284",-0.010317261,715,6,"B5_Az9","B5","T10",10,"Warm","Pred","Yes","Naive",-0.010123755817991,0.961895589767874
"T10_B6_Az1_D6","T10_B6_Az1_D6","IMG_0258",-0.002523813,727,1,"B6_Az1","B6","T10",10,"Ambiant","Pred","Yes","None",NA,NA
"T10_B6_Az10_A5","T10_B6_Az10_A5","IMG_8348",-0.004489259,727,6,"B6_Az10","B6","T10",10,"Ambiant","Pred","Yes","Naive",-0.00433239066621574,0.851196476534794
"T10_B6_Az11_B3","T10_B6_Az11_B3","IMG_6498",-0.005505102,715,5,"B6_Az11","B6","T10",10,"Ambiant","Pred","Yes","Naive",6.24972429582612e-05,-0.00231556654457554
"T10_B6_Az12_C5","T10_B6_Az12_C5","IMG_6415",-0.010720455,727,4,"B6_Az12","B6","T10",10,"Ambiant","Pred","Yes","Naive",-0.00937224805622099,0.944151179974129
"T10_B6_Az13_B2","T10_B6_Az13_B2","IMG_4772",-0.009166089,727,3,"B6_Az13","B6","T10",10,"Ambiant","Pred","Yes","Naive",-0.00420844153974684,0.512860623409535
"T10_B6_Az14_C4","T10_B6_Az14_C4","IMG_9949",-0.006923866,715,8,"B6_Az14","B6","T10",10,"Ambiant","Pred","Yes","Naive",-0.00680144719085176,0.392034268630448
"T10_B6_Az15_B5","T10_B6_Az15_B5","IMG_4601",-0.006439884,727,2,"B6_Az15","B6","T10",10,"Ambiant","Pred","Yes","Experienced",-0.00677462975021506,0.896689979897704
"T10_B6_Az16_A6","T10_B6_Az16_A6","IMG_6343",-0.008426844,715,4,"B6_Az16","B6","T10",10,"Ambiant","Pred","Yes","Naive",-0.00843728034001702,0.704255032755228
"T10_B6_Az17_D1","T10_B6_Az17_D1","IMG_4659",-0.008486339,727,2,"B6_Az17","B6","T10",10,"Ambiant","Pred","Yes","Naive",-0.00339196160538205,0.336173628125834
"T10_B6_Az18_A6","T10_B6_Az18_A6","IMG_0198",-0.003022423,715,1,"B6_Az18","B6","T10",10,"Ambiant","Pred","Yes","None",-0.00868922949580292,0.483598411315865
"T10_B6_Az19_A5","T10_B6_Az19_A5","IMG_4675",-0.004973983,715,3,"B6_Az19","B6","T10",10,"Ambiant","Pred","Yes","Naive",-0.00429517319738675,0.897752444601476
"T10_B6_Az2_C2","T10_B6_Az2_C2","IMG_8467",-0.009274154,715,7,"B6_Az2","B6","T10",10,"Ambiant","Pred","Yes","Naive",-0.00928187447583499,0.956109674076606
"T10_B6_Az20_B4","T10_B6_Az20_B4","IMG_4751",-0.004829791,727,3,"B6_Az20","B6","T10",10,"Ambiant","Pred","Yes","Naive",-0.00158718462755794,0.626195123632205
"T10_B6_Az3_B5","T10_B6_Az3_B5","IMG_0004",-0.016435788,727,8,"B6_Az3","B6","T10",10,"Ambiant","Pred","Yes","Naive",-0.0114021685627982,0.486059222524648
"T10_B6_Az4_B5","T10_B6_Az4_B5","IMG_9936",-0.008464151,715,8,"B6_Az4","B6","T10",10,"Ambiant","Pred","Yes","Naive",-0.00370263347980998,0.404294435842652
"T10_B6_Az5_B2","T10_B6_Az5_B2","IMG_8529",-0.031317221,727,7,"B6_Az5","B6","T10",10,"Ambiant","Pred","Yes","Naive",-0.0333582823615156,0.943424676998632
"T10_B6_Az6_A2","T10_B6_Az6_A2","IMG_6577",-0.014385156,727,5,"B6_Az6","B6","T10",10,"Ambiant","Pred","Yes","Naive",-0.0112644902349423,0.85498273459353
"T10_B6_Az7_C4","T10_B6_Az7_C4","IMG_4544",-0.010398053,715,2,"B6_Az7","B6","T10",10,"Ambiant","Pred","Yes","Naive",-0.00956508504633527,0.668268495846075
"T10_B6_Az8_D3","T10_B6_Az8_D3","IMG_8389",-0.003664847,727,6,"B6_Az8","B6","T10",10,"Ambiant","Pred","Yes","Naive",-0.00410674756993244,0.333224270451643
"T10_B6_Az9_D5","T10_B6_Az9_D5","IMG_8293",-0.017819491,715,6,"B6_Az9","B6","T10",10,"Ambiant","Pred","Yes","Naive",-0.0165965123543315,0.886801062586403
"T10_B7_Az1_C5","T10_B7_Az1_C5","IMG_8498",-0.009894037,727,7,"B7_Az1","B7","T10",10,"Warm","Pred","Yes","Naive",-0.0103310038456831,0.918004068077958
"T10_B7_Az10_B6","T10_B7_Az10_B6","IMG_6406",-0.013974339,727,4,"B7_Az10","B7","T10",10,"Warm","Pred","Yes","Naive",-0.0156181986877446,0.956227879665627
"T10_B7_Az11_D4","T10_B7_Az11_D4","IMG_8444",-0.025910526,715,7,"B7_Az11","B7","T10",10,"Warm","Pred","Yes","Naive",-0.0178840235697619,0.294523546241282
"T10_B7_Az12_A5","T10_B7_Az12_A5","IMG_9932",-0.004948727,715,8,"B7_Az12","B7","T10",10,"Warm","Pred","Yes","Naive",-0.00185676076112635,0.172811173955762
"T10_B7_Az13_B5","T10_B7_Az13_B5","IMG_0209",-0.007560181,715,1,"B7_Az13","B7","T10",10,"Warm","Pred","Yes","None",-0.00625709346730847,0.937976147705622
"T10_B7_Az14_A5","T10_B7_Az14_A5","IMG_4598",-0.014350032,727,2,"B7_Az14","B7","T10",10,"Warm","Pred","Yes","Naive",-0.00752121625849421,0.832032758877997
"T10_B7_Az16_B2","T10_B7_Az16_B2","IMG_0035",-0.017019097,727,8,"B7_Az16","B7","T10",10,"Warm","Pred","Yes","Naive",-0.00764513939635452,0.697212598197661
"T10_B7_Az17_D5","T10_B7_Az17_D5","IMG_6553",-0.039238071,727,5,"B7_Az17","B7","T10",10,"Warm","Pred","Yes","Naive",-0.0348998461796942,0.971177836748929
"T10_B7_Az18_D3","T10_B7_Az18_D3","IMG_6382",-0.018354669,715,4,"B7_Az18","B7","T10",10,"Warm","Pred","Yes","Naive",-0.0168167115154604,0.974111349525324
"T10_B7_Az19_B6","T10_B7_Az19_B6","IMG_4527",-0.014084726,715,2,"B7_Az19","B7","T10",10,"Warm","Pred","Yes","Naive",-0.0143109516350229,0.955308032551212
"T10_B7_Az2_A3","T10_B7_Az2_A3","IMG_8379",-0.008144789,727,6,"B7_Az2","B7","T10",10,"Warm","Pred","Yes","Naive",-0.00810875498719308,0.935079840390894
"T10_B7_Az20_A6","T10_B7_Az20_A6","IMG_4725",-0.008781839,727,3,"B7_Az20","B7","T10",10,"Warm","Pred","Yes","Naive",-0.00756911492830534,0.945861197155302
"T10_B7_Az3_C1","T10_B7_Az3_C1","IMG_6522",-0.005250601,715,5,"B7_Az3","B7","T10",10,"Warm","Pred","Yes","Naive",-0.00176353021316669,0.0915120725451988
"T10_B7_Az4_D6","T10_B7_Az4_D6","IMG_8344",-0.011201107,727,6,"B7_Az4","B7","T10",10,"Warm","Pred","Yes","Naive",NA,NA
"T10_B7_Az5_C4","T10_B7_Az5_C4","IMG_4620",-0.011132316,727,2,"B7_Az5","B7","T10",10,"Warm","Pred","Yes","Naive",-0.01073733004833,0.913744688865319
"T10_B7_Az6_A2","T10_B7_Az6_A2","IMG_4702",-0.012637017,715,3,"B7_Az6","B7","T10",10,"Warm","Pred","Yes","Naive",-0.0127890999266695,0.993365293978951
"T10_B7_Az7_D1","T10_B7_Az7_D1","IMG_4787",-0.010877063,727,3,"B7_Az7","B7","T10",10,"Warm","Pred","Yes","Naive",-0.00550144588208708,0.747565346378721
"T10_B7_Az8_B6","T10_B7_Az8_B6","IMG_8274",-0.013502328,715,6,"B7_Az8","B7","T10",10,"Warm","Pred","Yes","Naive",-0.00906924225836966,0.52233747946216
"T10_B7_Az9_A3","T10_B7_Az9_A3","IMG_8446",-0.011889624,715,7,"B7_Az9","B7","T10",10,"Warm","Pred","Yes","Naive",-0.00723463424427415,0.689443859497637
"T10_B9_Az1_D6","T10_B9_Az1_D6","IMG_6409",-0.016680248,727,4,"B9_Az1","B9","T10",10,"Warm","Pred","Yes","Naive",NA,NA
"T10_B9_Az10_C2","T10_B9_Az10_C2","IMG_4641",-0.040766959,727,2,"B9_Az10","B9","T10",10,"Warm","Pred","Yes","Naive",-0.0419718092389494,0.64912056290002
"T10_B9_Az11_B6","T10_B9_Az11_B6","IMG_8485",-0.005874496,727,7,"B9_Az11","B9","T10",10,"Warm","Pred","Yes","Naive",-0.00550680640572111,0.641120365035342
"T10_B9_Az12_A3","T10_B9_Az12_A3","IMG_4551",-0.012120158,715,2,"B9_Az12","B9","T10",10,"Warm","Pred","Yes","Naive",-0.00769973150146334,0.531161312106173
"T10_B9_Az14_C2","T10_B9_Az14_C2","IMG_8321",-0.013607404,715,6,"B9_Az14","B9","T10",10,"Warm","Pred","Yes","Naive",-0.0228057609626858,0.776676539620342
"T10_B9_Az15_D1","T10_B9_Az15_D1","IMG_8332",-0.004478217,715,6,"B9_Az15","B9","T10",10,"Warm","Pred","Yes","Naive",0.00375940782958718,0.0815391967354543
"T10_B9_Az16_B6","T10_B9_Az16_B6","IMG_0254",-0.005124219,727,1,"B9_Az16","B9","T10",10,"Warm","Pred","Yes","None",-0.00162855767887348,0.250405574083572
"T10_B9_Az17_B1","T10_B9_Az17_B1","IMG_0245",-0.00375711,715,1,"B9_Az17","B9","T10",10,"Warm","Pred","Yes","None",-0.00129914806996879,0.162575394730164
"T10_B9_Az18_D5","T10_B9_Az18_D5","IMG_9941",-0.011612698,715,8,"B9_Az18","B9","T10",10,"Warm","Pred","Yes","Naive",-0.00964150750961049,0.89432956055754
"T10_B9_Az19_D5","T10_B9_Az19_D5","IMG_4681",-0.008585542,715,3,"B9_Az19","B9","T10",10,"Warm","Pred","Yes","Naive",-0.00795191228788127,0.958378349432822
"T10_B9_Az2_C2","T10_B9_Az2_C2","IMG_6450",-0.007577603,727,4,"B9_Az2","B9","T10",10,"Warm","Pred","Yes","Naive",-0.00387355330883456,0.827793288680784
"T10_B9_Az20_C6","T10_B9_Az20_C6","IMG_9992",-0.003551399,727,8,"B9_Az20","B9","T10",10,"Warm","Pred","Yes","Naive",NA,NA
"T10_B9_Az3_A6","T10_B9_Az3_A6","IMG_8421",-0.006084758,715,7,"B9_Az3","B9","T10",10,"Warm","Pred","Yes","Naive",-0.000664908988876649,0.00812079627333073
"T10_B9_Az4_A5","T10_B9_Az4_A5","IMG_6541",-0.004205818,727,5,"B9_Az4","B9","T10",10,"Warm","Pred","Yes","Naive",-0.00412549798672179,0.73749068222684
"T10_B9_Az5_D5","T10_B9_Az5_D5","IMG_8359",-0.016480991,727,6,"B9_Az5","B9","T10",10,"Warm","Pred","Yes","Naive",-0.0161244390736426,0.903670709005596
"T10_B9_Az6_A5","T10_B9_Az6_A5","IMG_6355",-0.00339023,715,4,"B9_Az6","B9","T10",10,"Warm","Pred","Yes","Naive",-0.00229462193726192,0.432520529636581
"T10_B9_Az7_A3","T10_B9_Az7_A3","IMG_6494",-0.022123289,715,5,"B9_Az7","B9","T10",10,"Warm","Pred","Yes","Naive",-0.0217060573081654,0.990216145139209
"T10_B9_Az8_C3","T10_B9_Az8_C3","IMG_4762",-0.009717053,727,3,"B9_Az8","B9","T10",10,"Warm","Pred","Yes","Naive",0.000330539852019123,0.000555601052328991
"T10_B9_Az9_D4","T10_B9_Az9_D4","IMG_0220",-2.49e-05,715,1,"B9_Az9","B9","T10",10,"Warm","Pred","Yes","None",-0.00406161152885891,0.563144812716653
"T10_C1_Az1_A2","T10_C1_Az1_A2","IMG_0290",-0.008244826,727,1,"C1_Az1","C1","T10",10,"Ambiant","Pred","Yes","None",-0.00396495042616552,0.788852371102012
"T10_C1_Az10_C6","T10_C1_Az10_C6","IMG_8277",-0.011731032,715,6,"C1_Az10","C1","T10",10,"Ambiant","Pred","Yes","Naive",NA,NA
"T10_C1_Az11_D6","T10_C1_Az11_D6","IMG_6537",-0.033526873,727,5,"C1_Az11","C1","T10",10,"Ambiant","Pred","Yes","Naive",NA,NA
"T10_C1_Az12_C4","T10_C1_Az12_C4","IMG_8512",-0.008959076,727,7,"C1_Az12","C1","T10",10,"Ambiant","Pred","Yes","Naive",-0.00475423077537751,0.371132623058618
"T10_C1_Az13_D4","T10_C1_Az13_D4","IMG_6369",-0.01197759,715,4,"C1_Az13","C1","T10",10,"Ambiant","Pred","Yes","Naive",-0.0111319248502101,0.98147890346802
"T10_C1_Az14_A1","T10_C1_Az14_A1","IMG_4572",-0.018362608,715,2,"C1_Az14","C1","T10",10,"Ambiant","Pred","Yes","Naive",-0.0185061078369345,0.967521877346684
"T10_C1_Az15_A4","T10_C1_Az15_A4","IMG_0214",-0.009593545,715,1,"C1_Az15","C1","T10",10,"Ambiant","Pred","Yes","None",-0.00222096560343461,0.146157472660201
"T10_C1_Az16_B1","T10_C1_Az16_B1","IMG_9979",-0.011529591,715,8,"C1_Az16","C1","T10",10,"Ambiant","Pred","Yes","Naive",-0.00633416613840332,0.639002574598857
"T10_C1_Az17_C5","T10_C1_Az17_C5","IMG_0007",-0.011348687,727,8,"C1_Az17","C1","T10",10,"Ambiant","Pred","Yes","Naive",-0.00939180227209596,0.905125829281431
"T10_C1_Az18_A5","T10_C1_Az18_A5","IMG_0261",-0.002074852,727,1,"C1_Az18","C1","T10",10,"Ambiant","Pred","Yes","None",-0.00174072945759,0.293770190665944
"T10_C1_Az19_C3","T10_C1_Az19_C3","IMG_6439",-0.007087278,727,4,"C1_Az19","C1","T10",10,"Ambiant","Pred","Yes","Naive",-0.00472090574842817,0.414337548797039
"T10_C1_Az2_B1","T10_C1_Az2_B1","IMG_4649",-0.011608117,727,2,"C1_Az2","C1","T10",10,"Ambiant","Pred","Yes","Naive",-0.0115070145522108,0.92731670644781
"T10_C1_Az20_B6","T10_C1_Az20_B6","IMG_4669",-0.005699916,715,3,"C1_Az20","C1","T10",10,"Ambiant","Pred","Yes","Naive",-0.00523641486067197,0.700072790093368
"T10_C1_Az3_B6","T10_C1_Az3_B6","IMG_4727",-0.017946016,727,3,"C1_Az3","C1","T10",10,"Ambiant","Pred","Yes","Naive",-0.0158598116514648,0.950199739877082
"T10_C1_Az4_C5","T10_C1_Az4_C5","IMG_9939",-0.011953336,715,8,"C1_Az4","C1","T10",10,"Ambiant","Pred","Yes","Naive",-0.0139270314163593,0.948828225768345
"T10_C1_Az5_D3","T10_C1_Az5_D3","IMG_4766",-0.01357632,727,3,"C1_Az5","C1","T10",10,"Ambiant","Pred","Yes","Naive",-0.0132712046221135,0.987966782463595
"T10_C1_Az6_A4","T10_C1_Az6_A4","IMG_8363",-0.007257068,727,6,"C1_Az6","C1","T10",10,"Ambiant","Pred","Yes","Naive",-0.00743589663501249,0.908372196458635
"T10_C1_Az7_D3","T10_C1_Az7_D3","IMG_8455",-0.003667156,715,7,"C1_Az7","C1","T10",10,"Ambiant","Pred","Yes","Naive",-0.00270158570149055,0.173248636546611
"T10_C1_Az8_B2","T10_C1_Az8_B2","IMG_6508",-0.011786273,715,5,"C1_Az8","C1","T10",10,"Ambiant","Pred","Yes","Naive",-0.0130964211451356,0.904629316663948
"T10_C1_Az9_B3","T10_C1_Az9_B3","IMG_6570",-0.008449799,727,5,"C1_Az9","C1","T10",10,"Ambiant","Pred","Yes","Naive",-0.0100601605149462,0.86231857598298
"T10_C3_Az1_B2","T10_C3_Az1_B2","IMG_6444",-0.008659662,727,4,"C3_Az1","C3","T10",10,"Ambiant","Pred","Yes","Naive",-0.00434202108493097,0.934828687814435
"T10_C3_Az10_C1","T10_C3_Az10_C1","IMG_4580",-0.010934606,715,2,"C3_Az10","C3","T10",10,"Ambiant","Pred","Yes","Naive",-0.00710880145063946,0.690116768620604
"T10_C3_Az11_D1","T10_C3_Az11_D1","IMG_6593",-0.013409731,727,5,"C3_Az11","C3","T10",10,"Ambiant","Pred","Yes","Naive",-0.0129777819944164,0.98276562997997
"T10_C3_Az12_B5","T10_C3_Az12_B5","IMG_6358",-0.012967887,715,4,"C3_Az12","C3","T10",10,"Ambiant","Pred","Yes","Naive",-0.00787233395953058,0.602458420732956
"T10_C3_Az13_C2","T10_C3_Az13_C2","IMG_4705",-0.008195557,715,3,"C3_Az13","C3","T10",10,"Ambiant","Pred","Yes","Naive",-0.00825224457243785,0.971183959704523
"T10_C3_Az14_A4","T10_C3_Az14_A4","IMG_6486",-0.008892269,715,5,"C3_Az14","C3","T10",10,"Ambiant","Pred","Yes","Naive",-0.0094535704758125,0.918803973273767
"T10_C3_Az15_D2","T10_C3_Az15_D2","IMG_6390",-0.001644697,715,4,"C3_Az15","C3","T10",10,"Ambiant","Pred","Yes","Naive",-0.00325772470474719,0.671268395287801
"T10_C3_Az16_B3","T10_C3_Az16_B3","IMG_0025",-0.014988258,727,8,"C3_Az16","C3","T10",10,"Ambiant","Pred","Yes","Naive",-0.00802041224069999,0.766894907128265
"T10_C3_Az17_D6","T10_C3_Az17_D6","IMG_9994",-0.014237439,727,8,"C3_Az17","C3","T10",10,"Ambiant","Pred","Yes","Naive",NA,NA
"T10_C3_Az18_A1","T10_C3_Az18_A1","IMG_8323",-0.018607144,715,6,"C3_Az18","C3","T10",10,"Ambiant","Pred","Yes","Naive",-0.0180577294380575,0.949134322367888
"T10_C3_Az19_A6","T10_C3_Az19_A6","IMG_9923",-0.014802618,715,8,"C3_Az19","C3","T10",10,"Ambiant","Pred","Yes","Naive",-0.0130056961439831,0.940565960591476
"T10_C3_Az2_C6","T10_C3_Az2_C6","IMG_0255",-0.006916563,727,1,"C3_Az2","C3","T10",10,"Ambiant","Pred","Yes","None",NA,NA
"T10_C3_Az20_C6","T10_C3_Az20_C6","IMG_8340",-0.000705773,727,6,"C3_Az20","C3","T10",10,"Ambiant","Pred","Yes","Naive",NA,NA
"T10_C3_Az3_D2","T10_C3_Az3_D2","IMG_4779",-0.020552675,727,3,"C3_Az3","C3","T10",10,"Ambiant","Pred","Yes","Naive",-0.0169921063314641,0.923583157318341
"T10_C3_Az4_C5","T10_C3_Az4_C5","IMG_4606",-0.018481497,727,2,"C3_Az4","C3","T10",10,"Ambiant","Pred","Yes","Naive",-0.0182272463757688,0.967862845177509
"T10_C3_Az5_C2","T10_C3_Az5_C2","IMG_8399",-0.005457937,727,6,"C3_Az5","C3","T10",10,"Ambiant","Pred","Yes","Naive",-0.00526881292366865,0.856143993203284
"T10_C3_Az6_B2","T10_C3_Az6_B2","IMG_0296",-0.006786529,727,1,"C3_Az6","C3","T10",10,"Ambiant","Pred","Yes","None",-0.00242575292854744,0.19894471333145
"T10_C3_Az7_A2","T10_C3_Az7_A2","IMG_8459",-0.010793375,715,7,"C3_Az7","C3","T10",10,"Ambiant","Pred","Yes","Naive",-0.0133299094082592,0.613348784688406
"T10_C3_Az8_D2","T10_C3_Az8_D2","IMG_8537",-0.007531199,727,7,"C3_Az8","C3","T10",10,"Ambiant","Pred","Yes","Naive",-0.00174676643443102,0.0892781267866936
"T10_C3_Az9_C4","T10_C3_Az9_C4","IMG_0277",-0.009034262,727,1,"C3_Az9","C3","T10",10,"Ambiant","Pred","Yes","None",-0.00723089616791407,0.85376947550118
"T10_C5_Az1_D2","T10_C5_Az1_D2","IMG_0302",-0.003370298,727,1,"C5_Az1","C5","T10",10,"Ambiant","Ctrl","Yes","None",-0.00352962069069933,0.263300931749591
"T10_C5_Az10_D2","T10_C5_Az10_D2","IMG_9976",-0.005762234,715,8,"C5_Az10","C5","T10",10,"Ambiant","Ctrl","Yes","Naive",-0.00489821129893522,0.764262682317169
"T10_C5_Az11_A5","T10_C5_Az11_A5","IMG_4738",-0.009500814,727,3,"C5_Az11","C5","T10",10,"Ambiant","Ctrl","Yes","Naive",-0.00933696900895011,0.912798997420397
"T10_C5_Az12_B2","T10_C5_Az12_B2","IMG_4565",-0.024137868,715,2,"C5_Az12","C5","T10",10,"Ambiant","Ctrl","Yes","Naive",-0.0231029099843796,0.963995492070239
"T10_C5_az13_B6","T10_C5_az13_B6","IMG_9927",-0.007796932,715,8,"C5_az13","C5","T10",10,"Ambiant","Ctrl","Yes","Naive",-0.00290641590299652,0.400894130073345
"T10_C5_Az14_D4","T10_C5_Az14_D4","IMG_6564",-0.019294458,727,5,"C5_Az14","C5","T10",10,"Ambiant","Ctrl","Yes","Naive",-0.00819091161458597,0.197921145759152
"T10_C5_Az15_C4","T10_C5_Az15_C4","IMG_6367",-0.012236899,715,4,"C5_Az15","C5","T10",10,"Ambiant","Ctrl","Yes","Naive",-0.0107485743582389,0.913478820517826
"T10_C5_Az16_B5","T10_C5_Az16_B5","IMG_0264",-0.000563013,727,1,"C5_Az16","C5","T10",10,"Ambiant","Ctrl","Yes","None",-0.00828720606261955,0.615676078161849
"T10_C5_Az17_C1","T10_C5_Az17_C1","IMG_9981",-0.006130696,715,8,"C5_Az17","C5","T10",10,"Ambiant","Ctrl","Yes","Naive",-0.00229482590331629,0.5470954827177
"T10_C5_Az18_D2","T10_C5_Az18_D2","IMG_4645",-0.011345244,727,2,"C5_Az18","C5","T10",10,"Ambiant","Ctrl","Yes","Naive",-0.00633134912255122,0.955398721195773
"T10_C5_Az19_C3","T10_C5_Az19_C3","IMG_4698",-0.006640475,715,3,"C5_Az19","C5","T10",10,"Ambiant","Ctrl","Yes","Naive",-0.0149679140696877,0.747887775505698
"T10_C5_Az2_A3","T10_C5_Az2_A3","IMG_8303",-0.006164916,715,6,"C5_Az2","C5","T10",10,"Ambiant","Ctrl","Yes","Naive",-0.00113563328583627,0.0586161095274744
"T10_C5_Az20_D1","T10_C5_Az20_D1","IMG_4720",-0.010756052,715,3,"C5_Az20","C5","T10",10,"Ambiant","Ctrl","Yes","Naive",-0.0120130615346526,0.93937147329514
"T10_C5_Az3_D4","T10_C5_Az3_D4","IMG_9953",-0.015117671,715,8,"C5_Az3","C5","T10",10,"Ambiant","Ctrl","Yes","Naive",-0.00963939972154437,0.49593220601382
"T10_C5_Az4_C3","T10_C5_Az4_C3","IMG_8386",-0.010015486,727,6,"C5_Az4","C5","T10",10,"Ambiant","Ctrl","Yes","Naive",-0.00316915638271861,0.299297294413643
"T10_C5_Az5_A3","T10_C5_Az5_A3","IMG_6432",-0.007526353,727,4,"C5_Az5","C5","T10",10,"Ambiant","Ctrl","Yes","Naive",-0.00654178097426954,0.867597298618428
"T10_C5_Az6_A5","T10_C5_Az6_A5","IMG_6473",-0.010589307,715,5,"C5_Az6","C5","T10",10,"Ambiant","Ctrl","Yes","Naive",-0.00843988613253447,0.928475891605811
"T10_C5_Az7_D1","T10_C5_Az7_D1","IMG_0053",-0.020235131,727,8,"C5_Az7","C5","T10",10,"Ambiant","Ctrl","Yes","Naive",-0.0198354881481941,0.893998113559738
"T10_C5_Az8_B6","T10_C5_Az8_B6","IMG_0200",-0.006506578,715,8,"C5_Az8","C5","T10",10,"Ambiant","Ctrl","Yes","None",-0.00306419435289005,0.394764976955401
"T10_C5_Az9_A1","T10_C5_Az9_A1","IMG_6516",-0.00716075,715,5,"C5_Az9","C5","T10",10,"Ambiant","Ctrl","Yes","Naive",-0.00583062257774584,0.878758569883272
"T10_C8_Az1_B1","T10_C8_Az1_B1","IMG_8540",-0.008744411,727,7,"C8_Az1","C8","T10",10,"Warm","Pred","Yes","Naive",-0.00815315770485746,0.863004211641672
"T10_C8_Az10_C3","T10_C8_Az10_C3","IMG_4557",-0.026441483,715,2,"C8_Az10","C8","T10",10,"Warm","Pred","Yes","Naive",-0.0343881981688169,0.932762878458326
"T10_C8_Az11_B3","T10_C8_Az11_B3","IMG_8307",-0.002535333,715,6,"C8_Az11","C8","T10",10,"Warm","Pred","Yes","Naive",0.00208175295379415,0.0627101248744181
"T10_C8_Az12_A4","T10_C8_Az12_A4","IMG_4683",-0.010329096,715,3,"C8_Az12","C8","T10",10,"Warm","Pred","Yes","Naive",-0.00960188855346368,0.959861292279237
"T10_C8_Az13_B1","T10_C8_Az13_B1","IMG_8401",-0.007155825,727,6,"C8_Az13","C8","T10",10,"Warm","Pred","Yes","Naive",-0.00284184096526388,0.567429947465874
"T10_C8_Az14_C5","T10_C8_Az14_C5","IMG_0265",-0.009702225,727,1,"C8_Az14","C8","T10",10,"Warm","Pred","Yes","None",-0.00787221748319978,0.953648265725491
"T10_C8_Az15_C6","T10_C8_Az15_C6","IMG_6535",-0.016914416,727,5,"C8_Az15","C8","T10",10,"Warm","Pred","Yes","Naive",NA,NA
"T10_C8_Az16_C4","T10_C8_Az16_C4","IMG_6492",-0.0080246,715,5,"C8_Az16","C8","T10",10,"Warm","Pred","Yes","Naive",-0.00677312693019688,0.858297193763352
"T10_C8_Az17_B4","T10_C8_Az17_B4","IMG_9946",-0.013171462,715,8,"C8_Az17","C8","T10",10,"Warm","Pred","Yes","Naive",-0.00620690145710468,0.936844500263629
"T10_C8_Az18_D5","T10_C8_Az18_D5","IMG_6481",-0.005835823,715,5,"C8_Az18","C8","T10",10,"Warm","Pred","Yes","Naive",-0.00444414716960321,0.869008358560281
"T10_C8_Az19_D4","T10_C8_Az19_D4","IMG_8514",-0.012458092,727,7,"C8_Az19","C8","T10",10,"Warm","Pred","Yes","Naive",-0.0119200410548293,0.962123562141484
"T10_C8_Az2_A3","T10_C8_Az2_A3","IMG_4628",-0.002466189,727,2,"C8_Az2","C8","T10",10,"Warm","Pred","Yes","Naive",-0.000464019598860941,0.0925544474973394
"T10_C8_Az20_C5","T10_C8_Az20_C5","IMG_8432",-0.008398801,715,7,"C8_Az20","C8","T10",10,"Warm","Pred","Yes","Naive",-0.00860013881453757,0.933030438807454
"T10_C8_Az3_C6","T10_C8_Az3_C6","IMG_6352",-0.009061085,715,4,"C8_Az3","C8","T10",10,"Warm","Pred","Yes","Naive",NA,NA
"T10_C8_Az4_A2","T10_C8_Az4_A2","IMG_4768",-0.019875033,727,3,"C8_Az4","C8","T10",10,"Warm","Pred","Yes","Naive",-0.0188415131818814,0.990590077611777
"T10_C8_Az5_A5","T10_C8_Az5_A5","IMG_9999",-0.013254406,727,8,"C8_Az5","C8","T10",10,"Warm","Pred","Yes","Naive",-0.0115051078825652,0.894829293062823
"T10_C8_Az6_A5","T10_C8_Az6_A5","IMG_4528",-0.012052112,715,2,"C8_Az6","C8","T10",10,"Warm","Pred","Yes","Naive",-0.0113608722505743,0.886567857858764
"T10_C8_Az7_B3","T10_C8_Az7_B3","IMG_0224",-0.004822005,715,1,"C8_Az7","C8","T10",10,"Warm","Pred","Yes","None",-0.00225167367392325,0.257467036859177
"T10_C8_Az8_B1","T10_C8_Az8_B1","IMG_4715",-0.018176839,715,3,"C8_Az8","C8","T10",10,"Warm","Pred","Yes","Naive",-0.00640791639427805,0.444668810396684
"T10_C8_Az9_B3","T10_C8_Az9_B3","IMG_6433",-0.015580154,727,4,"C8_Az9","C8","T10",10,"Warm","Pred","Yes","Naive",-0.0298891081806922,0.825024555335097
"T10_C9_Az1_D2","T10_C9_Az1_D2","IMG_0239",-0.005440008,715,1,"C9_Az1","C9","T10",10,"Ambiant","Pred","Yes","None",-0.00268724171196017,0.511217393491303
"T10_C9_Az10_B4","T10_C9_Az10_B4","IMG_0272",-0.00257566,727,1,"C9_Az10","C9","T10",10,"Ambiant","Pred","Yes","None",-0.00337300050299974,0.919918778573897
"T10_C9_Az11_D1","T10_C9_Az11_D1","IMG_6463",-0.006530326,727,4,"C9_Az11","C9","T10",10,"Ambiant","Pred","Yes","Naive",-0.00467339999236366,0.637724200925848
"T10_C9_Az12_D2","T10_C9_Az12_D2","IMG_0045 2",-0.026721597,727,8,"C9_Az12","C9","T10",10,"Ambiant","Pred","Yes","Naive",-0.0144318651046759,0.483345977234077
"T10_C9_Az13_C2","T10_C9_Az13_C2","IMG_9970",-0.01617035,715,8,"C9_Az13","C9","T10",10,"Ambiant","Pred","Yes","Naive",-0.0102438660487415,0.489020253545175
"T10_C9_Az14_C1","T10_C9_Az14_C1","IMG_8405",-0.018185886,727,6,"C9_Az14","C9","T10",10,"Ambiant","Pred","Yes","Naive",-0.0175997267578109,0.967491598141313
"T10_C9_Az15_B1","T10_C9_Az15_B1","IMG_8476",-0.002000171,715,7,"C9_Az15","C9","T10",10,"Ambiant","Pred","Yes","Naive",-0.000470869977395739,0.139013945849115
"T10_C9_Az16_D6","T10_C9_Az16_D6","IMG_4736",-0.007684922,727,3,"C9_Az16","C9","T10",10,"Ambiant","Pred","Yes","Naive",NA,NA
"T10_C9_Az17_C4","T10_C9_Az17_C4","IMG_4689",-0.008065233,715,3,"C9_Az17","C9","T10",10,"Ambiant","Pred","Yes","Naive",-0.00660698376026911,0.85387925806178
"T10_C9_Az18_B4","T10_C9_Az18_B4","IMG_6559",-0.008995718,727,5,"C9_Az18","C9","T10",10,"Ambiant","Pred","Yes","Naive",-0.00722589354905918,0.906769546203682
"T10_C9_Az19_B1","T10_C9_Az19_B1","IMG_6395",-0.002569389,715,4,"C9_Az19","C9","T10",10,"Ambiant","Pred","Yes","Naive",-0.00222942334200634,0.210964515848088
"T10_C9_Az2_D1","T10_C9_Az2_D1","IMG_4584",-0.010869158,715,2,"C9_Az2","C9","T10",10,"Ambiant","Pred","Yes","Naive",-0.00519043091141771,0.614747848869817
"T10_C9_Az20_A5","T10_C9_Az20_A5","IMG_8281",-0.009948737,715,6,"C9_Az20","C9","T10",10,"Ambiant","Pred","Yes","Naive",-0.00464139450820884,0.382016077390012
"T10_C9_Az3_B4","T10_C9_Az3_B4","IMG_4613",-0.007905376,727,2,"C9_Az3","C9","T10",10,"Ambiant","Pred","Yes","Naive",-0.00801913229469558,0.872724562191156
"T10_C9_Az4_A4","T10_C9_Az4_A4","IMG_8506",-0.010141818,727,7,"C9_Az4","C9","T10",10,"Ambiant","Pred","Yes","Naive",-0.00962482653370367,0.85488139687271
"T10_C9_Az5_A6","T10_C9_Az5_A6","IMG_8482",-0.005152047,727,7,"C9_Az5","C9","T10",10,"Ambiant","Pred","Yes","Naive",-0.00812106136263143,0.675527536325013
"T10_C9_Az6_B4","T10_C9_Az6_B4","IMG_6425",-0.006541246,727,4,"C9_Az6","C9","T10",10,"Ambiant","Pred","Yes","Naive",-0.00557591466639967,0.87140698177337
"T10_C9_Az7_B1","T10_C9_Az7_B1","IMG_6518",-0.005124059,715,5,"C9_Az7","C9","T10",10,"Ambiant","Pred","Yes","Naive",-0.00256971296588817,0.590474155538904
"T10_C9_Az8_C1","T10_C9_Az8_C1","IMG_8325",-0.003612901,715,6,"C9_Az8","C9","T10",10,"Ambiant","Pred","Yes","Naive",0.00115859087826186,0.0459685626195676
"T10_C9_Az9_B5","T10_C9_Az9_B5","IMG_4531",-0.006346533,715,2,"C9_Az9","C9","T10",10,"Ambiant","Pred","Yes","Naive",-0.00426861312494788,0.479612383989501
"T10_D6_Az1_A3","T10_D6_Az1_A3","IMG_6372",-0.00761703,715,4,"D6_Az1","D6","T10",10,"Ambiant","Ctrl","Yes","Naive",-0.00721826983278294,0.865615917903318
"T10_D6_Az10_D3","T10_D6_Az10_D3","IMG_8526",-0.018286146,727,7,"D6_Az10","D6","T10",10,"Ambiant","Ctrl","Yes","Naive",-0.0181366504223253,0.886090758191388
"T10_D6_Az11_B6","T10_D6_Az11_B6","IMG_6467",-0.011352558,715,5,"D6_Az11","D6","T10",10,"Ambiant","Ctrl","Yes","Naive",-0.00969355575872118,0.900622860268159
"T10_D6_Az12_C3","T10_D6_Az12_C3","IMG_4635",-0.013683343,727,2,"D6_Az12","D6","T10",10,"Ambiant","Ctrl","Yes","Naive",-0.013138231932649,0.923198874911549
"T10_D6_Az13_B5","T10_D6_Az13_B5","IMG_8352",-0.010579541,727,6,"D6_Az13","D6","T10",10,"Ambiant","Ctrl","Yes","Naive",-0.0109695439956305,0.915548791008393
"T10_D6_Az14_D1","T10_D6_Az14_D1","IMG_0250",-0.004873107,715,1,"D6_Az14","D6","T10",10,"Ambiant","Ctrl","Yes","None",0.000155930968028347,-9.21915912299731e-06
"T10_D6_Az15_D4","T10_D6_Az15_D4","IMG_0015",-0.010322122,727,8,"D6_Az15","D6","T10",10,"Ambiant","Ctrl","Yes","Naive",-0.00919837419581505,0.869707024905242
"T10_D6_Az16_C5","T10_D6_Az16_C5","IMG_8288",-0.005200651,715,6,"D6_Az16","D6","T10",10,"Ambiant","Ctrl","Yes","Naive",-0.00404130750149282,0.47853670935284
"T10_D6_Az17_A3","T10_D6_Az17_A3","IMG_0281",-0.004079743,727,1,"D6_Az17","D6","T10",10,"Ambiant","Ctrl","Yes","None",-0.000191607930806837,0.00587094830042956
"T10_D6_Az18_B1","T10_D6_Az18_B1","IMG_6456",-0.010550615,727,4,"D6_Az18","D6","T10",10,"Ambiant","Ctrl","Yes","Naive",-0.00872174495822699,0.896400406719615
"T10_D6_Az19_A6","T10_D6_Az19_A6","IMG_8272",-0.003194103,715,6,"D6_Az19","D6","T10",10,"Ambiant","Ctrl","Yes","Naive",-0.000915574983461511,0.0966290130317029
"T10_D6_Az2_C4","T10_D6_Az2_C4","IMG_8440",-0.007734742,715,7,"D6_Az2","D6","T10",10,"Ambiant","Ctrl","Yes","Naive",-0.00951381772884367,0.600310022847963
"T10_D6_Az20_A2","T10_D6_Az20_A2","IMG_9960",-0.012962872,715,8,"D6_Az20","D6","T10",10,"Ambiant","Ctrl","Yes","Naive",-0.00292662103249107,0.303977530578586
"T10_D6_Az3_C6","T10_D6_Az3_C6","IMG_8489",-0.00836555,727,7,"D6_Az3","D6","T10",10,"Ambiant","Ctrl","Yes","Naive",NA,NA
"T10_D6_Az4_B2","T10_D6_Az4_B2","IMG_0236",-0.008363509,715,1,"D6_Az4","D6","T10",10,"Ambiant","Ctrl","Yes","None",-0.0017815072656914,0.081091115387308
"T10_D6_Az5_C2","T10_D6_Az5_C2","IMG_4774",-0.009197191,727,3,"D6_Az5","D6","T10",10,"Ambiant","Ctrl","Yes","Naive",-0.00818399199176992,0.859135377548286
"T10_D6_Az6_A4","T10_D6_Az6_A4","IMG_4539",-0.009639029,715,2,"D6_Az6","D6","T10",10,"Ambiant","Ctrl","Yes","Naive",-0.00930591793479265,0.922682274910174
"T10_D6_Az7_C3","T10_D6_Az7_C3","IMG_6572",-0.008248131,727,5,"D6_Az7","D6","T10",10,"Ambiant","Ctrl","Yes","Naive",-0.00922092192142325,0.947982375726499
"T10_D6_Az8_B6","T10_D6_Az8_B6","IMG_6348",-0.012544166,715,4,"D6_Az8","D6","T10",10,"Ambiant","Ctrl","Yes","Naive",-0.0117273517055832,0.981450932866843
"T10_D6_Az9_B4","T10_D6_Az9_B4","IMG_4687",-0.0058814,715,3,"D6_Az9","D6","T10",10,"Ambiant","Ctrl","Yes","Naive",-0.00465846751638887,0.618222101646034
"T10_D7_Az1_C3","T10_D7_Az1_C3","IMG_6502",-0.008799736,715,5,"D7_Az1","D7","T10",10,"Warm","Ctrl","Yes","Naive",-0.00794834211025775,0.620353759900085
"T10_D7_Az10_A2","T10_D7_Az10_A2","IMG_0233",-0.007621409,715,1,"D7_Az10","D7","T10",10,"Warm","Ctrl","Yes","None",-0.00735400300424455,0.876055240934891
"T10_D7_Az11_C1","T10_D7_Az11_C1","IMG_4652",-0.011891345,727,2,"D7_Az11","D7","T10",10,"Warm","Ctrl","Yes","Naive",-0.0113195646142833,0.875768286297143
"T10_D7_Az12_D3","T10_D7_Az12_D3","IMG_0027",-0.008200316,727,8,"D7_Az12","D7","T10",10,"Warm","Ctrl","Yes","Naive",-0.00686647525643257,0.865664283366111
"T10_D7_Az13_D4","T10_D7_Az13_D4","IMG_4547",-0.009391753,715,2,"D7_Az13","D7","T10",10,"Warm","Ctrl","Yes","Naive",-0.00962722713612349,0.919077700919009
"T10_D7_Az14_D2","T10_D7_Az14_D2","IMG_6584",-0.023980578,727,5,"D7_Az14","D7","T10",10,"Warm","Ctrl","Yes","Naive",-0.00643011735141797,0.103491283233959
"T10_D7_Az15_D5","T10_D7_Az15_D5","IMG_6419",-0.011569181,727,4,"D7_Az15","D7","T10",10,"Warm","Ctrl","Yes","Naive",-0.00433723627135754,0.595233624168406
"T10_D7_Az16_C1","T10_D7_Az16_C1","IMG_6399",-0.008682114,715,4,"D7_Az16","D7","T10",10,"Warm","Ctrl","Yes","Naive",0.000549892966023179,-0.000744366893200121
"T10_D7_Az17_C4","T10_D7_Az17_C4","IMG_0216",-0.006758019,715,1,"D7_Az17","D7","T10",10,"Warm","Ctrl","Yes","None",-0.00238724069176673,0.369845838259897
"T10_D7_Az18_C3","T10_D7_Az18_C3","IMG_8310",-0.011481793,715,6,"D7_Az18","D7","T10",10,"Warm","Ctrl","Yes","Naive",-0.0115312936417265,0.617917249452788
"T10_D7_Az19_C5","T10_D7_Az19_C5","IMG_8356",-0.009395095,727,6,"D7_Az19","D7","T10",10,"Warm","Ctrl","Yes","Naive",-0.0114462657026179,0.646433545587294
"T10_D7_Az2_D4","T10_D7_Az2_D4","IMG_4692",-0.018502648,715,3,"D7_Az2","D7","T10",10,"Warm","Ctrl","Yes","Naive",-0.00264719568953439,0.0153052987347186
"T10_D7_Az20_A4","T10_D7_Az20_A4","IMG_0268",-0.007776631,727,1,"D7_Az20","D7","T10",10,"Warm","Ctrl","Yes","None",-0.00713719833233792,0.930912834237134
"T10_D7_Az3_B6","T10_D7_Az3_B6","IMG_6531",-0.007423825,727,5,"D7_Az3","D7","T10",10,"Warm","Ctrl","Yes","Naive",-0.00242644947469917,0.860622431787478
"T10_D7_Az4_D6","T10_D7_Az4_D6","IMG_8493",-0.009529922,727,7,"D7_Az4","D7","T10",10,"Warm","Ctrl","Yes","Naive",NA,NA
"T10_D7_Az5_D2","T10_D7_Az5_D2","IMG_6453",-0.014290208,727,4,"D7_Az5","D7","T10",10,"Warm","Ctrl","Yes","Naive",-0.0134762943549098,0.938182351010124
"T10_D7_Az6_B5","T10_D7_Az6_B5","IMG_8430",-0.018222688,715,7,"D7_Az6","D7","T10",10,"Warm","Ctrl","Yes","Naive",-0.00320691398640726,0.0577929259965521
"T10_D7_Az7_A3","T10_D7_Az7_A3","IMG_9956",-0.010810633,715,8,"D7_Az7","D7","T10",10,"Warm","Ctrl","Yes","Naive",-0.00176827804224651,0.171644992278649
"T10_D7_Az8_C5","T10_D7_Az8_C5","IMG_6360",-0.005061516,715,4,"D7_Az8","D7","T10",10,"Warm","Ctrl","Yes","Naive",-0.00768235930124216,0.486374884911716
"T10_D7_Az9_A1","T10_D7_Az9_A1","IMG_8474",-0.009852477,715,7,"D7_Az9","D7","T10",10,"Warm","Ctrl","Yes","Naive",-0.00480519274491963,0.598156024046121
"T15_A1_Az1_B1","T15_A1_Az1_B1","IMG_3117",-0.005277625,727,8,"A1_Az1","A1","T15",15,"Ambiant","Ctrl","Yes","None",-0.00278955528749461,0.457634511896316
"T15_A1_Az10_A6","T15_A1_Az10_A6","IMG_9874",-0.005796877,727,8,"A1_Az10","A1","T15",15,"Ambiant","Ctrl","Yes","Naive",-0.00548177928598195,0.921412784832134
"T15_A1_Az11_A3","T15_A1_Az11_A3","IMG_3030",-0.005556853,715,1,"A1_Az11","A1","T15",15,"Ambiant","Ctrl","Yes","None",-0.00564289239266715,0.913947714347248
"T15_A1_Az12_A6","T15_A1_Az12_A6","IMG_4391",-0.025945976,715,2,"A1_Az12","A1","T15",15,"Ambiant","Ctrl","Yes","Naive",-0.0250299227871683,0.92257025542559
"T15_A1_Az13_D4","T15_A1_Az13_D4","IMG_6293",-0.014025773,727,4,"A1_Az13","A1","T15",15,"Ambiant","Ctrl","Yes","Naive",-0.0130149939790562,0.86078008799349
"T15_A1_Az14_A2","T15_A1_Az14_A2","IMG_4493",-0.014749303,727,2,"A1_Az14","A1","T15",15,"Ambiant","Ctrl","Yes","Naive",-0.0153681641723486,0.945907411242602
"T15_A1_Az15_D4","T15_A1_Az15_D4","IMG_4878",-0.012661079,727,3,"A1_Az15","A1","T15",15,"Ambiant","Ctrl","Yes","Naive",-0.0125102979124941,0.961024307966111
"T15_A1_Az16_C5","T15_A1_Az16_C5","IMG_3017",-0.004210367,715,1,"A1_Az16","A1","T15",15,"Ambiant","Ctrl","Yes","None",-0.00430349687110618,0.938811304452635
"T15_A1_Az17_C2","T15_A1_Az17_C2","IMG_9907",-0.00687456,727,8,"A1_Az17","A1","T15",15,"Ambiant","Ctrl","Yes","Naive",-0.00762301096916271,0.874423245034572
"T15_A1_Az18_B2","T15_A1_Az18_B2","IMG_8589",0.001441546,715,7,"A1_Az18","A1","T15",15,"Ambiant","Ctrl","Yes","Naive",0.00175539958911392,0.253775769695537
"T15_A1_Az19_C5","T15_A1_Az19_C5","IMG_6684",-0.00877722,727,5,"A1_Az19","A1","T15",15,"Ambiant","Ctrl","Yes","Naive",-0.00859362719034272,0.956631584203842
"T15_A1_Az2_B4","T15_A1_Az2_B4","IMG_8638",-0.008226376,727,7,"A1_Az2","A1","T15",15,"Ambiant","Ctrl","Yes","Naive",-0.00814477779116718,0.970348027183209
"T15_A1_Az20_A6","T15_A1_Az20_A6","IMG_8207",-0.003270969,727,6,"A1_Az20","A1","T15",15,"Ambiant","Ctrl","Yes","Naive",-0.00887370344750553,0.574122700479919
"T15_A1_Az3_A5","T15_A1_Az3_A5","IMG_6291",-0.021120224,727,4,"A1_Az3","A1","T15",15,"Ambiant","Ctrl","Yes","Naive",-0.0197133349945774,0.968603177124885
"T15_A1_Az4_D4","T15_A1_Az4_D4","IMG_8173",-0.006484433,715,6,"A1_Az4","A1","T15",15,"Ambiant","Ctrl","Yes","Naive",-0.00415562430804293,0.490927934272781
"T15_A1_Az5_B2","T15_A1_Az5_B2","IMG_6266",-0.007523847,715,4,"A1_Az5","A1","T15",15,"Ambiant","Ctrl","Yes","Naive",-0.00715157213131117,0.91811138907194
"T15_A1_Az6_A4","T15_A1_Az6_A4","IMG_9835",-0.007000818,715,8,"A1_Az6","A1","T15",15,"Ambiant","Ctrl","Yes","Naive",-0.00707627371970382,0.864568661677064
"T15_A1_Az7_A6","T15_A1_Az7_A6","IMG_4793",-0.007462342,715,3,"A1_Az7","A1","T15",15,"Ambiant","Ctrl","Yes","Naive",-0.00589087285440105,0.215452254189313
"T15_A1_Az8_C1","T15_A1_Az8_C1","IMG_6722",-0.006856937,727,5,"A1_Az8","A1","T15",15,"Ambiant","Ctrl","Yes","Naive",-0.00263076308153151,0.304904403780049
"T15_A1_Az9_B4","T15_A1_Az9_B4","IMG_6625",-0.010034069,715,5,"A1_Az9","A1","T15",15,"Ambiant","Ctrl","Yes","Naive",-0.010181983086915,0.968969588558637
"T15_B1_Az1_C6","T15_B1_Az1_C6","IMG_4800",-0.016636194,715,3,"B1_Az1","B1","T15",15,"Warm","Ctrl","Yes","Naive",NA,NA
"T15_B1_Az10_C6","T15_B1_Az10_C6","IMG_3007",-0.007245732,715,1,"B1_Az10","B1","T15",15,"Warm","Ctrl","Yes","None",NA,NA
"T15_B1_Az11_A2","T15_B1_Az11_A2","IMG_9902",-0.010919229,727,8,"B1_Az11","B1","T15",15,"Warm","Ctrl","Yes","Naive",-0.0097821669759853,0.872496119019838
"T15_B1_Az12_A3","T15_B1_Az12_A3","IMG_6703",-0.004982644,727,5,"B1_Az12","B1","T15",15,"Warm","Ctrl","Yes","Naive",-0.0035956388070216,0.668126009601979
"T15_B1_Az13_B2","T15_B1_Az13_B2","IMG_8189",-0.004532921,715,6,"B1_Az13","B1","T15",15,"Warm","Ctrl","Yes","Naive",-0.00543248593329064,0.662944149688493
"T15_B1_Az14_D1","T15_B1_Az14_D1","IMG_8268",-0.009946845,727,6,"B1_Az14","B1","T15",15,"Warm","Ctrl","Yes","Naive",-0.00934064183236022,0.920885759823732
"T15_B1_Az15_B3","T15_B1_Az15_B3","IMG_8243",-0.007803829,727,6,"B1_Az15","B1","T15",15,"Warm","Ctrl","Yes","Naive",-0.00759250082798575,0.94890342903819
"T15_B1_Az16_D4","T15_B1_Az16_D4","IMG_4481",-0.008871661,727,2,"B1_Az16","B1","T15",15,"Warm","Ctrl","Yes","Naive",-0.00883938518960518,0.931573883348581
"T15_B1_Az17_B5","T15_B1_Az17_B5","IMG_6612",-0.008789084,715,5,"B1_Az17","B1","T15",15,"Warm","Ctrl","Yes","Naive",-0.00861424881490427,0.969320153559073
"T15_B1_Az18_D3","T15_B1_Az18_D3","IMG_6319",-0.010158133,727,4,"B1_Az18","B1","T15",15,"Warm","Ctrl","Yes","Naive",-0.0117831170266403,0.875178535462765
"T15_B1_Az19_C4","T15_B1_Az19_C4","IMG_4877",-0.013462747,727,3,"B1_Az19","B1","T15",15,"Warm","Ctrl","Yes","Naive",-0.0118525981831521,0.9187938225583
"T15_B1_Az2_A4","T15_B1_Az2_A4","IMG_6244",-0.004073036,715,4,"B1_Az2","B1","T15",15,"Warm","Ctrl","Yes","Naive",-0.00394052855513423,0.879294382064184
"T15_B1_Az20_D1","T15_B1_Az20_D1","IMG_8607",-0.006296134,715,7,"B1_Az20","B1","T15",15,"Warm","Ctrl","Yes","Naive",-0.00629714904729048,0.94886100048756
"T15_B1_Az3_C2","T15_B1_Az3_C2","IMG_3112",-0.007320622,727,1,"B1_Az3","B1","T15",15,"Warm","Ctrl","Yes","None",-0.00990619814189084,0.988529685249796
"T15_B1_Az4_B5","T15_B1_Az4_B5","IMG_8622",-0.014032051,727,7,"B1_Az4","B1","T15",15,"Warm","Ctrl","Yes","Naive",-0.00979918979402478,0.595372615653233
"T15_B1_Az5_B3","T15_B1_Az5_B3","IMG_4486",-0.008870589,727,2,"B1_Az5","B1","T15",15,"Warm","Ctrl","Yes","Naive",-0.00878573460537599,0.915256412116835
"T15_B1_Az6_C2","T15_B1_Az6_C2","IMG_8664",-0.005884528,727,7,"B1_Az6","B1","T15",15,"Warm","Ctrl","Yes","Naive",-0.00588397897328407,0.855913073772269
"T15_B1_Az7_C3","T15_B1_Az7_C3","IMG_8579",0.001607039,715,7,"B1_Az7","B1","T15",15,"Warm","Ctrl","Yes","Naive",0.00064192072313499,0.0179736474251279
"T15_B1_Az8_B3","T15_B1_Az8_B3","IMG_4824",-0.006166268,715,3,"B1_Az8","B1","T15",15,"Warm","Ctrl","Yes","Naive",-0.00685435342814594,0.597971865536705
"T15_B1_Az9_B1","T15_B1_Az9_B1","IMG_4440",-0.004462469,715,2,"B1_Az9","B1","T15",15,"Warm","Ctrl","Yes","Naive",-0.00549712623962979,0.881354111049095
"T15_B2_Az1_B4","T15_B2_Az1_B4","IMG_9890",-0.003745221,727,8,"B2_Az1","B2","T15",15,"Ambiant","Ctrl","Yes","Naive",-0.00228194687787223,0.500030791740425
"T15_B2_Az10_C3","T15_B2_Az10_C3","IMG_6260",-0.0097469,715,4,"B2_Az10","B2","T15",15,"Ambiant","Ctrl","Yes","Naive",-0.00900207517969223,0.915151771478972
"T15_B2_Az11_A2","T15_B2_Az11_A2","IMG_8254",-0.010384996,727,6,"B2_Az11","B2","T15",15,"Ambiant","Ctrl","Yes","Naive",-0.0114132936202929,0.886984582911473
"T15_B2_Az12_A6","T15_B2_Az12_A6","IMG_4449",-0.011143002,727,2,"B2_Az12","B2","T15",15,"Ambiant","Ctrl","Yes","Naive",-0.0120633729967884,0.723033174318918
"T15_B2_Az13_C2","T15_B2_Az13_C2","IMG_6648",-0.002287055,715,5,"B2_Az13","B2","T15",15,"Ambiant","Ctrl","Yes","Naive",-0.00110291789525179,0.0629589301695344
"T15_B2_Az14_D5","T15_B2_Az14_D5","IMG_8632",-0.00929983,727,7,"B2_Az14","B2","T15",15,"Ambiant","Ctrl","Yes","Naive",-0.0144736233890834,0.729861238983356
"T15_B2_Az15_C1","T15_B2_Az15_C1","IMG_4903",-0.007934795,727,3,"B2_Az15","B2","T15",15,"Ambiant","Ctrl","Yes","Naive",-0.00892197746826215,0.939496239163308
"T15_B2_Az16_A1","T15_B2_Az16_A1","IMG_4839",-0.0061947,715,3,"B2_Az16","B2","T15",15,"Ambiant","Ctrl","Yes","Naive",-0.00835888330942664,0.672693351621876
"T15_B2_Az17_D3","T15_B2_Az17_D3","IMG_6642",-0.008272242,715,5,"B2_Az17","B2","T15",15,"Ambiant","Ctrl","Yes","Naive",-0.00818401856807278,0.939472195233592
"T15_B2_Az18_D4","T15_B2_Az18_D4","IMG_3092",-0.017513013,727,1,"B2_Az18","B2","T15",15,"Ambiant","Ctrl","Yes","None",-0.0146307313755245,0.987668168492535
"T15_B2_Az19_B4","T15_B2_Az19_B4","IMG_8169",-0.00576528,715,6,"B2_Az19","B2","T15",15,"Ambiant","Ctrl","Yes","Naive",-0.00569325109408362,0.958211717060659
"T15_B2_Az2_A6","T15_B2_Az2_A6","IMG_6664",-0.007195313,727,5,"B2_Az2","B2","T15",15,"Ambiant","Ctrl","Yes","Naive",-0.00447127960918832,0.778821330836985
"T15_B2_Az20_A6","T15_B2_Az20_A6","IMG_6283",-0.010750875,727,4,"B2_Az20","B2","T15",15,"Ambiant","Ctrl","Yes","Naive",-0.0113997095520968,0.98302058531993
"T15_B2_Az3_C6","T15_B2_Az3_C6","IMG_4859",-0.009018859,727,3,"B2_Az3","B2","T15",15,"Ambiant","Ctrl","Yes","Naive",NA,NA
"T15_B2_Az4_A5","T15_B2_Az4_A5","IMG_8558",-0.001110585,715,7,"B2_Az4","B2","T15",15,"Ambiant","Ctrl","Yes","Naive",-0.00152316305314383,0.128567786463519
"T15_B2_Az5_D3","T15_B2_Az5_D3","IMG_3043",-0.012323049,715,1,"B2_Az5","B2","T15",15,"Ambiant","Ctrl","Yes","None",-0.0113011008902448,0.971918846132246
"T15_B2_Az6_D3","T15_B2_Az6_D3","IMG_4428",-0.011612635,715,2,"B2_Az6","B2","T15",15,"Ambiant","Ctrl","Yes","Naive",-0.0112837476783056,0.933768147039289
"T15_B2_Az7_D5","T15_B2_Az7_D5","IMG_4471",-0.014160559,727,2,"B2_Az7","B2","T15",15,"Ambiant","Ctrl","Yes","Naive",-0.0133081187737123,0.893147236951245
"T15_B2_Az8_D1","T15_B2_Az8_D1","IMG_9872",-0.008899354,715,8,"B2_Az8","B2","T15",15,"Ambiant","Ctrl","Yes","Naive",-0.00832339759138074,0.934439670810827
"T15_B2_Az9_C1","T15_B2_Az9_C1","IMG_8677",-0.009506508,727,7,"B2_Az9","B2","T15",15,"Ambiant","Ctrl","Yes","Naive",-0.00897401180615295,0.884903603060728
"T15_B4_Az1_D3","T15_B4_Az1_D3","IMG_9853",-0.006786058,715,8,"B4_Az1","B4","T15",15,"Ambiant","Pred","Yes","Naive",-0.00612623456943379,0.925574012045537
"T15_B4_Az10_D2","T15_B4_Az10_D2","IMG_4837",-0.011980512,715,3,"B4_Az10","B4","T15",15,"Ambiant","Pred","Yes","Naive",-0.0117533415797638,0.981582551282908
"T15_B4_Az11_C3","T15_B4_Az11_C3","IMG_3039",-0.004886732,715,1,"B4_Az11","B4","T15",15,"Ambiant","Pred","Yes","None",-0.00412411716976229,0.92051199543706
"T15_B4_Az12_C1","T15_B4_Az12_C1","IMG_3058",-0.013854378,715,1,"B4_Az12","B4","T15",15,"Ambiant","Pred","Yes","None",-0.0139882277536299,0.996656534192644
"T15_B4_Az13_D3","T15_B4_Az13_D3","IMG_8185",-0.006380478,715,6,"B4_Az13","B4","T15",15,"Ambiant","Pred","Yes","Naive",-0.00304998150722491,0.236104242298191
"T15_B4_Az14_C6","T15_B4_Az14_C6","IMG_8554",-0.001698468,715,7,"B4_Az14","B4","T15",15,"Ambiant","Pred","Yes","Naive",NA,NA
"T15_B4_Az15_C1","T15_B4_Az15_C1","IMG_4846",-0.012848716,715,3,"B4_Az15","B4","T15",15,"Ambiant","Pred","Yes","Naive",-0.0125332832115567,0.986931967420831
"T15_B4_Az16_D4","T15_B4_Az16_D4","IMG_8234",-0.009113674,727,6,"B4_Az16","B4","T15",15,"Ambiant","Pred","Yes","Naive",-0.00993379102988879,0.953880165806507
"T15_B4_Az17_D1","T15_B4_Az17_D1","IMG_6662",-0.010110309,715,5,"B4_Az17","B4","T15",15,"Ambiant","Pred","Yes","Naive",-0.0103327964334646,0.965875039746439
"T15_B4_Az18_B6","T15_B4_Az18_B6","IMG_4453",-0.00916872,727,2,"B4_Az18","B4","T15",15,"Ambiant","Pred","Yes","Naive",-0.00974659996187649,0.984738854320256
"T15_B4_Az19_A4","T15_B4_Az19_A4","IMG_6688",-0.004136375,727,5,"B4_Az19","B4","T15",15,"Ambiant","Pred","Yes","Naive",-0.00360866545427832,0.417480533239156
"T15_B4_Az2_A4","T15_B4_Az2_A4","IMG_8567",-0.001695586,715,7,"B4_Az2","B4","T15",15,"Ambiant","Pred","Yes","Naive",-0.00252586399893756,0.557198293045248
"T15_B4_Az20_B3","T15_B4_Az20_B3","IMG_6255",-0.002046509,715,4,"B4_Az20","B4","T15",15,"Ambiant","Pred","Yes","Naive",-0.0011870465934619,0.0307719895493338
"T15_B4_Az3_C1","T15_B4_Az3_C1","IMG_9913",-0.007911512,727,8,"B4_Az3","B4","T15",15,"Ambiant","Pred","Yes","Naive",-0.00410771711618742,0.530325051628046
"T15_B4_Az4_D3","T15_B4_Az4_D3","IMG_3100",-0.009833572,727,1,"B4_Az4","B4","T15",15,"Ambiant","Pred","Yes","None",-0.013669157638877,0.95588221879603
"T15_B4_Az5_B3","T15_B4_Az5_B3","IMG_4421",-0.009995094,715,2,"B4_Az5","B4","T15",15,"Ambiant","Pred","Yes","Naive",-0.010013273730306,0.971088821687164
"T15_B4_Az6_A4","T15_B4_Az6_A4","IMG_6300",-0.006107651,727,4,"B4_Az6","B4","T15",15,"Ambiant","Pred","Yes","Naive",-0.00605935907706509,0.910707165730586
"T15_B4_Az7_A3","T15_B4_Az7_A3","IMG_8647",-0.002990804,727,7,"B4_Az7","B4","T15",15,"Ambiant","Pred","Yes","Naive",-0.0039944593028575,0.829677574197994
"T15_B4_Az8_B5","T15_B4_Az8_B5","IMG_4867",-0.012189701,727,3,"B4_Az8","B4","T15",15,"Ambiant","Pred","Yes","Naive",-0.0112452905482823,0.969091529764131
"T15_B4_Az9_C5","T15_B4_Az9_C5","IMG_6615",0.001583627,715,5,"B4_Az9","B4","T15",15,"Ambiant","Pred","Yes","Naive",0.00327090730754095,0.192992334993541
"T15_B5_Az1_B3","T15_B5_Az1_B3","IMG_8651",0.002273766,727,7,"B5_Az1","B5","T15",15,"Warm","Pred","Yes","Naive",-0.00215445502226517,0.0842056918637913
"T15_B5_Az10_B2","T15_B5_Az10_B2","IMG_9858",-0.005071307,715,8,"B5_Az10","B5","T15",15,"Warm","Pred","Yes","Naive",-0.00647035987748937,0.868886021781751
"T15_B5_Az11_C6","T15_B5_Az11_C6","IMG_6606",-0.010152667,715,5,"B5_Az11","B5","T15",15,"Warm","Pred","Yes","Naive",NA,NA
"T15_B5_Az12_C6","T15_B5_Az12_C6","IMG_4455",-0.014788044,727,2,"B5_Az12","B5","T15",15,"Warm","Pred","Yes","Experienced",NA,NA
"T15_B5_Az13_B2","T15_B5_Az13_B2","IMG_6717",-0.012485884,727,5,"B5_Az13","B5","T15",15,"Warm","Pred","Yes","Naive",-0.00666591882360818,0.708270670294108
"T15_B5_Az14_C1","T15_B5_Az14_C1","IMG_6338",-0.014270818,727,4,"B5_Az14","B5","T15",15,"Warm","Pred","Yes","Naive",-0.0128615858286222,0.918424730106289
"T15_B5_Az15_D5","T15_B5_Az15_D5","IMG_4871",-0.005707462,727,3,"B5_Az15","B5","T15",15,"Warm","Pred","Yes","Naive",-0.000865783877366138,0.231512300442979
"T15_B5_Az16_B5","T15_B5_Az16_B5","IMG_4806",-0.006690225,715,3,"B5_Az16","B5","T15",15,"Warm","Pred","Yes","Naive",-0.00696591311776663,0.648433908463947
"T15_B5_Az17_A3","T15_B5_Az17_A3","IMG_9895",-0.002130068,727,8,"B5_Az17","B5","T15",15,"Warm","Pred","Yes","Naive",-0.00160770423240087,0.329549166165666
"T15_B5_Az18_A5","T15_B5_Az18_A5","IMG_3011",-0.005967921,715,1,"B5_Az18","B5","T15",15,"Warm","Pred","Yes","None",-0.00649646503261443,0.966686788933623
"T15_B5_Az19_B4","T15_B5_Az19_B4","IMG_8232",-0.003478238,727,6,"B5_Az19","B5","T15",15,"Warm","Pred","Yes","Naive",-0.00356849580024755,0.917277797857826
"T15_B5_Az2_D2","T15_B5_Az2_D2","IMG_8598",-0.014235411,715,7,"B5_Az2","B5","T15",15,"Warm","Pred","Yes","Naive",-0.0203869271345637,0.39974691574066
"T15_B5_Az20_C2","T15_B5_Az20_C2","IMG_6270",-0.014990804,715,4,"B5_Az20","B5","T15",15,"Warm","Pred","Yes","Naive",-0.0136043486466362,0.860158109810397
"T15_B5_Az3_B3","T15_B5_Az3_B3","IMG_3096",-0.009052471,727,1,"B5_Az3","B5","T15",15,"Warm","Pred","Yes","None",-0.00334751501368611,0.789761146735129
"T15_B5_Az4_A3","T15_B5_Az4_A3","IMG_4883",-0.014513306,727,3,"B5_Az4","B5","T15",15,"Warm","Pred","Yes","Naive",-0.0140735481876116,0.994227673062024
"T15_B5_Az5_D5","T15_B5_Az5_D5","IMG_4406",-0.019680683,715,2,"B5_Az5","B5","T15",15,"Warm","Pred","Yes","Naive",-0.0195833538179277,0.997742419533582
"T15_B5_Az6_C2","T15_B5_Az6_C2","IMG_4435",-0.013159129,715,2,"B5_Az6","B5","T15",15,"Warm","Pred","Yes","Experienced",-0.0140763089890069,0.936827683764636
"T15_B5_Az7_C4","T15_B5_Az7_C4","IMG_6696",-0.023580443,727,5,"B5_Az7","B5","T15",15,"Warm","Pred","Yes","Naive",-0.0235835768995234,0.997068961339921
"T15_B5_Az8_D5","T15_B5_Az8_D5","IMG_9887",-0.006339626,727,8,"B5_Az8","B5","T15",15,"Warm","Pred","Yes","Naive",-0.0272281789790387,0.838689710587729
"T15_B5_Az9_B5","T15_B5_Az9_B5","IMG_8159",0.001460157,715,6,"B5_Az9","B5","T15",15,"Warm","Pred","Yes","Naive",0.00138571376392148,0.0574961799611959
"T15_B6_Az1_D6","T15_B6_Az1_D6","IMG_3069",-0.007003788,727,1,"B6_Az1","B6","T15",15,"Ambiant","Pred","Yes","None",NA,NA
"T15_B6_Az10_A5","T15_B6_Az10_A5","IMG_8215",-0.004613723,727,6,"B6_Az10","B6","T15",15,"Ambiant","Pred","Yes","Naive",-0.00493133983357318,0.884285207068089
"T15_B6_Az11_B3","T15_B6_Az11_B3","IMG_6636",-0.004914666,715,5,"B6_Az11","B6","T15",15,"Ambiant","Pred","Yes","Naive",-0.00240059620380908,0.140707857122838
"T15_B6_Az12_C5","T15_B6_Az12_C5","IMG_6294",-0.008578721,727,4,"B6_Az12","B6","T15",15,"Ambiant","Pred","Yes","Naive",-0.00823542799982426,0.895867952011947
"T15_B6_Az13_B2","T15_B6_Az13_B2","IMG_4893",-0.007473722,727,3,"B6_Az13","B6","T15",15,"Ambiant","Pred","Yes","Naive",-0.00754648708444329,0.912879963116171
"T15_B6_Az14_C4","T15_B6_Az14_C4","IMG_9844",-0.00375612,715,8,"B6_Az14","B6","T15",15,"Ambiant","Pred","Yes","Naive",-0.00377792835095757,0.900696954985762
"T15_B6_Az15_B5","T15_B6_Az15_B5","IMG_4461",-0.007527879,727,2,"B6_Az15","B6","T15",15,"Ambiant","Pred","Yes","Experienced",-0.0193926014109027,0.91876432453925
"T15_B6_Az16_A6","T15_B6_Az16_A6","IMG_6225",-0.004374144,715,4,"B6_Az16","B6","T15",15,"Ambiant","Pred","Yes","Naive",-0.00227584783490382,0.503187227771137
"T15_B6_Az17_D1","T15_B6_Az17_D1","IMG_4508",-0.009546117,727,2,"B6_Az17","B6","T15",15,"Ambiant","Pred","Yes","Naive",-0.00998763994045863,0.937458478209974
"T15_B6_Az18_A6","T15_B6_Az18_A6","IMG_3001",-0.00530899,715,1,"B6_Az18","B6","T15",15,"Ambiant","Pred","Yes","None",-0.00640258714356872,0.913956008279295
"T15_B6_Az19_A5","T15_B6_Az19_A5","IMG_4804",-0.007321263,715,3,"B6_Az19","B6","T15",15,"Ambiant","Pred","Yes","Naive",-0.00755808716126416,0.951408056701551
"T15_B6_Az2_C2","T15_B6_Az2_C2","IMG_8594",0.000599489,715,7,"B6_Az2","B6","T15",15,"Ambiant","Pred","Yes","Naive",0.00187345500417281,0.184869712066824
"T15_B6_Az20_B4","T15_B6_Az20_B4","IMG_4873",-0.004716052,727,3,"B6_Az20","B6","T15",15,"Ambiant","Pred","Yes","Naive",-0.0024914650949303,0.697743930958818
"T15_B6_Az3_B5","T15_B6_Az3_B5","IMG_9884",-0.009076742,727,8,"B6_Az3","B6","T15",15,"Ambiant","Pred","Yes","Naive",-0.00482128481381625,0.65570862632658
"T15_B6_Az4_B5","T15_B6_Az4_B5","IMG_9828",-0.004696104,715,8,"B6_Az4","B6","T15",15,"Ambiant","Pred","Yes","Naive",-0.00284209732472325,0.421868615777611
"T15_B6_Az5_B2","T15_B6_Az5_B2","IMG_8662",-0.003149116,727,7,"B6_Az5","B6","T15",15,"Ambiant","Pred","Yes","Naive",-0.00206384862374574,0.44581835182226
"T15_B6_Az6_A2","T15_B6_Az6_A2","IMG_6714",-0.006494722,727,5,"B6_Az6","B6","T15",15,"Ambiant","Pred","Yes","Naive",-0.00117975222844145,0.0257029665889835
"T15_B6_Az7_C4","T15_B6_Az7_C4","IMG_4414",-0.00774058,715,2,"B6_Az7","B6","T15",15,"Ambiant","Pred","Yes","Experienced",-0.0142498195511361,0.806758297988052
"T15_B6_Az8_D3","T15_B6_Az8_D3","IMG_8250",-0.004768116,727,6,"B6_Az8","B6","T15",15,"Ambiant","Pred","Yes","Naive",-0.00732409729594429,0.771217536559925
"T15_B6_Az9_D5","T15_B6_Az9_D5","IMG_8167",-0.008067235,715,6,"B6_Az9","B6","T15",15,"Ambiant","Pred","Yes","Naive",-0.00794544791800158,0.901614815765996
"T15_B7_Az1_C5","T15_B7_Az1_C5","IMG_8627",0.000890544,727,7,"B7_Az1","B7","T15",15,"Warm","Pred","Yes","Naive",-0.000641838658046794,0.153223262097916
"T15_B7_Az10_B6","T15_B7_Az10_B6","IMG_6287",-0.019324385,727,4,"B7_Az10","B7","T15",15,"Warm","Pred","Yes","Naive",-0.0192247558783861,0.875691329162013
"T15_B7_Az11_D4","T15_B7_Az11_D4","IMG_8574",-0.013542455,715,7,"B7_Az11","B7","T15",15,"Warm","Pred","Yes","Naive",-0.0133282205952865,0.874803475339209
"T15_B7_Az12_A5","T15_B7_Az12_A5","IMG_9826",-0.001703316,715,8,"B7_Az12","B7","T15",15,"Warm","Pred","Yes","Naive",-0.00280301064760894,0.150282128686225
"T15_B7_Az13_B5","T15_B7_Az13_B5","IMG_3016",-0.022071397,715,1,"B7_Az13","B7","T15",15,"Warm","Pred","Yes","None",-0.0143109422748937,0.94762425060514
"T15_B7_Az14_A5","T15_B7_Az14_A5","IMG_4458",-0.009955281,727,2,"B7_Az14","B7","T15",15,"Warm","Pred","Yes","Experienced",-0.00741238614324269,0.57211047881496
"T15_B7_Az16_B2","T15_B7_Az16_B2","IMG_9903",-0.007483934,727,8,"B7_Az16","B7","T15",15,"Warm","Pred","Yes","Naive",-0.00736513702105215,0.882875899120856
"T15_B7_Az17_D5","T15_B7_Az17_D5","IMG_6686",-0.012753481,727,5,"B7_Az17","B7","T15",15,"Warm","Pred","Yes","Naive",-0.0118837839084347,0.953606519099284
"T15_B7_Az18_D3","T15_B7_Az18_D3","IMG_6262",-0.014526413,715,4,"B7_Az18","B7","T15",15,"Warm","Pred","Yes","Naive",-0.0141621786658022,0.40355129399154
"T15_B7_Az19_B6","T15_B7_Az19_B6","IMG_4395",-0.010842322,715,2,"B7_Az19","B7","T15",15,"Warm","Pred","Yes","Naive",-0.0100683945671806,0.918409176785462
"T15_B7_Az2_A3","T15_B7_Az2_A3","IMG_8239",-0.006188894,727,6,"B7_Az2","B7","T15",15,"Warm","Pred","Yes","Naive",-0.00359674971950246,0.377617714186418
"T15_B7_Az20_A6","T15_B7_Az20_A6","IMG_4853",-0.007389427,727,3,"B7_Az20","B7","T15",15,"Warm","Pred","Yes","Naive",-0.00728239550291272,0.958181968751652
"T15_B7_Az3_C1","T15_B7_Az3_C1","IMG_6656",-0.004551823,715,5,"B7_Az3","B7","T15",15,"Warm","Pred","Yes","Naive",-0.00226222508376592,0.416410775195365
"T15_B7_Az4_D6","T15_B7_Az4_D6","IMG_8213",-0.017351875,727,6,"B7_Az4","B7","T15",15,"Warm","Pred","Yes","Naive",NA,NA
"T15_B7_Az5_C4","T15_B7_Az5_C4","IMG_4477",-0.016969394,727,2,"B7_Az5","B7","T15",15,"Warm","Pred","Yes","Experienced",-0.0197276652486938,0.931555003578763
"T15_B7_Az6_A2","T15_B7_Az6_A2","IMG_4831",-0.01897861,715,3,"B7_Az6","B7","T15",15,"Warm","Pred","Yes","Naive",-0.0198057918464943,0.986290847066459
"T15_B7_Az7_D1","T15_B7_Az7_D1","",-0.01305921,727,3,"B7_Az7","B7","T15",15,"Warm","Pred","Yes","Naive",-0.0140850814427769,0.914699005380143
"T15_B7_Az8_B6","T15_B7_Az8_B6","IMG_8150",-0.003949354,715,6,"B7_Az8","B7","T15",15,"Warm","Pred","Yes","Naive",-4.60585947484742e-05,-0.00267261968512944
"T15_B7_Az9_A3","T15_B7_Az9_A3","IMG_8576",-0.000788247,715,7,"B7_Az9","B7","T15",15,"Warm","Pred","Yes","Naive",-0.00331885368611718,0.448687353689635
"T15_B9_Az1_D6","T15_B9_Az1_D6","IMG_6289",-0.009467784,727,4,"B9_Az1","B9","T15",15,"Warm","Pred","Yes","Naive",NA,NA
"T15_B9_Az10_C2","T15_B9_Az10_C2","IMG_4495",-0.012585615,727,2,"B9_Az10","B9","T15",15,"Warm","Pred","Yes","Naive",-0.0115306723977686,0.937391606729127
"T15_B9_Az11_B6","T15_B9_Az11_B6","IMG_8613",-0.002948084,727,7,"B9_Az11","B9","T15",15,"Warm","Pred","Yes","Naive",-0.00501361592594228,0.771368128252664
"T15_B9_Az12_A3","T15_B9_Az12_A3","IMG_4419",-0.020430433,715,2,"B9_Az12","B9","T15",15,"Warm","Pred","Yes","Naive",-0.0148086513141865,0.605161045190977
"T15_B9_Az14_C2","T15_B9_Az14_C2","IMG_8193",-0.004600779,715,6,"B9_Az14","B9","T15",15,"Warm","Pred","Yes","Naive",-0.0028838482764804,0.318865734348008
"T15_B9_Az15_D1","T15_B9_Az15_D1","IMG_8201",-0.011454659,715,6,"B9_Az15","B9","T15",15,"Warm","Pred","Yes","Naive",-0.0167123042694916,0.821266531270631
"T15_B9_Az16_B6","T15_B9_Az16_B6","IMG_3062",-0.008230456,727,1,"B9_Az16","B9","T15",15,"Warm","Pred","Yes","None",-0.00955131440023025,0.868961581272756
"T15_B9_Az17_B1","T15_B9_Az17_B1","IMG_3055",-0.006017408,715,1,"B9_Az17","B9","T15",15,"Warm","Pred","Yes","None",-0.00623848895219095,0.939984039323978
"T15_B9_Az18_D5","T15_B9_Az18_D5","IMG_9833",-0.010021655,715,8,"B9_Az18","B9","T15",15,"Warm","Pred","Yes","Naive",-0.00703296606400449,0.605544562465038
"T15_B9_Az19_D5","T15_B9_Az19_D5","IMG_4810",-0.011403214,715,3,"B9_Az19","B9","T15",15,"Warm","Pred","Yes","Naive",-0.0104815173249832,0.586388401463807
"T15_B9_Az2_C2","T15_B9_Az2_C2","IMG_6326",-0.008753209,727,4,"B9_Az2","B9","T15",15,"Warm","Pred","Yes","Naive",-0.00826876901748087,0.87818155306986
"T15_B9_Az20_C6","T15_B9_Az20_C6","IMG_9877",-0.007298372,727,8,"B9_Az20","B9","T15",15,"Warm","Pred","Yes","Naive",NA,NA
"T15_B9_Az3_A6","T15_B9_Az3_A6","IMG_8547",-0.00186775,715,7,"B9_Az3","B9","T15",15,"Warm","Pred","Yes","Naive",-0.00273134350824566,0.145953608201524
"T15_B9_Az4_A5","T15_B9_Az4_A5","IMG_6680",-0.010742597,727,5,"B9_Az4","B9","T15",15,"Warm","Pred","Yes","Naive",-0.0105775190856922,0.96968302717227
"T15_B9_Az5_D5","T15_B9_Az5_D5","IMG_8224",-0.010305908,727,6,"B9_Az5","B9","T15",15,"Warm","Pred","Yes","Naive",-0.0097482779039268,0.984817227714481
"T15_B9_Az6_A5","T15_B9_Az6_A5","IMG_6234",-0.00670766,715,4,"B9_Az6","B9","T15",15,"Warm","Pred","Yes","Naive",-0.00669670073187393,0.89452143965331
"T15_B9_Az7_A3","T15_B9_Az7_A3","IMG_6632",-0.003243114,715,5,"B9_Az7","B9","T15",15,"Warm","Pred","Yes","Naive",-0.00236675905052031,0.49762285497706
"T15_B9_Az8_C3","T15_B9_Az8_C3","IMG_4886",-0.01190488,727,3,"B9_Az8","B9","T15",15,"Warm","Pred","Yes","Naive",-0.0151162844790259,0.397653613705478
"T15_B9_Az9_D4","T15_B9_Az9_D4","IMG_3027",-0.008239465,715,1,"B9_Az9","B9","T15",15,"Warm","Pred","Yes","None",-0.0094412660120619,0.924817715603504
"T15_C1_Az1_A2","T15_C1_Az1_A2","IMG_3104",-0.008649123,727,1,"C1_Az1","C1","T15",15,"Ambiant","Pred","Yes","None",-0.00639855683939642,0.966900595078123
"T15_C1_Az10_C6","T15_C1_Az10_C6","IMG_8152",-0.004143414,715,6,"C1_Az10","C1","T15",15,"Ambiant","Pred","Yes","Naive",NA,NA
"T15_C1_Az11_D6","T15_C1_Az11_D6","IMG_6676",-0.010692539,727,5,"C1_Az11","C1","T15",15,"Ambiant","Pred","Yes","Naive",NA,NA
"T15_C1_Az12_C4","T15_C1_Az12_C4","IMG_8640",-0.00311297,727,7,"C1_Az12","C1","T15",15,"Ambiant","Pred","Yes","Naive",-0.00210909369388264,0.463120250953046
"T15_C1_Az13_D4","T15_C1_Az13_D4","IMG_6249",-0.008921661,715,4,"C1_Az13","C1","T15",15,"Ambiant","Pred","Yes","Naive",-0.00799255688535506,0.715862860987886
"T15_C1_Az14_A1","T15_C1_Az14_A1","IMG_4436",-0.009476128,715,2,"C1_Az14","C1","T15",15,"Ambiant","Pred","Yes","Naive",-0.0109722195372976,0.912930085123161
"T15_C1_Az15_A4","T15_C1_Az15_A4","IMG_3022",-0.004681734,715,1,"C1_Az15","C1","T15",15,"Ambiant","Pred","Yes","None",-0.00573962101816374,0.929166423242615
"T15_C1_Az16_B1","T15_C1_Az16_B1","IMG_9866",-0.005105095,715,8,"C1_Az16","C1","T15",15,"Ambiant","Pred","Yes","Naive",-0.00213758732505713,0.473990450550304
"T15_C1_Az17_C5","T15_C1_Az17_C5","IMG_9886",-0.010242155,727,8,"C1_Az17","C1","T15",15,"Ambiant","Pred","Yes","Naive",-0.010229430329276,0.905688439116768
"T15_C1_Az18_A5","T15_C1_Az18_A5","IMG_3072",-0.002129633,727,1,"C1_Az18","C1","T15",15,"Ambiant","Pred","Yes","None",-0.00447406406359893,0.925217507946814
"T15_C1_Az19_C3","T15_C1_Az19_C3","IMG_6317",-0.007843658,727,4,"C1_Az19","C1","T15",15,"Ambiant","Pred","Yes","Naive",-0.00767332319853387,0.96583824363582
"T15_C1_Az2_B1","T15_C1_Az2_B1","IMG_4502",-0.019749566,727,2,"C1_Az2","C1","T15",15,"Ambiant","Pred","Yes","Naive",-0.019523501636382,0.989357962510402
"T15_C1_Az20_B6","T15_C1_Az20_B6","IMG_4797",-0.005938963,715,3,"C1_Az20","C1","T15",15,"Ambiant","Pred","Yes","Naive",-0.00354831070349736,0.587626008011989
"T15_C1_Az3_B6","T15_C1_Az3_B6","IMG_4855",-0.013724818,727,3,"C1_Az3","C1","T15",15,"Ambiant","Pred","Yes","Naive",-0.00678476912809585,0.262271016817318
"T15_C1_Az4_C5","T15_C1_Az4_C5","IMG_9831",-0.00766189,715,8,"C1_Az4","C1","T15",15,"Ambiant","Pred","Yes","Naive",-0.00757108180989717,0.940990078827382
"T15_C1_Az5_D3","T15_C1_Az5_D3","IMG_4889",-0.014787246,727,3,"C1_Az5","C1","T15",15,"Ambiant","Pred","Yes","Naive",-0.0114141129658744,0.634884906545263
"T15_C1_Az6_A4","T15_C1_Az6_A4","IMG_8228",-0.032046623,727,6,"C1_Az6","C1","T15",15,"Ambiant","Pred","Yes","Naive",-0.0245998175603781,0.855853725216575
"T15_C1_Az7_D3","T15_C1_Az7_D3","IMG_8582",-0.008126481,715,7,"C1_Az7","C1","T15",15,"Ambiant","Pred","Yes","Naive",-0.00807561885189148,0.918919729033463
"T15_C1_Az8_B2","T15_C1_Az8_B2","IMG_6644",-0.012600652,715,5,"C1_Az8","C1","T15",15,"Ambiant","Pred","Yes","Naive",-0.0125214882207205,0.990214418524287
"T15_C1_Az9_B3","T15_C1_Az9_B3","IMG_6707",-0.00789861,727,5,"C1_Az9","C1","T15",15,"Ambiant","Pred","Yes","Naive",-0.00464453412213452,0.311918205007537
"T15_C3_Az1_B2","T15_C3_Az1_B2","IMG_6323",-0.008847702,727,4,"C3_Az1","C3","T15",15,"Ambiant","Pred","Yes","Naive",-0.00928755118586808,0.740263895817352
"T15_C3_Az10_C1","T15_C3_Az10_C1","IMG_4444",-0.012522968,715,2,"C3_Az10","C3","T15",15,"Ambiant","Pred","Yes","Naive",-0.0127864615088097,0.883119489931489
"T15_C3_Az11_D1","T15_C3_Az11_D1","IMG_6726",-0.001899991,727,5,"C3_Az11","C3","T15",15,"Ambiant","Pred","Yes","Naive",0.00672530723769491,0.170338803093935
"T15_C3_Az12_B5","T15_C3_Az12_B5","IMG_6238",-0.005593643,715,4,"C3_Az12","C3","T15",15,"Ambiant","Pred","Yes","Naive",-0.00250507781248705,0.279865622618695
"T15_C3_Az13_C2","T15_C3_Az13_C2","IMG_4833",-0.015911203,715,3,"C3_Az13","C3","T15",15,"Ambiant","Pred","Yes","Naive",-0.0161127066537587,0.995764146385939
"T15_C3_Az14_A4","T15_C3_Az14_A4","IMG_6622",-0.002017204,715,5,"C3_Az14","C3","T15",15,"Ambiant","Pred","Yes","Naive",-0.00825541659820307,0.848477458468729
"T15_C3_Az15_D2","T15_C3_Az15_D2","IMG_6272",-0.011909576,715,4,"C3_Az15","C3","T15",15,"Ambiant","Pred","Yes","Naive",-0.00998414534442375,0.860955944632292
"T15_C3_Az16_B3","T15_C3_Az16_B3","IMG_9896",-0.0036,727,8,"C3_Az16","C3","T15",15,"Ambiant","Pred","Yes","Naive",-0.00599531702033119,0.810541882868732
"T15_C3_Az17_D6","T15_C3_Az17_D6","IMG_9879",-0.006784752,727,8,"C3_Az17","C3","T15",15,"Ambiant","Pred","Yes","Naive",NA,NA
"T15_C3_Az18_A1","T15_C3_Az18_A1","IMG_8195",0.000597429,715,6,"C3_Az18","C3","T15",15,"Ambiant","Pred","Yes","Naive",-0.00710012530951483,0.181644704219876
"T15_C3_Az19_A6","T15_C3_Az19_A6","IMG_9820",-0.009970538,715,8,"C3_Az19","C3","T15",15,"Ambiant","Pred","Yes","Naive",-0.0102670081494524,0.921392734696097
"T15_C3_Az2_C6","T15_C3_Az2_C6","IMG_3067",-0.004118558,727,1,"C3_Az2","C3","T15",15,"Ambiant","Pred","Yes","None",NA,NA
"T15_C3_Az20_C6","T15_C3_Az20_C6","IMG_8210",-0.005627636,727,6,"C3_Az20","C3","T15",15,"Ambiant","Pred","Yes","Naive",NA,NA
"T15_C3_Az3_D2","T15_C3_Az3_D2","IMG_4900",-0.005307959,727,3,"C3_Az3","C3","T15",15,"Ambiant","Pred","Yes","Naive",-0.00363324824670185,0.408391805506948
"T15_C3_Az4_C5","T15_C3_Az4_C5","IMG_4466",-0.025491612,727,2,"C3_Az4","C3","T15",15,"Ambiant","Pred","Yes","Naive",-0.0252414496774887,0.993939480472218
"T15_C3_Az5_C2","T15_C3_Az5_C2","IMG_8256",-0.007150925,727,6,"C3_Az5","C3","T15",15,"Ambiant","Pred","Yes","Naive",-0.00659394782930359,0.93547720399582
"T15_C3_Az6_B2","T15_C3_Az6_B2","IMG_3106",-0.02218315,727,1,"C3_Az6","C3","T15",15,"Ambiant","Pred","Yes","None",-0.0219327286236387,0.993642295682727
"T15_C3_Az7_A2","T15_C3_Az7_A2","IMG_8584",-0.011148188,715,7,"C3_Az7","C3","T15",15,"Ambiant","Pred","Yes","Naive",-0.0111269321294741,0.989391216664983
"T15_C3_Az8_D2","T15_C3_Az8_D2","IMG_8669",-0.001851353,727,7,"C3_Az8","C3","T15",15,"Ambiant","Pred","Yes","Naive",0.000433850650512337,0.0149362485673207
"T15_C3_Az9_C4","T15_C3_Az9_C4","IMG_3086",-0.021471967,727,1,"C3_Az9","C3","T15",15,"Ambiant","Pred","Yes","None",-0.0212540431147398,0.996858974959678
"T15_C5_Az1_D2","T15_C5_Az1_D2","IMG_3114",-0.006501441,727,1,"C5_Az1","C5","T15",15,"Ambiant","Ctrl","Yes","None",-0.00446897747758863,0.97163083497214
"T15_C5_Az10_D2","T15_C5_Az10_D2","IMG_9863",-0.006231599,715,8,"C5_Az10","C5","T15",15,"Ambiant","Ctrl","Yes","Naive",-0.0061029791880845,0.897139313805861
"T15_C5_Az11_A5","T15_C5_Az11_A5","IMG_4865",-0.010923647,727,3,"C5_Az11","C5","T15",15,"Ambiant","Ctrl","Yes","Naive",-0.00929227120714999,0.623412052116978
"T15_C5_Az12_B2","T15_C5_Az12_B2","IMG_4432",-0.008437149,715,2,"C5_Az12","C5","T15",15,"Ambiant","Ctrl","Yes","Naive",-0.0097372325468858,0.894691488064335
"T15_C5_az13_B6","T15_C5_az13_B6","IMG_9822",-0.013969877,715,8,"C5_az13","C5","T15",15,"Ambiant","Ctrl","Yes","Naive",-0.00991901979502111,0.267116581818129
"T15_C5_Az14_D4","T15_C5_Az14_D4","IMG_6699",-0.01858734,727,5,"C5_Az14","C5","T15",15,"Ambiant","Ctrl","Yes","Naive",-0.00909158767074732,0.20806312699866
"T15_C5_Az15_C4","T15_C5_Az15_C4","IMG_6248",-0.00787277,715,4,"C5_Az15","C5","T15",15,"Ambiant","Ctrl","Yes","Naive",-0.00780378261025521,0.906934202004709
"T15_C5_Az16_B5","T15_C5_Az16_B5","IMG_3074",-0.007227946,727,1,"C5_Az16","C5","T15",15,"Ambiant","Ctrl","Yes","None",-0.00606667929001278,0.943627546878631
"T15_C5_Az17_C1","T15_C5_Az17_C1","IMG_9869",-0.006419867,715,8,"C5_Az17","C5","T15",15,"Ambiant","Ctrl","Yes","Naive",0.0048796122613518,0.0694636905711001
"T15_C5_Az18_D2","T15_C5_Az18_D2","IMG_4500",-0.009997253,727,2,"C5_Az18","C5","T15",15,"Ambiant","Ctrl","Yes","Naive",-0.00981480670576269,0.981698802338276
"T15_C5_Az19_C3","T15_C5_Az19_C3","IMG_4828",-0.005262884,715,3,"C5_Az19","C5","T15",15,"Ambiant","Ctrl","Yes","Naive",-0.00612507914770563,0.906975945023957
"T15_C5_Az2_A3","T15_C5_Az2_A3","IMG_8177",-0.005147885,715,6,"C5_Az2","C5","T15",15,"Ambiant","Ctrl","Yes","Naive",-0.0053552011476691,0.598904761836114
"T15_C5_Az20_D1","T15_C5_Az20_D1","IMG_4850",-0.00779463,715,3,"C5_Az20","C5","T15",15,"Ambiant","Ctrl","Yes","Naive",-0.00875584700486668,0.731789655289928
"T15_C5_Az3_D4","T15_C5_Az3_D4","IMG_9846",-0.009064827,715,8,"C5_Az3","C5","T15",15,"Ambiant","Ctrl","Yes","Naive",-0.00789032100759043,0.87530764313967
"T15_C5_Az4_C3","T15_C5_Az4_C3","IMG_8246",-0.002174441,727,6,"C5_Az4","C5","T15",15,"Ambiant","Ctrl","Yes","Naive",-0.00386269647385414,0.788106954249829
"T15_C5_Az5_A3","T15_C5_Az5_A3","IMG_6310",-0.006886975,727,4,"C5_Az5","C5","T15",15,"Ambiant","Ctrl","Yes","Naive",-0.00605238074048442,0.882171724940118
"T15_C5_Az6_A5","T15_C5_Az6_A5","IMG_6610",0.003345556,715,5,"C5_Az6","C5","T15",15,"Ambiant","Ctrl","Yes","Naive",0.0133414015754185,0.76961134440611
"T15_C5_Az7_D1","T15_C5_Az7_D1","IMG_9918",-0.018876929,727,8,"C5_Az7","C5","T15",15,"Ambiant","Ctrl","Yes","Naive",-0.0176235238328757,0.891507908114891
"T15_C5_Az8_B6","T15_C5_Az8_B6","IMG_3005",-0.006880941,715,1,"C5_Az8","C5","T15",15,"Ambiant","Ctrl","Yes","None",-0.00689981288004188,0.96619000515854
"T15_C5_Az9_A1","T15_C5_Az9_A1","IMG_6650",-0.005546142,715,5,"C5_Az9","C5","T15",15,"Ambiant","Ctrl","Yes","Naive",-0.00416317127279689,0.300878358764316
"T15_C8_Az1_B1","T15_C8_Az1_B1","IMG_8673",0.002815356,727,7,"C8_Az1","C8","T15",15,"Warm","Pred","Yes","Naive",0.0022154193810602,0.177368195984206
"T15_C8_Az10_C3","T15_C8_Az10_C3","IMG_4424",-0.012908906,715,2,"C8_Az10","C8","T15",15,"Warm","Pred","Yes","Naive",-0.0162439324291017,0.685467566180087
"T15_C8_Az11_B3","T15_C8_Az11_B3","IMG_8180",-0.006655892,715,6,"C8_Az11","C8","T15",15,"Warm","Pred","Yes","Naive",-0.00998142383251118,0.769024877278568
"T15_C8_Az12_A4","T15_C8_Az12_A4","IMG_4812",-0.00693425,715,3,"C8_Az12","C8","T15",15,"Warm","Pred","Yes","Naive",-0.0126855942779004,0.981428817190323
"T15_C8_Az13_B1","T15_C8_Az13_B1","IMG_8259",-0.012443313,727,6,"C8_Az13","C8","T15",15,"Warm","Pred","Yes","Naive",-0.01252153075965,0.963639456085933
"T15_C8_Az14_C5","T15_C8_Az14_C5","IMG_3079",-0.010846533,727,1,"C8_Az14","C8","T15",15,"Warm","Pred","Yes","None",-0.00783176089938062,0.975774315033063
"T15_C8_Az15_C6","T15_C8_Az15_C6","IMG_6672",-0.005996736,727,5,"C8_Az15","C8","T15",15,"Warm","Pred","Yes","Naive",NA,NA
"T15_C8_Az16_C4","T15_C8_Az16_C4","IMG_6630",-0.001745191,715,5,"C8_Az16","C8","T15",15,"Warm","Pred","Yes","Naive",0.00474191703623429,0.218729974326326
"T15_C8_Az17_B4","T15_C8_Az17_B4","IMG_9837",-0.004694067,715,8,"C8_Az17","C8","T15",15,"Warm","Pred","Yes","Naive",-0.00805755053926343,0.663892395393983
"T15_C8_Az18_D5","T15_C8_Az18_D5","IMG_6617",-0.002736488,715,5,"C8_Az18","C8","T15",15,"Warm","Pred","Yes","Naive",-0.0028064401709558,0.27399332410841
"T15_C8_Az19_D4","T15_C8_Az19_D4","IMG_8643",-0.006004541,727,7,"C8_Az19","C8","T15",15,"Warm","Pred","Yes","Naive",-0.00500990243476982,0.592334045518699
"T15_C8_Az2_A3","T15_C8_Az2_A3","IMG_4484",-0.006645455,727,2,"C8_Az2","C8","T15",15,"Warm","Pred","Yes","Naive",-0.00652707302588141,0.963165623929592
"T15_C8_Az20_C5","T15_C8_Az20_C5","IMG_8564",-0.017120501,715,7,"C8_Az20","C8","T15",15,"Warm","Pred","Yes","Naive",-0.0268546097003394,0.852421673654955
"T15_C8_Az3_C6","T15_C8_Az3_C6","IMG_6231",-0.011385257,715,4,"C8_Az3","C8","T15",15,"Warm","Pred","Yes","Naive",NA,NA
"T15_C8_Az4_A2","T15_C8_Az4_A2","IMG_4891",-0.016237723,727,3,"C8_Az4","C8","T15",15,"Warm","Pred","Yes","Naive",-0.0163628764433431,0.99213631120592
"T15_C8_Az5_A5","T15_C8_Az5_A5","IMG_9881",-0.005568746,727,8,"C8_Az5","C8","T15",15,"Warm","Pred","Yes","Naive",-0.00533662871374052,0.909814573140777
"T15_C8_Az6_A5","T15_C8_Az6_A5","IMG_4398",-0.023423184,715,2,"C8_Az6","C8","T15",15,"Warm","Pred","Yes","Naive",-0.023046143661253,0.9854205913676
"T15_C8_Az7_B3","T15_C8_Az7_B3","IMG_3035",-0.006766118,715,1,"C8_Az7","C8","T15",15,"Warm","Pred","Yes","None",-0.00771937639112466,0.964570886845797
"T15_C8_Az8_B1","T15_C8_Az8_B1","IMG_4842",-0.005483618,715,3,"C8_Az8","C8","T15",15,"Warm","Pred","Yes","Naive",-0.00650017928244843,0.898880119477698
"T15_C8_Az9_B3","T15_C8_Az9_B3","IMG_6313",-0.009947126,727,4,"C8_Az9","C8","T15",15,"Warm","Pred","Yes","Naive",-0.0100016448542402,0.97888756535108
"T15_C9_Az1_D2","T15_C9_Az1_D2","IMG_3051",-0.009082161,715,1,"C9_Az1","C9","T15",15,"Ambiant","Pred","Yes","None",-0.00956667730365687,0.951820838166773
"T15_C9_Az10_B4","T15_C9_Az10_B4","IMG_3083",-0.008465796,727,1,"C9_Az10","C9","T15",15,"Ambiant","Pred","Yes","None",-0.00569282528065318,0.926582413110626
"T15_C9_Az11_D1","T15_C9_Az11_D1","IMG_6340",-0.017027837,727,4,"C9_Az11","C9","T15",15,"Ambiant","Pred","Yes","Naive",-0.0163730583647865,0.893996486684241
"T15_C9_Az12_D2","T15_C9_Az12_D2","IMG_9909",-0.007666612,727,8,"C9_Az12","C9","T15",15,"Ambiant","Pred","Yes","Naive",-0.00685874317738824,0.895420763053876
"T15_C9_Az13_C2","T15_C9_Az13_C2","IMG_9861",-0.003676997,715,8,"C9_Az13","C9","T15",15,"Ambiant","Pred","Yes","Naive",0.000483721601215801,0.00603523232478542
"T15_C9_Az14_C1","T15_C9_Az14_C1","IMG_8261",-0.010384038,727,6,"C9_Az14","C9","T15",15,"Ambiant","Pred","Yes","Naive",-0.00959004792862242,0.969398863620357
"T15_C9_Az15_B1","T15_C9_Az15_B1","IMG_8604",-0.006521699,715,7,"C9_Az15","C9","T15",15,"Ambiant","Pred","Yes","Naive",-0.006573916809177,0.894661852617855
"T15_C9_Az16_D6","T15_C9_Az16_D6","IMG_4861",-0.016544796,727,3,"C9_Az16","C9","T15",15,"Ambiant","Pred","Yes","Naive",NA,NA
"T15_C9_Az17_C4","T15_C9_Az17_C4","IMG_4818",-0.004360622,715,3,"C9_Az17","C9","T15",15,"Ambiant","Pred","Yes","Naive",-0.00619160387836061,0.722913088369966
"T15_C9_Az18_B4","T15_C9_Az18_B4","IMG_6693",-0.003184993,727,5,"C9_Az18","C9","T15",15,"Ambiant","Pred","Yes","Naive",-0.000810402775310328,0.0208240576205514
"T15_C9_Az19_B1","T15_C9_Az19_B1","IMG_6277",-0.008939918,715,4,"C9_Az19","C9","T15",15,"Ambiant","Pred","Yes","Naive",-0.00828420177222155,0.93433196874185
"T15_C9_Az2_D1","T15_C9_Az2_D1","IMG_4447",-0.01141022,715,2,"C9_Az2","C9","T15",15,"Ambiant","Pred","Yes","Naive",-0.0108924585420573,0.993147866097285
"T15_C9_Az20_A5","T15_C9_Az20_A5","IMG_8156",-0.009784546,715,6,"C9_Az20","C9","T15",15,"Ambiant","Pred","Yes","Naive",-0.00776382325801683,0.672248883046321
"T15_C9_Az3_B4","T15_C9_Az3_B4","IMG_4473",-0.005679646,727,2,"C9_Az3","C9","T15",15,"Ambiant","Pred","Yes","Naive",-0.00577356054004062,0.85932285595218
"T15_C9_Az4_A4","T15_C9_Az4_A4","IMG_8635",-0.007777263,727,7,"C9_Az4","C9","T15",15,"Ambiant","Pred","Yes","Naive",-0.00795954790443299,0.953612022071099
"T15_C9_Az5_A6","T15_C9_Az5_A6","IMG_8611",-0.006204075,727,7,"C9_Az5","C9","T15",15,"Ambiant","Pred","Yes","Naive",-0.0064683186878898,0.919357327261001
"T15_C9_Az6_B4","T15_C9_Az6_B4","IMG_6305",-0.002716612,727,4,"C9_Az6","C9","T15",15,"Ambiant","Pred","Yes","Naive",-0.00723767848915727,0.489610303024928
"T15_C9_Az7_B1","T15_C9_Az7_B1","IMG_6653",-0.004109717,715,5,"C9_Az7","C9","T15",15,"Ambiant","Pred","Yes","Naive",-0.00269988642460259,0.377771507506243
"T15_C9_Az8_C1","T15_C9_Az8_C1","IMG_8199",-0.001918928,715,6,"C9_Az8","C9","T15",15,"Ambiant","Pred","Yes","Naive",-0.0015919178171355,0.641386317710278
"T15_C9_Az9_B5","T15_C9_Az9_B5","IMG_4401",-0.017072389,715,2,"C9_Az9","C9","T15",15,"Ambiant","Pred","Yes","Naive",-0.0163313747860242,0.990920387988929
"T15_D6_Az1_A3","T15_D6_Az1_A3","IMG_6252",-0.009160308,715,4,"D6_Az1","D6","T15",15,"Ambiant","Ctrl","Yes","Naive",-0.00372832191415518,0.135375530224842
"T15_D6_Az10_D3","T15_D6_Az10_D3","IMG_8654",-0.005468387,727,7,"D6_Az10","D6","T15",15,"Ambiant","Ctrl","Yes","Naive",-0.00545154935926571,0.663867829034205
"T15_D6_Az11_B6","T15_D6_Az11_B6","IMG_6604",-0.00511527,715,5,"D6_Az11","D6","T15",15,"Ambiant","Ctrl","Yes","Naive",-0.0034617929446595,0.445283525259613
"T15_D6_Az12_C3","T15_D6_Az12_C3","IMG_4489",-0.010663077,727,2,"D6_Az12","D6","T15",15,"Ambiant","Ctrl","Yes","Naive",-0.0109365449446275,0.985870045289496
"T15_D6_Az13_B5","T15_D6_Az13_B5","IMG_8219",-0.019039179,727,6,"D6_Az13","D6","T15",15,"Ambiant","Ctrl","Yes","Naive",-0.0190551464591825,0.877063383185105
"T15_D6_Az14_D1","T15_D6_Az14_D1","IMG_3061",0.001919296,715,1,"D6_Az14","D6","T15",15,"Ambiant","Ctrl","Yes","None",-0.00344201342168606,0.630706865070462
"T15_D6_Az15_D4","T15_D6_Az15_D4","IMG_9891",-0.008116883,727,8,"D6_Az15","D6","T15",15,"Ambiant","Ctrl","Yes","Naive",-0.00790225620520861,0.966783809799318
"T15_D6_Az16_C5","T15_D6_Az16_C5","IMG_8163",-0.003509349,715,6,"D6_Az16","D6","T15",15,"Ambiant","Ctrl","Yes","Naive",-0.00469003656102505,0.866606129544654
"T15_D6_Az17_A3","T15_D6_Az17_A3","IMG_3095",-0.005615496,727,1,"D6_Az17","D6","T15",15,"Ambiant","Ctrl","Yes","None",-0.00454515489607677,0.934856729077758
"T15_D6_Az18_B1","T15_D6_Az18_B1","IMG_6333",-0.017132423,727,4,"D6_Az18","D6","T15",15,"Ambiant","Ctrl","Yes","Naive",-0.0160445994651983,0.951811809209259
"T15_D6_Az19_A6","T15_D6_Az19_A6","IMG_8146",-0.007766886,715,6,"D6_Az19","D6","T15",15,"Ambiant","Ctrl","Yes","Naive",-0.00740488370580425,0.862066441078101
"T15_D6_Az2_C4","T15_D6_Az2_C4","IMG_8570",-0.001581271,715,7,"D6_Az2","D6","T15",15,"Ambiant","Ctrl","Yes","Naive",-0.00373244112565686,0.363814955014549
"T15_D6_Az20_A2","T15_D6_Az20_A2","IMG_9854",-0.004564353,715,8,"D6_Az20","D6","T15",15,"Ambiant","Ctrl","Yes","Naive",-0.00461624863004674,0.888851214875522
"T15_D6_Az3_C6","T15_D6_Az3_C6","IMG_8617",-0.0070294,727,7,"D6_Az3","D6","T15",15,"Ambiant","Ctrl","Yes","Naive",NA,NA
"T15_D6_Az4_B2","T15_D6_Az4_B2","IMG_3048",-0.008147589,715,1,"D6_Az4","D6","T15",15,"Ambiant","Ctrl","Yes","None",-0.00905148901304158,0.985693896473174
"T15_D6_Az5_C2","T15_D6_Az5_C2","IMG_4896",-0.013729283,727,3,"D6_Az5","D6","T15",15,"Ambiant","Ctrl","Yes","Naive",-0.0118744421164248,0.9313672014208
"T15_D6_Az6_A4","T15_D6_Az6_A4","IMG_4411",-0.011357708,715,2,"D6_Az6","D6","T15",15,"Ambiant","Ctrl","Yes","Naive",-0.0110134177572451,0.960556377895073
"T15_D6_Az7_C3","T15_D6_Az7_C3","IMG_6709",-0.012716934,727,5,"D6_Az7","D6","T15",15,"Ambiant","Ctrl","Yes","Naive",-0.0128572866073974,0.95368970067381
"T15_D6_Az8_B6","T15_D6_Az8_B6","IMG_6226",-0.00731514,715,4,"D6_Az8","D6","T15",15,"Ambiant","Ctrl","Yes","Naive",-0.00821120575352441,0.65507354740095
"T15_D6_Az9_B4","T15_D6_Az9_B4","IMG_4816",-0.00750756,715,3,"D6_Az9","D6","T15",15,"Ambiant","Ctrl","Yes","Naive",-0.00802221490320393,0.784674741264324
"T15_D7_Az1_C3","T15_D7_Az1_C3","IMG_6638",-0.005674642,715,5,"D7_Az1","D7","T15",15,"Warm","Ctrl","Yes","Naive",-0.00568421279891828,0.878963767930609
"T15_D7_Az10_A2","T15_D7_Az10_A2","IMG_3045",-0.025144434,715,1,"D7_Az10","D7","T15",15,"Warm","Ctrl","Yes","None",-0.0244937457555898,0.970836884342858
"T15_D7_Az11_C1","T15_D7_Az11_C1","IMG_4506",-0.020763894,727,2,"D7_Az11","D7","T15",15,"Warm","Ctrl","Yes","Naive",-0.0141017871125131,0.41669487130656
"T15_D7_Az12_D3","T15_D7_Az12_D3","IMG_9900",-0.01035737,727,8,"D7_Az12","D7","T15",15,"Warm","Ctrl","Yes","Naive",-0.00388098118197488,0.224047079019301
"T15_D7_Az13_D4","T15_D7_Az13_D4","IMG_4416",-0.0276301,715,2,"D7_Az13","D7","T15",15,"Warm","Ctrl","Yes","Naive",-0.0234225464667473,0.876185439526848
"T15_D7_Az14_D2","T15_D7_Az14_D2","IMG_6719",-0.004188844,727,5,"D7_Az14","D7","T15",15,"Warm","Ctrl","Yes","Naive",-0.00128597984363884,0.271868103274144
"T15_D7_Az15_D5","T15_D7_Az15_D5","IMG_6298",-0.005206269,727,4,"D7_Az15","D7","T15",15,"Warm","Ctrl","Yes","Naive",-0.00791230020687833,0.730806926910347
"T15_D7_Az16_C1","T15_D7_Az16_C1","IMG_6281",-0.004810579,715,4,"D7_Az16","D7","T15",15,"Warm","Ctrl","Yes","Naive",-0.00191535558773462,0.281612760636225
"T15_D7_Az17_C4","T15_D7_Az17_C4","IMG_3026",-0.015179508,715,1,"D7_Az17","D7","T15",15,"Warm","Ctrl","Yes","None",-0.0164321552794579,0.973169223934995
"T15_D7_Az18_C3","T15_D7_Az18_C3","IMG_8183",-0.00541563,715,6,"D7_Az18","D7","T15",15,"Warm","Ctrl","Yes","Naive",-0.00721166832181139,0.876863542005993
"T15_D7_Az19_C5","T15_D7_Az19_C5","IMG_8222",-0.005945585,727,6,"D7_Az19","D7","T15",15,"Warm","Ctrl","Yes","Naive",-0.00584191130068519,0.928039380173704
"T15_D7_Az2_D4","T15_D7_Az2_D4","IMG_4820",-0.008798508,715,3,"D7_Az2","D7","T15",15,"Warm","Ctrl","Yes","Naive",-0.0119842216048057,0.482837268853078
"T15_D7_Az20_A4","T15_D7_Az20_A4","IMG_3082",-0.006653738,727,1,"D7_Az20","D7","T15",15,"Warm","Ctrl","Yes","None",-0.00666156577634798,0.867303864522533
"T15_D7_Az3_B6","T15_D7_Az3_B6","IMG_6668",-0.002102706,727,5,"D7_Az3","D7","T15",15,"Warm","Ctrl","Yes","Naive",0.00409454808603631,0.337530195193369
"T15_D7_Az4_D6","T15_D7_Az4_D6","IMG_8621",-0.005996562,727,7,"D7_Az4","D7","T15",15,"Warm","Ctrl","Yes","Naive",NA,NA
"T15_D7_Az5_D2","T15_D7_Az5_D2","IMG_6329",-0.025756128,727,4,"D7_Az5","D7","T15",15,"Warm","Ctrl","Yes","Naive",-0.0266116205861323,0.923352992251533
"T15_D7_Az6_B5","T15_D7_Az6_B5","IMG_8562",-0.003884103,715,7,"D7_Az6","D7","T15",15,"Warm","Ctrl","Yes","Naive",-0.00548937619794882,0.717076309219203
"T15_D7_Az7_A3","T15_D7_Az7_A3","IMG_9849",-0.007648936,715,8,"D7_Az7","D7","T15",15,"Warm","Ctrl","Yes","Naive",0.000220635194392869,-0.00251642882979386
"T15_D7_Az8_C5","T15_D7_Az8_C5","IMG_6240",-0.006715817,715,4,"D7_Az8","D7","T15",15,"Warm","Ctrl","Yes","Naive",-0.00105460529432736,0.00254244877120968
"T15_D7_Az9_A1","T15_D7_Az9_A1","IMG_8600",-0.004912752,715,7,"D7_Az9","D7","T15",15,"Warm","Ctrl","Yes","Naive",-0.00128811928561691,0.025302142631766
"T20_A1_Az1_B1","T20_A1_Az1_B1","IMG_3246",-0.007080181,727,1,"A1_Az1","A1","T20",20,"Ambiant","Ctrl","Yes","None",-0.00768964333685281,0.831284055489543
"T20_A1_Az10_A6","T20_A1_Az10_A6","IMG_9765",-0.008915634,727,8,"A1_Az10","A1","T20",20,"Ambiant","Ctrl","Yes","Naive",-0.0119062424675803,0.407036091325087
"T20_A1_Az11_A3","T20_A1_Az11_A3","IMG_3157",-0.014467426,715,1,"A1_Az11","A1","T20",20,"Ambiant","Ctrl","Yes","None",-0.0132409816846248,0.947713579397433
"T20_A1_Az12_A6","T20_A1_Az12_A6","IMG_4272",-0.014407231,715,2,"A1_Az12","A1","T20",20,"Ambiant","Ctrl","Yes","Experienced",-0.0132482484576667,0.861300530125796
"T20_A1_Az13_D4","T20_A1_Az13_D4","IMG_6180",-0.010968542,727,4,"A1_Az13","A1","T20",20,"Ambiant","Ctrl","Yes","Naive",-0.011647084634934,0.972333362538611
"T20_A1_Az14_A2","T20_A1_Az14_A2","",-0.018609345,727,2,"A1_Az14","A1","T20",20,"Ambiant","Ctrl","Yes","Naive",-0.00867120143850971,0.265745027265962
"T20_A1_Az15_D4","T20_A1_Az15_D4","IMG_4999",-0.010576272,727,3,"A1_Az15","A1","T20",20,"Ambiant","Ctrl","Yes","Naive",-0.010882002160411,0.949744826225462
"T20_A1_Az16_C5","T20_A1_Az16_C5","IMG_3145",-0.010489743,715,1,"A1_Az16","A1","T20",20,"Ambiant","Ctrl","Yes","None",NA,NA
"T20_A1_Az17_C2","T20_A1_Az17_C2","IMG_9804",-0.010224886,727,8,"A1_Az17","A1","T20",20,"Ambiant","Ctrl","Yes","Naive",-0.0100754471679168,0.985987542884976
"T20_A1_Az18_B2","T20_A1_Az18_B2","IMG_8721",-0.011273644,715,7,"A1_Az18","A1","T20",20,"Ambiant","Ctrl","Yes","Naive",-0.0115654561782579,0.990938183671273
"T20_A1_Az19_C5","T20_A1_Az19_C5","IMG_6836",-0.010645082,727,5,"A1_Az19","A1","T20",20,"Ambiant","Ctrl","Yes","Naive",-0.0127470287438395,0.765296651664522
"T20_A1_Az2_B4","T20_A1_Az2_B4","IMG_8766",0.000477051,727,7,"A1_Az2","A1","T20",20,"Ambiant","Ctrl","Yes","Naive",-0.0015095541532168,0.239307938407626
"T20_A1_Az20_A6","T20_A1_Az20_A6","IMG_8073",-0.011896365,727,6,"A1_Az20","A1","T20",20,"Ambiant","Ctrl","Yes","Naive",-0.0116369715434465,0.988713111152643
"T20_A1_Az3_A5","T20_A1_Az3_A5","IMG_6158",-0.008642731,727,4,"A1_Az3","A1","T20",20,"Ambiant","Ctrl","Yes","Naive",-0.00427092363916278,0.337456341090617
"T20_A1_Az4_D4","T20_A1_Az4_D4","IMG_8036",-0.012101732,715,6,"A1_Az4","A1","T20",20,"Ambiant","Ctrl","Yes","Naive",-0.0105156214732727,0.689570989882801
"T20_A1_Az5_B2","T20_A1_Az5_B2","IMG_6132",-0.003522565,715,4,"A1_Az5","A1","T20",20,"Ambiant","Ctrl","Yes","Naive",-0.00358645457660916,0.916962180852894
"T20_A1_Az6_A4","T20_A1_Az6_A4","IMG_9733",-0.007393273,715,8,"A1_Az6","A1","T20",20,"Ambiant","Ctrl","Yes","Naive",-0.0105242882324859,0.540355452524079
"T20_A1_Az7_A6","T20_A1_Az7_A6","IMG_4912",-0.009701687,715,3,"A1_Az7","A1","T20",20,"Ambiant","Ctrl","Yes","Naive",-0.0101116734549478,0.917972126905737
"T20_A1_Az8_C1","T20_A1_Az8_C1","IMG_6883",-0.025988128,727,5,"A1_Az8","A1","T20",20,"Ambiant","Ctrl","Yes","Naive",-0.0252312251810927,0.996945899603948
"T20_A1_Az9_B4","T20_A1_Az9_B4","IMG_6760",-0.010558265,715,5,"A1_Az9","A1","T20",20,"Ambiant","Ctrl","Yes","Naive",-0.00989707024636633,0.972240839515749
"T20_B1_Az1_C6","T20_B1_Az1_C6","IMG_4917",-0.008660938,715,3,"B1_Az1","B1","T20",20,"Warm","Ctrl","Yes","Naive",NA,NA
"T20_B1_Az10_C6","T20_B1_Az10_C6","IMG_3136",-0.037694827,715,1,"B1_Az10","B1","T20",20,"Warm","Ctrl","Yes","None",NA,NA
"T20_B1_Az11_A2","T20_B1_Az11_A2","IMG_9798",-0.010197762,727,8,"B1_Az11","B1","T20",20,"Warm","Ctrl","Yes","Naive",-0.00916498536132333,0.919071415316522
"T20_B1_Az12_A3","T20_B1_Az12_A3","IMG_6860",0.001095392,727,5,"B1_Az12","B1","T20",20,"Warm","Ctrl","Yes","Naive",-0.000320941310645785,0.0709466586397259
"T20_B1_Az13_B2","T20_B1_Az13_B2","IMG_8056",-0.002920918,715,6,"B1_Az13","B1","T20",20,"Warm","Ctrl","Yes","Naive",-0.00754479018526212,0.986135990186488
"T20_B1_Az14_D1","T20_B1_Az14_D1","IMG_8139",-0.009358868,727,6,"B1_Az14","B1","T20",20,"Warm","Ctrl","Yes","Naive",-0.00955279613788064,0.968613806852806
"T20_B1_Az15_B3","T20_B1_Az15_B3","IMG_8114",-0.003588471,727,6,"B1_Az15","B1","T20",20,"Warm","Ctrl","Yes","Naive",-0.00542606841862275,0.88494373707155
"T20_B1_Az16_D4","T20_B1_Az16_D4","",-0.016091632,727,2,"B1_Az16","B1","T20",20,"Warm","Ctrl","Yes","Naive",-0.0163849371827039,0.96972668333834
"T20_B1_Az17_B5","T20_B1_Az17_B5","IMG_6744",-0.007465416,715,5,"B1_Az17","B1","T20",20,"Warm","Ctrl","Yes","Naive",-0.0068709338275239,0.861444473165158
"T20_B1_Az18_D3","T20_B1_Az18_D3","IMG_6193",-0.007641626,727,4,"B1_Az18","B1","T20",20,"Warm","Ctrl","Yes","Naive",-0.00702261272672947,0.886114957775931
"T20_B1_Az19_C4","T20_B1_Az19_C4","IMG_4996",-0.019165193,727,3,"B1_Az19","B1","T20",20,"Warm","Ctrl","Yes","Naive",-0.0189817202109817,0.989675239754471
"T20_B1_Az2_A4","T20_B1_Az2_A4","IMG_6110",-0.014837014,715,4,"B1_Az2","B1","T20",20,"Warm","Ctrl","Yes","Naive",-0.0160065899407796,0.959125822166212
"T20_B1_Az20_D1","T20_B1_Az20_D1","IMG_8738",-0.002894435,715,7,"B1_Az20","B1","T20",20,"Warm","Ctrl","Yes","Naive",-0.00349281732976365,0.635515249566766
"T20_B1_Az3_C2","T20_B1_Az3_C2","IMG_3240",-0.005005546,727,1,"B1_Az3","B1","T20",20,"Warm","Ctrl","Yes","None",-0.00300109830671517,0.677243663609524
"T20_B1_Az4_B5","T20_B1_Az4_B5","IMG_8755",-0.002610185,727,7,"B1_Az4","B1","T20",20,"Warm","Ctrl","Yes","Naive",-0.00406150326710423,0.665465370262061
"T20_B1_Az5_B3","T20_B1_Az5_B3","",-0.020501504,727,2,"B1_Az5","B1","T20",20,"Warm","Ctrl","Yes","Naive",-0.019682402721343,0.983116769226809
"T20_B1_Az6_C2","T20_B1_Az6_C2","IMG_8791",-0.006656357,727,7,"B1_Az6","B1","T20",20,"Warm","Ctrl","Yes","Naive",-0.0146936931022411,0.439739942938811
"T20_B1_Az7_C3","T20_B1_Az7_C3","IMG_8713",-0.00165432,715,7,"B1_Az7","B1","T20",20,"Warm","Ctrl","Yes","Naive",-0.00508276439505569,0.798296887317482
"T20_B1_Az8_B3","T20_B1_Az8_B3","IMG_4943",-0.019691376,715,3,"B1_Az8","B1","T20",20,"Warm","Ctrl","Yes","Naive",-0.0195439207493644,0.9378537908446
"T20_B1_Az9_B1","T20_B1_Az9_B1","",-0.015595713,715,2,"B1_Az9","B1","T20",20,"Warm","Ctrl","None","Naive",-0.0153320362305378,0.988578261574295
"T20_B2_Az1_B4","T20_B2_Az1_B4","IMG_9785",-0.014753767,727,8,"B2_Az1","B2","T20",20,"Ambiant","Ctrl","Yes","Naive",-0.0209509718660723,0.297906645492774
"T20_B2_Az10_C3","T20_B2_Az10_C3","IMG_6126",-0.006741412,715,4,"B2_Az10","B2","T20",20,"Ambiant","Ctrl","Yes","Naive",-0.00761019505263288,0.382366581636406
"T20_B2_Az11_A2","T20_B2_Az11_A2","IMG_8124",-0.012113646,727,6,"B2_Az11","B2","T20",20,"Ambiant","Ctrl","Yes","Naive",-0.0121442065178986,0.966639484184691
"T20_B2_Az12_A6","T20_B2_Az12_A6","",-0.011969633,727,2,"B2_Az12","B2","T20",20,"Ambiant","Ctrl","Yes","Naive",-0.0107833511486148,0.899211783270751
"T20_B2_Az13_C2","T20_B2_Az13_C2","IMG_6788",-0.012526285,715,5,"B2_Az13","B2","T20",20,"Ambiant","Ctrl","Yes","Naive",-0.0119366178633856,0.985678224610166
"T20_B2_Az14_D5","T20_B2_Az14_D5","IMG_8761",0.00510288,727,7,"B2_Az14","B2","T20",20,"Ambiant","Ctrl","Yes","Naive",-0.0115230833093229,0.493620366097077
"T20_B2_Az15_C1","T20_B2_Az15_C1","IMG_5025",-0.024965304,727,3,"B2_Az15","B2","T20",20,"Ambiant","Ctrl","Yes","Naive",-0.0249160221214924,0.995208760633192
"T20_B2_Az16_A1","T20_B2_Az16_A1","IMG_4957",-0.01872186,715,3,"B2_Az16","B2","T20",20,"Ambiant","Ctrl","Yes","Naive",-0.0175984456940434,0.964995311930477
"T20_B2_Az17_D3","T20_B2_Az17_D3","IMG_6780",-0.021725064,715,5,"B2_Az17","B2","T20",20,"Ambiant","Ctrl","Yes","Naive",-0.0203502118285273,0.988765184144102
"T20_B2_Az18_D4","T20_B2_Az18_D4","IMG_3220",-0.012056543,727,1,"B2_Az18","B2","T20",20,"Ambiant","Ctrl","Yes","None",-0.0131612699559715,0.966339200744482
"T20_B2_Az19_B4","T20_B2_Az19_B4","IMG_8033",-0.010398504,715,6,"B2_Az19","B2","T20",20,"Ambiant","Ctrl","Yes","Naive",-0.00943246709784476,0.965227229208997
"T20_B2_Az2_A6","T20_B2_Az2_A6","IMG_6812",-0.016006991,727,5,"B2_Az2","B2","T20",20,"Ambiant","Ctrl","Yes","Naive",-0.0146844314394014,0.979831670732704
"T20_B2_Az20_A6","T20_B2_Az20_A6","IMG_6148",-0.004465966,727,4,"B2_Az20","B2","T20",20,"Ambiant","Ctrl","Yes","Naive",-0.00415134225193827,0.880250829131661
"T20_B2_Az3_C6","T20_B2_Az3_C6","IMG_4976",-0.009981872,727,3,"B2_Az3","B2","T20",20,"Ambiant","Ctrl","Yes","Naive",NA,NA
"T20_B2_Az4_A5","T20_B2_Az4_A5","IMG_8688",-0.008892699,715,7,"B2_Az4","B2","T20",20,"Ambiant","Ctrl","Yes","Naive",-0.00915850745076091,0.940692531835138
"T20_B2_Az5_D3","T20_B2_Az5_D3","IMG_3164",-0.01866812,715,1,"B2_Az5","B2","T20",20,"Ambiant","Ctrl","Yes","None",-0.0172117862496322,0.98013429454612
"T20_B2_Az6_D3","T20_B2_Az6_D3","IMG_4306",-0.018257706,715,2,"B2_Az6","B2","T20",20,"Ambiant","Ctrl","Yes","Naive",-0.0181543381632123,0.963006425708662
"T20_B2_Az7_D5","T20_B2_Az7_D5","",-0.01310496,727,2,"B2_Az7","B2","T20",20,"Ambiant","Ctrl","Yes","Naive",-0.0127908999340287,0.946264227343919
"T20_B2_Az8_D1","T20_B2_Az8_D1","IMG_9763",-0.016231947,715,8,"B2_Az8","B2","T20",20,"Ambiant","Ctrl","Yes","Naive",-0.0156338219300781,0.957417760987769
"T20_B2_Az9_C1","T20_B2_Az9_C1","IMG_8800",-0.016248563,727,7,"B2_Az9","B2","T20",20,"Ambiant","Ctrl","Yes","Naive",-0.0156890237760301,0.974971985412736
"T20_B4_Az1_D3","T20_B4_Az1_D3","IMG_9745",-0.005171062,715,8,"B4_Az1","B4","T20",20,"Ambiant","Pred","Yes","Naive",-0.00489105521225235,0.519042791628701
"T20_B4_Az10_D2","T20_B4_Az10_D2","IMG_4955",-0.010137861,715,3,"B4_Az10","B4","T20",20,"Ambiant","Pred","Yes","Naive",-0.0100710042807032,0.965159656745642
"T20_B4_Az11_C3","T20_B4_Az11_C3","IMG_3163",-0.018473001,715,1,"B4_Az11","B4","T20",20,"Ambiant","Pred","Yes","None",-0.0182340718629365,0.99752136944545
"T20_B4_Az12_C1","T20_B4_Az12_C1","IMG_3180",-0.011586645,715,1,"B4_Az12","B4","T20",20,"Ambiant","Pred","Yes","None",-0.0119449530360723,0.99214186767312
"T20_B4_Az13_D3","T20_B4_Az13_D3","IMG_8052",-0.006312656,715,6,"B4_Az13","B4","T20",20,"Ambiant","Pred","Yes","Naive",-0.00688638171254673,0.90198501825231
"T20_B4_Az14_C6","T20_B4_Az14_C6","IMG_8685",-0.004991292,715,7,"B4_Az14","B4","T20",20,"Ambiant","Pred","Yes","Naive",NA,NA
"T20_B4_Az15_C1","T20_B4_Az15_C1","IMG_4963",-0.02585606,715,3,"B4_Az15","B4","T20",20,"Ambiant","Pred","Yes","Naive",-0.0254787729549157,0.980776202813937
"T20_B4_Az16_D4","T20_B4_Az16_D4","IMG_8105",-0.010037744,727,6,"B4_Az16","B4","T20",20,"Ambiant","Pred","Yes","Naive",-0.00929905787119861,0.948514780646709
"T20_B4_Az17_D1","T20_B4_Az17_D1","IMG_6808",-0.004178675,715,5,"B4_Az17","B4","T20",20,"Ambiant","Pred","Yes","Naive",-0.00712150751942475,0.901765548834957
"T20_B4_Az18_B6","T20_B4_Az18_B6","",-0.010159608,727,2,"B4_Az18","B4","T20",20,"Ambiant","Pred","Yes","Naive",-0.010049958078557,0.990483552013725
"T20_B4_Az19_A4","T20_B4_Az19_A4","IMG_6843",-0.012850015,727,5,"B4_Az19","B4","T20",20,"Ambiant","Pred","Yes","Naive",-0.0122329238743936,0.988787443090468
"T20_B4_Az2_A4","T20_B4_Az2_A4","IMG_8696",-0.00864256,715,7,"B4_Az2","B4","T20",20,"Ambiant","Pred","Yes","Naive",-0.00672819732647906,0.195929022708368
"T20_B4_Az20_B3","T20_B4_Az20_B3","IMG_6122",-0.007284005,715,4,"B4_Az20","B4","T20",20,"Ambiant","Pred","Yes","Naive",-0.00768241696332311,0.979920332854568
"T20_B4_Az3_C1","T20_B4_Az3_C1","IMG_9811 2",-0.007361975,727,8,"B4_Az3","B4","T20",20,"Ambiant","Pred","Yes","Naive",-0.00802227778434831,0.664073187209085
"T20_B4_Az4_D3","T20_B4_Az4_D3","IMG_3228",-0.023139328,727,1,"B4_Az4","B4","T20",20,"Ambiant","Pred","Yes","None",-0.0221859114326563,0.986994763921993
"T20_B4_Az5_B3","T20_B4_Az5_B3","IMG_4299",-0.018518657,715,2,"B4_Az5","B4","T20",20,"Ambiant","Pred","Yes","Naive",-0.0183135593687683,0.993577595702314
"T20_B4_Az6_A4","T20_B4_Az6_A4","IMG_6171",-0.010450585,727,4,"B4_Az6","B4","T20",20,"Ambiant","Pred","Yes","Naive",-0.011279760939735,0.966749755200943
"T20_B4_Az7_A3","T20_B4_Az7_A3","IMG_8778",-0.003750714,727,7,"B4_Az7","B4","T20",20,"Ambiant","Pred","Yes","Naive",-0.0041111667035878,0.918803863145547
"T20_B4_Az8_B5","T20_B4_Az8_B5","IMG_4984",-0.009750797,727,3,"B4_Az8","B4","T20",20,"Ambiant","Pred","Yes","Naive",-0.0114768281222722,0.697823236783394
"T20_B4_Az9_C5","T20_B4_Az9_C5","IMG_6749",-0.008620544,715,5,"B4_Az9","B4","T20",20,"Ambiant","Pred","Yes","Naive",-0.00942412049012641,0.802313514621737
"T20_B5_Az1_B3","T20_B5_Az1_B3","IMG_8780",-0.004538882,727,7,"B5_Az1","B5","T20",20,"Warm","Pred","Yes","Naive",-0.00478605042622396,0.899670020346566
"T20_B5_Az10_B2","T20_B5_Az10_B2","IMG_9748",-0.004895645,715,8,"B5_Az10","B5","T20",20,"Warm","Pred","Yes","Naive",-0.00508478325012594,0.379634714986741
"T20_B5_Az11_C6","T20_B5_Az11_C6","IMG_6738",-0.009390329,715,5,"B5_Az11","B5","T20",20,"Warm","Pred","Yes","Naive",NA,NA
"T20_B5_Az12_C6","T20_B5_Az12_C6","",-0.004139856,727,2,"B5_Az12","B5","T20",20,"Warm","Pred","Yes","Experienced",NA,NA
"T20_B5_Az13_B2","T20_B5_Az13_B2","IMG_6878",-0.006646943,727,5,"B5_Az13","B5","T20",20,"Warm","Pred","Yes","Naive",-0.00940749377490667,0.871446244559721
"T20_B5_Az14_C1","T20_B5_Az14_C1","IMG_6210",-0.012450721,727,4,"B5_Az14","B5","T20",20,"Warm","Pred","Yes","Naive",-0.0120793563380481,0.916370193743216
"T20_B5_Az15_D5","T20_B5_Az15_D5","IMG_4988",-0.02758149,727,3,"B5_Az15","B5","T20",20,"Warm","Pred","Yes","Naive",-0.0271444386730328,0.947729964292837
"T20_B5_Az16_B5","T20_B5_Az16_B5","IMG_4925",-0.020099756,715,3,"B5_Az16","B5","T20",20,"Warm","Pred","Yes","Naive",-0.0202793026162035,0.964895874331953
"T20_B5_Az17_A3","T20_B5_Az17_A3","IMG_9791",-0.003116349,727,8,"B5_Az17","B5","T20",20,"Warm","Pred","Yes","Naive",-0.00102085641244125,0.0324641086763396
"T20_B5_Az18_A5","T20_B5_Az18_A5","IMG_3139",-0.006138001,715,1,"B5_Az18","B5","T20",20,"Warm","Pred","Yes","None",-0.00636395705209146,0.971395378115384
"T20_B5_Az19_B4","T20_B5_Az19_B4","IMG_8099",-0.016213666,727,6,"B5_Az19","B5","T20",20,"Warm","Pred","Yes","Naive",-0.0166732689020295,0.981568990626017
"T20_B5_Az2_D2","T20_B5_Az2_D2","IMG_8728",-0.009337137,715,7,"B5_Az2","B5","T20",20,"Warm","Pred","Yes","Naive",-0.00885122753950522,0.924628195769809
"T20_B5_Az20_C2","T20_B5_Az20_C2","IMG_6134",-0.009669597,715,4,"B5_Az20","B5","T20",20,"Warm","Pred","Yes","Naive",-0.00983467368426516,0.950438749138182
"T20_B5_Az3_B3","T20_B5_Az3_B3","IMG_3225",-0.009674259,727,1,"B5_Az3","B5","T20",20,"Warm","Pred","Yes","None",-0.00867693510655743,0.973388719751715
"T20_B5_Az4_A3","T20_B5_Az4_A3","IMG_5003",-0.009939432,727,3,"B5_Az4","B5","T20",20,"Warm","Pred","Yes","Naive",-0.00990616979127689,0.941768106525411
"T20_B5_Az5_D5","T20_B5_Az5_D5","IMG_4285",-0.022062999,715,2,"B5_Az5","B5","T20",20,"Warm","Pred","Yes","Naive",-0.0209284300337467,0.962190002283974
"T20_B5_Az6_C2","T20_B5_Az6_C2","IMG_4313",-0.010920038,715,2,"B5_Az6","B5","T20",20,"Warm","Pred","Yes","Experienced",-0.0105530596951084,0.904110700731469
"T20_B5_Az7_C4","T20_B5_Az7_C4","IMG_6851",-0.010294907,727,5,"B5_Az7","B5","T20",20,"Warm","Pred","Yes","Naive",-0.0101623069735436,0.989098258727274
"T20_B5_Az8_D5","T20_B5_Az8_D5","IMG_9783",-0.010429291,727,8,"B5_Az8","B5","T20",20,"Warm","Pred","Yes","Naive",-0.0106117310157987,0.986580447361048
"T20_B5_Az9_B5","T20_B5_Az9_B5","IMG_8024",-0.002723411,715,6,"B5_Az9","B5","T20",20,"Warm","Pred","Yes","Naive",-0.00476606272339796,0.796277960033083
"T20_B6_Az1_D6","T20_B6_Az1_D6","IMG_3196",-0.004800255,727,1,"B6_Az1","B6","T20",20,"Ambiant","Pred","Yes","None",NA,NA
"T20_B6_Az10_A5","T20_B6_Az10_A5","IMG_8083",-0.008359053,727,6,"B6_Az10","B6","T20",20,"Ambiant","Pred","Yes","Naive",-0.00960165960603876,0.903817412859275
"T20_B6_Az11_B3","T20_B6_Az11_B3","IMG_6768",-0.007406592,715,5,"B6_Az11","B6","T20",20,"Ambiant","Pred","Yes","Naive",-0.0070964624523439,0.859060615208593
"T20_B6_Az12_C5","T20_B6_Az12_C5","IMG_6165",-0.010671053,727,4,"B6_Az12","B6","T20",20,"Ambiant","Pred","Yes","Naive",-0.00468266238704241,0.185526077256855
"T20_B6_Az13_B2","T20_B6_Az13_B2","IMG_5018",-0.005095962,727,3,"B6_Az13","B6","T20",20,"Ambiant","Pred","Yes","Naive",-0.00441924308131364,0.613382140055334
"T20_B6_Az14_C4","T20_B6_Az14_C4","IMG_9738",0.003410792,715,8,"B6_Az14","B6","T20",20,"Ambiant","Pred","Yes","Naive",0.0102844620455793,0.906032757813061
"T20_B6_Az15_B5","T20_B6_Az15_B5","",-0.015007445,727,2,"B6_Az15","B6","T20",20,"Ambiant","Pred","Yes","Experienced",-0.0165661352311832,0.896016634304381
"T20_B6_Az16_A6","T20_B6_Az16_A6","IMG_6090",-0.004640895,715,4,"B6_Az16","B6","T20",20,"Ambiant","Pred","Yes","Naive",-0.00350545793319137,0.4655911612318
"T20_B6_Az17_D1","T20_B6_Az17_D1","",-0.011646409,727,2,"B6_Az17","B6","T20",20,"Ambiant","Pred","Yes","Naive",-0.00972753459305081,0.564683209557855
"T20_B6_Az18_A6","T20_B6_Az18_A6","IMG_3130",-0.010834793,715,1,"B6_Az18","B6","T20",20,"Ambiant","Pred","Yes","None",-0.0107295271225617,0.935566620249734
"T20_B6_Az19_A5","T20_B6_Az19_A5","IMG_4921",-0.012549246,715,3,"B6_Az19","B6","T20",20,"Ambiant","Pred","Yes","Naive",-0.0127133867004753,0.983064858419078
"T20_B6_Az2_C2","T20_B6_Az2_C2","IMG_8726",-0.005939713,715,7,"B6_Az2","B6","T20",20,"Ambiant","Pred","Yes","Naive",-0.00147634895509086,0.0717868779286348
"T20_B6_Az20_B4","T20_B6_Az20_B4","IMG_4990",-0.007850885,727,3,"B6_Az20","B6","T20",20,"Ambiant","Pred","Yes","Naive",-0.00778196223800498,0.972696264729521
"T20_B6_Az3_B5","T20_B6_Az3_B5","IMG_9780",-0.004067752,727,8,"B6_Az3","B6","T20",20,"Ambiant","Pred","Yes","Naive",-0.00426166325514688,0.582043619217422
"T20_B6_Az4_B5","T20_B6_Az4_B5","IMG_9725",-0.006651429,715,8,"B6_Az4","B6","T20",20,"Ambiant","Pred","Yes","Naive",-0.00521836316108376,0.558937668775599
"T20_B6_Az5_B2","T20_B6_Az5_B2","IMG_8788",-0.044188442,727,7,"B6_Az5","B6","T20",20,"Ambiant","Pred","Yes","Naive",-0.0489481832820005,0.801363583756905
"T20_B6_Az6_A2","T20_B6_Az6_A2","IMG_6873",-0.006521573,727,5,"B6_Az6","B6","T20",20,"Ambiant","Pred","Yes","Naive",-0.00657040946856018,0.923128342092303
"T20_B6_Az7_C4","T20_B6_Az7_C4","IMG_4290",-0.014691721,715,2,"B6_Az7","B6","T20",20,"Ambiant","Pred","Yes","Experienced",-0.0140569363246435,0.948047985929946
"T20_B6_Az8_D3","T20_B6_Az8_D3","IMG_8121",-0.010011925,727,6,"B6_Az8","B6","T20",20,"Ambiant","Pred","Yes","Naive",-0.0111186010130012,0.967990176976174
"T20_B6_Az9_D5","T20_B6_Az9_D5","IMG_8031",-0.009626026,715,6,"B6_Az9","B6","T20",20,"Ambiant","Pred","Yes","Naive",-0.00409561522330312,0.173211163823555
"T20_B7_Az1_C5","T20_B7_Az1_C5","IMG_8759",-0.007577516,727,7,"B7_Az1","B7","T20",20,"Warm","Pred","Yes","Naive",-0.00746284406981995,0.928515597623118
"T20_B7_Az10_B6","T20_B7_Az10_B6","IMG_6154",-0.006144033,727,4,"B7_Az10","B7","T20",20,"Warm","Pred","Yes","Naive",-0.00551044938534071,0.946578635826096
"T20_B7_Az11_D4","T20_B7_Az11_D4","IMG_8705",-0.006832729,715,7,"B7_Az11","B7","T20",20,"Warm","Pred","Yes","Naive",-0.00545812711757409,0.579219531290059
"T20_B7_Az12_A5","T20_B7_Az12_A5","IMG_9723",-0.010217517,715,8,"B7_Az12","B7","T20",20,"Warm","Pred","Yes","Naive",-0.00993652182667704,0.941632793817173
"T20_B7_Az13_B5","T20_B7_Az13_B5","IMG_3143",-0.009487398,715,1,"B7_Az13","B7","T20",20,"Warm","Pred","Yes","None",-0.00856053631717725,0.736185119285551
"T20_B7_Az14_A5","T20_B7_Az14_A5","",-0.020962982,727,2,"B7_Az14","B7","T20",20,"Warm","Pred","Yes","Experienced",-0.0195289058601459,0.964765598844189
"T20_B7_Az16_B2","T20_B7_Az16_B2","IMG_9802",-0.003501081,727,8,"B7_Az16","B7","T20",20,"Warm","Pred","Yes","Naive",0.00791077504659682,0.5308598002635
"T20_B7_Az17_D5","T20_B7_Az17_D5","IMG_6839",-0.017373206,727,5,"B7_Az17","B7","T20",20,"Warm","Pred","Yes","Naive",-0.0157508435307045,0.904185784500325
"T20_B7_Az18_D3","T20_B7_Az18_D3","IMG_6130",-0.005187855,715,4,"B7_Az18","B7","T20",20,"Warm","Pred","Yes","Naive",-0.0101187900532361,0.810248366868169
"T20_B7_Az19_B6","T20_B7_Az19_B6","IMG_4275",-0.010966059,715,2,"B7_Az19","B7","T20",20,"Warm","Pred","Yes","Experienced",-0.0118239598487586,0.938991670115083
"T20_B7_Az2_A3","T20_B7_Az2_A3","IMG_8109",-0.007792145,727,6,"B7_Az2","B7","T20",20,"Warm","Pred","Yes","Naive",-0.00892222630644745,0.912362764838609
"T20_B7_Az20_A6","T20_B7_Az20_A6","IMG_4970",-0.00803683,727,3,"B7_Az20","B7","T20",20,"Warm","Pred","Yes","Naive",-0.0080333126449587,0.964154333404416
"T20_B7_Az3_C1","T20_B7_Az3_C1","IMG_6806",-0.006160372,715,5,"B7_Az3","B7","T20",20,"Warm","Pred","Yes","Naive",-0.00630916818482366,0.886804021899471
"T20_B7_Az4_D6","T20_B7_Az4_D6","IMG_8079",-0.006883177,727,6,"B7_Az4","B7","T20",20,"Warm","Pred","Yes","Naive",NA,NA
"T20_B7_Az5_C4","T20_B7_Az5_C4","",-0.016524526,727,2,"B7_Az5","B7","T20",20,"Warm","Pred","Yes","Experienced",-0.0162127865709422,0.967883543479116
"T20_B7_Az6_A2","T20_B7_Az6_A2","IMG_4947",-0.010309093,715,3,"B7_Az6","B7","T20",20,"Warm","Pred","Yes","Naive",-0.0173588849947838,0.723067026453435
"T20_B7_Az7_D1","T20_B7_Az7_D1","IMG_5032",-0.014990968,727,3,"B7_Az7","B7","T20",20,"Warm","Pred","Yes","Naive",-0.0149856549914597,0.990422585332461
"T20_B7_Az8_B6","T20_B7_Az8_B6","IMG_8015",-0.004472923,715,6,"B7_Az8","B7","T20",20,"Warm","Pred","Yes","Naive",-0.00454806751284878,0.549094593952822
"T20_B7_Az9_A3","T20_B7_Az9_A3","IMG_8709",-0.004121588,715,7,"B7_Az9","B7","T20",20,"Warm","Pred","Yes","Naive",-0.00437556614705936,0.945074170663077
"T20_B9_Az1_D6","T20_B9_Az1_D6","IMG_6156",-0.02027523,727,4,"B9_Az1","B9","T20",20,"Warm","Pred","Yes","Naive",NA,NA
"T20_B9_Az10_C2","T20_B9_Az10_C2","",-0.021342604,727,2,"B9_Az10","B9","T20",20,"Warm","Pred","Yes","Naive",-0.0200081051792458,0.927206106825003
"T20_B9_Az11_B6","T20_B9_Az11_B6","IMG_8744",-0.011478748,727,7,"B9_Az11","B9","T20",20,"Warm","Pred","Yes","Naive",-0.0117628068628946,0.922824784492934
"T20_B9_Az12_A3","T20_B9_Az12_A3","IMG_4297",-0.016992324,715,2,"B9_Az12","B9","T20",20,"Warm","Pred","Yes","Naive",-0.0164253609868378,0.894041016914075
"T20_B9_Az14_C2","T20_B9_Az14_C2","IMG_8061",-0.020983297,715,6,"B9_Az14","B9","T20",20,"Warm","Pred","Yes","Naive",-0.0192725266775971,0.740716419915379
"T20_B9_Az15_D1","T20_B9_Az15_D1","IMG_8070",-0.00431455,715,6,"B9_Az15","B9","T20",20,"Warm","Pred","Yes","Naive",-0.00542059878840943,0.966507246119133
"T20_B9_Az16_B6","T20_B9_Az16_B6","IMG_3189",-0.005556184,727,1,"B9_Az16","B9","T20",20,"Warm","Pred","Yes","None",-0.00785502883737016,0.925994153164996
"T20_B9_Az17_B1","T20_B9_Az17_B1","IMG_3179",-0.015304738,715,1,"B9_Az17","B9","T20",20,"Warm","Pred","Yes","None",-0.0175708021264411,0.489916266031398
"T20_B9_Az18_D5","T20_B9_Az18_D5","IMG_9730",0.003941405,715,8,"B9_Az18","B9","T20",20,"Warm","Pred","Yes","Naive",-0.00504526661145195,0.623795429246149
"T20_B9_Az19_D5","T20_B9_Az19_D5","IMG_4927",-0.040051838,715,3,"B9_Az19","B9","T20",20,"Warm","Pred","Yes","Naive",-0.0371783007997468,0.927628838617549
"T20_B9_Az2_C2","T20_B9_Az2_C2","IMG_6200",-0.00961793,727,4,"B9_Az2","B9","T20",20,"Warm","Pred","Yes","Naive",-0.0105085274891801,0.946924688247465
"T20_B9_Az20_C6","T20_B9_Az20_C6","IMG_9770",-0.004146454,727,8,"B9_Az20","B9","T20",20,"Warm","Pred","Yes","Naive",NA,NA
"T20_B9_Az3_A6","T20_B9_Az3_A6","IMG_8681",-0.003873292,715,7,"B9_Az3","B9","T20",20,"Warm","Pred","Yes","Naive",-0.00293511162142797,0.208548181251378
"T20_B9_Az4_A5","T20_B9_Az4_A5","IMG_6833",-0.011537915,727,5,"B9_Az4","B9","T20",20,"Warm","Pred","Yes","Naive",-0.0112536170829756,0.978861761648373
"T20_B9_Az5_D5","T20_B9_Az5_D5","IMG_8095",-0.006204035,727,6,"B9_Az5","B9","T20",20,"Warm","Pred","Yes","Naive",-0.00811298392677722,0.673733014620529
"T20_B9_Az6_A5","T20_B9_Az6_A5","IMG_6100",-0.011667793,715,4,"B9_Az6","B9","T20",20,"Warm","Pred","Yes","Naive",-0.0121468946137405,0.971810610152965
"T20_B9_Az7_A3","T20_B9_Az7_A3","IMG_6764",-0.008546138,715,5,"B9_Az7","B9","T20",20,"Warm","Pred","Yes","Naive",-0.00130584029511975,0.00771544606484253
"T20_B9_Az8_C3","T20_B9_Az8_C3","IMG_5007",-0.018894822,727,3,"B9_Az8","B9","T20",20,"Warm","Pred","Yes","Naive",-0.0177169518856679,0.879684873186856
"T20_B9_Az9_D4","T20_B9_Az9_D4","IMG_3154",-0.00828737,715,1,"B9_Az9","B9","T20",20,"Warm","Pred","Yes","None",-0.00834141642159241,0.1961428924169
"T20_C1_Az1_A2","T20_C1_Az1_A2","IMG_3234",-0.009575082,727,1,"C1_Az1","C1","T20",20,"Ambiant","Pred","Yes","None",-0.0151876071230267,0.865532824606304
"T20_C1_Az10_C6","T20_C1_Az10_C6","IMG_8017",-0.025381314,715,6,"C1_Az10","C1","T20",20,"Ambiant","Pred","Yes","Naive",NA,NA
"T20_C1_Az11_D6","T20_C1_Az11_D6","IMG_6829",-0.013564264,727,5,"C1_Az11","C1","T20",20,"Ambiant","Pred","Yes","Naive",NA,NA
"T20_C1_Az12_C4","T20_C1_Az12_C4","IMG_8771",-0.01279378,727,7,"C1_Az12","C1","T20",20,"Ambiant","Pred","Yes","Naive",-0.0132633778117398,0.953508106412535
"T20_C1_Az13_D4","T20_C1_Az13_D4","IMG_6116",-0.009060388,715,4,"C1_Az13","C1","T20",20,"Ambiant","Pred","Yes","Naive",-0.00903353420919588,0.972562066851763
"T20_C1_Az14_A1","T20_C1_Az14_A1","IMG_4314",-0.010512321,715,2,"C1_Az14","C1","T20",20,"Ambiant","Pred","None","Naive",-0.0170577101337146,0.322954412906183
"T20_C1_Az15_A4","T20_C1_Az15_A4","IMG_3147",-0.011671741,715,1,"C1_Az15","C1","T20",20,"Ambiant","Pred","Yes","None",-0.0113769162391484,0.978352545124153
"T20_C1_Az16_B1","T20_C1_Az16_B1","IMG_9758",-0.006168636,715,8,"C1_Az16","C1","T20",20,"Ambiant","Pred","Yes","Naive",-0.00592538505822195,0.854292086959515
"T20_C1_Az17_C5","T20_C1_Az17_C5","IMG_9782",-0.008577774,727,8,"C1_Az17","C1","T20",20,"Ambiant","Pred","Yes","Naive",-0.00623364731767893,0.685059405572017
"T20_C1_Az18_A5","T20_C1_Az18_A5","IMG_3198",-0.009044004,727,1,"C1_Az18","C1","T20",20,"Ambiant","Pred","Yes","None",-0.0102844181355425,0.97181890546287
"T20_C1_Az19_C3","T20_C1_Az19_C3","IMG_6189",-0.014241399,727,4,"C1_Az19","C1","T20",20,"Ambiant","Pred","Yes","Naive",-0.0161311655354406,0.907019445456757
"T20_C1_Az2_B1","T20_C1_Az2_B1","",0.009271192,727,2,"C1_Az2","C1","T20",20,"Ambiant","Pred","Yes","Naive",0.0142749694575884,0.375973230559881
"T20_C1_Az20_B6","T20_C1_Az20_B6","IMG_4914",-0.017041513,715,3,"C1_Az20","C1","T20",20,"Ambiant","Pred","Yes","Naive",-0.0164970838692689,0.946691727701612
"T20_C1_Az3_B6","T20_C1_Az3_B6","IMG_4972",-0.010181205,727,3,"C1_Az3","C1","T20",20,"Ambiant","Pred","Yes","Naive",-0.00988565455892792,0.906508735111501
"T20_C1_Az4_C5","T20_C1_Az4_C5","IMG_9727",-0.004484368,715,8,"C1_Az4","C1","T20",20,"Ambiant","Pred","Yes","Naive",-0.00428213210352292,0.39554777623268
"T20_C1_Az5_D3","T20_C1_Az5_D3","IMG_5011",-0.011867353,727,3,"C1_Az5","C1","T20",20,"Ambiant","Pred","Yes","Naive",-0.0120369474529526,0.904865588110517
"T20_C1_Az6_A4","T20_C1_Az6_A4","IMG_8097",-0.003477955,727,6,"C1_Az6","C1","T20",20,"Ambiant","Pred","Yes","Naive",-0.00498656336443642,0.884540539500048
"T20_C1_Az7_D3","T20_C1_Az7_D3","IMG_8716",-0.008528761,715,7,"C1_Az7","C1","T20",20,"Ambiant","Pred","Yes","Naive",-0.00905265847208471,0.939255290017065
"T20_C1_Az8_B2","T20_C1_Az8_B2","IMG_6784",-0.00836689,715,5,"C1_Az8","C1","T20",20,"Ambiant","Pred","Yes","Naive",-0.00882377250059174,0.981029620792492
"T20_C1_Az9_B3","T20_C1_Az9_B3","IMG_6862",-0.014542876,727,5,"C1_Az9","C1","T20",20,"Ambiant","Pred","Yes","Naive",-0.0145078604628816,0.945375908375563
"T20_C3_Az1_B2","T20_C3_Az1_B2","IMG_6196",-0.009737507,727,4,"C3_Az1","C3","T20",20,"Ambiant","Pred","Yes","Naive",-0.00959800039468684,0.974846154489911
"T20_C3_Az10_C1","T20_C3_Az10_C1","",-0.023176943,715,2,"C3_Az10","C3","T20",20,"Ambiant","Pred","None","Naive",-0.0236643904512628,0.961011090166195
"T20_C3_Az11_D1","T20_C3_Az11_D1","IMG_6886",-0.021022636,727,5,"C3_Az11","C3","T20",20,"Ambiant","Pred","Yes","Naive",-0.0194656015185547,0.975807386756358
"T20_C3_Az12_B5","T20_C3_Az12_B5","IMG_6104",-0.018103033,715,4,"C3_Az12","C3","T20",20,"Ambiant","Pred","Yes","Naive",-0.0198109869491726,0.925433141800912
"T20_C3_Az13_C2","T20_C3_Az13_C2","IMG_4951",-0.014616072,715,3,"C3_Az13","C3","T20",20,"Ambiant","Pred","Yes","Naive",-0.014336041704319,0.932050088948267
"T20_C3_Az14_A4","T20_C3_Az14_A4","IMG_6755",-0.015826404,715,5,"C3_Az14","C3","T20",20,"Ambiant","Pred","Yes","Naive",-0.0165332306637705,0.984108799048126
"T20_C3_Az15_D2","T20_C3_Az15_D2","IMG_6138",-0.009476903,715,4,"C3_Az15","C3","T20",20,"Ambiant","Pred","Yes","Naive",-0.0096177983948685,0.928185648500781
"T20_C3_Az16_B3","T20_C3_Az16_B3","IMG_9793",-0.007624637,727,8,"C3_Az16","C3","T20",20,"Ambiant","Pred","Yes","Naive",-0.00334296193392352,0.0905705933497079
"T20_C3_Az17_D6","T20_C3_Az17_D6","IMG_9774",-0.011607828,727,8,"C3_Az17","C3","T20",20,"Ambiant","Pred","Yes","Naive",NA,NA
"T20_C3_Az18_A1","T20_C3_Az18_A1","IMG_8062",-0.01317507,715,6,"C3_Az18","C3","T20",20,"Ambiant","Pred","Yes","Naive",-0.0133471496718443,0.973485844875094
"T20_C3_Az19_A6","T20_C3_Az19_A6","IMG_9718",-0.017382586,715,8,"C3_Az19","C3","T20",20,"Ambiant","Pred","Yes","Naive",-0.0172533021917237,0.95616433585727
"T20_C3_Az2_C6","T20_C3_Az2_C6","IMG_3190",-0.012817998,727,1,"C3_Az2","C3","T20",20,"Ambiant","Pred","Yes","None",NA,NA
"T20_C3_Az20_C6","T20_C3_Az20_C6","IMG_8076",-0.00827011,727,6,"C3_Az20","C3","T20",20,"Ambiant","Pred","Yes","Naive",NA,NA
"T20_C3_Az3_D2","T20_C3_Az3_D2","IMG_5023",-0.021102113,727,3,"C3_Az3","C3","T20",20,"Ambiant","Pred","Yes","Naive",-0.0210731337956244,0.997208482002251
"T20_C3_Az4_C5","T20_C3_Az4_C5","",-0.035015527,727,2,"C3_Az4","C3","T20",20,"Ambiant","Pred","Yes","Naive",-0.0349482359548241,0.998865613467793
"T20_C3_Az5_C2","T20_C3_Az5_C2","IMG_8128",-0.019491285,727,6,"C3_Az5","C3","T20",20,"Ambiant","Pred","Yes","Naive",-0.017834876515605,0.993252311975309
"T20_C3_Az6_B2","T20_C3_Az6_B2","IMG_3235",-0.011366474,727,1,"C3_Az6","C3","T20",20,"Ambiant","Pred","Yes","None",-0.0115816004218812,0.994015842891733
"T20_C3_Az7_A2","T20_C3_Az7_A2","IMG_8719",-0.001510954,715,7,"C3_Az7","C3","T20",20,"Ambiant","Pred","Yes","Naive",-0.00361712246430241,0.343876820837955
"T20_C3_Az8_D2","T20_C3_Az8_D2","IMG_8794",-0.011904233,727,7,"C3_Az8","C3","T20",20,"Ambiant","Pred","Yes","Naive",-0.0126094396770031,0.700327687151747
"T20_C3_Az9_C4","T20_C3_Az9_C4","IMG_3217",-0.013759527,727,1,"C3_Az9","C3","T20",20,"Ambiant","Pred","Yes","None",-0.0132341376393083,0.981074005120109
"T20_C5_Az1_D2","T20_C5_Az1_D2","IMG_3243",-0.005359633,727,1,"C5_Az1","C5","T20",20,"Ambiant","Ctrl","Yes","None",-0.0049826125548962,0.975006265593825
"T20_C5_Az10_D2","T20_C5_Az10_D2","IMG_9753",-0.014312662,715,8,"C5_Az10","C5","T20",20,"Ambiant","Ctrl","Yes","Naive",-0.0149204087132707,0.940940806364849
"T20_C5_Az11_A5","T20_C5_Az11_A5","IMG_4982",-0.018585627,727,3,"C5_Az11","C5","T20",20,"Ambiant","Ctrl","Yes","Naive",-0.0196813915713712,0.956201080803342
"T20_C5_Az12_B2","T20_C5_Az12_B2","IMG_4309",-0.018427458,715,2,"C5_Az12","C5","T20",20,"Ambiant","Ctrl","Yes","Naive",-0.0184192525671027,0.969260643609103
"T20_C5_az13_B6","T20_C5_az13_B6","IMG_9719",-0.006283156,715,8,"C5_az13","C5","T20",20,"Ambiant","Ctrl","Yes","Naive",-0.00944106505309541,0.385238255275928
"T20_C5_Az14_D4","T20_C5_Az14_D4","IMG_6857",-0.009592355,727,5,"C5_Az14","C5","T20",20,"Ambiant","Ctrl","Yes","Naive",-0.0100651053426283,0.656256866188819
"T20_C5_Az15_C4","T20_C5_Az15_C4","IMG_6114",-0.00973873,715,4,"C5_Az15","C5","T20",20,"Ambiant","Ctrl","Yes","Naive",-0.00703011591111261,0.250020183748061
"T20_C5_Az16_B5","T20_C5_Az16_B5","IMG_3204",-0.010634545,727,1,"C5_Az16","C5","T20",20,"Ambiant","Ctrl","Yes","None",-0.0105093230381829,0.981038172138423
"T20_C5_Az17_C1","T20_C5_Az17_C1","IMG_9759",-0.006901992,715,8,"C5_Az17","C5","T20",20,"Ambiant","Ctrl","Yes","Naive",-0.00718838180420866,0.419895651235376
"T20_C5_Az18_D2","T20_C5_Az18_D2","",-0.016026962,727,2,"C5_Az18","C5","T20",20,"Ambiant","Ctrl","Yes","Naive",-0.0163555903972694,0.95364745456936
"T20_C5_Az19_C3","T20_C5_Az19_C3","IMG_4945",-0.017726281,715,3,"C5_Az19","C5","T20",20,"Ambiant","Ctrl","Yes","Naive",-0.0170709518221378,0.854401673973099
"T20_C5_Az2_A3","T20_C5_Az2_A3","IMG_8041",-0.005074072,715,6,"C5_Az2","C5","T20",20,"Ambiant","Ctrl","Yes","Naive",-0.00597132846443225,0.684197771552906
"T20_C5_Az20_D1","T20_C5_Az20_D1","IMG_4965",-0.011576875,715,3,"C5_Az20","C5","T20",20,"Ambiant","Ctrl","Yes","Naive",-0.0115566247398938,0.93617823527016
"T20_C5_Az3_D4","T20_C5_Az3_D4","IMG_9740",-0.001176146,715,8,"C5_Az3","C5","T20",20,"Ambiant","Ctrl","Yes","Naive",-0.00316989988422977,0.93242181102687
"T20_C5_Az4_C3","T20_C5_Az4_C3","IMG_8117",-0.018599425,727,6,"C5_Az4","C5","T20",20,"Ambiant","Ctrl","Yes","Naive",-0.0152265014309733,0.866472308673076
"T20_C5_Az5_A3","T20_C5_Az5_A3","IMG_6184",0.001697112,727,4,"C5_Az5","C5","T20",20,"Ambiant","Ctrl","Yes","Naive",-0.00851209189549054,0.832852130624644
"T20_C5_Az6_A5","T20_C5_Az6_A5","IMG_6739",0.00439684,715,5,"C5_Az6","C5","T20",20,"Ambiant","Ctrl","Yes","Naive",-0.000895679510739371,0.013573991797366
"T20_C5_Az7_D1","T20_C5_Az7_D1","IMG_9814 2",-0.020175714,727,8,"C5_Az7","C5","T20",20,"Ambiant","Ctrl","Yes","Naive",-0.0328256760711327,0.896948973754678
"T20_C5_Az8_B6","T20_C5_Az8_B6","",-0.01315743,715,1,"C5_Az8","C5","T20",20,"Ambiant","Ctrl","Yes","None",-0.0118031069094133,0.943540633830046
"T20_C5_Az9_A1","T20_C5_Az9_A1","IMG_6792",-0.022039748,715,5,"C5_Az9","C5","T20",20,"Ambiant","Ctrl","Yes","Naive",-0.0327515194134956,0.887166545937025
"T20_C8_Az1_B1","T20_C8_Az1_B1","IMG_8798",-0.007558445,727,7,"C8_Az1","C8","T20",20,"Warm","Pred","Yes","Naive",-0.0127762790752815,0.591337224623417
"T20_C8_Az10_C3","T20_C8_Az10_C3","IMG_4302",-0.009073453,715,2,"C8_Az10","C8","T20",20,"Warm","Pred","Yes","Naive",-0.0116060710258859,0.673997477727385
"T20_C8_Az11_B3","T20_C8_Az11_B3","IMG_8044",-0.007471996,715,6,"C8_Az11","C8","T20",20,"Warm","Pred","Yes","Naive",-0.00833127191502536,0.827284855353156
"T20_C8_Az12_A4","T20_C8_Az12_A4","IMG_4930",-0.009509883,715,3,"C8_Az12","C8","T20",20,"Warm","Pred","Yes","Naive",-0.0096082298065802,0.975478952403932
"T20_C8_Az13_B1","T20_C8_Az13_B1","IMG_8130",-0.00610263,727,6,"C8_Az13","C8","T20",20,"Warm","Pred","Yes","Naive",-0.0068890083370848,0.980542437387789
"T20_C8_Az14_C5","T20_C8_Az14_C5","IMG_3207",-0.009680604,727,1,"C8_Az14","C8","T20",20,"Warm","Pred","Yes","None",-0.010316748120037,0.927954911775828
"T20_C8_Az15_C6","T20_C8_Az15_C6","IMG_6827",-0.0052888,727,5,"C8_Az15","C8","T20",20,"Warm","Pred","Yes","Naive",NA,NA
"T20_C8_Az16_C4","T20_C8_Az16_C4","IMG_6761",-0.012777238,715,5,"C8_Az16","C8","T20",20,"Warm","Pred","Yes","Naive",-0.0208984046850429,0.818403429085854
"T20_C8_Az17_B4","T20_C8_Az17_B4","IMG_9734",-0.007435829,715,8,"C8_Az17","C8","T20",20,"Warm","Pred","Yes","Naive",-0.00734318992875748,0.61254436551024
"T20_C8_Az18_D5","T20_C8_Az18_D5","IMG_6753",-0.00706133,715,5,"C8_Az18","C8","T20",20,"Warm","Pred","Yes","Naive",-0.00119930008455582,0.000823765588130132
"T20_C8_Az19_D4","T20_C8_Az19_D4","IMG_8774",-0.017707164,727,7,"C8_Az19","C8","T20",20,"Warm","Pred","Yes","Naive",-0.0148268185887604,0.879242853888705
"T20_C8_Az2_A3","T20_C8_Az2_A3","",-0.013337708,727,2,"C8_Az2","C8","T20",20,"Warm","Pred","Yes","Naive",-0.0130317405252576,0.957196086989763
"T20_C8_Az20_C5","T20_C8_Az20_C5","IMG_8694",-0.008768998,715,7,"C8_Az20","C8","T20",20,"Warm","Pred","Yes","Naive",-0.00776103869342142,0.649600231773459
"T20_C8_Az3_C6","T20_C8_Az3_C6","IMG_6095",-0.001786876,715,4,"C8_Az3","C8","T20",20,"Warm","Pred","Yes","Naive",NA,NA
"T20_C8_Az4_A2","T20_C8_Az4_A2","IMG_5014",-0.018616693,727,3,"C8_Az4","C8","T20",20,"Warm","Pred","Yes","Naive",-0.0201120650992403,0.935435729540864
"T20_C8_Az5_A5","T20_C8_Az5_A5","IMG_9776",-0.004980749,727,8,"C8_Az5","C8","T20",20,"Warm","Pred","Yes","Naive",-0.00461552290274804,0.560783463025807
"T20_C8_Az6_A5","T20_C8_Az6_A5","IMG_4277",-0.027474206,715,2,"C8_Az6","C8","T20",20,"Warm","Pred","Yes","Naive",0.000257265203418371,-0.00303364211805324
"T20_C8_Az7_B3","T20_C8_Az7_B3","IMG_3159",-0.013275098,715,1,"C8_Az7","C8","T20",20,"Warm","Pred","Yes","None",-0.0127691128677363,0.971963768018966
"T20_C8_Az8_B1","T20_C8_Az8_B1","IMG_4961",-0.013646884,715,3,"C8_Az8","C8","T20",20,"Warm","Pred","Yes","Naive",-0.01371487990035,0.957772110401486
"T20_C8_Az9_B3","T20_C8_Az9_B3","IMG_6186",-0.015534235,727,4,"C8_Az9","C8","T20",20,"Warm","Pred","Yes","Naive",-0.014540893194335,0.954660327122778
"T20_C9_Az1_D2","T20_C9_Az1_D2","IMG_3174",-0.010291704,715,1,"C9_Az1","C9","T20",20,"Ambiant","Pred","Yes","None",-0.00738744078317658,0.886074194492979
"T20_C9_Az10_B4","T20_C9_Az10_B4","IMG_3212",-0.009950997,727,1,"C9_Az10","C9","T20",20,"Ambiant","Pred","Yes","None",-0.0106466415752348,0.866862009505205
"T20_C9_Az11_D1","T20_C9_Az11_D1","IMG_6217",-0.015180312,727,4,"C9_Az11","C9","T20",20,"Ambiant","Pred","Yes","Naive",-0.0157344249549269,0.98760466371195
"T20_C9_Az12_D2","T20_C9_Az12_D2","IMG_9806",-0.002823192,727,8,"C9_Az12","C9","T20",20,"Ambiant","Pred","Yes","Naive",-0.00364639311772709,0.841612023445073
"T20_C9_Az13_C2","T20_C9_Az13_C2","IMG_9752",-0.004471132,715,8,"C9_Az13","C9","T20",20,"Ambiant","Pred","Yes","Naive",-0.00325533955328986,0.129161421982147
"T20_C9_Az14_C1","T20_C9_Az14_C1","IMG_8134",-0.005534233,727,6,"C9_Az14","C9","T20",20,"Ambiant","Pred","Yes","Naive",-0.00643051050843726,0.89914614493899
"T20_C9_Az15_B1","T20_C9_Az15_B1","IMG_8733",-0.010244457,715,7,"C9_Az15","C9","T20",20,"Ambiant","Pred","Yes","Naive",-0.0108829532087678,0.98387861833615
"T20_C9_Az16_D6","T20_C9_Az16_D6","IMG_4978",-0.007759713,727,3,"C9_Az16","C9","T20",20,"Ambiant","Pred","Yes","Naive",NA,NA
"T20_C9_Az17_C4","T20_C9_Az17_C4","IMG_4936",-0.011715841,715,3,"C9_Az17","C9","T20",20,"Ambiant","Pred","Yes","Naive",-0.0162040798274297,0.857399399196142
"T20_C9_Az18_B4","T20_C9_Az18_B4","IMG_6850",-0.004349908,727,5,"C9_Az18","C9","T20",20,"Ambiant","Pred","Yes","Naive",-0.00399253067731616,0.931377968294334
"T20_C9_Az19_B1","T20_C9_Az19_B1","IMG_6140",-0.007487475,715,4,"C9_Az19","C9","T20",20,"Ambiant","Pred","Yes","Naive",-0.00767741062562001,0.975503445723386
"T20_C9_Az2_D1","T20_C9_Az2_D1","",-0.017113609,715,2,"C9_Az2","C9","T20",20,"Ambiant","Pred","None","Naive",-0.0173275935983838,0.967999764235411
"T20_C9_Az20_A5","T20_C9_Az20_A5","IMG_8021",-0.010857019,715,6,"C9_Az20","C9","T20",20,"Ambiant","Pred","Yes","Naive",-0.0112110960893784,0.987988256462891
"T20_C9_Az3_B4","T20_C9_Az3_B4","",-0.00555679,727,2,"C9_Az3","C9","T20",20,"Ambiant","Pred","Yes","Naive",-0.00599464982637389,0.884233749573579
"T20_C9_Az4_A4","T20_C9_Az4_A4","IMG_8763",-0.007587949,727,7,"C9_Az4","C9","T20",20,"Ambiant","Pred","Yes","Naive",-0.0090642562533087,0.908340741399206
"T20_C9_Az5_A6","T20_C9_Az5_A6","IMG_8742",-0.003295652,727,7,"C9_Az5","C9","T20",20,"Ambiant","Pred","Yes","Naive",-0.00485236787844088,0.576764365883134
"T20_C9_Az6_B4","T20_C9_Az6_B4","IMG_6176",-0.001097444,727,4,"C9_Az6","C9","T20",20,"Ambiant","Pred","Yes","Naive",-0.00340177592714245,0.868005685058116
"T20_C9_Az7_B1","T20_C9_Az7_B1","IMG_6797",-0.00910946,715,5,"C9_Az7","C9","T20",20,"Ambiant","Pred","Yes","Naive",-0.00990516018255675,0.893757669739194
"T20_C9_Az8_C1","T20_C9_Az8_C1","IMG_8066",-0.009802121,715,6,"C9_Az8","C9","T20",20,"Ambiant","Pred","Yes","Naive",-0.010251486200645,0.994873925598678
"T20_C9_Az9_B5","T20_C9_Az9_B5","IMG_4282",-0.014260666,715,2,"C9_Az9","C9","T20",20,"Ambiant","Pred","Yes","Naive",-0.014674655994888,0.943856936631733
"T20_D6_Az1_A3","T20_D6_Az1_A3","IMG_6120",-0.009728539,715,4,"D6_Az1","D6","T20",20,"Ambiant","Ctrl","Yes","Naive",-0.00912332821073115,0.937257681000029
"T20_D6_Az10_D3","T20_D6_Az10_D3","IMG_8784",-0.017350598,727,7,"D6_Az10","D6","T20",20,"Ambiant","Ctrl","Yes","Naive",-0.0176221027074658,0.951504233042098
"T20_D6_Az11_B6","T20_D6_Az11_B6","IMG_6733",-0.001745628,715,5,"D6_Az11","D6","T20",20,"Ambiant","Ctrl","Yes","Naive",-0.00213148716721805,0.675508843540805
"T20_D6_Az12_C3","T20_D6_Az12_C3","",-0.015880364,727,2,"D6_Az12","D6","T20",20,"Ambiant","Ctrl","Yes","Naive",-0.0157914136192036,0.914615778411682
"T20_D6_Az13_B5","T20_D6_Az13_B5","IMG_8087",-0.023966481,727,6,"D6_Az13","D6","T20",20,"Ambiant","Ctrl","Yes","Naive",-0.0205261253222383,0.92287234901347
"T20_D6_Az14_D1","T20_D6_Az14_D1","IMG_3184",-0.008434306,715,1,"D6_Az14","D6","T20",20,"Ambiant","Ctrl","Yes","None",-0.00953839474090253,0.927144960725724
"T20_D6_Az15_D4","T20_D6_Az15_D4","IMG_9787",-0.017161661,727,8,"D6_Az15","D6","T20",20,"Ambiant","Ctrl","Yes","Naive",-0.0114978922936461,0.231496191724772
"T20_D6_Az16_C5","T20_D6_Az16_C5","IMG_8028",-0.009288979,715,6,"D6_Az16","D6","T20",20,"Ambiant","Ctrl","Yes","Naive",-0.00784187762644135,0.627875382186287
"T20_D6_Az17","T20_D6_Az17","IMG_3222",-0.007132084,727,1,"D6_Az17","D6","T20",20,"Ambiant","Ctrl","Yes","None",NA,NA
"T20_D6_Az18_B1","T20_D6_Az18_B1","IMG_6207",-0.01220978,727,4,"D6_Az18","D6","T20",20,"Ambiant","Ctrl","Yes","Naive",-0.0125363404304781,0.870572588481443
"T20_D6_Az19_A6","T20_D6_Az19_A6","IMG_8011",-0.008650468,715,6,"D6_Az19","D6","T20",20,"Ambiant","Ctrl","Yes","Naive",-0.0125052502844788,0.892127755097653
"T20_D6_Az2_C4","T20_D6_Az2_C4","IMG_8701",-0.013324532,715,7,"D6_Az2","D6","T20",20,"Ambiant","Ctrl","Yes","Naive",-0.0184224648023059,0.952253097777987
"T20_D6_Az20_A2","T20_D6_Az20_A2","IMG_9747",-0.011593278,715,8,"D6_Az20","D6","T20",20,"Ambiant","Ctrl","Yes","Naive",-0.0119771829477663,0.904826749187742
"T20_D6_Az3_C6","T20_D6_Az3_C6","IMG_8748",-0.010047665,727,7,"D6_Az3","D6","T20",20,"Ambiant","Ctrl","Yes","Naive",NA,NA
"T20_D6_Az4_B2","T20_D6_Az4_B2","IMG_3172",-0.009612654,715,1,"D6_Az4","D6","T20",20,"Ambiant","Ctrl","Yes","None",-0.0110455560601884,0.971039586231768
"T20_D6_Az5_C2","T20_D6_Az5_C2","IMG_5021",-0.008759229,727,3,"D6_Az5","D6","T20",20,"Ambiant","Ctrl","Yes","Naive",-0.00906419467229449,0.926937246433891
"T20_D6_Az6_A4","T20_D6_Az6_A4","IMG_4287",-0.014681469,715,2,"D6_Az6","D6","T20",20,"Ambiant","Ctrl","Yes","Naive",-0.0142797820174903,0.949814182738886
"T20_D6_Az7_C3","T20_D6_Az7_C3","IMG_6867",-0.011509215,727,5,"D6_Az7","D6","T20",20,"Ambiant","Ctrl","Yes","Naive",-0.00806196996186128,0.638023980789519
"T20_D6_Az8_B6","T20_D6_Az8_B6","IMG_6093",-0.009107461,715,4,"D6_Az8","D6","T20",20,"Ambiant","Ctrl","Yes","Naive",-0.00797392954800962,0.916736527896864
"T20_D6_Az9_B4","T20_D6_Az9_B4","IMG_4934",-0.012272233,715,3,"D6_Az9","D6","T20",20,"Ambiant","Ctrl","Yes","Naive",-0.0120124461579128,0.963481265548349
"T20_D7_Az1_C3","T20_D7_Az1_C3","IMG_6777",-0.007164331,715,5,"D7_Az1","D7","T20",20,"Warm","Ctrl","Yes","Naive",-0.00338765116178135,0.0483734356053332
"T20_D7_Az10_A2","T20_D7_Az10_A2","IMG_3167",-0.013146576,715,1,"D7_Az10","D7","T20",20,"Warm","Ctrl","Yes","None",-0.0128710174526562,0.898162302486908
"T20_D7_Az11_C1","T20_D7_Az11_C1","",-0.017818965,727,2,"D7_Az11","D7","T20",20,"Warm","Ctrl","Yes","Naive",-0.0171089728960503,0.976648902503427
"T20_D7_Az12_D3","T20_D7_Az12_D3","IMG_9795",-0.01612341,727,8,"D7_Az12","D7","T20",20,"Warm","Ctrl","Yes","Naive",-0.00779600729729346,0.354137984491156
"T20_D7_Az13_D4","T20_D7_Az13_D4","IMG_4294",-0.016199199,715,2,"D7_Az13","D7","T20",20,"Warm","Ctrl","Yes","Naive",-0.0144381430580507,0.926427593562046
"T20_D7_Az14_D2","T20_D7_Az14_D2","IMG_6879",-0.009751111,727,5,"D7_Az14","D7","T20",20,"Warm","Ctrl","Yes","Naive",-0.00958605535007167,0.952502355042669
"T20_D7_Az15_D5","T20_D7_Az15_D5","IMG_6169",-0.007245501,727,4,"D7_Az15","D7","T20",20,"Warm","Ctrl","Yes","Naive",-0.0107707409714932,0.892922211017096
"T20_D7_Az16_C1","T20_D7_Az16_C1","IMG_6146",-0.03694904,715,4,"D7_Az16","D7","T20",20,"Warm","Ctrl","Yes","Naive",-0.0163007667459107,0.236974405987521
"T20_D7_Az17_C4","T20_D7_Az17_C4","IMG_3149",-0.012178943,715,1,"D7_Az17","D7","T20",20,"Warm","Ctrl","Yes","None",-0.0180482758650438,0.757592297562976
"T20_D7_Az18_C3","T20_D7_Az18_C3","IMG_8048",-0.007595803,715,6,"D7_Az18","D7","T20",20,"Warm","Ctrl","Yes","Naive",-0.00897645298494151,0.86811763031198
"T20_D7_Az19_C5","T20_D7_Az19_C5","IMG_8092",-0.036173494,727,6,"D7_Az19","D7","T20",20,"Warm","Ctrl","Yes","Naive",-0.0267074216059303,0.891251639349752
"T20_D7_Az2_D4","T20_D7_Az2_D4","IMG_4939",-0.018538408,715,3,"D7_Az2","D7","T20",20,"Warm","Ctrl","Yes","Naive",-0.0181213799430923,0.867490634168455
"T20_D7_Az20_A4","T20_D7_Az20_A4","IMG_3209",-0.029205508,727,1,"D7_Az20","D7","T20",20,"Warm","Ctrl","Yes","None",-0.0318430678739946,0.985295517202464
"T20_D7_Az3_B6","T20_D7_Az3_B6","IMG_6816",0.001267064,727,5,"D7_Az3","D7","T20",20,"Warm","Ctrl","Yes","Naive",-0.00135396452161109,0.123818893841283
"T20_D7_Az4_D6","T20_D7_Az4_D6","IMG_8750",-0.004176585,727,7,"D7_Az4","D7","T20",20,"Warm","Ctrl","Yes","Naive",NA,NA
"T20_D7_Az5_D2","T20_D7_Az5_D2","IMG_6203",-0.012114575,727,4,"D7_Az5","D7","T20",20,"Warm","Ctrl","Yes","Naive",-0.0120652446959216,0.953062826523899
"T20_D7_Az6_B5","T20_D7_Az6_B5","IMG_8692",-0.007436887,715,7,"D7_Az6","D7","T20",20,"Warm","Ctrl","Yes","Naive",-0.0100358035993536,0.880662950447479
"T20_D7_Az7_A3","T20_D7_Az7_A3","IMG_9742",-0.009571082,715,8,"D7_Az7","D7","T20",20,"Warm","Ctrl","Yes","Naive",-0.00680767653756363,0.618361608165116
"T20_D7_Az8_C5","T20_D7_Az8_C5","IMG_6106",-0.013698761,715,4,"D7_Az8","D7","T20",20,"Warm","Ctrl","Yes","Naive",-0.0137563950976549,0.906886063629861
"T20_D7_Az9_A1","T20_D7_Az9_A1","IMG_8732",-0.006557843,715,7,"D7_Az9","D7","T20",20,"Warm","Ctrl","Yes","Naive",-0.00859210853226884,0.606501174690678
"T23_A1_Az1_B1","T23_A1_Az1_B1","IMG_3368",-3.41e-05,727,1,"A1_Az1","A1","T23",23,"Ambiant","Ctrl","Yes","None",0.00826965605182458,0.179644842856599
"T23_A1_Az10_A6","T23_A1_Az10_A6","IMG_9667",-0.01399277,727,8,"A1_Az10","A1","T23",23,"Ambiant","Ctrl","Yes","Naive",-0.0154392432216102,0.626588427115046
"T23_A1_Az11","T23_A1_Az11","IMG_3290",-0.023091476,715,1,"A1_Az11","A1","T23",23,"Ambiant","Ctrl","Yes","None",NA,NA
"T23_A1_Az12_A6","T23_A1_Az12_A6","IMG_4141",-0.016798545,715,2,"A1_Az12","A1","T23",23,"Ambiant","Ctrl","Yes","Naive",-0.0173432567236382,0.993864127016389
"T23_A1_Az13_D4","T23_A1_Az13_D4","IMG_6051",-0.009712885,727,4,"A1_Az13","A1","T23",23,"Ambiant","Ctrl","Yes","Naive",-0.00975843508922406,0.912249334986702
"T23_A1_Az14_A2","T23_A1_Az14_A2","IMG_4238",-0.016392155,727,2,"A1_Az14","A1","T23",23,"Ambiant","Ctrl","Yes","Naive",-0.0167505882699792,0.986960815707422
"T23_A1_Az15_D4","T23_A1_Az15_D4","IMG_5143",-0.027049881,727,3,"A1_Az15","A1","T23",23,"Ambiant","Ctrl","Yes","Naive",-0.0268478311743147,0.996090178281263
"T23_A1_Az16_C5","T23_A1_Az16_C5","IMG_3278",-0.01995767,715,1,"A1_Az16","A1","T23",23,"Ambiant","Ctrl","Yes","None",NA,NA
"T23_A1_Az17_C2","T23_A1_Az17_C2","IMG_9707",-0.007600462,727,8,"A1_Az17","A1","T23",23,"Ambiant","Ctrl","Yes","Naive",-0.0147235903143422,0.924597162418029
"T23_A1_Az18_B2","T23_A1_Az18_B2","IMG_8852",0.001871842,715,7,"A1_Az18","A1","T23",23,"Ambiant","Ctrl","Yes","Naive",0.00249694977191591,0.162755390113812
"T23_A1_Az19_C5","T23_A1_Az19_C5","IMG_6978",-0.022415256,727,5,"A1_Az19","A1","T23",23,"Ambiant","Ctrl","Yes","Naive",-0.0251890756194078,0.952924484944903
"T23_A1_Az2_B4","T23_A1_Az2_B4","IMG_8900",-0.013396604,727,7,"A1_Az2","A1","T23",23,"Ambiant","Ctrl","Yes","Naive",-0.0192625857657961,0.855984268859442
"T23_A1_Az20_A6","T23_A1_Az20_A6","IMG_7945",-0.020753672,727,6,"A1_Az20","A1","T23",23,"Ambiant","Ctrl","Yes","Naive",-0.0198639176117048,0.993425421071193
"T23_A1_Az3_A5","T23_A1_Az3_A5","IMG_6031",-0.024146188,727,4,"A1_Az3","A1","T23",23,"Ambiant","Ctrl","Yes","Naive",-0.0242570114728074,0.993879880814806
"T23_A1_Az4_D4","T23_A1_Az4_D4","IMG_7907",-0.013335656,715,6,"A1_Az4","A1","T23",23,"Ambiant","Ctrl","Yes","Naive",-0.0142542302819691,0.968539939320725
"T23_A1_Az5_B2","T23_A1_Az5_B2","IMG_6001",-0.003520141,715,4,"A1_Az5","A1","T23",23,"Ambiant","Ctrl","Yes","Naive",-0.00635193952403017,0.910246982327781
"T23_A1_Az6_A4","T23_A1_Az6_A4","IMG_9632",-0.00201623,715,8,"A1_Az6","A1","T23",23,"Ambiant","Ctrl","Yes","Naive",-0.0224550280597916,0.856504918589061
"T23_A1_Az7_A6","T23_A1_Az7_A6","IMG_5036",-0.011952341,715,3,"A1_Az7","A1","T23",23,"Ambiant","Ctrl","Yes","Naive",-0.0117647581970034,0.894177399754977
"T23_A1_Az8_C1","T23_A1_Az8_C1","IMG_7016",-0.028346724,727,5,"A1_Az8","A1","T23",23,"Ambiant","Ctrl","Yes","Naive",-0.0154082335171411,0.478280583792366
"T23_A1_Az9_B4","T23_A1_Az9_B4","IMG_6917",-0.016435877,715,5,"A1_Az9","A1","T23",23,"Ambiant","Ctrl","Yes","Naive",-0.0159596268284742,0.986366014781511
"T23_B1_Az1_C6","T23_B1_Az1_C6","IMG_5042",-0.027455098,715,3,"B1_Az1","B1","T23",23,"Warm","Ctrl","Yes","Naive",NA,NA
"T23_B1_Az10_C6","T23_B1_Az10_C6","IMG_3270",0.004984266,715,1,"B1_Az10","B1","T23",23,"Warm","Ctrl","Yes","None",NA,NA
"T23_B1_Az11_A2","T23_B1_Az11_A2","IMG_9702",-0.021108513,727,8,"B1_Az11","B1","T23",23,"Warm","Ctrl","Yes","Naive",-0.034236615361314,0.928697959372992
"T23_B1_Az12_A3","T23_B1_Az12_A3","IMG_6997",-0.007089473,727,5,"B1_Az12","B1","T23",23,"Warm","Ctrl","Yes","Naive",-0.0130549836892834,0.91834476666242
"T23_B1_Az13_B2","T23_B1_Az13_B2","IMG_7926",-0.014620107,715,6,"B1_Az13","B1","T23",23,"Warm","Ctrl","Yes","Naive",-0.00326907766990785,0.0393019321148066
"T23_B1_Az14_D1","T23_B1_Az14_D1","IMG_8007",-0.035675654,727,6,"B1_Az14","B1","T23",23,"Warm","Ctrl","Yes","Naive",-0.0329133523691802,0.960075211692692
"T23_B1_Az15_B3","T23_B1_Az15_B3","IMG_7982",-0.010975716,727,6,"B1_Az15","B1","T23",23,"Warm","Ctrl","Yes","Naive",-0.0115654578260688,0.964443491706009
"T23_B1_Az16_D4","T23_B1_Az16_D4","IMG_4225",-0.025197863,727,2,"B1_Az16","B1","T23",23,"Warm","Ctrl","Yes","Naive",-0.0255841802579096,0.965471492238807
"T23_B1_Az17_B5","T23_B1_Az17_B5","IMG_6906",-0.012462594,715,5,"B1_Az17","B1","T23",23,"Warm","Ctrl","Yes","Naive",-0.0127226823374474,0.953371519622963
"T23_B1_Az18_D3","T23_B1_Az18_D3","IMG_6063",-0.00678595,727,4,"B1_Az18","B1","T23",23,"Warm","Ctrl","Yes","Naive",-0.00266560289604503,0.0605093231165365
"T23_B1_Az19_C4","T23_B1_Az19_C4","IMG_5136",-0.015027958,727,3,"B1_Az19","B1","T23",23,"Warm","Ctrl","Yes","Naive",-0.014210447023314,0.917729455705032
"T23_B1_Az2_A4","T23_B1_Az2_A4","IMG_5978",-0.005119594,715,4,"B1_Az2","B1","T23",23,"Warm","Ctrl","Yes","Naive",-0.0079202733746288,0.942087911624968
"T23_B1_Az20_D1","T23_B1_Az20_D1","IMG_8870",-0.02535089,715,7,"B1_Az20","B1","T23",23,"Warm","Ctrl","Yes","Naive",-0.0265367156765964,0.862862143807829
"T23_B1_Az3_C2","T23_B1_Az3_C2","IMG_3359",-0.033416688,727,1,"B1_Az3","B1","T23",23,"Warm","Ctrl","Yes","None",-0.00596844739102753,0.0826843375492513
"T23_B1_Az4_B5","T23_B1_Az4_B5","IMG_8885",-0.001336476,727,7,"B1_Az4","B1","T23",23,"Warm","Ctrl","Yes","Naive",3.00752199228426e-05,-0.0033244446223184
"T23_B1_Az5_B3","T23_B1_Az5_B3","IMG_4232",-0.010109102,727,2,"B1_Az5","B1","T23",23,"Warm","Ctrl","Yes","Naive",-0.00910835310931572,0.873180629625561
"T23_B1_Az6_C2","T23_B1_Az6_C2","IMG_8927",-0.006971047,727,7,"B1_Az6","B1","T23",23,"Warm","Ctrl","Yes","Naive",-0.0140826106965859,0.718811734904788
"T23_B1_Az7_C3","T23_B1_Az7_C3","IMG_8842",-0.027753954,715,7,"B1_Az7","B1","T23",23,"Warm","Ctrl","Yes","Naive",-0.0452254388163242,0.866855661237599
"T23_B1_Az8_B3","T23_B1_Az8_B3","IMG_5075",-0.01611617,715,3,"B1_Az8","B1","T23",23,"Warm","Ctrl","Yes","Naive",-0.0163061552798052,0.976900661448901
"T23_B1_Az9_B1","T23_B1_Az9_B1","IMG_4188",-0.008459393,715,2,"B1_Az9","B1","T23",23,"Warm","Ctrl","Yes","Naive",-0.00919487543870401,0.97094964238427
"T23_B2_Az1_B4","T23_B2_Az1_B4","IMG_9687",-0.016860647,727,8,"B2_Az1","B2","T23",23,"Ambiant","Ctrl","Yes","Naive",-0.0151850338455221,0.846915184444742
"T23_B2_Az10_C3","T23_B2_Az10_C3","IMG_5995",-0.011741093,715,4,"B2_Az10","B2","T23",23,"Ambiant","Ctrl","Yes","Naive",-0.0120320219442614,0.964825330054303
"T23_B2_Az11_A2","T23_B2_Az11_A2","IMG_7993",-0.017543925,727,6,"B2_Az11","B2","T23",23,"Ambiant","Ctrl","Yes","Naive",-0.0178883232680155,0.966071149587001
"T23_B2_Az12_A6","T23_B2_Az12_A6","IMG_4197",-0.011294725,727,2,"B2_Az12","B2","T23",23,"Ambiant","Ctrl","Yes","Naive",-0.0118031363221435,0.964306515014382
"T23_B2_Az13_C2","T23_B2_Az13_C2","IMG_6945",-0.018107714,715,5,"B2_Az13","B2","T23",23,"Ambiant","Ctrl","Yes","Naive",-0.0181739376580944,0.993829248962063
"T23_B2_Az14_D5","T23_B2_Az14_D5","IMG_8892",-0.025353737,727,7,"B2_Az14","B2","T23",23,"Ambiant","Ctrl","Yes","Naive",-0.0252511766812339,0.997254216339924
"T23_B2_Az15_C1","T23_B2_Az15_C1","IMG_5175",-0.019680057,727,3,"B2_Az15","B2","T23",23,"Ambiant","Ctrl","Yes","Naive",-0.0195489882990437,0.982216814401625
"T23_B2_Az16_A1","T23_B2_Az16_A1","IMG_5091",-0.028893318,715,3,"B2_Az16","B2","T23",23,"Ambiant","Ctrl","Yes","Naive",-0.0282399681416466,0.985934212084494
"T23_B2_Az17_D3","T23_B2_Az17_D3","IMG_6939",-0.012853601,715,5,"B2_Az17","B2","T23",23,"Ambiant","Ctrl","Yes","Naive",-0.015273248795839,0.862645158491365
"T23_B2_Az18_D4","T23_B2_Az18_D4","IMG_3340",-0.016517312,727,1,"B2_Az18","B2","T23",23,"Ambiant","Ctrl","Yes","None",-0.0157616789485779,0.979112563545866
"T23_B2_Az19_B4","T23_B2_Az19_B4","IMG_7904",-0.008574911,715,6,"B2_Az19","B2","T23",23,"Ambiant","Ctrl","Yes","Naive",-0.00895795447009149,0.939946137694702
"T23_B2_Az2_A6","T23_B2_Az2_A6","IMG_6961",-0.015356923,727,5,"B2_Az2","B2","T23",23,"Ambiant","Ctrl","Yes","Naive",-0.0150092703686356,0.991645797341412
"T23_B2_Az20_A6","T23_B2_Az20_A6","IMG_6020",-0.008695887,727,4,"B2_Az20","B2","T23",23,"Ambiant","Ctrl","Yes","Naive",-0.00856761309891673,0.966755561146802
"T23_B2_Az3_C6","T23_B2_Az3_C6","IMG_5112",-0.019125151,727,3,"B2_Az3","B2","T23",23,"Ambiant","Ctrl","Yes","Naive",NA,NA
"T23_B2_Az4_A5","T23_B2_Az4_A5","IMG_8817",-0.013062964,715,7,"B2_Az4","B2","T23",23,"Ambiant","Ctrl","Yes","Naive",-0.0131255051793482,0.986369383613878
"T23_B2_Az5_D3","T23_B2_Az5_D3","IMG_3297",-0.010501414,715,1,"B2_Az5","B2","T23",23,"Ambiant","Ctrl","Yes","None",-0.0100381272807326,0.957390483662552
"T23_B2_Az6_D3","T23_B2_Az6_D3","IMG_4176",-0.035573796,715,2,"B2_Az6","B2","T23",23,"Ambiant","Ctrl","Yes","Naive",-0.0322268215581071,0.983489596065117
"T23_B2_Az7_D5","T23_B2_Az7_D5","IMG_4217",-0.018680024,727,2,"B2_Az7","B2","T23",23,"Ambiant","Ctrl","Yes","Naive",-0.0186710142652504,0.985815465700998
"T23_B2_Az8_D1","T23_B2_Az8_D1","IMG_9665",-0.011484133,715,8,"B2_Az8","B2","T23",23,"Ambiant","Ctrl","Yes","Naive",-0.0185033891006706,0.973923797039892
"T23_B2_Az9_C1","T23_B2_Az9_C1","IMG_8939",-0.021654913,727,7,"B2_Az9","B2","T23",23,"Ambiant","Ctrl","Yes","Naive",-0.0210945507323689,0.976286804290941
"T23_B4_Az1_D3","T23_B4_Az1_D3","IMG_9645",-0.001067059,715,8,"B4_Az1","B4","T23",23,"Ambiant","Pred","Yes","Naive",-0.00971336364860319,0.690192115833781
"T23_B4_Az10_D2","T23_B4_Az10_D2","IMG_5088",-0.027345209,715,3,"B4_Az10","B4","T23",23,"Ambiant","Pred","Yes","Naive",-0.0271694892420067,0.997412136523514
"T23_B4_Az11_C3","T23_B4_Az11_C3","IMG_3294",-0.026023708,715,1,"B4_Az11","B4","T23",23,"Ambiant","Pred","Yes","None",-0.0230896629968348,0.981345542065129
"T23_B4_Az12_C1","T23_B4_Az12_C1","IMG_3312",-0.029930579,715,1,"B4_Az12","B4","T23",23,"Ambiant","Pred","Yes","None",-0.027397240954952,0.992694202337985
"T23_B4_Az13_D3","T23_B4_Az13_D3","IMG_7921",-0.012632462,715,6,"B4_Az13","B4","T23",23,"Ambiant","Pred","Yes","Naive",-0.012742585045637,0.986621467495984
"T23_B4_Az14_C6","T23_B4_Az14_C6","IMG_8813",-0.007102885,715,7,"B4_Az14","B4","T23",23,"Ambiant","Pred","Yes","Naive",NA,NA
"T23_B4_Az15_C1","T23_B4_Az15_C1","IMG_5098",-0.018594865,715,3,"B4_Az15","B4","T23",23,"Ambiant","Pred","Yes","Naive",-0.0188098926451201,0.987749120928777
"T23_B4_Az16_D4","T23_B4_Az16_D4","IMG_7976",-0.023831732,727,6,"B4_Az16","B4","T23",23,"Ambiant","Pred","Yes","Naive",-0.0235478998730446,0.998583378030134
"T23_B4_Az17_D1","T23_B4_Az17_D1","IMG_6957",-0.019625029,715,5,"B4_Az17","B4","T23",23,"Ambiant","Pred","Yes","Naive",-0.018776448319548,0.959623227732318
"T23_B4_Az18_B6","T23_B4_Az18_B6","IMG_4199",-0.009982062,727,2,"B4_Az18","B4","T23",23,"Ambiant","Pred","Yes","Naive",-0.00997178228899253,0.982668578937848
"T23_B4_Az19_A4","T23_B4_Az19_A4","IMG_6985",-0.007832121,727,5,"B4_Az19","B4","T23",23,"Ambiant","Pred","Yes","Naive",-0.00802080902585873,0.960893150442535
"T23_B4_Az2_A4","T23_B4_Az2_A4","IMG_8827",-0.002731895,715,7,"B4_Az2","B4","T23",23,"Ambiant","Pred","Yes","Naive",-0.00433076387869564,0.280338437453187
"T23_B4_Az20_B3","T23_B4_Az20_B3","IMG_5992",-0.003673378,715,4,"B4_Az20","B4","T23",23,"Ambiant","Pred","Yes","Naive",-0.00848658923578186,0.946882053053421
"T23_B4_Az3_C1","T23_B4_Az3_C1","IMG_9712",-0.012183993,727,8,"B4_Az3","B4","T23",23,"Ambiant","Pred","Yes","Naive",-0.0145863882847873,0.817084209428272
"T23_B4_Az4_D3","T23_B4_Az4_D3","IMG_3349",-0.009837557,727,1,"B4_Az4","B4","T23",23,"Ambiant","Pred","Yes","None",-0.0113107808266296,0.958810635866765
"T23_B4_Az5_B3","T23_B4_Az5_B3","IMG_4170",-0.033200237,715,2,"B4_Az5","B4","T23",23,"Ambiant","Pred","Yes","Naive",-0.0314934049298066,0.992492220347474
"T23_B4_Az6_A4","T23_B4_Az6_A4","IMG_6043",-0.011455456,727,4,"B4_Az6","B4","T23",23,"Ambiant","Pred","Yes","Naive",-0.011641450706596,0.95816766626619
"T23_B4_Az7_A3","T23_B4_Az7_A3","IMG_8914",-0.004114036,727,7,"B4_Az7","B4","T23",23,"Ambiant","Pred","Yes","Naive",-0.000485318281400826,-0.00205925116318584
"T23_B4_Az8_B5","T23_B4_Az8_B5","IMG_5123",-0.014565916,727,3,"B4_Az8","B4","T23",23,"Ambiant","Pred","Yes","Naive",-0.0148799148253358,0.967830007113063
"T23_B4_Az9_C5","T23_B4_Az9_C5","IMG_6908",-0.009832306,715,5,"B4_Az9","B4","T23",23,"Ambiant","Pred","Yes","Naive",-0.0101006573963739,0.942409817147186
"T23_B5_Az1_B3","T23_B5_Az1_B3","IMG_8918",-0.007602463,727,7,"B5_Az1","B5","T23",23,"Warm","Pred","Yes","Naive",-0.00601816777221349,0.193334003182592
"T23_B5_Az10_B2","T23_B5_Az10_B2","IMG_9653",-0.007504442,715,8,"B5_Az10","B5","T23",23,"Warm","Pred","Yes","Naive",-0.00868810287957542,0.379424498699779
"T23_B5_Az11_C6","T23_B5_Az11_C6","IMG_6898",-0.014735748,715,5,"B5_Az11_C6","B5","T23",23,"Warm","Pred","Yes","Naive",NA,NA
"T23_B5_Az12_C6","T23_B5_Az12_C6","IMG_4201",-0.006937035,727,2,"B5_Az12","B5","T23",23,"Warm","Pred","Yes","Naive",NA,NA
"T23_B5_Az13_B2","T23_B5_Az13_B2","IMG_7008",-0.013680542,727,5,"B5_Az13","B5","T23",23,"Warm","Pred","Yes","Naive",-0.0133796144958793,0.974060706737396
"T23_B5_Az14_C1","T23_B5_Az14_C1","IMG_6078",-0.01642014,727,4,"B5_Az14","B5","T23",23,"Warm","Pred","Yes","Naive",-0.0169684509780592,0.957664323128809
"T23_B5_Az15_D5","T23_B5_Az15_D5","IMG_5128",-0.022653489,727,3,"B5_Az15","B5","T23",23,"Warm","Pred","Yes","Naive",-0.0222467011162747,0.96185077948348
"T23_B5_Az16_B5","T23_B5_Az16_B5","IMG_5050",-0.022010204,715,3,"B5_Az16","B5","T23",23,"Warm","Pred","Yes","Naive",-0.021544197611232,0.989877835820234
"T23_B5_Az17_A3","T23_B5_Az17_A3","IMG_9693",-0.009018494,727,8,"B5_Az17","B5","T23",23,"Warm","Pred","Yes","Naive",-0.00532220087987883,0.913614194106036
"T23_B5_Az18_A5","T23_B5_Az18_A5","IMG_3272",-0.032916102,715,1,"B5_Az18","B5","T23",23,"Warm","Pred","Yes","None",-0.0185713244998365,0.410211851151677
"T23_B5_Az19_B4","T23_B5_Az19_B4","IMG_7973",-0.035469525,727,6,"B5_Az19","B5","T23",23,"Warm","Pred","Yes","Naive",-0.0326577192485513,0.864733712066757
"T23_B5_Az2_D2","T23_B5_Az2_D2","IMG_8860",-0.030069207,715,7,"B5_Az2","B5","T23",23,"Warm","Pred","Yes","Naive",-0.0303963282247676,0.90870125309692
"T23_B5_Az20_C2","T23_B5_Az20_C2","IMG_6006",-0.005212338,715,4,"B5_Az20","B5","T23",23,"Warm","Pred","Yes","Naive",-0.00763288966622698,0.947578042772641
"T23_B5_Az3_B3","T23_B5_Az3_B3","IMG_3347",-0.036299555,727,1,"B5_Az3","B5","T23",23,"Warm","Pred","Yes","None",-0.0318437819944241,0.986726660051157
"T23_B5_Az4_A3","T23_B5_Az4_A3","IMG_5145",-0.016850952,727,3,"B5_Az4","B5","T23",23,"Warm","Pred","Yes","Naive",-0.0174650006393276,0.949689499513406
"T23_B5_Az5_D5","T23_B5_Az5_D5","IMG_4154",-0.023834319,715,2,"B5_Az5","B5","T23",23,"Warm","Pred","Yes","Naive",-0.0217244473481266,0.97279532389445
"T23_B5_Az6_C2","T23_B5_Az6_C2","IMG_4182",-0.030493547,715,2,"B5_Az6","B5","T23",23,"Warm","Pred","Yes","Naive",-0.0294673157593383,0.994155303843844
"T23_B5_Az7_C4","T23_B5_Az7_C4","IMG_6990",-0.013424267,727,5,"B5_Az7","B5","T23",23,"Warm","Pred","Yes","Naive",-0.0154994110758361,0.850194190600516
"T23_B5_Az8_D5","T23_B5_Az8_D5","IMG_9685",-0.009636233,727,8,"B5_Az8","B5","T23",23,"Warm","Pred","Yes","Naive",-0.0176131891437041,0.988459789946921
"T23_B5_Az9_B5","T23_B5_Az9_B5","IMG_7890",-0.006657332,715,6,"B5_Az9","B5","T23",23,"Warm","Pred","Yes","Naive",-0.00645929335966374,0.876065662060423
"T23_B6_Az1_D6","T23_B6_Az1_D6","IMG_3321",-0.011319758,727,1,"B6_Az1","B6","T23",23,"Ambiant","Pred","Yes","None",NA,NA
"T23_B6_Az10_A5","T23_B6_Az10_A5","IMG_7957",-0.005209163,727,6,"B6_Az10","B6","T23",23,"Ambiant","Pred","Yes","Naive",-0.00526126482315656,0.536604039200021
"T23_B6_Az11_B3","T23_B6_Az11_B3","IMG_6933",-0.008528411,715,5,"B6_Az11","B6","T23",23,"Ambiant","Pred","Yes","Naive",-0.0088154502064325,0.94976289673445
"T23_B6_Az12_C5","T23_B6_Az12_C5","IMG_6033",-0.01650067,727,4,"B6_Az12","B6","T23",23,"Ambiant","Pred","Yes","Naive",-0.0166184316981996,0.935678328684207
"T23_B6_Az13_B2","T23_B6_Az13_B2","IMG_5162",-0.026633481,727,3,"B6_Az13","B6","T23",23,"Ambiant","Pred","Yes","Naive",-0.025405961911345,0.946284475670648
"T23_B6_Az14_C4","T23_B6_Az14_C4","IMG_9638",-0.008016636,715,8,"B6_Az14","B6","T23",23,"Ambiant","Pred","Yes","Naive",-0.0109173978627493,0.323966494864192
"T23_B6_Az15_B5","T23_B6_Az15_B5","IMG_4209",-0.021990422,727,2,"B6_Az15","B6","T23",23,"Ambiant","Pred","Yes","Naive",-0.0140275936702619,0.521559212095706
"T23_B6_Az16_A6","T23_B6_Az16_A6","IMG_5960",-0.003489177,715,4,"B6_Az16","B6","T23",23,"Ambiant","Pred","Yes","Naive",-0.00347436897997529,0.87254715797295
"T23_B6_Az17_D1","T23_B6_Az17_D1","IMG_4253",-0.009523716,727,2,"B6_Az17","B6","T23",23,"Ambiant","Pred","Yes","Experienced",-0.0104332436702096,0.596205111331571
"T23_B6_Az18_A6","T23_B6_Az18_A6","IMG_3260",-0.012462472,715,1,"B6_Az18","B6","T23",23,"Ambiant","Pred","Yes","None",-0.0127226119642282,0.900950647358593
"T23_B6_Az19_A5","T23_B6_Az19_A5","IMG_5048",-0.01096102,715,3,"B6_Az19","B6","T23",23,"Ambiant","Pred","Yes","Naive",-0.00939327168162136,0.555889835908946
"T23_B6_Az2_C2","T23_B6_Az2_C2","IMG_8856",-0.002311902,715,7,"B6_Az2","B6","T23",23,"Ambiant","Pred","Yes","Naive",-0.00622011725481524,0.904356164507095
"T23_B6_Az20_B4","T23_B6_Az20_B4","IMG_5132",-0.013661969,727,3,"B6_Az20","B6","T23",23,"Ambiant","Pred","Yes","Naive",-0.0132010944643893,0.950678530436949
"T23_B6_Az3_B5","T23_B6_Az3_B5","IMG_9680",-0.022279712,727,8,"B6_Az3","B6","T23",23,"Ambiant","Pred","Yes","Naive",-0.00811493672043261,0.800814372646119
"T23_B6_Az4_B5","T23_B6_Az4_B5","IMG_9627",-0.004272626,715,6,"B6_Az4","B6","T23",23,"Ambiant","Pred","Yes","Naive",-0.00561086875710981,0.857072006121316
"T23_B6_Az5_B2","T23_B6_Az5_B2","IMG_8924",-0.00807586,727,7,"B6_Az5","B6","T23",23,"Ambiant","Pred","Yes","Naive",-0.00794281696461261,0.903559736258402
"T23_B6_Az6_A2","T23_B6_Az6_A2","IMG_7006",-0.003612895,727,5,"B6_Az6","B6","T23",23,"Ambiant","Pred","Yes","Naive",-0.00167706751365508,0.0354499348315499
"T23_B6_Az7_C4","T23_B6_Az7_C4","IMG_4159",-0.019737885,715,2,"B6_Az7","B6","T23",23,"Ambiant","Pred","Yes","Naive",-0.0193935954448199,0.883614102158467
"T23_B6_Az8_D3","T23_B6_Az8_D3","IMG_7989",-0.021123955,727,6,"B6_Az8","B6","T23",23,"Ambiant","Pred","Yes","Naive",-0.0443090860438017,0.86139833830491
"T23_B6_Az9_D5","T23_B6_Az9_D5","IMG_7900",-0.021611011,715,6,"B6_Az9","B6","T23",23,"Ambiant","Pred","Yes","Naive",-0.0254558277191764,0.766825667812262
"T23_B7_Az1_C5","T23_B7_Az1_C5","IMG_8891",-0.001888103,727,7,"B7_Az1","B7","T23",23,"Warm","Pred","Yes","Naive",-0.00361733208149764,0.631713723444166
"T23_B7_Az10_B6","T23_B7_Az10_B6","IMG_6023",-0.017480504,727,4,"B7_Az10","B7","T23",23,"Warm","Pred","Yes","Naive",-0.0175271058726571,0.968294797605588
"T23_B7_Az11_D4","T23_B7_Az11_D4","IMG_8835",-0.015729863,715,7,"B7_Az11","B7","T23",23,"Warm","Pred","Yes","Naive",-0.00508895919074011,0.0654033496337079
"T23_B7_Az12_A5","T23_B7_Az12_A5","IMG_9623",-0.003701057,715,8,"B7_Az12","B7","T23",23,"Warm","Pred","Yes","Naive",-0.0107468724342192,0.907415807245443
"T23_B7_Az13_B5","T23_B7_Az13_B5","IMG_3276",-0.017790771,715,1,"B7_Az13","B7","T23",23,"Warm","Pred","Yes","None",-0.0171317175340461,0.934135800454802
"T23_B7_Az14_A5","T23_B7_Az14_A5","IMG_4205",-0.019983675,727,2,"B7_Az14","B7","T23",23,"Warm","Pred","Yes","Naive",-0.0215678797306695,0.985422503172471
"T23_B7_Az16_B2","T23_B7_Az16_B2","IMG_9703",-0.009420491,727,8,"B7_Az16","B7","T23",23,"Warm","Pred","Yes","Naive",-0.00900879156527526,0.742992878654299
"T23_B7_Az17_D5","T23_B7_Az17_D5","IMG_6979",-0.029139173,727,5,"B7_Az17","B7","T23",23,"Warm","Pred","Yes","Naive",-0.0281902845001474,0.992193921975009
"T23_B7_Az18_D3","T23_B7_Az18_D3","IMG_5998",-0.012853914,715,4,"B7_Az18","B7","T23",23,"Warm","Pred","Yes","Naive",-0.0128512474507668,0.977633074462517
"T23_B7_Az19_B6","T23_B7_Az19_B6","IMG_4143",-0.012811536,715,2,"B7_Az19","B7","T23",23,"Warm","Pred","Yes","Naive",-0.0143889728986259,0.930010358894395
"T23_B7_Az2_A3","T23_B7_Az2_A3","IMG_7980",-0.014650232,727,6,"B7_Az2","B7","T23",23,"Warm","Pred","Yes","Naive",-0.015368238706638,0.957449179599161
"T23_B7_Az20_A6","T23_B7_Az20_A6","IMG_5105",-0.013401455,727,3,"B7_Az20","B7","T23",23,"Warm","Pred","Yes","Naive",-0.0132448740638916,0.988556356387022
"T23_B7_Az3_C1","T23_B7_Az3_C1","IMG_6955",-0.005967505,715,5,"B7_Az3","B7","T23",23,"Warm","Pred","Yes","Naive",-0.00628896069634777,0.953406743356815
"T23_B7_Az4_D6","T23_B7_Az4_D6","IMG_7953",-0.019111999,727,6,"B7_Az4","B7","T23",23,"Warm","Pred","Yes","Naive",NA,NA
"T23_B7_Az5_C4","T23_B7_Az5_C4","IMG_4223",-0.016230267,727,2,"B7_Az5","B7","T23",23,"Warm","Pred","Yes","Naive",-0.0170313916353525,0.986342999525406
"T23_B7_Az6_A2","T23_B7_Az6_A2","IMG_5080",-0.01954425,715,3,"B7_Az6","B7","T23",23,"Warm","Pred","Yes","Naive",-0.0191922621392711,0.975095927717367
"T23_B7_Az7_D1","T23_B7_Az7_D1","IMG_5179",-0.017789372,727,3,"B7_Az7","B7","T23",23,"Warm","Pred","Yes","Naive",-0.0177173715321672,0.981920353132124
"T23_B7_Az8_B6","T23_B7_Az8_B6","IMG_7880",-0.021656394,715,6,"B7_Az8","B7","T23",23,"Warm","Pred","Yes","Naive",-0.0213010829165231,0.995932382357794
"T23_B7_Az9_A3","T23_B7_Az9_A3","IMG_8838",-0.011970918,715,7,"B7_Az9","B7","T23",23,"Warm","Pred","Yes","Naive",-0.00929498452718433,0.0872642262896216
"T23_B9_Az1_D6","T23_B9_Az1_D6","IMG_6027",-0.008399845,727,4,"B9_Az1","B9","T23",23,"Warm","Pred","Yes","Naive",NA,NA
"T23_B9_Az10_C2","T23_B9_Az10_C2","IMG_4241",-0.01611789,727,2,"B9_Az10","B9","T23",23,"Warm","Pred","Yes","Naive",-0.0176641167221522,0.963684069248186
"T23_B9_Az11_B6","T23_B9_Az11_B6","IMG_8876",-0.006671107,727,7,"B9_Az11","B9","T23",23,"Warm","Pred","Yes","Naive",-0.00671470681502349,0.977296109401367
"T23_B9_Az12_A3","T23_B9_Az12_A3","IMG_4164",-0.015536811,715,2,"B9_Az12","B9","T23",23,"Warm","Pred","Yes","Naive",-0.0153807240677078,0.96458587583623
"T23_B9_Az14_C2","T23_B9_Az14_C2","IMG_7930",-0.007284194,715,6,"B9_Az14","B9","T23",23,"Warm","Pred","Yes","Naive",-0.0130274564845761,0.835737659073248
"T23_B9_Az15_D1","T23_B9_Az15_D1","IMG_7941",-0.009370796,715,6,"B9_Az15","B9","T23",23,"Warm","Pred","Yes","Naive",-0.0101213963305628,0.934122784186516
"T23_B9_Az16_B6","T23_B9_Az16_B6","IMG_3317",-0.024750134,727,1,"B9_Az16","B9","T23",23,"Warm","Pred","Yes","None",-0.0167506051093093,0.650843350586001
"T23_B9_Az17_B1","T23_B9_Az17_B1","IMG_3310",-0.012899863,715,1,"B9_Az17","B9","T23",23,"Warm","Pred","Yes","None",-0.0128774178660833,0.98952126038615
"T23_B9_Az18_D5","T23_B9_Az18_D5","IMG_9630",-0.006769312,715,8,"B9_Az18","B9","T23",23,"Warm","Pred","Yes","Naive",-0.0314078057486643,0.479991310089261
"T23_B9_Az19_D5","T23_B9_Az19_D5","IMG_5055",-0.020333141,715,3,"B9_Az19","B9","T23",23,"Warm","Pred","Yes","Naive",-0.00541944510455836,0.0714824919500533
"T23_B9_Az2_C2","T23_B9_Az2_C2","IMG_6071",-0.028264888,727,4,"B9_Az2","B9","T23",23,"Warm","Pred","Yes","Naive",-0.0308960790845282,0.649888821023772
"T23_B9_Az20_C6","T23_B9_Az20_C6","IMG_9672",-0.004866872,727,8,"B9_Az20","B9","T23",23,"Warm","Pred","Yes","Naive",NA,NA
"T23_B9_Az3_A6","T23_B9_Az3_A6","IMG_8807",-0.004136008,715,7,"B9_Az3","B9","T23",23,"Warm","Pred","Yes","Naive",-0.00566400377549731,0.728200797506654
"T23_B9_Az4_A5","T23_B9_Az4_A5","IMG_6974",-0.020959291,727,5,"B9_Az4","B9","T23",23,"Warm","Pred","Yes","Naive",-0.0218852086534555,0.92239510233115
"T23_B9_Az5_D5","T23_B9_Az5_D5","IMG_7967",-0.012102246,727,6,"B9_Az5","B9","T23",23,"Warm","Pred","Yes","Naive",-0.00872481806180695,0.546334338923359
"T23_B9_Az6_A5","T23_B9_Az6_A5","IMG_5969",-0.019714036,715,4,"B9_Az6","B9","T23",23,"Warm","Pred","Yes","Naive",-0.0179444026025059,0.304983434073541
"T23_B9_Az7_A3","T23_B9_Az7_A3","IMG_6924",-0.002482012,715,5,"B9_Az7","B9","T23",23,"Warm","Pred","Yes","Naive",-0.00384114295094231,0.320419842503865
"T23_B9_Az8_C3","T23_B9_Az8_C3","IMG_5151",-0.012058407,727,3,"B9_Az8","B9","T23",23,"Warm","Pred","Yes","Naive",-0.0119771440798004,0.861841770300114
"T23_B9_Az9_D4","T23_B9_Az9_D4","IMG_3287",-0.020970744,715,1,"B9_Az9","B9","T23",23,"Warm","Pred","Yes","None",-0.0179015160687854,0.958682316023788
"T23_C1_Az1_A2","T23_C1_Az1_A2","IMG_3354",-0.018930144,727,1,"C1_Az1","C1","T23",23,"Ambiant","Pred","Yes","None",-0.0167011743140374,0.926308901611287
"T23_C1_Az10_C6","T23_C1_Az10_C6","IMG_7882",-0.012574685,715,6,"C1_Az10","C1","T23",23,"Ambiant","Pred","Yes","Naive",NA,NA
"T23_C1_Az11_D6","T23_C1_Az11_D6","IMG_6972",-0.014266759,727,5,"C1_Az11","C1","T23",23,"Ambiant","Pred","Yes","Naive",NA,NA
"T23_C1_Az12_C4","T23_C1_Az12_C4","IMG_8903",-0.009359438,727,7,"C1_Az12","C1","T23",23,"Ambiant","Pred","Yes","Naive",-0.00391890894603363,0.113347223976646
"T23_C1_Az13_D4","T23_C1_Az13_D4","IMG_5985",-0.013764423,715,4,"C1_Az13","C1","T23",23,"Ambiant","Pred","Yes","Naive",-0.0136475574090364,0.972430134166152
"T23_C1_Az14_A1","T23_C1_Az14_A1","IMG_4183",-0.028163658,715,2,"C1_Az14","C1","T23",23,"Ambiant","Pred","Yes","Naive",-0.0287704172479594,0.990250885996822
"T23_C1_Az15_A4","T23_C1_Az15_A4","IMG_3281",-0.028429359,715,1,"C1_Az15","C1","T23",23,"Ambiant","Pred","Yes","None",-0.0248299221312601,0.985060425680519
"T23_C1_Az16_B1","T23_C1_Az16_B1","IMG_9660",-0.001962323,715,8,"C1_Az16","C1","T23",23,"Ambiant","Pred","Yes","Naive",-0.00517722112060733,0.799785948861695
"T23_C1_Az17_C5","T23_C1_Az17_C5","IMG_9681 2",-0.018746879,727,8,"C1_Az17","C1","T23",23,"Ambiant","Pred","Yes","Naive",-0.0123454908568115,0.953331402717639
"T23_C1_Az18_A5","T23_C1_Az18_A5","IMG_3323",-0.020506532,727,1,"C1_Az18","C1","T23",23,"Ambiant","Pred","Yes","None",-0.018584010399031,0.960612131423303
"T23_C1_Az19_C3","T23_C1_Az19_C3","IMG_6061",-0.012682987,727,4,"C1_Az19","C1","T23",23,"Ambiant","Pred","Yes","Naive",-0.0126225458025669,0.957298822967456
"T23_C1_Az2_B1","T23_C1_Az2_B1","IMG_4246",-0.006626619,727,2,"C1_Az2","C1","T23",23,"Ambiant","Pred","Yes","Naive",-0.00373172050310271,0.108431799846987
"T23_C1_Az20_B6","T23_C1_Az20_B6","IMG_5039",-0.0354059,715,3,"C1_Az20","C1","T23",23,"Ambiant","Pred","Yes","Naive",-0.0292166148690107,0.672290031585566
"T23_C1_Az3_B6","T23_C1_Az3_B6","IMG_5108",-0.017133207,727,3,"C1_Az3","C1","T23",23,"Ambiant","Pred","Yes","Naive",-0.0169523340969118,0.989930474632511
"T23_C1_Az4_C5","T23_C1_Az4_C5","IMG_9629",-0.011290228,715,8,"C1_Az4","C1","T23",23,"Ambiant","Pred","Yes","Naive",-0.0098350611782115,0.850349145819959
"T23_C1_Az5_D3","T23_C1_Az5_D3","IMG_5157",-0.036780733,727,3,"C1_Az5","C1","T23",23,"Ambiant","Pred","Yes","Naive",-0.0349430864472355,0.9352609242086
"T23_C1_Az6_A4","T23_C1_Az6_A4","IMG_7969",-0.005957917,727,6,"C1_Az6","C1","T23",23,"Ambiant","Pred","Yes","Naive",-0.0088514812614317,0.565597106608132
"T23_C1_Az7_D3","T23_C1_Az7_D3","IMG_8845",-0.014374385,715,7,"C1_Az7","C1","T23",23,"Ambiant","Pred","Yes","Naive",-0.014475159689716,0.975417246720788
"T23_C1_Az8_B2","T23_C1_Az8_B2","IMG_6943",-0.008449741,715,5,"C1_Az8","C1","T23",23,"Ambiant","Pred","Yes","Naive",-0.00821268393749171,0.881079134824653
"T23_C1_Az9_B3","T23_C1_Az9_B3","IMG_6999",-0.015836346,727,5,"C1_Az9","C1","T23",23,"Ambiant","Pred","Yes","Naive",-0.0166278524448774,0.962405128868253
"T23_C3_Az1_B2","T23_C3_Az1_B2","IMG_6067",-0.009764041,727,4,"C3_Az1","C3","T23",23,"Ambiant","Pred","Yes","Naive",-0.00987801195359177,0.976461958863447
"T23_C3_Az10_C1","T23_C3_Az10_C1","IMG_4190",-0.011541574,715,2,"C3_Az10","C3","T23",23,"Ambiant","Pred","Yes","Naive",-0.0158333860663333,0.862834957563318
"T23_C3_Az11_D1","T23_C3_Az11_D1","IMG_7020",-0.01346435,727,5,"C3_Az11","C3","T23",23,"Ambiant","Pred","Yes","Naive",-0.0131225363770045,0.982403652438245
"T23_C3_Az12_B5","T23_C3_Az12_B5","IMG_5973",-0.025482863,715,4,"C3_Az12","C3","T23",23,"Ambiant","Pred","Yes","Naive",-0.0260791010289547,0.988904029609322
"T23_C3_Az13_C2","T23_C3_Az13_C2","IMG_5084",-0.024577482,715,3,"C3_Az13","C3","T23",23,"Ambiant","Pred","Yes","Naive",-0.0246640656060421,0.903878386694742
"T23_C3_Az14_A4","T23_C3_Az14_A4","IMG_6913",-0.005032334,715,5,"C3_Az14","C3","T23",23,"Ambiant","Pred","Yes","Naive",-0.00816761900992931,0.907391002547797
"T23_C3_Az15_D2","T23_C3_Az15_D2","IMG_6007",-0.037063462,715,4,"C3_Az15","C3","T23",23,"Ambiant","Pred","Yes","Naive",-0.0366103114108174,0.991263058943895
"T23_C3_Az16_B3","T23_C3_Az16_B3","IMG_9698",-0.003821635,727,8,"C3_Az16","C3","T23",23,"Ambiant","Pred","Yes","Naive",-0.00680995623676973,0.0874431657022775
"T23_C3_Az17_D6","T23_C3_Az17_D6","IMG_9674",-0.022520399,727,8,"C3_Az17","C3","T23",23,"Ambiant","Pred","Yes","Naive",NA,NA
"T23_C3_Az18_A1","T23_C3_Az18_A1","IMG_7934",-0.013097994,715,6,"C3_Az18","C3","T23",23,"Ambiant","Pred","Yes","Naive",-0.0116679944774226,0.887318884502205
"T23_C3_Az19_A6","T23_C3_Az19_A6","IMG_9618",-0.03372642,715,8,"C3_Az19","C3","T23",23,"Ambiant","Pred","Yes","Naive",-0.0113806019719224,0.810849879942738
"T23_C3_Az2_C6","T23_C3_Az2_C6","IMG_3319",-0.007174942,727,1,"C3_Az2","C3","T23",23,"Ambiant","Pred","Yes","None",NA,NA
"T23_C3_Az20_C6","T23_C3_Az20_C6","IMG_7949",-0.014303652,727,6,"C3_Az20","C3","T23",23,"Ambiant","Pred","Yes","Naive",NA,NA
"T23_C3_Az3_D2","T23_C3_Az3_D2","IMG_5171",-0.023858837,727,3,"C3_Az3","C3","T23",23,"Ambiant","Pred","Yes","Naive",-0.0236886430050612,0.997293126084378
"T23_C3_Az4_C5","T23_C3_Az4_C5","IMG_4213",-0.023585702,727,2,"C3_Az4","C3","T23",23,"Ambiant","Pred","Yes","Naive",-0.00932897944459688,0.241312462483627
"T23_C3_Az5_C2","T23_C3_Az5_C2","IMG_7997",-0.014448688,727,6,"C3_Az5","C3","T23",23,"Ambiant","Pred","Yes","Naive",-0.0142694000989438,0.987285168529816
"T23_C3_Az6_B2","T23_C3_Az6_B2","IMG_3357",-0.022962183,727,1,"C3_Az6","C3","T23",23,"Ambiant","Pred","Yes","None",-0.0203143479171315,0.975341231089872
"T23_C3_Az7_A2","T23_C3_Az7_A2","IMG_8847",-0.011437541,715,7,"C3_Az7","C3","T23",23,"Ambiant","Pred","Yes","Naive",-0.0142127887131748,0.742360834004318
"T23_C3_Az8_D2","T23_C3_Az8_D2","IMG_8932",-0.010656822,727,7,"C3_Az8","C3","T23",23,"Ambiant","Pred","Yes","Naive",-0.00876420504152986,0.508753864359785
"T23_C3_Az9_C4","T23_C3_Az9_C4","IMG_3338",-0.014494528,727,1,"C3_Az9","C3","T23",23,"Ambiant","Pred","Yes","None",-0.0121765094952215,0.891683306624399
"T23_C5_Az1_D2","T23_C5_Az1_D2","IMG_3363",-0.024401283,727,1,"C5_Az1","C5","T23",23,"Ambiant","Ctrl","Yes","None",-0.0221980896896289,0.983700654511897
"T23_C5_Az10_D2","T23_C5_Az10_D2","IMG_9657",-0.007854898,715,8,"C5_Az10","C5","T23",23,"Ambiant","Ctrl","Yes","Naive",-0.011678453635943,0.756748325128588
"T23_C5_Az11_A5","T23_C5_Az11_A5","IMG_5120",-0.03083024,727,3,"C5_Az11","C5","T23",23,"Ambiant","Ctrl","Yes","Naive",-0.0303363244203998,0.977641253980714
"T23_C5_Az12_B2","T23_C5_Az12_B2","IMG_4179",-0.027306009,715,2,"C5_Az12","C5","T23",23,"Ambiant","Ctrl","Yes","Naive",-0.0269198408262781,0.991291182636063
"T23_C5_Az13_B6","T23_C5_Az13_B6","IMG_9621",-0.003534858,715,8,"C5_az13","C5","T23",23,"Ambiant","Ctrl","Yes","Naive",NA,NA
"T23_C5_Az14_D4","T23_C5_Az14_D4","IMG_6992",-0.011841745,727,5,"C5_Az14","C5","T23",23,"Ambiant","Ctrl","Yes","Naive",-0.0124764789066377,0.935171065098334
"T23_C5_Az15_C4","T23_C5_Az15_C4","IMG_5980",-0.01085597,715,4,"C5_Az15","C5","T23",23,"Ambiant","Ctrl","Yes","Naive",-0.0110673938359471,0.872173159154952
"T23_C5_Az16_B5","T23_C5_Az16_B5","IMG_3327",-0.021099978,727,1,"C5_Az16","C5","T23",23,"Ambiant","Ctrl","Yes","None",-0.0210818773639611,0.99673522337021
"T23_C5_Az17_C1","T23_C5_Az17_C1","IMG_9662",-0.014597165,715,8,"C5_Az17","C5","T23",23,"Ambiant","Ctrl","Yes","Naive",-0.0150735855687257,0.695729614430466
"T23_C5_Az18_D2","T23_C5_Az18_D2","IMG_4243",-0.011077817,727,2,"C5_Az18","C5","T23",23,"Ambiant","Ctrl","Yes","Naive",-0.0112597034632657,0.950715495130869
"T23_C5_Az19_C3","T23_C5_Az19_C3","IMG_5077",-0.041448313,715,3,"C5_Az19","C5","T23",23,"Ambiant","Ctrl","Yes","Naive",-0.0443818077946289,0.925008803657709
"T23_C5_Az2_A3","T23_C5_Az2_A3","IMG_7910",-0.009415028,715,6,"C5_Az2","C5","T23",23,"Ambiant","Ctrl","Yes","Naive",-0.0111508091718722,0.86595931527069
"T23_C5_Az20_D1","T23_C5_Az20_D1","IMG_5102",-0.021208387,715,3,"C5_Az20","C5","T23",23,"Ambiant","Ctrl","Yes","Naive",-0.0211449498460738,0.922032397818466
"T23_C5_Az3_D4","T23_C5_Az3_D4","IMG_9640",-0.005900225,715,8,"C5_Az3","C5","T23",23,"Ambiant","Ctrl","Yes","Naive",-0.00430838906074006,0.916415971057216
"T23_C5_Az4_C3","T23_C5_Az4_C3","IMG_7985",-0.012697177,727,6,"C5_Az4","C5","T23",23,"Ambiant","Ctrl","Yes","Naive",-0.0133670758064754,0.966693714634055
"T23_C5_Az5_A3","T23_C5_Az5_A3","IMG_6052",-0.000763011,727,4,"C5_Az5","C5","T23",23,"Ambiant","Ctrl","Yes","Naive",-0.00208151631509988,0.667465940769526
"T23_C5_Az6_A5","T23_C5_Az6_A5","IMG_6902",-0.007915437,715,5,"C5_Az6","C5","T23",23,"Ambiant","Ctrl","Yes","Naive",-0.00732270890559267,0.888245745032976
"T23_C5_Az7_D1","T23_C5_Az7_D1","IMG_9715",-0.009083379,727,8,"C5_Az7","C5","T23",23,"Ambiant","Ctrl","Yes","Naive",-0.0189244016036563,0.795904023799194
"T23_C5_Az8_B6","T23_C5_Az8_B6","IMG_3265",-0.013742391,715,1,"C5_Az8","C5","T23",23,"Ambiant","Ctrl","Yes","None",-0.013760371025419,0.944703971254588
"T23_C5_Az9_A1","T23_C5_Az9_A1","IMG_6948",-0.015371695,715,5,"C5_Az9","C5","T23",23,"Ambiant","Ctrl","Yes","Naive",-0.0142288449467619,0.442094502649338
"T23_C8_Az1_B1","T23_C8_Az1_B1","IMG_8934",-0.01157408,727,7,"C8_Az1","C8","T23",23,"Warm","Pred","Yes","Naive",-0.0114470631664413,0.973340208920874
"T23_C8_Az10_C3","T23_C8_Az10_C3","IMG_4173",-0.004046547,715,2,"C8_Az10","C8","T23",23,"Warm","Pred","Yes","Naive",-0.0104698508671738,0.647076784763635
"T23_C8_Az11_B3","T23_C8_Az11_B3","IMG_7914",0.000699371,715,6,"C8_Az11","C8","T23",23,"Warm","Pred","Yes","Naive",-0.00910086400798192,0.699186173599339
"T23_C8_Az12_A4","T23_C8_Az12_A4","IMG_5057",-0.012773361,715,3,"C8_Az12","C8","T23",23,"Warm","Pred","Yes","Naive",-0.012967695567194,0.953377841029246
"T23_C8_Az13_B1","T23_C8_Az13_B1","IMG_7998",-0.016288792,727,6,"C8_Az13","C8","T23",23,"Warm","Pred","Yes","Naive",-0.0171988541943211,0.986675977223136
"T23_C8_Az14_C5","T23_C8_Az14_C5","IMG_3328",-0.03072265,727,1,"C8_Az14","C8","T23",23,"Warm","Pred","Yes","None",-0.0303016724085909,0.996072506131662
"T23_C8_Az15_C6","T23_C8_Az15_C6","IMG_6969",-0.005639813,727,5,"C8_Az15","C8","T23",23,"Warm","Pred","Yes","Naive",NA,NA
"T23_C8_Az16_C4","T23_C8_Az16_C4","IMG_6923",-0.018760157,715,5,"C8_Az16","C8","T23",23,"Warm","Pred","Yes","Naive",-0.0186869562908646,0.997847647317224
"T23_C8_Az17_B4","T23_C8_Az17_B4","IMG_9634",-0.004448996,715,8,"C8_Az17","C8","T23",23,"Warm","Pred","Yes","Naive",-0.00650226047546594,0.823474075897457
"T23_C8_Az18_D5","T23_C8_Az18_D5","IMG_6911",-0.017779834,715,5,"C8_Az18","C8","T23",23,"Warm","Pred","Yes","Naive",-0.0177659838044784,0.996860398801829
"T23_C8_Az19_D4","T23_C8_Az19_D4","IMG_8908",-0.014585632,727,7,"C8_Az19","C8","T23",23,"Warm","Pred","Yes","Naive",-0.00154527936996779,0.00990145316530389
"T23_C8_Az2_A3","T23_C8_Az2_A3","IMG_4229",-0.013561497,727,2,"C8_Az2","C8","T23",23,"Warm","Pred","Yes","Naive",-0.015754489889296,0.945751125531748
"T23_C8_Az20_C5","T23_C8_Az20_C5","IMG_8823",-0.02171087,715,7,"C8_Az20","C8","T23",23,"Warm","Pred","Yes","Naive",-0.0220184616623167,0.959691392525481
"T23_C8_Az3_C6","T23_C8_Az3_C6","IMG_5966",-0.00715929,715,4,"C8_Az3","C8","T23",23,"Warm","Pred","Yes","Naive",NA,NA
"T23_C8_Az4_A2","T23_C8_Az4_A2","IMG_5159",-0.031553824,727,3,"C8_Az4","C8","T23",23,"Warm","Pred","Yes","Naive",-0.031136689361684,0.997114429036074
"T23_C8_Az5_A5","T23_C8_Az5_A5","IMG_9676",-0.009917725,727,8,"C8_Az5","C8","T23",23,"Warm","Pred","Yes","Naive",-0.00668490715573835,0.600146073398643
"T23_C8_Az6_A5","T23_C8_Az6_A5","IMG_4148",-0.026539292,715,2,"C8_Az6","C8","T23",23,"Warm","Pred","Yes","Naive",-0.0251450981530972,0.976205157113341
"T23_C8_Az7_B3","T23_C8_Az7_B3","IMG_3292",-0.019208593,715,1,"C8_Az7","C8","T23",23,"Warm","Pred","Yes","None",-0.0170862844610983,0.950913205729367
"T23_C8_Az8_B1","T23_C8_Az8_B1","IMG_5094",-0.026969748,715,3,"C8_Az8","C8","T23",23,"Warm","Pred","Yes","Naive",-0.0256547505988533,0.949761500764624
"T23_C8_Az9_B3","T23_C8_Az9_B3","IMG_6057",-0.011796416,727,4,"C8_Az9","C8","T23",23,"Warm","Pred","Yes","Naive",-0.0108925552324508,0.542817063612822
"T23_C9_Az1_D2","T23_C9_Az1_D2","IMG_3305",-0.025136725,715,1,"C9_Az1","C9","T23",23,"Ambiant","Pred","Yes","None",-0.0239954795294408,0.997666059977891
"T23_C9_Az10_B4","T23_C9_Az10_B4","IMG_3334",-0.012542161,727,1,"C9_Az10","C9","T23",23,"Ambiant","Pred","Yes","None",-0.0115153530051752,0.987594373496254
"T23_C9_Az11_D1","T23_C9_Az11_D1","IMG_6083",-0.009014144,727,4,"C9_Az11","C9","T23",23,"Ambiant","Pred","Yes","Naive",-0.00921302832762384,0.944062980743806
"T23_C9_Az12_D2","T23_C9_Az12_D2","IMG_9709",-0.020017303,727,8,"C9_Az12","C9","T23",23,"Ambiant","Pred","Yes","Naive",-0.00844531449299786,0.970747478997014
"T23_C9_Az13_C2","T23_C9_Az13_C2","IMG_9655",-0.002678241,715,8,"C9_Az13","C9","T23",23,"Ambiant","Pred","Yes","Naive",-0.0076479617634044,0.533357523086529
"T23_C9_Az14_C1","T23_C9_Az14_C1","IMG_8003",-0.021151053,727,6,"C9_Az14","C9","T23",23,"Ambiant","Pred","Yes","Naive",-0.0213663581486357,0.995705281311439
"T23_C9_Az15_B1","T23_C9_Az15_B1","IMG_8867",-0.002266373,715,7,"C9_Az15","C9","T23",23,"Ambiant","Pred","Yes","Naive",-0.0032943217021641,0.128853789794224
"T23_C9_Az16_D6","T23_C9_Az16_D6","IMG_5116",-0.01541361,727,3,"C9_Az16","C9","T23",23,"Ambiant","Pred","Yes","Naive",NA,NA
"T23_C9_Az17_C4","T23_C9_Az17_C4","IMG_5066",-0.015158194,715,3,"C9_Az17","C9","T23",23,"Ambiant","Pred","Yes","Naive",-0.0163956345714977,0.854810998215267
"T23_C9_Az18_B4","T23_C9_Az18_B4","IMG_6987",-0.002721148,727,5,"C9_Az18","C9","T23",23,"Ambiant","Pred","Yes","Naive",-0.00194941763490323,0.107226079538327
"T23_C9_Az19_B1","T23_C9_Az19_B1","IMG_6013",-0.010330225,715,4,"C9_Az19","C9","T23",23,"Ambiant","Pred","Yes","Naive",-0.0103901962551248,0.889209383491036
"T23_C9_Az2_D1","T23_C9_Az2_D1","IMG_4193",-0.015555146,715,2,"C9_Az2","C9","T23",23,"Ambiant","Pred","Yes","Naive",-0.015632702747839,0.995798755165979
"T23_C9_Az20_A5","T23_C9_Az20_A5","IMG_7886",-0.013570451,715,6,"C9_Az20","C9","T23",23,"Ambiant","Pred","Yes","Naive",-0.00999763954048112,0.454629203459886
"T23_C9_Az3_B4","T23_C9_Az3_B4","IMG_4219",-0.003356404,727,2,"C9_Az3","C9","T23",23,"Ambiant","Pred","Yes","Naive",-0.00367213048906443,0.858309185666458
"T23_C9_Az4_A4","T23_C9_Az4_A4","IMG_8897",-0.002131043,727,7,"C9_Az4","C9","T23",23,"Ambiant","Pred","Yes","Naive",-9.84883758287568e-05,-0.00322036279916382
"T23_C9_Az5_A6","T23_C9_Az5_A6","IMG_8873",-0.019718373,727,7,"C9_Az5","C9","T23",23,"Ambiant","Pred","Yes","Naive",-0.0192230806154754,0.973290489599577
"T23_C9_Az6_B4","T23_C9_Az6_B4","IMG_6046",-0.007469767,727,4,"C9_Az6","C9","T23",23,"Ambiant","Pred","Yes","Naive",-0.00743800320643766,0.901011092051777
"T23_C9_Az7_B1","T23_C9_Az7_B1","IMG_6951",-0.0106281,715,5,"C9_Az7","C9","T23",23,"Ambiant","Pred","Yes","Naive",-0.0105722603736581,0.862499917272652
"T23_C9_Az8_C1","T23_C9_Az8_C1","IMG_7938",-0.003946651,715,6,"C9_Az8","C9","T23",23,"Ambiant","Pred","Yes","Naive",-0.00434760562462738,0.732950821213019
"T23_C9_Az9_B5","T23_C9_Az9_B5","IMG_4150",-0.026385369,715,2,"C9_Az9","C9","T23",23,"Ambiant","Pred","Yes","Naive",-0.0263102500635185,0.996449174686191
"T23_D6_Az1_A3","T23_D6_Az1_A3","IMG_5987",-0.015540551,715,4,"D6_Az1","D6","T23",23,"Ambiant","Ctrl","Yes","Naive",-0.0155275833715632,0.966340204474883
"T23_D6_Az10_D3","T23_D6_Az10_D3","IMG_8922",-0.024168897,727,7,"D6_Az10","D6","T23",23,"Ambiant","Ctrl","Yes","Naive",-0.0399582986472746,0.941975020186268
"T23_D6_Az11_B6","T23_D6_Az11_B6","IMG_6894",-0.008288598,715,5,"D6_Az11","D6","T23",23,"Ambiant","Ctrl","Yes","Naive",-0.00820366192455028,0.883736808438675
"T23_D6_Az12_C3","T23_D6_Az12_C3","IMG_4235",-0.013779923,727,2,"D6_Az12","D6","T23",23,"Ambiant","Ctrl","Yes","Naive",-0.0163507380243021,0.933806261240124
"T23_D6_Az13_B5","T23_D6_Az13_B5","",-0.018262017,727,6,"D6_Az13","D6","T23",23,"Ambiant","Ctrl","Yes","Naive",-0.0167940631296468,0.940535138521348
"T23_D6_Az14_D1","T23_D6_Az14_D1","IMG_3314",-0.013442002,715,1,"D6_Az14","D6","T23",23,"Ambiant","Ctrl","Yes","None",-0.0174034079971004,0.902009795555119
"T23_D6_Az15_D4","T23_D6_Az15_D4","IMG_9690",-0.015069155,727,6,"D6_Az15","D6","T23",23,"Ambiant","Ctrl","Yes","Naive",-0.0155980338177642,0.948128118817399
"T23_D6_Az16_C5","T23_D6_Az16_C5","IMG_7894",-0.009011365,715,6,"D6_Az16","D6","T23",23,"Ambiant","Ctrl","Yes","Naive",-0.0105464304978648,0.910907656247336
"T23_D6_Az17","T23_D6_Az17","IMG_3344",-0.00808287,727,1,"D6_Az17","D6","T23",23,"Ambiant","Ctrl","Yes","None",NA,NA
"T23_D6_Az18_B1","T23_D6_Az18_B1","IMG_6075",-0.015841032,727,4,"D6_Az18","D6","T23",23,"Ambiant","Ctrl","Yes","Naive",-0.0158866998461081,0.99260576214758
"T23_D6_Az19_A6","T23_D6_Az19_A6","IMG_7877",-0.007414243,715,6,"D6_Az19","D6","T23",23,"Ambiant","Ctrl","Yes","Naive",-0.00764493354731829,0.323745427364698
"T23_D6_Az2_C4","T23_D6_Az2_C4","IMG_8831",-0.009462028,715,7,"D6_Az2","D6","T23",23,"Ambiant","Ctrl","Yes","Naive",-0.00985408583175908,0.574688580708043
"T23_D6_Az20_A2","T23_D6_Az20_A2","IMG_9651",-0.00628008,715,8,"D6_Az20","D6","T23",23,"Ambiant","Ctrl","Yes","Naive",-0.0133511854556832,0.878480099994112
"T23_D6_Az3_C6","T23_D6_Az3_C6","IMG_8880",-0.009479193,727,7,"D6_Az3","D6","T23",23,"Ambiant","Ctrl","Yes","Naive",NA,NA
"T23_D6_Az4_B2","T23_D6_Az4_B2","IMG_3302",-0.014354189,715,1,"D6_Az4","D6","T23",23,"Ambiant","Ctrl","Yes","None",-0.0184168825522441,0.937254128636042
"T23_D6_Az5_C2","T23_D6_Az5_C2","IMG_5168",-0.013398163,727,3,"D6_Az5","D6","T23",23,"Ambiant","Ctrl","Yes","Naive",-0.0136859758775721,0.985732190514843
"T23_D6_Az6_A4","T23_D6_Az6_A4","IMG_4157",-0.016910911,715,2,"D6_Az6","D6","T23",23,"Ambiant","Ctrl","Yes","Naive",-0.0211836527622646,0.913423900792843
"T23_D6_Az7_C3","T23_D6_Az7_C3","IMG_7002",-0.010961093,727,5,"D6_Az7","D6","T23",23,"Ambiant","Ctrl","Yes","Naive",-0.0122419674679199,0.787056864661433
"T23_D6_Az8_B6","T23_D6_Az8_B6","IMG_5964",-0.021724913,715,4,"D6_Az8","D6","T23",23,"Ambiant","Ctrl","Yes","Naive",-0.0214689289975612,0.988736110259186
"T23_D6_Az9_B4","T23_D6_Az9_B4","IMG_5062",-0.051515983,715,3,"D6_Az9","D6","T23",23,"Ambiant","Ctrl","Yes","Naive",-0.0485806640213456,0.917802324904357
"T23_D7_Az1_C3","T23_D7_Az1_C3","IMG_6935",-0.005890901,715,5,"D7_Az1","D7","T23",23,"Warm","Ctrl","Yes","Naive",-0.00448237146410595,0.428629214277735
"T23_D7_Az10_A2","T23_D7_Az10_A2","IMG_3299",-0.017911818,715,1,"D7_Az10","D7","T23",23,"Warm","Ctrl","Yes","None",-0.0163861690481882,0.979726381910128
"T23_D7_Az11_C1","T23_D7_Az11_C1","IMG_4249",-0.017968897,727,2,"D7_Az11","D7","T23",23,"Warm","Ctrl","Yes","Naive",-0.0205557037019623,0.97222215960049
"T23_D7_Az12_D3","T23_D7_Az12_D3","IMG_9699",-0.017890047,727,8,"D7_Az12","D7","T23",23,"Warm","Ctrl","Yes","Naive",-0.0187360958690344,0.949378100981062
"T23_D7_Az13_D4","T23_D7_Az13_D4","IMG_4163",-0.025250777,715,2,"D7_Az13","D7","T23",23,"Warm","Ctrl","Yes","Naive",-0.0253114936361242,0.96857828608533
"T23_D7_Az14_D2","T23_D7_Az14_D2","IMG_7012",-0.007958616,727,5,"D7_Az14","D7","T23",23,"Warm","Ctrl","Yes","Naive",-0.0077503272172295,0.960953769246543
"T23_D7_Az15_D5","T23_D7_Az15_D5","IMG_6040",-0.00765704,727,4,"D7_Az15","D7","T23",23,"Warm","Ctrl","Yes","Naive",-0.00774399197138782,0.90535963867568
"T23_D7_Az16_C1","T23_D7_Az16_C1","IMG_6016",-0.027369443,715,4,"D7_Az16","D7","T23",23,"Warm","Ctrl","Yes","Naive",-0.028636789257723,0.8620685310864
"T23_D7_Az17_C4","T23_D7_Az17_C4","IMG_3284",-0.005510852,715,1,"D7_Az17","D7","T23",23,"Warm","Ctrl","Yes","None",-0.00726842514957379,0.637677754337875
"T23_D7_Az18_C3","T23_D7_Az18_C3","IMG_7919",-0.012682921,715,6,"D7_Az18","D7","T23",23,"Warm","Ctrl","Yes","Naive",-0.0117059525216936,0.90333370004116
"T23_D7_Az19_C5","T23_D7_Az19_C5","IMG_7964",-0.026676717,727,6,"D7_Az19","D7","T25",23,"Warm","Ctrl","Yes","Naive",-0.0267841892082222,0.98648001903967
"T23_D7_Az2_D4","T23_D7_Az2_D4","IMG_5071",-0.031001457,715,3,"D7_Az2","D7","T23",23,"Warm","Ctrl","Yes","Naive",-0.0307075407355048,0.990836508996744
"T23_D7_Az20_A4","T23_D7_Az20_A4","IMG_3332",-0.023230263,727,1,"D7_Az20","D7","T23",23,"Warm","Ctrl","Yes","None",-0.0206190422306827,0.982984429098647
"T23_D7_Az3_B6","T23_D7_Az3_B6","IMG_6965",-0.006598276,727,5,"D7_Az3","D7","T23",23,"Warm","Ctrl","Yes","Naive",-0.013542699524758,0.752704394429429
"T23_D7_Az4_D6","T23_D7_Az4_D6","IMG_8884",-0.010206834,727,7,"D7_Az4","D7","T23",23,"Warm","Ctrl","Yes","Naive",NA,NA
"T23_D7_Az5_D2","T23_D7_Az5_D2","IMG_6073",-0.01437302,727,4,"D7_Az5","D7","T23",23,"Warm","Ctrl","Yes","Naive",-0.0141597425045641,0.979099686914165
"T23_D7_Az6_B5","T23_D7_Az6_B5","IMG_8819",-0.015182379,715,7,"D7_Az6","D7","T23",23,"Warm","Ctrl","Yes","Naive",-0.0150296754360339,0.991192557938631
"T23_D7_Az7_A3","T23_D7_Az7_A3","IMG_9643",-0.001227726,715,8,"D7_Az7","D7","T23",23,"Warm","Ctrl","Yes","Naive",-0.00835959970403287,0.732234258155253
"T23_D7_Az8_C5","T23_D7_Az8_C5","IMG_5975",-0.014775019,715,4,"D7_Az8","D7","T23",23,"Warm","Ctrl","Yes","Naive",-0.0136117924826787,0.487174090517301
"T23_D7_Az9_A1","T23_D7_Az9_A1","IMG_8864",-0.011211925,715,7,"D7_Az9","D7","T23",23,"Warm","Ctrl","Yes","Naive",-0.0114192687317689,0.858110005745574
"T25_A1_Az1_B1","T25_A1_Az1_B1","IMG_3500",-0.017428325,727,1,"A1_Az1_B1","A1","T25",25,"Ambiant","Ctrl","Yes","None",-0.0149173565116881,0.973200772175471
"T25_A1_Az10_A6","T25_A1_Az10_A6","IMG_9568",-0.021701177,727,8,"A1_Az10","A1","T25",25,"Ambiant","Ctrl","Yes","Naive",-0.0212180963770032,0.994783800638762
"T25_A1_Az11","T25_A1_Az11","IMG_3405",-0.032104072,715,1,"A1_Az11","A1","T25",25,"Ambiant","Ctrl","Yes","None",NA,NA
"T25_A1_Az12_A6","T25_A1_Az12_A6","IMG_4025",-0.007383965,715,2,"A1_Az12","A1","T25",25,"Ambiant","Ctrl","Yes","Naive",-0.0058116813761324,0.308968756103732
"T25_A1_Az13_D4","T25_A1_Az13_D4","IMG_5908",-0.017204247,727,4,"A1_Az13","A1","T25",25,"Ambiant","Ctrl","Yes","Naive",-0.0167204136644055,0.982273488715859
"T25_A1_Az14_A2","T25_A1_Az14_A2","IMG_4122",-0.021298621,727,2,"A1_Az14","A1","T25",25,"Ambiant","Ctrl","Yes","Naive",-0.0182201093618148,0.562586132757861
"T25_A1_Az15_D4","T25_A1_Az15_D4","IMG_5273",-0.025220052,727,3,"A1_Az15","A1","T25",25,"Ambiant","Ctrl","Yes","Naive",-0.0252269240780923,0.993221541392484
"T25_A1_Az16_C5","T25_A1_Az16_C5","IMG_3390",-0.012364829,715,1,"A1_Az16","A1","T25",25,"Ambiant","Ctrl","Yes","None",-0.0125509939700491,0.991044173875124
"T25_A1_Az17_C2","T25_A1_Az17_C2","IMG_9602",-0.009500295,727,8,"A1_Az17","A1","T25",25,"Ambiant","Ctrl","Yes","Naive",-0.00984357024233803,0.932572234648422
"T25_A1_Az18_B2","T25_A1_Az18_B2","IMG_8981",-0.013018532,715,7,"A1_Az18","A1","T25",25,"Ambiant","Ctrl","Yes","Naive",-0.013980960604338,0.96169110947383
"T25_A1_Az19_C5","T25_A1_Az19_C5","IMG_7100",-0.007733121,727,5,"A1_Az19","A1","T25",25,"Ambiant","Ctrl","Yes","Naive",-0.0103615416461325,0.933261166392139
"T25_A1_Az2_B4","T25_A1_Az2_B4","IMG_9035",-0.015260709,727,7,"A1_Az2","A1","T25",25,"Ambiant","Ctrl","Yes","Naive",-0.0175026395506615,0.924604586657066
"T25_A1_Az20_A6","T25_A1_Az20_A6","IMG_7776",0.003656082,727,6,"A1_Az20","A1","T25",25,"Ambiant","Ctrl","Yes","Naive",0.0157644720434646,0.456997233170114
"T25_A1_Az3_A5","T25_A1_Az3_A5","IMG_5888",-0.022177224,727,4,"A1_Az3","A1","T25",25,"Ambiant","Ctrl","Yes","Naive",-0.0221644908148703,0.99737588202695
"T25_A1_Az4_D4","T25_A1_Az4_D4","IMG_7735",-0.01440107,715,6,"A1_Az4","A1","T25",25,"Ambiant","Ctrl","Yes","Naive",-0.0137876343659809,0.936982205870156
"T25_A1_Az5_B2","T25_A1_Az5_B2","IMG_5861",-0.006834821,715,4,"A1_Az5","A1","T25",25,"Ambiant","Ctrl","Yes","Naive",-0.00258344967797038,0.0893581086012084
"T25_A1_Az6_A4","T25_A1_Az6_A4","IMG_9531 2",-0.00432886,715,8,"A1_Az6","A1","T25",25,"Ambiant","Ctrl","Yes","Naive",-0.00801709121369387,0.782223030741451
"T25_A1_Az7_A6","T25_A1_Az7_A6","IMG_5185",-0.017425186,715,3,"A1_Az7","A1","T25",25,"Ambiant","Ctrl","Yes","Naive",-0.0170483251264598,0.965406309190152
"T25_A1_Az8_C1","T25_A1_Az8_C1","IMG_7142",-0.015480863,727,5,"A1_Az8","A1","T25",25,"Ambiant","Ctrl","Yes","Naive",-0.0156182447732492,0.963939039246208
"T25_A1_Az9_B4","T25_A1_Az9_B4","IMG_7048",-0.014707101,715,5,"A1_Az9","A1","T25",25,"Ambiant","Ctrl","Yes","Naive",-0.0151747326723045,0.978335041715874
"T25_B1_Az1_C6","T25_B1_Az1_C6","IMG_5189",-0.013764166,715,3,"B1_Az1","B1","T25",25,"Warm","Ctrl","Yes","Naive",NA,NA
"T25_B1_Az10_C6","T25_B1_Az10_C6","IMG_3380",-0.017450712,715,1,"B1_Az10","B1","T25",25,"Warm","Ctrl","Yes","None",NA,NA
"T25_B1_Az11_A2","T25_B1_Az11_A2","IMG_9595",-0.004290763,727,8,"B1_Az11","B1","T25",25,"Warm","Ctrl","Yes","Naive",-0.00675422082133833,0.788522754335787
"T25_B1_Az12_A3","T25_B1_Az12_A3","IMG_7123",-0.008212651,727,5,"B1_Az12","B1","T25",25,"Warm","Ctrl","Yes","Naive",-0.0039817849594396,0.0914449537422902
"T25_B1_Az13_B2","T25_B1_Az13_B2","IMG_7759",-0.032013888,715,6,"B1_Az13","B1","T25",25,"Warm","Ctrl","Yes","Naive",-0.0281922566320562,0.863088378610735
"T25_B1_Az14_D1","T25_B1_Az14_D1","IMG_7851",-0.015472574,727,6,"B1_Az14","B1","T25",25,"Warm","Ctrl","Yes","Naive",-0.0153820131087191,0.976911982687212
"T25_B1_Az15_B3","T25_B1_Az15_B3","IMG_7820",-0.007155246,727,6,"B1_Az15","B1","T25",25,"Warm","Ctrl","Yes","Naive",-0.0158570911340482,0.980431506155735
"T25_B1_Az16_D4","T25_B1_Az16_D4","IMG_4108",-0.014749245,727,2,"B1_Az16","B1","T25",25,"Warm","Ctrl","Yes","Naive",-0.0145550766619019,0.97743700118612
"T25_B1_Az17_B5","T25_B1_Az17_B5","IMG_7038",-0.01854878,715,5,"B1_Az17","B1","T25",25,"Warm","Ctrl","Yes","Naive",-0.0179037878351963,0.944598672347429
"T25_B1_Az18_D3","T25_B1_Az18_D3","IMG_5920",-0.000483905,727,4,"B1_Az18","B1","T25",25,"Warm","Ctrl","Yes","Naive",-0.00401825557584586,0.951777943167085
"T25_B1_Az19_C4","T25_B1_Az19_C4","IMG_5270",-0.012736375,727,3,"B1_Az19","B1","T25",25,"Warm","Ctrl","Yes","Naive",-0.0123944217298713,0.97760335226827
"T25_B1_Az2_A4","T25_B1_Az2_A4","IMG_5840",-0.004551218,715,4,"B1_Az2","B1","T25",25,"Warm","Ctrl","Yes","Naive",-0.0136465190024587,0.60800499835021
"T25_B1_Az20_D1","T25_B1_Az20_D1","IMG_8999",-0.005214813,715,7,"B1_Az20","B1","T25",25,"Warm","Ctrl","Yes","Naive",-0.00621205482346219,0.909742145953509
"T25_B1_Az3_C2","T25_B1_Az3_C2","IMG_3492",-0.021454481,727,1,"B1_Az3","B1","T25",25,"Warm","Ctrl","Yes","None",-0.0246754235982694,0.881542985092296
"T25_B1_Az4_B5","T25_B1_Az4_B5","IMG_9016",-0.008881361,727,7,"B1_Az4","B1","T25",25,"Warm","Ctrl","Yes","Naive",-0.0100566665212654,0.911603228255667
"T25_B1_Az5_B3","T25_B1_Az5_B3","IMG_4116",-0.00979954,727,2,"B1_Az5","B1","T25",25,"Warm","Ctrl","Yes","Naive",-0.0109077582569403,0.960791519447576
"T25_B1_Az6_C2","T25_B1_Az6_C2","IMG_9058",-0.001420815,727,7,"B1_Az6","B1","T25",25,"Warm","Ctrl","Yes","Naive",-0.00456651194544435,0.907242598122352
"T25_B1_Az7_C3","T25_B1_Az7_C3","IMG_8974",-0.00766314,715,7,"B1_Az7","B1","T25",25,"Warm","Ctrl","Yes","Naive",-0.00854716756617982,0.948487441104041
"T25_B1_Az8_B3","T25_B1_Az8_B3","IMG_5221",-0.021598021,715,3,"B1_Az8","B1","T25",25,"Warm","Ctrl","Yes","Naive",-0.0212514018153774,0.978280581526886
"T25_B1_Az9_B1","T25_B1_Az9_B1","IMG_4072",-0.02032795,715,2,"B1_Az9","B1","T25",25,"Warm","Ctrl","Yes","Naive",-0.0173522697390854,0.880038484214132
"T25_B2_Az1_B4","T25_B2_Az1_B4","IMG_9583",-0.007892391,727,8,"B2_Az1","B2","T25",25,"Ambiant","Ctrl","Yes","Naive",-0.00814326931553095,0.933255491325344
"T25_B2_Az10_C3","T25_B2_Az10_C3","IMG_5855",-0.00670134,715,4,"B2_Az10","B2","T25",25,"Ambiant","Ctrl","Yes","Naive",-0.00706561462265737,0.945744864183968
"T25_B2_Az11_A2","T25_B2_Az11_A2","IMG_7832",-0.0096606,727,6,"B2_Az11","B2","T25",25,"Ambiant","Ctrl","Yes","Naive",-0.00989493242282332,0.906541272922764
"T25_B2_Az12_A6","T25_B2_Az12_A6","IMG_4082",-0.011112158,727,2,"B2_Az12","B2","T25",25,"Ambiant","Ctrl","Yes","Naive",-0.0114565034686593,0.978967951732227
"T25_B2_Az13_C2","T25_B2_Az13_C2","IMG_7071",-0.027461473,715,5,"B2_Az13","B2","T25",25,"Ambiant","Ctrl","Yes","Naive",-0.0272085490985343,0.989674506817593
"T25_B2_Az14_D5","T25_B2_Az14_D5","IMG_9026",-0.009564611,727,7,"B2_Az14","B2","T25",25,"Ambiant","Ctrl","Yes","Naive",-0.0103718548311413,0.958523035753119
"T25_B2_Az15_C1","T25_B2_Az15_C1","IMG_5298",-0.036444038,727,3,"B2_Az15","B2","T25",25,"Ambiant","Ctrl","Yes","Naive",-0.0353827060095207,0.996586686305744
"T25_B2_Az16_A1","T25_B2_Az16_A1","IMG_5236",-0.021328938,715,3,"B2_Az16","B2","T25",25,"Ambiant","Ctrl","Yes","Naive",-0.0207467883353127,0.984660289763281
"T25_B2_Az17_D3","T25_B2_Az17_D3","IMG_7063",-0.020544244,715,5,"B2_Az17","B2","T25",25,"Ambiant","Ctrl","Yes","Naive",-0.0208707335910961,0.945748395657288
"T25_B2_Az18_D4","T25_B2_Az18_D4","IMG_3470",-0.017348894,727,1,"B2_Az18","B2","T25",25,"Ambiant","Ctrl","Yes","None",-0.00857220269766576,0.282767551866512
"T25_B2_Az19_B4","T25_B2_Az19_B4","IMG_7733",-0.015724941,715,6,"B2_Az19","B2","T25",25,"Ambiant","Ctrl","Yes","Naive",-0.0167339918787104,0.931624794397906
"T25_B2_Az2_A6","T25_B2_Az2_A6","IMG_7085",-0.016492427,727,5,"B2_Az2","B2","T25",25,"Ambiant","Ctrl","Yes","Naive",-0.0280371576415783,0.713516365311468
"T25_B2_Az20_A6","T25_B2_Az20_A6","IMG_5880",-0.009814345,727,4,"B2_Az20","B2","T25",25,"Ambiant","Ctrl","Yes","Naive",-0.0107675690148458,0.854314411838784
"T25_B2_Az3_C6","T25_B2_Az3_C6","IMG_5253",-0.016319875,727,3,"B2_Az3","B2","T25",25,"Ambiant","Ctrl","Yes","Naive",NA,NA
"T25_B2_Az4_A5","T25_B2_Az4_A5","IMG_8951",-0.006888976,715,7,"B2_Az4","B2","T25",25,"Ambiant","Ctrl","Yes","Naive",-0.00990095373153426,0.83591716101715
"T25_B2_Az5_D3","T25_B2_Az5_D3","IMG_3414",-0.023218675,715,1,"B2_Az5","B2","T25",25,"Ambiant","Ctrl","Yes","None",-0.0204879067139024,0.954154168041276
"T25_B2_Az6_D3","T25_B2_Az6_D3","IMG_4061",-0.019693491,715,2,"B2_Az6","B2","T25",25,"Ambiant","Ctrl","Yes","Naive",-0.0186226588149723,0.983085476708093
"T25_B2_Az7_D5","T25_B2_Az7_D5","IMG_4101",-0.016083081,727,2,"B2_Az7","B2","T25",25,"Ambiant","Ctrl","Yes","Naive",-0.0156661542181819,0.943726361887142
"T25_B2_Az8_D1","T25_B2_Az8_D1","IMG_9566 2",-0.010711873,715,8,"B2_Az8","B2","T25",25,"Ambiant","Ctrl","Yes","Naive",-0.0116405031970314,0.864631226689151
"T25_B2_Az9_C1","T25_B2_Az9_C1","IMG_9068",-0.008124955,727,7,"B2_Az9","B2","T25",25,"Ambiant","Ctrl","Yes","Naive",-0.0112644990043358,0.881824547611524
"T25_B4_Az1_D3","T25_B4_Az1_D3","IMG_9543 2",-0.007707897,715,8,"B4_Az1","B4","T25",25,"Ambiant","Pred","Yes","Naive",-0.00825592053373891,0.638355894325764
"T25_B4_Az10_D2","T25_B4_Az10_D2","IMG_5233",-0.016330896,715,3,"B4_Az10","B4","T25",25,"Ambiant","Pred","Yes","Naive",-0.0159904742588232,0.990724077713814
"T25_B4_Az11_C3","T25_B4_Az11_C3","IMG_3412",-0.026340678,715,1,"B4_Az11","B4","T25",25,"Ambiant","Pred","Yes","None",-0.0232084945088868,0.987501331974368
"T25_B4_Az12_C1","T25_B4_Az12_C1","IMG_3432",-0.022034104,715,1,"B4_Az12","B4","T25",25,"Ambiant","Pred","Yes","None",-0.0230509143437763,0.990207473462466
"T25_B4_Az13_D3","T25_B4_Az13_D3","IMG_7753",-0.016442402,715,6,"B4_Az13","B4","T25",25,"Ambiant","Pred","Yes","Naive",-0.0163597517478342,0.990683428607007
"T25_B4_Az14_C6","T25_B4_Az14_C6","IMG_8947",-0.00363529,715,7,"B4_Az14","B4","T25",25,"Ambiant","Pred","Yes","Naive",NA,NA
"T25_B4_Az15_C1","T25_B4_Az15_C1","IMG_5242",-0.01948301,715,3,"B4_Az15","B4","T25",25,"Ambiant","Pred","Yes","Naive",-0.0193393176019079,0.987133758436935
"T25_B4_Az16_D4","T25_B4_Az16_D4","IMG_7813",-0.013593939,727,6,"B4_Az16","B4","T25",25,"Ambiant","Pred","Yes","Naive",-0.0138487918515616,0.979718362699241
"T25_B4_Az17_D1","T25_B4_Az17_D1","IMG_7083",-0.016108158,715,5,"B4_Az17","B4","T25",25,"Ambiant","Pred","Yes","Naive",-0.0163881501894102,0.989403995291811
"T25_B4_Az18_B6","T25_B4_Az18_B6","IMG_4084",-0.008743569,727,2,"B4_Az18","B4","T25",25,"Ambiant","Pred","Yes","Naive",-0.00714947373002735,0.895379251584552
"T25_B4_Az19_A4","T25_B4_Az19_A4","IMG_7108",-0.016132471,727,5,"B4_Az19","B4","T25",25,"Ambiant","Pred","Yes","Naive",-0.0172477462787142,0.949335775841324
"T25_B4_Az2_A4","T25_B4_Az2_A4","IMG_8959",5.18e-05,715,7,"B4_Az2","B4","T25",25,"Ambiant","Pred","Yes","Naive",-0.00402713113857462,0.641302820461321
"T25_B4_Az20_B3","T25_B4_Az20_B3","IMG_5853",-0.019906465,715,4,"B4_Az20","B4","T25",25,"Ambiant","Pred","Yes","Naive",-0.0205670498680839,0.994532764672374
"T25_B4_Az3_C1","T25_B4_Az3_C1","IMG_9607",-0.003575115,727,8,"B4_Az3","B4","T25",25,"Ambiant","Pred","Yes","Naive",0.00116510152505838,0.00138626633700623
"T25_B4_Az4_D3","T25_B4_Az4_D3","IMG_3477",-0.028104191,727,1,"B4_Az4","B4","T25",25,"Ambiant","Pred","Yes","None",-0.0285962766280535,0.998024899272302
"T25_B4_Az5_B3","T25_B4_Az5_B3","IMG_4053/IMG_4054",-0.021109688,715,2,"B4_Az5","B4","T25",25,"Ambiant","Pred","Yes","Naive",-0.0207500291654449,0.995258486529256
"T25_B4_Az6_A4","T25_B4_Az6_A4","IMG_5900",-0.007991513,727,4,"B4_Az6","B4","T25",25,"Ambiant","Pred","Yes","Naive",-0.00913641853359037,0.941787358486537
"T25_B4_Az7_A3","T25_B4_Az7_A3","IMG_9046",-0.007488073,727,7,"B4_Az7","B4","T25",25,"Ambiant","Pred","Yes","Naive",-0.00886927311316081,0.913753410718539
"T25_B4_Az8_B5","T25_B4_Az8_B5","IMG_5262",-0.031439828,727,3,"B4_Az8","B4","T25",25,"Ambiant","Pred","Yes","Naive",-0.031199764195409,0.997230111253493
"T25_B4_Az9_C5","T25_B4_Az9_C5","IMG_7039",-0.011177972,715,5,"B4_Az9","B4","T25",25,"Ambiant","Pred","Yes","Naive",-0.0110985204364341,0.93707602949455
"T25_B5_Az1_B3","T25_B5_Az1_B3","IMG_9049",-0.0071205,727,7,"B5_Az1","B5","T25",25,"Warm","Pred","Yes","Naive",-0.0101986261874118,0.906558292729977
"T25_B5_Az10_B2","T25_B5_Az10_B2","IMG_9551",-0.001159402,715,8,"B5_Az10","B5","T25",25,"Warm","Pred","Yes","Naive",-0.00480007808836301,0.84791163441448
"T25_B5_Az11_C6","T25_B5_Az11_C6","IMG_7030",-0.004736392,715,5,"B5_Az11","B5","T25",25,"Warm","Pred","Yes","Naive",NA,NA
"T25_B5_Az12_C6","T25_B5_Az12_C6","IMG_4086",-0.006219661,727,2,"B5_Az12","B5","T25",25,"Warm","Pred","Yes","Naive",NA,NA
"T25_B5_Az13_B2","T25_B5_Az13_B2","IMG_7137",-0.026038971,727,5,"B5_Az13","B5","T25",25,"Warm","Pred","Yes","Naive",-0.025304531782368,0.986863276799532
"T25_B5_Az14_C1","T25_B5_Az14_C1","IMG_5936",-0.017079338,727,4,"B5_Az14","B5","T25",25,"Warm","Pred","Yes","Naive",-0.0148871574736452,0.901277485402038
"T25_B5_Az15_D5","T25_B5_Az15_D5","IMG_5264",-0.016979096,727,3,"B5_Az15","B5","T25",25,"Warm","Pred","Yes","Naive",-0.0167151305135154,0.962095297248618
"T25_B5_Az16_B5","T25_B5_Az16_B5","IMG_5195",-0.02560944,715,3,"B5_Az16","B5","T25",25,"Warm","Pred","Yes","Naive",-0.025352795970293,0.99825370138497
"T25_B5_Az17_A3","T25_B5_Az17_A3","IMG_9588 2",-0.003492184,727,8,"B5_Az17","B5","T25",25,"Warm","Pred","Yes","Naive",-0.00821933418336554,0.937483440781225
"T25_B5_Az18_A5","T25_B5_Az18_A5","IMG_3385",-0.007533864,715,1,"B5_Az18","B5","T25",25,"Warm","Pred","Yes","None",-0.0071542856358033,0.962663490933135
"T25_B5_Az19_B4","T25_B5_Az19_B4","IMG_7809",-0.011024107,727,6,"B5_Az19","B5","T25",25,"Warm","Pred","Yes","Naive",-0.0104043399604418,0.912380427980011
"T25_B5_Az2_D2","T25_B5_Az2_D2","IMG_8990",-0.014030582,715,7,"B5_Az2","B5","T25",25,"Warm","Pred","Yes","Naive",-0.0136285897078301,0.978529757272866
"T25_B5_Az20_C2","T25_B5_Az20_C2","IMG_5867",-0.012821915,715,4,"B5_Az20","B5","T25",25,"Warm","Pred","Yes","Naive",-0.013778007684316,0.945296561943115
"T25_B5_Az3_B3","T25_B5_Az3_B3","IMG_3474",-0.038723535,727,1,"B5_Az3","B5","T25",25,"Warm","Pred","Yes","None",-0.0360921488943976,0.990555463067652
"T25_B5_Az4_A3","T25_B5_Az4_A3","IMG_5278",-0.009027206,727,3,"B5_Az4","B5","T25",25,"Warm","Pred","Yes","Naive",-0.0106102379936073,0.894711442518137
"T25_B5_Az5_D5","T25_B5_Az5_D5","IMG_4036",-0.012451313,715,2,"B5_Az5","B5","T25",25,"Warm","Pred","Yes","Naive",-0.0102153379630303,0.608693846507147
"T25_B5_Az6_C2","T25_B5_Az6_C2","IMG_4066",-0.020365028,715,2,"B5_Az6","B5","T25",25,"Warm","Pred","Yes","Naive",-0.0197974232827034,0.975317381413457
"T25_B5_Az7_C4","T25_B5_Az7_C4","IMG_7117",-0.01432038,727,5,"B5_Az7","B5","T25",25,"Warm","Pred","Yes","Naive",-0.0199916242834622,0.767888611387632
"T25_B5_Az8_D5","T25_B5_Az8_D5","IMG_9580 2",-0.02337847,727,8,"B5_Az8","B5","T25",25,"Warm","Pred","Yes","Naive",-0.0253345990273717,0.939323526396126
"T25_B5_Az9_B5","T25_B5_Az9_B5","IMG_7722",-0.00612216,715,6,"B5_Az9","B5","T25",25,"Warm","Pred","Yes","Naive",0.00403173709868211,0.114946205827146
"T25_B6_Az1_D6","T25_B6_Az1_D6","IMG_3447",-0.010644419,727,1,"B6_Az1","B6","T25",25,"Ambiant","Pred","Yes","None",NA,NA
"T25_B6_Az10_A5","T25_B6_Az10_A5","IMG_7786",-0.017767878,727,6,"B6_Az10","B6","T25",25,"Ambiant","Pred","Yes","Naive",-0.0167051710041019,0.922859905530955
"T25_B6_Az11_B3","T25_B6_Az11_B3","IMG_7058",-0.005111945,715,5,"B6_Az11","B6","T25",25,"Ambiant","Pred","Yes","Naive",-0.00782542032707506,0.967632687960318
"T25_B6_Az12_C5","T25_B6_Az12_C5","IMG_5893",-0.016598786,727,4,"B6_Az12","B6","T25",25,"Ambiant","Pred","Yes","Naive",-0.00934761406895179,0.520310980836338
"T25_B6_Az13_B2","T25_B6_Az13_B2","IMG_5290",-0.01084108,727,3,"B6_Az13","B6","T25",25,"Ambiant","Pred","Yes","Naive",-0.0123191409283681,0.882460673840957
"T25_B6_Az14_C4","T25_B6_Az14_C4","IMG_9536 2",-0.000969265,715,8,"B6_Az14","B6","T25",25,"Ambiant","Pred","Yes","Naive",-0.00158712681022105,0.0379424452603229
"T25_B6_Az15_B5","T25_B6_Az15_B5","IMG_4094",-0.010098756,727,2,"B6_Az15","B6","T25",25,"Ambiant","Pred","Yes","Naive",-0.0101802963370905,0.975076598662677
"T25_B6_Az16_A6","T25_B6_Az16_A6","IMG_5821",-0.010568365,715,4,"B6_Az16","B6","T25",25,"Ambiant","Pred","Yes","Naive",-0.00864886448673453,0.543305176362108
"T25_B6_Az17_D1","T25_B6_Az17_D1","IMG_4138",-0.022070614,727,2,"B6_Az17","B6","T25",25,"Ambiant","Pred","Yes","Naive",-0.0257106197475113,0.885104277727987
"T25_B6_Az18_A6","T25_B6_Az18_A6","IMG_3376",-0.011222455,715,1,"B6_Az18","B6","T25",25,"Ambiant","Pred","Yes","None",-0.0162294898011296,0.893773673575827
"T25_B6_Az19_A5","T25_B6_Az19_A5","IMG_5193",0.001975972,715,3,"B6_Az19","B6","T25",25,"Ambiant","Pred","Yes","Naive",-0.00173453562205715,0.0690677628099376
"T25_B6_Az2_C2","T25_B6_Az2_C2","IMG_8986",-0.031189189,715,7,"B6_Az2","B6","T25",25,"Ambiant","Pred","Yes","Naive",-0.0115748267060236,0.0963405595122452
"T25_B6_Az20_B4","T25_B6_Az20_B4","IMG_5268",-0.014016553,727,3,"B6_Az20","B6","T25",25,"Ambiant","Pred","Yes","Naive",-0.0136328501508025,0.988802549510886
"T25_B6_Az3_B5","T25_B6_Az3_B5","IMG_9577 2",-0.026256486,727,8,"B6_Az3","B6","T25",25,"Ambiant","Pred","Yes","Naive",-0.0185785775060027,0.682258708660042
"T25_B6_Az4_B5","T25_B6_Az4_B5","IMG_9523 2",-0.005071119,715,8,"B6_Az4","B6","T25",25,"Ambiant","Pred","Yes","Naive",-0.010322455516946,0.848416188784497
"T25_B6_Az5_B2","T25_B6_Az5_B2","IMG_9056",-0.015466418,727,7,"B6_Az5","B6","T25",25,"Ambiant","Pred","Yes","Naive",-0.0125508010701969,0.294059227832711
"T25_B6_Az6_A2","T25_B6_Az6_A2","IMG_7132",-0.006557542,727,5,"B6_Az6","B6","T25",25,"Ambiant","Pred","Yes","Naive",-0.01162137324698,0.920319317687374
"T25_B6_Az7_C4","T25_B6_Az7_C4","IMG_4043",-0.020888612,715,2,"B6_Az7","B6","T25",25,"Ambiant","Pred","Yes","Naive",-0.0160960304616479,0.875211983095176
"T25_B6_Az8_D3","T25_B6_Az8_D3","IMG_7828",-0.022479263,727,6,"B6_Az8","B6","T25",25,"Ambiant","Pred","Yes","Naive",-0.0246049823705722,0.601007153597243
"T25_B6_Az9_D5","T25_B6_Az9_D5","IMG_7730",-0.010341844,715,6,"B6_Az9","B6","T25",25,"Ambiant","Pred","Yes","Naive",-0.0113192648238761,0.699040328115213
"T25_B7_Az1_C5","T25_B7_Az1_C5","IMG_9022",-0.00852811,727,7,"B7_Az1","B7","T25",25,"Warm","Pred","Yes","Naive",-0.0101998648298831,0.930940492128573
"T25_B7_Az10_B6","T25_B7_Az10_B6","IMG_5884",-0.012962422,727,4,"B7_Az10","B7","T25",25,"Warm","Pred","Yes","Naive",-0.0130994708040514,0.988748345763524
"T25_B7_Az11_D4","T25_B7_Az11_D4","IMG_8967",-0.000705595,715,7,"B7_Az11","B7","T25",25,"Warm","Pred","Yes","Naive",-0.00518533120969604,0.822444648294177
"T25_B7_Az12_A5","T25_B7_Az12_A5","IMG_9520",-0.000961215,715,8,"B7_Az12","B7","T25",25,"Warm","Pred","Yes","Naive",-0.00348206229269353,0.841894938654925
"T25_B7_Az13_B5","T25_B7_Az13_B5","IMG_3388",-0.02699281,715,1,"B7_Az13","B7","T25",25,"Warm","Pred","Yes","None",-0.0250033120947126,0.988917452433559
"T25_B7_Az14_A5","T25_B7_Az14_A5","IMG_4091",-0.028511644,727,2,"B7_Az14","B7","T25",25,"Warm","Pred","Yes","Naive",-0.0292105018089694,0.997331944898866
"T25_B7_Az16_B2","T25_B7_Az16_B2","IMG_9599 2",-0.005945436,727,8,"B7_Az16","B7","T25",25,"Warm","Pred","Yes","Naive",-0.0106602672111334,0.942223932156132
"T25_B7_Az17_D5","T25_B7_Az17_D5","IMG_7104",-0.025382172,727,5,"B7_Az17","B7","T25",25,"Warm","Pred","Yes","Naive",-0.0247330047552255,0.994498804921541
"T25_B7_Az18_D3","T25_B7_Az18_D3","IMG_5859",-0.027682129,715,4,"B7_Az18","B7","T25",25,"Warm","Pred","Yes","Naive",-0.00453301004413595,0.159750676961117
"T25_B7_Az19_B6","T25_B7_Az19_B6","IMG_4028",-0.020584904,715,2,"B7_Az19","B7","T25",25,"Warm","Pred","Yes","Naive",-0.0200702951722926,0.979938498590796
"T25_B7_Az2_A3","T25_B7_Az2_A3","IMG_7817",-0.025740636,727,6,"B7_Az2","B7","T25",25,"Warm","Pred","Yes","Naive",-0.026281656200175,0.985827892330838
"T25_B7_Az20_A6","T25_B7_Az20_A6","IMG_5246",-0.040319362,727,3,"B7_Az20","B7","T25",25,"Warm","Pred","Yes","Naive",-0.0610293055205413,0.896097316021363
"T25_B7_Az3_C1","T25_B7_Az3_C1","IMG_7080",-0.018199298,715,5,"B7_Az3","B7","T25",25,"Warm","Pred","Yes","Naive",-0.0181665590116384,0.977010621284787
"T25_B7_Az4_D6","T25_B7_Az4_D6","IMG_7782",-0.040553304,727,6,"B7_Az4","B7","T25",25,"Warm","Pred","Yes","Naive",NA,NA
"T25_B7_Az5_C4","T25_B7_Az5_C4","IMG_4105",-0.020410084,727,2,"B7_Az5","B7","T25",25,"Warm","Pred","Yes","Naive",-0.0206215868968042,0.992860427379841
"T25_B7_Az6_A2","T25_B7_Az6_A2","IMG_5227",-0.02258006,715,3,"B7_Az6","B7","T25",25,"Warm","Pred","Yes","Naive",-0.0227433577690729,0.994217144663677
"T25_B7_Az7_D1","T25_B7_Az7_D1","IMG_5302",-0.03503026,727,3,"B7_Az7","B7","T25",25,"Warm","Pred","Yes","Naive",-0.0339368475187074,0.986901209209099
"T25_B7_Az8_B6","T25_B7_Az8_B6","IMG_7712",-0.015765829,715,6,"B7_Az8","B7","T25",25,"Warm","Pred","Yes","Naive",-0.0148700555054641,0.891469230109942
"T25_B7_Az9_A3","T25_B7_Az9_A3","IMG_8970",-0.003930595,715,7,"B7_Az9","B7","T25",25,"Warm","Pred","Yes","Naive",0.00821425130326638,0.0851031554842638
"T25_B9_Az1_D6","T25_B9_Az1_D6","IMG_5886",-0.018981465,727,4,"B9_Az1","B9","T25",25,"Warm","Pred","Yes","Naive",NA,NA
"T25_B9_Az10_C2","T25_B9_Az10_C2","IMG_4125",-0.011013886,727,2,"B9_Az10","B9","T25",25,"Warm","Pred","Yes","Naive",-0.019273910210707,0.935481780700044
"T25_B9_Az11_B6","T25_B9_Az11_B6","IMG_7761",-0.007632771,727,6,"B9_Az11","B9","T25",25,"Warm","Pred","Yes","Naive",-0.00936715214895089,0.90368615749747
"T25_B9_Az12_A3","T25_B9_Az12_A3","IMG_4049",-0.029805433,715,2,"B9_Az12","B9","T25",25,"Warm","Pred","Yes","Naive",-0.0289705900698584,0.990961249855924
"T25_B9_Az14_C2","T25_B9_Az14_C2","",-0.010373969,715,6,"B9_Az14","B9","T25",25,"Warm","Pred","Yes","Naive",-0.0118674052414194,0.696699592057184
"T25_B9_Az15_D1","T25_B9_Az15_D1","IMG_7772",-0.011026386,715,6,"B9_Az15","B9","T25",25,"Warm","Pred","Yes","Naive",-0.0129229597796433,0.91111294471259
"T25_B9_Az16_B6","T25_B9_Az16_B6","IMG_3440",-0.016041899,727,1,"B9_Az16","B9","T25",25,"Warm","Pred","Yes","None",-0.0167821426767613,0.981334816823009
"T25_B9_Az17_B1","T25_B9_Az17_B1","IMG_3428",-0.005450832,715,1,"B9_Az17","B9","T25",25,"Warm","Pred","Yes","None",-0.0153308066127422,0.681174737641331
"T25_B9_Az18_D5","T25_B9_Az18_D5","IMG_9528 2",-0.015600091,715,8,"B9_Az18","B9","T25",25,"Warm","Pred","Yes","Naive",-0.0144737299150423,0.941073043169031
"T25_B9_Az19_D5","T25_B9_Az19_D5","IMG_5200",-0.024947734,715,3,"B9_Az19","B9","T25",25,"Warm","Pred","Yes","Naive",-0.0233746367420103,0.971559828309477
"T25_B9_Az2_C2","T25_B9_Az2_C2","IMG_5926",-0.001327429,727,4,"B9_Az2","B9","T25",25,"Warm","Pred","Yes","Naive",-0.0052772967473604,0.828914490132456
"T25_B9_Az20_C6","T25_B9_Az20_C6","IMG_9569",-0.008030324,727,8,"B9_Az20","B9","T25",25,"Warm","Pred","Yes","Naive",NA,NA
"T25_B9_Az3_A6","T25_B9_Az3_A6","IMG_8943",-0.011004416,715,7,"B9_Az3","B9","T25",25,"Warm","Pred","Yes","Naive",-0.0107068498041277,0.982629433751063
"T25_B9_Az4_A5","T25_B9_Az4_A5","IMG_7096",-0.019258056,727,5,"B9_Az4","B9","T25",25,"Warm","Pred","Yes","Naive",-0.0187019124923741,0.89770433989131
"T25_B9_Az5_D5","T25_B9_Az5_D5","IMG_7800",-0.02122898,727,6,"B9_Az5","B9","T25",25,"Warm","Pred","Yes","Naive",-0.0200612571214426,0.978692681980426
"T25_B9_Az6_A5","T25_B9_Az6_A5","IMG_5830",-0.013003274,715,4,"B9_Az6","B9","T25",25,"Warm","Pred","Yes","Naive",-0.0057471999462303,0.0779830584332285
"T25_B9_Az7_A3","T25_B9_Az7_A3","IMG_7056",-0.01070477,715,5,"B9_Az7","B9","T25",25,"Warm","Pred","Yes","Naive",-0.0107321836747255,0.851178915477929
"T25_B9_Az8_C3","T25_B9_Az8_C3","IMG_5280",-0.018664487,727,3,"B9_Az8","B9","T25",25,"Warm","Pred","Yes","Naive",-0.0205307076497397,0.956785461373422
"T25_B9_Az9_D4","T25_B9_Az9_D4","IMG_3401",-0.005491174,715,1,"B9_Az9","B9","T25",25,"Warm","Pred","Yes","None",-0.0120923739753023,0.460505539425456
"T25_C1_Az1_A2","T25_C1_Az1_A2","IMG_3483",-0.027166833,727,1,"C1_Az1","C1","T25",25,"Ambiant","Pred","Yes","None",-0.025992702321894,0.99387995991273
"T25_C1_Az10_C6","T25_C1_Az10_C6","IMG_7715",-0.011556321,715,6,"C1_Az10","C1","T25",25,"Ambiant","Pred","Yes","Naive",NA,NA
"T25_C1_Az11_D6","T25_C1_Az11_D6","IMG_7093",-0.000678497,727,5,"C1_Az11","C1","T25",25,"Ambiant","Pred","Yes","Naive",NA,NA
"T25_C1_Az12_C4","T25_C1_Az12_C4","IMG_9039",-0.008990119,727,7,"C1_Az12","C1","T25",25,"Ambiant","Pred","Yes","Naive",-0.0110144824574881,0.895903513483501
"T25_C1_Az13_D4","T25_C1_Az13_D4","IMG_5844",-0.024830809,715,4,"C1_Az13","C1","T25",25,"Ambiant","Pred","Yes","Naive",-0.0240442714384483,0.996212624587788
"T25_C1_Az14_A1","T25_C1_Az14_A1","IMG_4070",-0.010002191,715,2,"C1_Az14","C1","T25",25,"Ambiant","Pred","Yes","Naive",-0.0092920371181592,0.917900542353125
"T25_C1_Az15_A4","T25_C1_Az15_A4","IMG_3395",-0.012253505,715,1,"C1_Az15","C1","T25",25,"Ambiant","Pred","Yes","None",-0.0115397783642782,0.977797372121703
"T25_C1_Az16_B1","T25_C1_Az16_B1","IMG_9559",-0.013968006,715,8,"C1_Az16","C1","T25",25,"Ambiant","Pred","Yes","Naive",-0.0141194712255986,0.94356565985198
"T25_C1_Az17_C5","T25_C1_Az17_C5","IMG_9578",-0.009994545,727,8,"C1_Az17","C1","T25",25,"Ambiant","Pred","Yes","Naive",-0.0107826968758896,0.886858689397739
"T25_C1_Az18_A5","T25_C1_Az18_A5","IMG_3448",-0.027898619,727,1,"C1_Az18","C1","T25",25,"Ambiant","Pred","Yes","None",-0.0293605325796035,0.975975433560643
"T25_C1_Az19_C3","T25_C1_Az19_C3","IMG_5918",-0.011099179,727,4,"C1_Az19","C1","T25",25,"Ambiant","Pred","Yes","Naive",-0.011661796959216,0.937864481324264
"T25_C1_Az2_B1","T25_C1_Az2_B1","IMG_4131",-0.017098447,727,2,"C1_Az2","C1","T25",25,"Ambiant","Pred","Yes","Naive",-0.0168983335656859,0.910543010552144
"T25_C1_Az20_B6","T25_C1_Az20_B6","IMG_5187",-0.010527191,715,3,"C1_Az20","C1","T25",25,"Ambiant","Pred","Yes","Naive",-0.0113659046194132,0.890262752192068
"T25_C1_Az3_B6","T25_C1_Az3_B6","IMG_5249",-0.012276939,727,3,"C1_Az3","C1","T25",25,"Ambiant","Pred","Yes","Naive",-0.0184967870452836,0.848817400034811
"T25_C1_Az4_C5","T25_C1_Az4_C5","IMG_9525 2",-0.014063645,715,8,"C1_Az4","C1","T25",25,"Ambiant","Pred","Yes","Naive",-0.0144599465072624,0.956640784379675
"T25_C1_Az5_D3","T25_C1_Az5_D3","IMG_5283",-0.031303671,727,3,"C1_Az5","C1","T25",25,"Ambiant","Pred","Yes","Naive",-0.0338625546826528,0.97871562776484
"T25_C1_Az6_A4","T25_C1_Az6_A4","IMG_7804",-0.025673313,727,6,"C1_Az6","C1","T25",25,"Ambiant","Pred","Yes","Naive",-0.0261003031666372,0.981683626298782
"T25_C1_Az7_D3","T25_C1_Az7_D3","IMG_8976",-0.027139285,715,7,"C1_Az7","C1","T25",25,"Ambiant","Pred","Yes","Naive",-0.0256467894436787,0.986621293996935
"T25_C1_Az8_B2","T25_C1_Az8_B2","IMG_7067",-0.027966237,715,5,"C1_Az8","C1","T25",25,"Ambiant","Pred","Yes","Naive",-0.0279110194567204,0.991748456122535
"T25_C1_Az9_B3","T25_C1_Az9_B3","IMG_7125",-0.009383435,727,5,"C1_Az9","C1","T25",25,"Ambiant","Pred","Yes","Naive",-0.0103171703605868,0.895285182032726
"T25_C3_Az1_B2","T25_C3_Az1_B2","IMG_5923",-0.008973493,727,4,"C3_Az1","C3","T25",25,"Ambiant","Pred","Yes","Naive",-0.0101522274701515,0.936748816441511
"T25_C3_Az10_C1","T25_C3_Az10_C1","IMG_4075",-0.037035263,715,2,"C3_Az10","C3","T25",25,"Ambiant","Pred","Yes","Naive",-0.0319538482857873,0.971980031542864
"T25_C3_Az11_D1","T25_C3_Az11_D1","IMG_7146",-0.036271018,727,5,"C3_Az11","C3","T25",25,"Ambiant","Pred","Yes","Naive",-0.0372947236110116,0.993598054702555
"T25_C3_Az12_B5","T25_C3_Az12_B5","IMG_5832",-0.008408994,715,4,"C3_Az12","C3","T25",25,"Ambiant","Pred","Yes","Naive",-0.00980576939995397,0.918779771232064
"T25_C3_Az13_C2","T25_C3_Az13_C2","IMG_5230",-0.019252736,715,3,"C3_Az13","C3","T25",25,"Ambiant","Pred","Yes","Naive",-0.0195833754809389,0.964634581358894
"T25_C3_Az14_A4","T25_C3_Az14_A4","IMG_7046",-0.010788587,715,5,"C3_Az14","C3","T25",25,"Ambiant","Pred","Yes","Naive",-0.0110663424462663,0.378599562182691
"T25_C3_Az15_D2","T25_C3_Az15_D2","IMG_5870",-0.019039651,715,4,"C3_Az15","C3","T25",25,"Ambiant","Pred","Yes","Naive",-0.0195323459156371,0.991340483587657
"T25_C3_Az16_B3","T25_C3_Az16_B3","IMG_9590 2",-0.030428363,727,8,"C3_Az16","C3","T25",25,"Ambiant","Pred","Yes","Naive",-0.02966209449179,0.9929264278667
"T25_C3_Az17_D6","T25_C3_Az17_D6","IMG_9571",-0.014505092,727,8,"C3_Az17","C3","T25",25,"Ambiant","Pred","Yes","Naive",NA,NA
"T25_C3_Az18_A1","T25_C3_Az18_A1","IMG_7763",-0.021170188,715,6,"C3_Az18","C3","T25",25,"Ambiant","Pred","Yes","Naive",-0.0215834455687236,0.918185211197094
"T25_C3_Az19_A6","T25_C3_Az19_A6","IMG_9516",-0.008193611,715,8,"C3_Az19","C3","T25",25,"Ambiant","Pred","Yes","Naive",-0.0135202391476529,0.920244366192317
"T25_C3_Az2_C6","T25_C3_Az2_C6","IMG_3444",-0.012768609,727,1,"C3_Az2","C3","T25",25,"Ambiant","Pred","Yes","None",NA,NA
"T25_C3_Az20_C6","T25_C3_Az20_C6","IMG_7778",-0.028989587,727,6,"C3_Az20","C3","T25",25,"Ambiant","Pred","Yes","Naive",NA,NA
"T25_C3_Az3_D2","T25_C3_Az3_D2","IMG_5296",-0.014538053,727,3,"C3_Az3","C3","T25",25,"Ambiant","Pred","Yes","Naive",-0.0151335663616573,0.977385638256432
"T25_C3_Az4_C5","T25_C3_Az4_C5","IMG_4096",-0.031536059,727,2,"C3_Az4","C3","T25",25,"Ambiant","Pred","Yes","Naive",-0.0282751969547957,0.94986830768331
"T25_C3_Az5_C2","T25_C3_Az5_C2","IMG_7838",-0.032055851,727,6,"C3_Az5","C3","T25",25,"Ambiant","Pred","Yes","Naive",-0.0312971819795134,0.996374951433966
"T25_C3_Az6_B2","T25_C3_Az6_B2","IMG_3486",-0.013094064,727,1,"C3_Az6","C3","T25",25,"Ambiant","Pred","Yes","None",-0.0114257960661595,0.701828968658076
"T25_C3_Az7_A2","T25_C3_Az7_A2","IMG_8980",-0.011198288,715,7,"C3_Az7","C3","T25",25,"Ambiant","Pred","Yes","Naive",-0.0115885448684461,0.859872625905552
"T25_C3_Az8_D2","T25_C3_Az8_D2","IMG_9061",-0.017456415,727,7,"C3_Az8","C3","T25",25,"Ambiant","Pred","Yes","Naive",-0.0191925237532027,0.904634743724747
"T25_C3_Az9_C4","T25_C3_Az9_C4","IMG_3465",-0.027961379,727,1,"C3_Az9","C3","T25",25,"Ambiant","Pred","Yes","None",-0.0233698643747885,0.93906009411144
"T25_C5_Az1_D2","T25_C5_Az1_D2","IMG_3496",-0.01407136,727,1,"C5_Az1","C5","T25",25,"Ambiant","Ctrl","Yes","None",-0.0191457963142255,0.594581454515891
"T25_C5_Az10_D2","T25_C5_Az10_D2","IMG_9557",-0.006270855,715,8,"C5_Az10","C5","T25",25,"Ambiant","Ctrl","Yes","Naive",-0.00826402524045167,0.646650332927394
"T25_C5_Az11_A5","T25_C5_Az11_A5","IMG_5260",-0.02070358,727,3,"C5_Az11","C5","T25",25,"Ambiant","Ctrl","Yes","Naive",-0.0203793415410964,0.991027785201229
"T25_C5_Az12_B2","T25_C5_Az12_B2","IMG_4064",-0.02399817,715,2,"C5_Az12","C5","T25",25,"Ambiant","Ctrl","Yes","Naive",-0.0228745742446297,0.986406467802927
"T25_C5_Az13_B6","T25_C5_Az13_B6","IMG_9517",-0.008426488,715,8,"C5_az13","C5","T25",25,"Ambiant","Ctrl","Yes","Naive",NA,NA
"T25_C5_Az14_D4","T25_C5_Az14_D4","IMG_7119",-0.024069145,727,5,"C5_Az14","C5","T25",25,"Ambiant","Ctrl","Yes","Naive",-0.022690465401947,0.934446570874685
"T25_C5_Az15_C4","T25_C5_Az15_C4","IMG_5842",-0.016980703,715,4,"C5_Az15","C5","T25",25,"Ambiant","Ctrl","Yes","Naive",-0.0183566648630457,0.853468909486172
"T25_C5_Az16_B5","T25_C5_Az16_B5","IMG_3453",-0.033579169,727,1,"C5_Az16","C5","T25",25,"Ambiant","Ctrl","Yes","None",-0.032285021724892,0.99709638329493
"T25_C5_Az17_C1","T25_C5_Az17_C1","IMG_9562",-0.005033384,715,8,"C5_Az17","C5","T25",25,"Ambiant","Ctrl","Yes","Naive",-0.0110548578755417,0.314109801799007
"T25_C5_Az18_D2","T25_C5_Az18_D2","IMG_4129",-0.017712651,727,2,"C5_Az18","C5","T25",25,"Ambiant","Ctrl","Yes","Naive",-0.0179454729024963,0.993572144967365
"T25_C5_Az19_C3","T25_C5_Az19_C3","IMG_5224",-0.024272022,715,3,"C5_Az19","C5","T25",25,"Ambiant","Ctrl","Yes","Naive",-0.0238511626641586,0.993597007038335
"T25_C5_Az2_A3","T25_C5_Az2_A3","IMG_7739",-0.005742765,715,6,"C5_Az2","C5","T25",25,"Ambiant","Ctrl","Yes","Naive",-0.00895626087648469,0.595925054063982
"T25_C5_Az20_D1","T25_C5_Az20_D1","IMG_5244",-0.018824136,715,3,"C5_Az20","C5","T25",25,"Ambiant","Ctrl","Yes","Naive",-0.021228696536454,0.952142648888023
"T25_C5_Az3_D4","T25_C5_Az3_D4","IMG_9538 2",-0.018788679,715,8,"C5_Az3","C5","T25",25,"Ambiant","Ctrl","Yes","Naive",-0.0194724682331132,0.917395880270241
"T25_C5_Az4_C3","T25_C5_Az4_C3","IMG_7825",-0.01216138,727,6,"C5_Az4","C5","T25",25,"Ambiant","Ctrl","Yes","Naive",-0.0130117330586944,0.94427299248437
"T25_C5_Az5_A3","T25_C5_Az5_A3","IMG_5912",-0.010053567,727,4,"C5_Az5","C5","T25",25,"Ambiant","Ctrl","Yes","Naive",-0.0139038931283056,0.752022651529263
"T25_C5_Az6_A5","T25_C5_Az6_A5","IMG_7032",-0.028192258,715,5,"C5_Az6","C5","T25",25,"Ambiant","Ctrl","Yes","Naive",-0.027051633039508,0.972187105283124
"T25_C5_Az7_D1","T25_C5_Az7_D1","IMG_9609",-0.012098339,727,8,"C5_Az7","C5","T25",25,"Ambiant","Ctrl","Yes","Naive",-0.0119041877261627,0.875355772053948
"T25_C5_Az8_B6","T25_C5_Az8_B6","IMG_3379",-0.021697195,715,1,"C5_Az8","C5","T25",25,"Ambiant","Ctrl","Yes","None",-0.0170933543126884,0.919073878262547
"T25_C5_Az9_A1","T25_C5_Az9_A1","IMG_7072",-0.016938489,715,5,"C5_Az9","C5","T25",25,"Ambiant","Ctrl","Yes","Naive",-0.0177208900175469,0.910976967666592
"T25_C8_Az1_B1","T25_C8_Az1_B1","IMG_9066",-0.00299486,727,7,"C8_Az1","C8","T25",25,"Warm","Pred","Yes","Naive",-0.00579817448280408,0.951214952866506
"T25_C8_Az10_C3","T25_C8_Az10_C3","IMG_4056",0.004471276,715,2,"C8_Az10","C8","T25",25,"Warm","Pred","Yes","Naive",-0.00567384983671811,0.0905419103575813
"T25_C8_Az11_B3","T25_C8_Az11_B3","IMG_7744",-0.01281337,715,6,"C8_Az11","C8","T25",25,"Warm","Pred","Yes","Naive",-0.012712658893536,0.851116173981762
"T25_C8_Az12_A4","T25_C8_Az12_A4","IMG_5208",-0.011033889,715,3,"C8_Az12","C8","T25",25,"Warm","Pred","Yes","Naive",-0.0118045028484315,0.895697023996298
"T25_C8_Az13_B1","T25_C8_Az13_B1","IMG_7844",-0.036150075,727,6,"C8_Az13","C8","T25",25,"Warm","Pred","Yes","Naive",-0.0309830264819604,0.579772232672335
"T25_C8_Az14_C5","T25_C8_Az14_C5","IMG_3456",-0.032748237,727,1,"C8_Az14","C8","T25",25,"Warm","Pred","Yes","None",-0.0334390034737454,0.986277575289884
"T25_C8_Az15_C6","T25_C8_Az15_C6","IMG_7092",-0.008187363,727,5,"C8_Az15","C8","T25",25,"Warm","Pred","Yes","Naive",NA,NA
"T25_C8_Az16_C4","T25_C8_Az16_C4","IMG_7052",-0.00490386,715,5,"C8_Az16","C8","T25",25,"Warm","Pred","Yes","Naive",-0.00771515690289123,0.68750648116608
"T25_C8_Az17_B4","T25_C8_Az17_B4","IMG_9533 2",-0.008560691,715,8,"C8_Az17","C8","T25",25,"Warm","Pred","Yes","Naive",-0.00499010122882387,0.0796144664684575
"T25_C8_Az18_D5","T25_C8_Az18_D5","IMG_7044",-0.015697345,715,5,"C8_Az18","C8","T25",25,"Warm","Pred","Yes","Naive",-0.0150547407620385,0.927903775815639
"T25_C8_Az19_D4","T25_C8_Az19_D4","IMG_9040",-0.017884932,727,7,"C8_Az19","C8","T25",25,"Warm","Pred","Yes","Naive",-0.0188482540006957,0.909604570744989
"T25_C8_Az2_A3","T25_C8_Az2_A3","IMG_4114",-0.002015735,727,2,"C8_Az2","C8","T25",25,"Warm","Pred","Yes","Naive",-0.00162430721552422,0.660090395271425
"T25_C8_Az20_C5","T25_C8_Az20_C5","IMG_8957",-0.009925445,715,7,"C8_Az20","C8","T25",25,"Warm","Pred","Yes","Naive",-0.0151383332889947,0.730631301977546
"T25_C8_Az3_C6","T25_C8_Az3_C6","IMG_5825",-0.026125401,715,4,"C8_Az3","C8","T25",25,"Warm","Pred","Yes","Naive",NA,NA
"T25_C8_Az4_A2","T25_C8_Az4_A2","IMG_5285",-0.017920504,727,3,"C8_Az4","C8","T25",25,"Warm","Pred","Yes","Naive",-0.0184474131743254,0.973132172396763
"T25_C8_Az5_A5","T25_C8_Az5_A5","IMG_9573",-0.006501684,727,8,"C8_Az5","C8","T25",25,"Warm","Pred","Yes","Naive",-0.00684139968456592,0.894308017792994
"T25_C8_Az6_A5","T25_C8_Az6_A5","IMG_4032",-0.023160234,715,2,"C8_Az6","C8","T25",25,"Warm","Pred","Yes","Naive",-0.0230488707747393,0.973066081147009
"T25_C8_Az7_B3","T25_C8_Az7_B3","IMG_3409",-0.029188991,715,1,"C8_Az7","C8","T25",25,"Warm","Pred","Yes","None",-0.0231673311006902,0.941806170366725
"T25_C8_Az8_B1","T25_C8_Az8_B1","IMG_5238",-0.019102319,715,3,"C8_Az8","C8","T25",25,"Warm","Pred","Yes","Naive",-0.0204181267437541,0.971612961102156
"T25_C8_Az9_B3","T25_C8_Az9_B3","IMG_5914",-0.003827455,727,4,"C8_Az9","C8","T25",25,"Warm","Pred","Yes","Naive",-0.00774897333114414,0.954271818807492
"T25_C9_Az1_D2","T25_C9_Az1_D2","IMG_3425",-0.01221824,715,1,"C9_Az1","C9","T25",25,"Ambiant","Pred","Yes","None",-0.0121861318289308,0.987488187036387
"T25_C9_Az10_B4","T25_C9_Az10_B4","IMG_3463",-0.009929792,727,1,"C9_Az10","C9","T25",25,"Ambiant","Pred","Yes","None",-0.0102406339304294,0.98647403172086
"T25_C9_Az11_D1","T25_C9_Az11_D1","IMG_5940",-0.005327058,727,4,"C9_Az11","C9","T25",25,"Ambiant","Pred","Yes","Naive",-0.00577620744426996,0.908843359944449
"T25_C9_Az12_D2","T25_C9_Az12_D2","IMG_9605 2",-0.013857809,727,8,"C9_Az12","C9","T25",25,"Ambiant","Pred","Yes","Naive",-0.0136574210057121,0.976108479551153
"T25_C9_Az13_C2","T25_C9_Az13_C2","IMG_9555",-0.007628999,715,8,"C9_Az13","C9","T25",25,"Ambiant","Pred","Yes","Naive",-0.0133814907065612,0.84502371343781
"T25_C9_Az14_C1","T25_C9_Az14_C1","IMG_7846",-0.042687108,727,6,"C9_Az14","C9","T25",25,"Ambiant","Pred","Yes","Naive",-0.0410908011480408,0.985135644178111
"T25_C9_Az15_B1","T25_C9_Az15_B1","IMG_8997",-0.006152313,715,7,"C9_Az15","C9","T25",25,"Ambiant","Pred","Yes","Naive",-0.00672465168731025,0.818472489198832
"T25_C9_Az16_D6","T25_C9_Az16_D6","IMG_5255",-0.015951344,727,3,"C9_Az16","C9","T25",25,"Ambiant","Pred","Yes","Naive",NA,NA
"T25_C9_Az17_C4","T25_C9_Az17_C4","IMG_5213",-0.015008836,715,3,"C9_Az17","C9","T25",25,"Ambiant","Pred","Yes","Naive",-0.015370452421607,0.961046038472693
"T25_C9_Az18_B4","T25_C9_Az18_B4","",-0.007431626,727,5,"C9_Az18","C9","T25",25,"Ambiant","Pred","Yes","Naive",-0.0115870388124989,0.789163254854199
"T25_C9_Az19_B1","T25_C9_Az19_B1","IMG_5872",-0.008983847,715,4,"C9_Az19","C9","T25",25,"Ambiant","Pred","Yes","Naive",-0.0099229804835913,0.962069726441273
"T25_C9_Az2_D1","T25_C9_Az2_D1","IMG_4078",-0.020268145,715,2,"C9_Az2","C9","T25",25,"Ambiant","Pred","Yes","Naive",-0.0194503653308111,0.991091886558641
"T25_C9_Az20_A5","T25_C9_Az20_A5","IMG_7717",-0.013433759,715,6,"C9_Az20","C9","T25",25,"Ambiant","Pred","Yes","Naive",-0.00512626069578693,0.054210014423636
"T25_C9_Az3_B4","T25_C9_Az3_B4","IMG_4104",-0.008733878,727,2,"C9_Az3","C9","T25",25,"Ambiant","Pred","Yes","Naive",-0.0200221008092422,0.838174501911675
"T25_C9_Az4_A4","T25_C9_Az4_A4","IMG_9031",-0.010163883,727,7,"C9_Az4","C9","T25",25,"Ambiant","Pred","Yes","Naive",-0.0106154424914484,0.938294266187922
"T25_C9_Az5_A6","T25_C9_Az5_A6","IMG_9006",-0.011998063,727,7,"C9_Az5","C9","T25",25,"Ambiant","Pred","Yes","Naive",-0.011187308360814,0.939233107376262
"T25_C9_Az6_B4","T25_C9_Az6_B4","IMG_5903",-0.001416914,727,4,"C9_Az6","C9","T25",25,"Ambiant","Pred","Yes","Naive",-0.00626176964305231,0.943511654997249
"T25_C9_Az7_B1","T25_C9_Az7_B1","IMG_7075",-0.017173415,715,5,"C9_Az7","C9","T25",25,"Ambiant","Pred","Yes","Naive",-0.0170764936778587,0.992301581887547
"T25_C9_Az8_C1","T25_C9_Az8_C1","IMG_7769",-0.021214522,715,6,"C9_Az8","C9","T25",25,"Ambiant","Pred","Yes","Naive",-0.0213138249041014,0.993171048550343
"T25_C9_Az9_B5","T25_C9_Az9_B5","IMG_4034",-0.011194159,715,2,"C9_Az9","C9","T25",25,"Ambiant","Pred","Yes","Naive",-0.0104093085187147,0.977915702442467
"T25_D6_Az1_A3","T25_D6_Az1_A3","IMG_5848",-0.017587629,715,4,"D6_Az1","D6","T25",25,"Ambiant","Ctrl","Yes","Naive",-0.0179772921062379,0.991517404698753
"T25_D6_Az10_D3","T25_D6_Az10_D3","IMG_9050",-0.01882248,727,7,"D6_Az10","D6","T25",25,"Ambiant","Ctrl","Yes","Naive",-0.0207433665425308,0.957820838568961
"T25_D6_Az11_B6","T25_D6_Az11_B6","IMG_7026",-0.019839731,715,5,"D6_Az11","D6","T25",25,"Ambiant","Ctrl","Yes","Naive",-0.0190664168755484,0.978496896774213
"T25_D6_Az12_C3","T25_D6_Az12_C3","IMG_4118",-0.015105503,727,2,"D6_Az12","D6","T25",25,"Ambiant","Ctrl","Yes","Naive",-0.0157123837748874,0.966180329541702
"T25_D6_Az13_B5","T25_D6_Az13_B5","",-0.010899209,727,6,"D6_Az13","D6","T25",25,"Ambiant","Ctrl","Yes","Naive",-0.0125562472962808,0.915948748248867
"T25_D6_Az14_D1","T25_D6_Az14_D1","IMG_3436",-0.022059683,715,1,"D6_Az14","D6","T25",25,"Ambiant","Ctrl","Yes","None",-0.0202486699355995,0.938335222227337
"T25_D6_Az15_D4","T25_D6_Az15_D4","IMG_9584 2",-0.023606032,727,6,"D6_Az15","D6","T25",25,"Ambiant","Ctrl","Yes","Naive",-0.0236172001032713,0.992408168546838
"T25_D6_Az16_C5","T25_D6_Az16_C5","IMG_7725",-0.014346057,715,6,"D6_Az16","D6","T25",25,"Ambiant","Ctrl","Yes","Naive",-0.0143999843086353,0.98606563108786
"T25_D6_Az17_A3","T25_D6_Az17_A3","IMG_3471",-0.004166973,727,1,"D6_Az17","D6","T25",25,"Ambiant","Ctrl","Yes","None",-0.00615998658915774,0.908922199868325
"T25_D6_Az18_B1","T25_D6_Az18_B1","IMG_5932",-0.014478866,727,4,"D6_Az18","D6","T25",25,"Ambiant","Ctrl","Yes","Naive",-0.0158971455145904,0.985518685074527
"T25_D6_Az19_A6","T25_D6_Az19_A6","IMG_7710",-0.005018333,715,6,"D6_Az19","D6","T25",25,"Ambiant","Ctrl","Yes","Naive",-0.0095309705434174,0.696822710140858
"T25_D6_Az2_C4","T25_D6_Az2_C4","IMG_8963",-0.019458204,715,7,"D6_Az2","D6","T25",25,"Ambiant","Ctrl","Yes","Naive",-0.018230658879373,0.953781643716422
"T25_D6_Az20_A2","T25_D6_Az20_A2","IMG_9544 2",-0.011054516,715,8,"D6_Az20","D6","T25",25,"Ambiant","Ctrl","Yes","Naive",-0.00572640073286499,0.262187122474872
"T25_D6_Az3_C6","T25_D6_Az3_C6","IMG_9010",-0.013278089,727,7,"D6_Az3","D6","T25",25,"Ambiant","Ctrl","Yes","Naive",NA,NA
"T25_D6_Az4_B2","T25_D6_Az4_B2","IMG_3422",-0.014625643,715,1,"D6_Az4","D6","T25",25,"Ambiant","Ctrl","Yes","None",-0.0132632450427615,0.939324556140024
"T25_D6_Az5_C2","T25_D6_Az5_C2","IMG_5293",-0.017410889,727,3,"D6_Az5","D6","T25",25,"Ambiant","Ctrl","Yes","Naive",-0.017983997654143,0.956471421380683
"T25_D6_Az6_A4","T25_D6_Az6_A4","IMG_4041",-0.012484803,715,2,"D6_Az6","D6","T25",25,"Ambiant","Ctrl","Yes","Naive",-0.012687388733257,0.976352356740326
"T25_D6_Az7_C3","T25_D6_Az7_C3","IMG_7128",-0.026114427,727,5,"D6_Az7","D6","T25",25,"Ambiant","Ctrl","Yes","Naive",-0.0269038564699502,0.586066766466048
"T25_D6_Az8_B6","T25_D6_Az8_B6","IMG_5823",-0.011751617,715,4,"D6_Az8","D6","T25",25,"Ambiant","Ctrl","Yes","Naive",-0.0126450868945754,0.931836471462658
"T25_D6_Az9_B4","T25_D6_Az9_B4","IMG_5210",-0.016288551,715,3,"D6_Az9","D6","T25",25,"Ambiant","Ctrl","Yes","Naive",-0.016637688121103,0.938259229193317
"T25_D7_Az1_C3","T25_D7_Az1_C3","IMG_7062",-0.014675196,715,5,"D7_Az1","D7","T25",25,"Warm","Ctrl","Yes","Naive",-0.0143879077412723,0.952027703302354
"T25_D7_Az10_A2","T25_D7_Az10_A2","IMG_3418",-0.04255326,715,1,"D7_Az10","D7","T25",25,"Warm","Ctrl","Yes","None",-0.0259134058144019,0.547427720634046
"T25_D7_Az11_C1","T25_D7_Az11_C1","IMG_4135",-0.02453604,727,2,"D7_Az11","D7","T25",25,"Warm","Ctrl","Yes","Naive",-0.0237931423082117,0.991482031437501
"T25_D7_Az12_D3","T25_D7_Az12_D3","IMG_9592 2",-0.003086158,727,8,"D7_Az12","D7","T25",25,"Warm","Ctrl","Yes","Naive",-0.00548141504904994,0.95114055628093
"T25_D7_Az13_D4","T25_D7_Az13_D4","IMG_4047",-0.015818561,715,2,"D7_Az13","D7","T25",25,"Warm","Ctrl","Yes","Naive",-0.0156091783470404,0.988986072658982
"T25_D7_Az14_D2","T25_D7_Az14_D2","IMG_7139",-0.020643089,727,5,"D7_Az14","D7","T25",25,"Warm","Ctrl","Yes","Naive",-0.0203817085040532,0.996522216806754
"T25_D7_Az15_D5","T25_D7_Az15_D5","IMG_5896",-0.009271139,727,4,"D7_Az15","D7","T25",25,"Warm","Ctrl","Yes","Naive",-0.0101169212954341,0.98086267467396
"T25_D7_Az16_C1","T25_D7_Az16_C1","IMG_5876",-0.012637749,715,4,"D7_Az16","D7","T25",25,"Warm","Ctrl","Yes","Naive",-0.0129108263128161,0.875922729209226
"T25_D7_Az17_C4","T25_D7_Az17_C4","IMG_3397",-0.013363325,715,1,"D7_Az17","D7","T25",25,"Warm","Ctrl","Yes","None",-0.0122273907724663,0.976069161687327
"T25_D7_Az18_C3","T25_D7_Az18_C3","IMG_7747",-0.019751908,715,6,"D7_Az18","D7","T25",25,"Warm","Ctrl","Yes","Naive",-0.0109403963053483,0.24726416244151
"T25_D7_Az19_C5","T25_D7_Az19_C5","IMG_7793",-0.014808485,727,6,"D7_Az19","D7","T25",25,"Warm","Ctrl","Yes","Naive",-0.0114586673860212,0.539641620046047
"T25_D7_Az2_D4","T25_D7_Az2_D4","IMG_5218",0.001059471,715,3,"D7_Az2","D7","T25",25,"Warm","Ctrl","Yes","Naive",-0.00712134400834893,0.38063705504793
"T25_D7_Az20_A4","T25_D7_Az20_A4","IMG_3460",-0.029055918,727,1,"D7_Az20","D7","T25",25,"Warm","Ctrl","Yes","None",-0.0274252389104555,0.970484324079411
"T25_D7_Az3_B6","T25_D7_Az3_B6","IMG_7088",-0.011227603,727,5,"D7_Az3","D7","T25",25,"Warm","Ctrl","Yes","Naive",-0.0158869865776263,0.823472551100792
"T25_D7_Az4_D6","T25_D7_Az4_D6","IMG_9014",-0.015785602,727,7,"D7_Az4","D7","T25",25,"Warm","Ctrl","Yes","Naive",NA,NA
"T25_D7_Az5_D2","T25_D7_Az5_D2","IMG_5930",-0.014816919,727,4,"D7_Az5","D7","T25",25,"Warm","Ctrl","Yes","Naive",-0.0148217389957023,0.959216022232427
"T25_D7_Az6_B5","T25_D7_Az6_B5","IMG_8954",-0.013824804,715,7,"D7_Az6","D7","T25",25,"Warm","Ctrl","Yes","Naive",-0.0147357153682499,0.951770485400397
"T25_D7_Az7_A3","T25_D7_Az7_A3","IMG_9541 2",-0.006196721,715,8,"D7_Az7","D7","T25",25,"Warm","Ctrl","Yes","Naive",0.000286523521870221,-0.00300642192732048
"T25_D7_Az8_C5","T25_D7_Az8_C5","IMG_5836",-0.008205282,715,4,"D7_Az8","D7","T25",25,"Warm","Ctrl","Yes","Naive",-0.0121405988810275,0.887302963865498
"T25_D7_Az9_A1","T25_D7_Az9_A1","IMG_8994",-0.007309248,715,7,"D7_Az9","D7","T25",25,"Warm","Ctrl","Yes","Naive",-0.00873418942969055,0.909171260950306
"T27_A1_Az1_B1","T27_A1_Az1_B1","IMG_3622",-0.014995014,727,1,"A1_Az1","A1","T27",27,"Ambiant","Ctrl","Yes","None",-0.0151657417216311,0.940121281033014
"T27_A1_Az10_A6","T27_A1_Az10_A6","IMG_9472",-0.010333283,727,8,"A1_Az10","A1","T27",27,"Ambiant","Ctrl","Yes","Naive",-0.0106370980777224,0.966482650143646
"T27_A1_Az11","T27_A1_Az11","IMG_3536",-0.020767076,715,1,"A1_Az11","A1","T27",27,"Ambiant","Ctrl","Yes","None",NA,NA
"T27_A1_Az12_A6","T27_A1_Az12_A6","IMG_3900",-0.032208361,715,2,"A1_Az12","A1","T27",27,"Ambiant","Ctrl","Yes","Naive",-0.0284343343411752,0.988903058598024
"T27_A1_Az13_D4","T27_A1_Az13_D4","IMG_5785",-0.023470908,727,4,"A1_Az13","A1","T27",27,"Ambiant","Ctrl","Yes","Naive",-0.0234308573535779,0.99510767749405
"T27_A1_Az14_A2","T27_A1_Az14_A2","IMG_3995",-0.036874356,727,2,"A1_Az14","A1","T27",27,"Ambiant","Ctrl","Yes","Naive",-0.0355244451199905,0.994110839681281
"T27_A1_Az15_D4","T27_A1_Az15_D4","IMG_5416",-0.011477183,727,3,"A1_Az15","A1","T27",27,"Ambiant","Ctrl","Yes","Naive",-0.0184279204609321,0.789577345011295
"T27_A1_Az16_C5","T27_A1_Az16_C5","IMG_3526",-0.014055986,715,1,"A1_Az16","A1","T27",27,"Ambiant","Ctrl","Yes","None",-0.014279434868813,0.192695692036956
"T27_A1_Az17_C2","T27_A1_Az17_C2","IMG_9503",-0.012809798,727,8,"A1_Az17","A1","T27",27,"Ambiant","Ctrl","Yes","Naive",-0.0131882493083447,0.965910963680447
"T27_A1_Az18_B2","T27_A1_Az18_B2","IMG_9169",-0.001462222,715,7,"A1_Az18","A1","T27",27,"Ambiant","Ctrl","Yes","Naive",-0.00605576738195199,0.899493698990985
"T27_A1_Az19_C5","T27_A1_Az19_C5","IMG_7175",-0.020942034,727,5,"A1_Az19","A1","T27",27,"Ambiant","Ctrl","Yes","Naive",-0.0209700609827845,0.991006518314456
"T27_A1_Az2_B4","T27_A1_Az2_B4","IMG_9201",-0.003143789,727,7,"A1_Az2","A1","T27",27,"Ambiant","Ctrl","Yes","Naive",-0.00453076961590746,0.930265471548951
"T27_A1_Az20_A6","T27_A1_Az20_A6","IMG_7633",-0.018296116,727,6,"A1_Az20","A1","T27",27,"Ambiant","Ctrl","Yes","Naive",-0.0167554242975377,0.961253746237109
"T27_A1_Az3_A5","T27_A1_Az3_A5","IMG_5768",-0.02597705,727,4,"A1_Az3","A1","T27",27,"Ambiant","Ctrl","Yes","Naive",-0.0264560486968913,0.891864286481982
"T27_A1_Az4_D4","T27_A1_Az4_D4","IMG_7599",-0.00457481,715,6,"A1_Az4","A1","T27",27,"Ambiant","Ctrl","Yes","Naive",-0.00752033712782471,0.802594527844139
"T27_A1_Az5_B2","T27_A1_Az5_B2","IMG_5744",-0.020089474,715,4,"A1_Az5","A1","T27",27,"Ambiant","Ctrl","Yes","Naive",-0.0202770848389438,0.980564179216221
"T27_A1_Az6_A4","T27_A1_Az6_A4","IMG_9445",-0.002985858,715,8,"A1_Az6","A1","T27",27,"Ambiant","Ctrl","Yes","Naive",-0.00757021453574807,0.289171899882379
"T27_A1_Az7_A6","T27_A1_Az7_A6","IMG_5307",-0.018092603,715,3,"A1_Az7","A1","T27",27,"Ambiant","Ctrl","Yes","Naive",-0.0194489983744017,0.990274143598408
"T27_A1_Az8_C1","T27_A1_Az8_C1","IMG_7278",-0.008990074,727,5,"A1_Az8","A1","T27",27,"Ambiant","Ctrl","Yes","Naive",-0.00857299872258399,0.870440856118786
"T27_A1_Az9_B4","T27_A1_Az9_B4","",-0.013099249,715,5,"A1_Az9","A1","T27",27,"Ambiant","Ctrl","Yes","Naive",-0.0134794934259249,0.934488407003523
"T27_B1_Az1_C6","T27_B1_Az1_C6","IMG_5314",-0.021013934,715,3,"B1_Az1","B1","T27",27,"Warm","Ctrl","Yes","Naive",NA,NA
"T27_B1_Az10_C6","T27_B1_Az10_C6","IMG_3515",-0.017240863,715,1,"B1_Az10","B1","T27",27,"Warm","Ctrl","Yes","None",NA,NA
"T27_B1_Az11_A2","T27_B1_Az11_A2","IMG_9499",-0.010794794,727,8,"B1_Az11","B1","T27",27,"Warm","Ctrl","Yes","Naive",-0.011332209845022,0.880503225039578
"T27_B1_Az12_A3","T27_B1_Az12_A3","IMG_7258",-0.010901964,727,5,"B1_Az12","B1","T27",27,"Warm","Ctrl","Yes","Naive",-0.0189741253687397,0.985635076056635
"T27_B1_Az13_B2","T27_B1_Az13_B2","IMG_7617",-0.002614608,715,6,"B1_Az13","B1","T27",27,"Warm","Ctrl","Yes","Naive",-0.00945908197899457,0.969072090988555
"T27_B1_Az14_D1","T27_B1_Az14_D1","IMG_7699",-0.011879499,727,6,"B1_Az14","B1","T27",27,"Warm","Ctrl","Yes","Naive",-0.0134842175369444,0.965689199002943
"T27_B1_Az15_B3","T27_B1_Az15_B3","IMG_7673",-0.013323852,727,6,"B1_Az15","B1","T27",27,"Warm","Ctrl","Yes","Naive",-0.0151198377718989,0.95220145772621
"T27_B1_Az16_D4","T27_B1_Az16_D4","IMG_3983",-0.007814099,727,2,"B1_Az16","B1","T27",27,"Warm","Ctrl","Yes","Naive",-0.0161355233277336,0.778038503055938
"T27_B1_Az17_B5","T27_B1_Az17_B5","IMG_7160",-0.017254966,715,5,"B1_Az17","B1","T27",27,"Warm","Ctrl","Yes","Naive",-0.017151085870853,0.992387811838835
"T27_B1_Az18_D3","T27_B1_Az18_D3","IMG_5797",-0.033986811,727,4,"B1_Az18","B1","T27",27,"Warm","Ctrl","Yes","Naive",-0.0350183774208004,0.967804066725086
"T27_B1_Az19_C4","T27_B1_Az19_C4","IMG_5413",-0.006404825,727,3,"B1_Az19","B1","T27",27,"Warm","Ctrl","Yes","Naive",-0.00893937993928957,0.914967383811417
"T27_B1_Az2_A4","T27_B1_Az2_A4","IMG_5722",-0.021644475,715,4,"B1_Az2","B1","T27",27,"Warm","Ctrl","Yes","Naive",-0.0209603413550084,0.512740051297866
"T27_B1_Az20_D1","T27_B1_Az20_D1","IMG_9181",-0.010777067,715,7,"B1_Az20","B1","T27",27,"Warm","Ctrl","Yes","Naive",-0.0110857141601365,0.955878877272279
"T27_B1_Az3_C2","T27_B1_Az3_C2","IMG_3616",-0.011565017,727,1,"B1_Az3","B1","T27",27,"Warm","Ctrl","Yes","None",-0.00636004018021133,0.237446488451459
"T27_B1_Az4_B5","T27_B1_Az4_B5","IMG_9191",-0.024970859,727,7,"B1_Az4","B1","T27",27,"Warm","Ctrl","Yes","Naive",-0.0263369593545535,0.947126554786013
"T27_B1_Az5_B3","T27_B1_Az5_B3","IMG_3989",-0.00774674,727,2,"B1_Az5","B1","T27",27,"Warm","Ctrl","Yes","Naive",-0.0101806059923373,0.911676875179561
"T27_B1_Az6_C2","T27_B1_Az6_C2","IMG_9219",-0.006318766,727,7,"B1_Az6","B1","T27",27,"Warm","Ctrl","Yes","Naive",-0.0101547273524713,0.236977897128616
"T27_B1_Az7_C3","T27_B1_Az7_C3","IMG_9162",-0.017410418,715,7,"B1_Az7","B1","T27",27,"Warm","Ctrl","Yes","Naive",-0.0113187644629742,0.233639998394464
"T27_B1_Az8_B3","T27_B1_Az8_B3","IMG_5347",-0.02141231,715,3,"B1_Az8","B1","T27",27,"Warm","Ctrl","Yes","Naive",-0.0194731722903623,0.990281080970885
"T27_B1_Az9_B1","T27_B1_Az9_B1","IMG_3943",-0.0272898,715,2,"B1_Az9","B1","T27",27,"Warm","Ctrl","Yes","Naive",-0.0288900288494639,0.978384522758098
"T27_B2_Az1_B4","T27_B2_Az1_B4","IMG_9488",-0.008683132,727,8,"B2_Az1","B2","T27",27,"Ambiant","Ctrl","Yes","Naive",-0.0122091424136848,0.684026495179188
"T27_B2_Az10_C3","T27_B2_Az10_C3","IMG_5738",-0.02360556,715,4,"B2_Az10","B2","T27",27,"Ambiant","Ctrl","Yes","Naive",-0.0232867511968097,0.988683272970946
"T27_B2_Az11_A2","T27_B2_Az11_A2","IMG_7683",-0.015137431,727,6,"B2_Az11","B2","T27",27,"Ambiant","Ctrl","Yes","Naive",-0.0224840611337871,0.707908121227259
"T27_B2_Az12_A6","T27_B2_Az12_A6","IMG_3953",-0.019028429,727,2,"B2_Az12","B2","T27",27,"Ambiant","Ctrl","Yes","Naive",-0.0213453933795687,0.883660498681256
"T27_B2_Az13_C2","T27_B2_Az13_C2","IMG_7199",-0.014932647,715,5,"B2_Az13","B2","T27",27,"Ambiant","Ctrl","Yes","Naive",-0.0152201749237039,0.986891401545656
"T27_B2_Az14_D5","T27_B2_Az14_D5","IMG_9196",-0.011666636,727,7,"B2_Az14","B2","T27",27,"Ambiant","Ctrl","Yes","Naive",-0.0116873919280245,0.979632200461278
"T27_B2_Az15_C1","T27_B2_Az15_C1","IMG_5446",-0.020261589,727,3,"B2_Az15","B2","T27",27,"Ambiant","Ctrl","Yes","Naive",-0.0203093232696483,0.990899800726823
"T27_B2_Az16_A1","T27_B2_Az16_A1","IMG_5370",-0.02082406,715,3,"B2_Az16","B2","T27",27,"Ambiant","Ctrl","Yes","Naive",-0.0197495152201584,0.992935309956954
"T27_B2_Az17_D3","T27_B2_Az17_D3","IMG_7194",-0.026877981,715,5,"B2_Az17","B2","T27",27,"Ambiant","Ctrl","Yes","Naive",-0.0263815170248533,0.996564378216355
"T27_B2_Az18_D4","T27_B2_Az18_D4","IMG_3602",-0.021959497,727,1,"B2_Az18","B2","T27",27,"Ambiant","Ctrl","Yes","None",-0.022292710458098,0.864387260452839
"T27_B2_Az19_B4","T27_B2_Az19_B4","IMG_7596",-0.016347343,715,6,"B2_Az19","B2","T27",27,"Ambiant","Ctrl","Yes","Naive",-0.0188915168782829,0.971114137678575
"T27_B2_Az2_A6","T27_B2_Az2_A6","IMG_7226",-0.01535455,727,5,"B2_Az2","B2","T27",27,"Ambiant","Ctrl","Yes","Naive",-0.0154555409617455,0.981679917207056
"T27_B2_Az20_A6","T27_B2_Az20_A6","IMG_5758",-0.023283475,727,4,"B2_Az20","B2","T27",27,"Ambiant","Ctrl","Yes","Naive",-0.0234555362997433,0.976057940767368
"T27_B2_Az3_C6","T27_B2_Az3_C6","IMG_5392",-0.012588691,727,3,"B2_Az3","B2","T27",27,"Ambiant","Ctrl","Yes","Naive",NA,NA
"T27_B2_Az4_A5","T27_B2_Az4_A5","IMG_9144",-0.00328555,715,7,"B2_Az4","B2","T27",27,"Ambiant","Ctrl","Yes","Naive",-0.00654624028511159,0.880162091355317
"T27_B2_Az5_D3","T27_B2_Az5_D3","IMG_3546",-0.025144489,715,1,"B2_Az5","B2","T27",27,"Ambiant","Ctrl","Yes","None",-0.0239021973149044,0.976835130352034
"T27_B2_Az6_D3","T27_B2_Az6_D3","IMG_3932",-0.025525834,715,2,"B2_Az6","B2","T27",27,"Ambiant","Ctrl","Yes","Naive",-0.025388861196825,0.928663384586851
"T27_B2_Az7_D5","T27_B2_Az7_D5","IMG_3973",-0.005281365,727,2,"B2_Az7","B2","T27",27,"Ambiant","Ctrl","Yes","Naive",-0.00600180543159566,0.97320765096507
"T27_B2_Az8_D1","T27_B2_Az8_D1","IMG_9470",-0.020463479,715,8,"B2_Az8","B2","T27",27,"Ambiant","Ctrl","Yes","Naive",-0.0198647798411493,0.907786235760636
"T27_B2_Az9_C1","T27_B2_Az9_C1","IMG_9226",-0.006286213,727,7,"B2_Az9","B2","T27",27,"Ambiant","Ctrl","Yes","Naive",-0.00646180677829999,0.850596674905119
"T27_B4_Az1_D3","T27_B4_Az1_D3","IMG_9455",-0.007242498,715,8,"B4_Az1","B4","T27",27,"Ambiant","Pred","Yes","Naive",-0.0107368119386936,0.757070528597434
"T27_B4_Az10_D2","T27_B4_Az10_D2","IMG_5366",-0.026933518,715,3,"B4_Az10","B4","T27",27,"Ambiant","Pred","Yes","Naive",-0.0248075603406857,0.99423486368068
"T27_B4_Az11_C3","T27_B4_Az11_C3","IMG_3542",-0.023617278,715,1,"B4_Az11","B4","T27",27,"Ambiant","Pred","Yes","None",-0.0242002446533056,0.982046707117858
"T27_B4_Az12_C1","T27_B4_Az12_C1","IMG_3564",-0.028124943,715,1,"B4_Az12","B4","T27",27,"Ambiant","Pred","Yes","None",-0.0273853521305192,0.995712393286517
"T27_B4_Az13_D3","T27_B4_Az13_D3","IMG_7612",-0.010269302,715,6,"B4_Az13","B4","T27",27,"Ambiant","Pred","Yes","Naive",-0.0118477471626165,0.960818809002684
"T27_B4_Az14_C6","T27_B4_Az14_C6","IMG_9140",0.003277827,715,7,"B4_Az14","B4","T27",27,"Ambiant","Pred","Yes","Naive",NA,NA
"T27_B4_Az15_C1","T27_B4_Az15_C1","IMG_5380",-0.018054321,715,3,"B4_Az15","B4","T27",27,"Ambiant","Pred","Yes","Naive",-0.019176495494055,0.982609139272808
"T27_B4_Az16_D4","T27_B4_Az16_D4","IMG_7667",-0.010364219,727,6,"B4_Az16","B4","T27",27,"Ambiant","Pred","Yes","Naive",-0.0110779292439923,0.928073339578792
"T27_B4_Az17_D1","T27_B4_Az17_D1","IMG_7214",-0.013988909,715,5,"B4_Az17","B4","T27",27,"Ambiant","Pred","Yes","Naive",-0.011582305533782,0.261388780129069
"T27_B4_Az18_B6","T27_B4_Az18_B6","IMG_3957",-0.02208664,727,2,"B4_Az18","B4","T27",27,"Ambiant","Pred","Yes","Naive",-0.0216842602680274,0.998755663873268
"T27_B4_Az19_A4","T27_B4_Az19_A4","IMG_7247",-0.025292578,727,5,"B4_Az19","B4","T27",27,"Ambiant","Pred","Yes","Naive",-0.0241669571464021,0.99021673585738
"T27_B4_Az2_A4","T27_B4_Az2_A4","IMG_9152",-0.009275897,715,7,"B4_Az2","B4","T27",27,"Ambiant","Pred","Yes","Naive",-0.0124366885609378,0.616931412277435
"T27_B4_Az20_B3","T27_B4_Az20_B3","IMG_5734",-0.015411088,715,4,"B4_Az20","B4","T27",27,"Ambiant","Pred","Yes","Naive",-0.0153921125646113,0.951633048824579
"T27_B4_Az3_C1","T27_B4_Az3_C1","IMG_9508",-0.007625171,727,8,"B4_Az3","B4","T27",27,"Ambiant","Pred","Yes","Naive",-0.00819577664267513,0.864094826350245
"T27_B4_Az4_D3","T27_B4_Az4_D3","IMG_3608",-0.019895892,727,1,"B4_Az4","B4","T27",27,"Ambiant","Pred","Yes","None",-0.0192007639346028,0.96956638425241
"T27_B4_Az5_B3","T27_B4_Az5_B3","IMG_3925",-0.02376015,715,2,"B4_Az5","B4","T27",27,"Ambiant","Pred","Yes","Naive",-0.0239097513474641,0.997360482470919
"T27_B4_Az6_A4","T27_B4_Az6_A4","IMG_5778",-0.008670202,727,4,"B4_Az6","B4","T27",27,"Ambiant","Pred","Yes","Naive",-0.0088106230443888,0.943674512579418
"T27_B4_Az7_A3","T27_B4_Az7_A3","IMG_9206",0.002057951,727,7,"B4_Az7","B4","T27",27,"Ambiant","Pred","Yes","Naive",-0.00259104320035912,0.475545458330323
"T27_B4_Az8_B5","T27_B4_Az8_B5","IMG_5403",-0.02502515,727,3,"B4_Az8","B4","T27",27,"Ambiant","Pred","Yes","Naive",-0.0246860261938307,0.993480542707008
"T27_B4_Az9_C5","T27_B4_Az9_C5","IMG_7167",-0.023081122,715,5,"B4_Az9","B4","T27",27,"Ambiant","Pred","Yes","Naive",-0.0218476387919495,0.989455264220094
"T27_B5_Az1_B3","T27_B5_Az1_B3","IMG_9210",-0.005215337,727,7,"B5_Az1","B5","T27",27,"Warm","Pred","Yes","Naive",-0.00882973154147664,0.967506483923346
"T27_B5_Az10_B2","T27_B5_Az10_B2","IMG_9460",0.002910365,715,8,"B5_Az10","B5","T27",27,"Warm","Pred","Yes","Naive",-0.00738381062832163,0.422041515663602
"T27_B5_Az11_C6","T27_B5_Az11_C6","IMG_7155",-0.014129734,715,5,"B5_Az11","B5","T27",27,"Warm","Pred","Yes","Naive",NA,NA
"T27_B5_Az12_C6","T27_B5_Az12_C6","IMG_3962",-0.021441861,727,2,"B5_Az12","B5","T27",27,"Warm","Pred","Yes","Naive",NA,NA
"T27_B5_Az13_B2","T27_B5_Az13_B2","IMG_7273",-0.013570318,727,5,"B5_Az13","B5","T27",27,"Warm","Pred","Yes","Naive",-0.0129257692973802,0.590382099908249
"T27_B5_Az14_C1","T27_B5_Az14_C1","IMG_5814",-0.015468582,727,4,"B5_Az14","B5","T27",27,"Warm","Pred","Yes","Naive",-0.0158193697507384,0.933435898298069
"T27_B5_Az15_D5","T27_B5_Az15_D5","IMG_5407",-0.034483652,727,3,"B5_Az15","B5","T27",27,"Warm","Pred","Yes","Naive",-0.0313536267645778,0.992913084069119
"T27_B5_Az16_B5","T27_B5_Az16_B5","IMG_5321",-0.0233634,715,3,"B5_Az16","B5","T27",27,"Warm","Pred","Yes","Naive",-0.0195593315603454,0.976579775291118
"T27_B5_Az17_A3","T27_B5_Az17_A3","IMG_9493",-0.012042389,727,8,"B5_Az17","B5","T27",27,"Warm","Pred","Yes","Naive",-0.0192085164399135,0.855369387244284
"T27_B5_Az18_A5","T27_B5_Az18_A5","IMG_3518",-0.02332821,715,1,"B5_Az18","B5","T27",27,"Warm","Pred","Yes","None",-0.0224033069923042,0.951308628026765
"T27_B5_Az19_B4","T27_B5_Az19_B4","IMG_7663",-0.007389721,727,6,"B5_Az19","B5","T27",27,"Warm","Pred","Yes","Naive",-0.00901157869536238,0.895694874042805
"T27_B5_Az2_D2","T27_B5_Az2_D2","IMG_9174",-0.007844866,715,7,"B5_Az2","B5","T27",27,"Warm","Pred","Yes","Naive",-0.0102143681546653,0.779475186397799
"T27_B5_Az20_C2","T27_B5_Az20_C2","IMG_5746",-0.008020439,715,4,"B5_Az20","B5","T27",27,"Warm","Pred","Yes","Naive",-0.00794190903313928,0.927739164055207
"T27_B5_Az3_B3","T27_B5_Az3_B3","",-0.01925596,727,1,"B5_Az3","B5","T27",27,"Warm","Pred","Yes","None",-0.0195910747214343,0.954504123084473
"T27_B5_Az4_A3","T27_B5_Az4_A3","IMG_5420",-0.009166163,727,3,"B5_Az4","B5","T27",27,"Warm","Pred","Yes","Naive",-0.0124252515459093,0.915694661843375
"T27_B5_Az5_D5","T27_B5_Az5_D5","IMG_3912",-0.026463952,715,2,"B5_Az5","B5","T27",27,"Warm","Pred","Yes","Naive",-0.00679646069957246,0.184381583061037
"T27_B5_Az6_C2","T27_B5_Az6_C2","IMG_3939",-0.020222547,715,2,"B5_Az6","B5","T27",27,"Warm","Pred","Yes","Naive",-0.0142054732717475,0.509714443588443
"T27_B5_Az7_C4","T27_B5_Az7_C4","IMG_7252",-0.0163926,727,5,"B5_Az7","B5","T27",27,"Warm","Pred","Yes","Naive",-0.0123318388312097,0.701420496006281
"T27_B5_Az8_D5","T27_B5_Az8_D5","IMG_9486",-0.017263966,727,8,"B5_Az8","B5","T27",27,"Warm","Pred","Yes","Naive",-0.0178785375375209,0.961499664559819
"T27_B5_Az9_B5","T27_B5_Az9_B5","IMG_7585",-0.010559252,715,6,"B5_Az9","B5","T27",27,"Warm","Pred","Yes","Naive",-0.0116030083039037,0.887355744870879
"T27_B6_Az1_D6","T27_B6_Az1_D6","IMG_3574",-0.022875892,727,1,"B6_Az1","B6","T27",27,"Ambiant","Pred","Yes","None",NA,NA
"T27_B6_Az10_A5","T27_B6_Az10_A5","IMG_7646",-0.023709377,727,6,"B6_Az10","B6","T27",27,"Ambiant","Pred","Yes","Naive",-0.0233904337493762,0.889830300176767
"T27_B6_Az11_B3","T27_B6_Az11_B3","IMG_7184",-0.001570495,715,5,"B6_Az11","B6","T27",27,"Ambiant","Pred","Yes","Naive",0.0100512990627803,0.311048249662448
"T27_B6_Az12_C5","T27_B6_Az12_C5","IMG_5773",-0.013341017,727,4,"B6_Az12","B6","T27",27,"Ambiant","Pred","Yes","Naive",-0.00692449364236843,0.246108252196176
"T27_B6_Az13_B2","T27_B6_Az13_B2","IMG_5432",-0.003171144,727,3,"B6_Az13","B6","T27",27,"Ambiant","Pred","Yes","Naive",-0.00816309681974526,0.990245147587303
"T27_B6_Az14_C4","T27_B6_Az14_C4","IMG_9449",-0.003357631,715,8,"B6_Az14","B6","T27",27,"Ambiant","Pred","Yes","Naive",-0.00664880936925433,0.913484565018836
"T27_B6_Az15_B5","T27_B6_Az15_B5","IMG_3968",-0.012174251,727,2,"B6_Az15","B6","T27",27,"Ambiant","Pred","Yes","Naive",-0.0143483987467034,0.969948195082072
"T27_B6_Az16_A6","T27_B6_Az16_A6","IMG_5702",0.000481447,715,4,"B6_Az16","B6","T27",27,"Ambiant","Pred","Yes","Naive",-0.000365060370418547,-0.00242849775764542
"T27_B6_Az17_D1","T27_B6_Az17_D1","IMG_4013",-0.014497174,727,2,"B6_Az17","B6","T27",27,"Ambiant","Pred","Yes","Naive",-0.0167557953211214,0.908928457537118
"T27_B6_Az18_A6","T27_B6_Az18_A6","IMG_3509",-0.021264343,715,1,"B6_Az18","B6","T27",27,"Ambiant","Pred","Yes","None",-0.0208461812212209,0.982548683684239
"T27_B6_Az19_A5","T27_B6_Az19_A5","IMG_5319",-0.002757248,715,3,"B6_Az19","B6","T27",27,"Ambiant","Pred","Yes","Naive",-0.013615094236632,0.502319025777092
"T27_B6_Az2_C2","T27_B6_Az2_C2","IMG_9171",-0.007399217,715,7,"B6_Az2","B6","T27",27,"Ambiant","Pred","Yes","Naive",-0.00934116371438993,0.334921255317165
"T27_B6_Az20_B4","T27_B6_Az20_B4","IMG_5410",-0.009552759,727,3,"B6_Az20","B6","T27",27,"Ambiant","Pred","Yes","Naive",-0.0104261762504388,0.956992976058436
"T27_B6_Az3_B5","T27_B6_Az3_B5","IMG_9482",-0.014874885,727,8,"B6_Az3","B6","T27",27,"Ambiant","Pred","Yes","Naive",-0.0178560974558298,0.381747677042291
"T27_B6_Az4_B5","T27_B6_Az4_B5","IMG_9439",-0.001154438,715,8,"B6_Az4","B6","T27",27,"Ambiant","Pred","Yes","Naive",-0.00422569368244531,0.562375773726486
"T27_B6_Az5_B2","T27_B6_Az5_B2","IMG_9217",0.001972829,727,7,"B6_Az5","B6","T27",27,"Ambiant","Pred","Yes","Naive",0.0156551259220199,0.538578096796949
"T27_B6_Az6_A2","T27_B6_Az6_A2","IMG_7269",-0.011196179,727,5,"B6_Az6","B6","T27",27,"Ambiant","Pred","Yes","Naive",-0.0104696846124704,0.350361776116445
"T27_B6_Az7_C4","T27_B6_Az7_C4","IMG_3918",-0.027661754,715,2,"B6_Az7","B6","T27",27,"Ambiant","Pred","Yes","Naive",-0.0147073528186617,0.699106584256777
"T27_B6_Az8_D3","T27_B6_Az8_D3","IMG_7680",-0.026081358,727,6,"B6_Az8","B6","T27",27,"Ambiant","Pred","Yes","Naive",-0.0069025459450336,0.108977221259044
"T27_B6_Az9_D5","T27_B6_Az9_D5","IMG_7593",0.001562561,715,6,"B6_Az9","B6","T27",27,"Ambiant","Pred","Yes","Naive",0.00144369556278636,0.049263973617047
"T27_B7_Az1_C5","T27_B7_Az1_C5","IMG_9193",-0.010069409,727,7,"B7_Az1","B7","T27",27,"Warm","Pred","Yes","Naive",-0.0183370114446992,0.879347874157352
"T27_B7_Az10_B6","T27_B7_Az10_B6","IMG_5763",-0.001963631,727,4,"B7_Az10","B7","T27",27,"Warm","Pred","Yes","Naive",-0.00583856085605215,0.880542060142471
"T27_B7_Az11_D4","T27_B7_Az11_D4","IMG_9157",-0.005463233,715,7,"B7_Az11","B7","T27",27,"Warm","Pred","Yes","Naive",-0.00903531676339886,0.898722986174875
"T27_B7_Az12_A5","T27_B7_Az12_A5","IMG_9436",-0.006651534,715,8,"B7_Az12","B7","T27",27,"Warm","Pred","Yes","Naive",-0.0100389449266821,0.698444873005814
"T27_B7_Az13_B5","T27_B7_Az13_B5","IMG_3521",-0.034936147,715,1,"B7_Az13","B7","T27",27,"Warm","Pred","Yes","None",-0.0325983359510176,0.972494189182388
"T27_B7_Az14_A5","T27_B7_Az14_A5","IMG_3964",-0.028786494,727,2,"B7_Az14","B7","T27",27,"Warm","Pred","Yes","Naive",-0.0253924459085011,0.981241280688566
"T27_B7_Az16_B2","T27_B7_Az16_B2","IMG_9501",-0.013344895,727,8,"B7_Az16","B7","T27",27,"Warm","Pred","Yes","Naive",-0.013776201614988,0.947597078752554
"T27_B7_Az17_D5","T27_B7_Az17_D5","IMG_7243",-0.022355172,727,5,"B7_Az17","B7","T27",27,"Warm","Pred","Yes","Naive",-0.0228242617363744,0.963921738336569
"T27_B7_Az18_D3","T27_B7_Az18_D3","IMG_5740",-0.026713188,715,4,"B7_Az18","B7","T27",27,"Warm","Pred","Yes","Naive",-0.0264794831246848,0.995605558740046
"T27_B7_Az19_B6","T27_B7_Az19_B6","IMG_3903",-0.028003118,715,2,"B7_Az19","B7","T27",27,"Warm","Pred","Yes","Naive",-0.026224305862003,0.985123805281252
"T27_B7_Az2_A3","T27_B7_Az2_A3","IMG_7671",-0.01486496,727,6,"B7_Az2","B7","T27",27,"Warm","Pred","Yes","Naive",-0.0166524018226279,0.964394055377766
"T27_B7_Az20_A6","T27_B7_Az20_A6","IMG_5386",-0.013041387,727,3,"B7_Az20","B7","T27",27,"Warm","Pred","Yes","Naive",-0.0135468735447432,0.940691998175224
"T27_B7_Az3_C1","T27_B7_Az3_C1","IMG_7207",-0.026299853,715,5,"B7_Az3","B7","T27",27,"Warm","Pred","Yes","Naive",-0.0260251203633656,0.99794291233492
"T27_B7_Az4_D6","T27_B7_Az4_D6","IMG_7642",-0.013171879,727,6,"B7_Az4","B7","T27",27,"Warm","Pred","Yes","Naive",NA,NA
"T27_B7_Az5_C4","T27_B7_Az5_C4","IMG_3980",-0.037801375,727,2,"B7_Az5","B7","T27",27,"Warm","Pred","Yes","Naive",-0.0381603797995326,0.997609763929427
"T27_B7_Az6_A2","T27_B7_Az6_A2","IMG_5356",-0.009331819,715,3,"B7_Az6","B7","T27",27,"Warm","Pred","Yes","Naive",-0.0108237871068619,0.966507848917229
"T27_B7_Az7_D1","T27_B7_Az7_D1","IMG_5448",-0.021153462,727,3,"B7_Az7","B7","T27",27,"Warm","Pred","Yes","Naive",-0.0123870684303838,0.666384656019614
"T27_B7_Az8_B6","T27_B7_Az8_B6","IMG_7572",-0.000308996,715,6,"B7_Az8","B7","T27",27,"Warm","Pred","Yes","Naive",-0.00794426845755025,0.636272321748783
"T27_B7_Az9_A3","T27_B7_Az9_A3","IMG_9159",0.00104862,715,7,"B7_Az9","B7","T27",27,"Warm","Pred","Yes","Naive",-0.00339652836325424,0.688863943640605
"T27_B9_Az1_D6","T27_B9_Az1_D6","IMG_5766",-0.014415033,727,4,"B9_Az1","B9","T27",27,"Warm","Pred","Yes","Naive",NA,NA
"T27_B9_Az10_C2","T27_B9_Az10_C2","IMG_4002",-0.01343532,727,2,"B9_Az10","B9","T27",27,"Warm","Pred","Yes","Naive",-0.0164707905456853,0.95805980698206
"T27_B9_Az11_B6","T27_B9_Az11_B6","IMG_9185",-0.007037322,727,7,"B9_Az11","B9","T27",27,"Warm","Pred","Yes","Naive",-0.00663432248475084,0.888733271592048
"T27_B9_Az12_A3","T27_B9_Az12_A3","IMG_3923",-0.035427728,715,2,"B9_Az12","B9","T27",27,"Warm","Pred","Yes","Naive",-0.0261790258377386,0.913486670805127
"T27_B9_Az14_C2","T27_B9_Az14_C2","IMG_7620",-0.007569763,715,6,"B9_Az14","B9","T27",27,"Warm","Pred","Yes","Naive",-0.0193159824347295,0.931178954370272
"T27_B9_Az15_D1","T27_B9_Az15_D1","IMG_7631",-0.010664291,715,6,"B9_Az15","B9","T27",27,"Warm","Pred","Yes","Naive",-0.0133387492212646,0.941513600670953
"T27_B9_Az16_B6","T27_B9_Az16_B6","IMG_3568",-0.004703565,727,1,"B9_Az16","B9","T27",27,"Warm","Pred","Yes","None",-0.0049486875992038,0.900485727841775
"T27_B9_Az17_B1","T27_B9_Az17_B1","IMG_3559",-0.015351182,715,1,"B9_Az17","B9","T27",27,"Warm","Pred","Yes","None",-0.014826749272849,0.976330787830202
"T27_B9_Az18_D5","T27_B9_Az18_D5","IMG_9443",-0.013895152,715,8,"B9_Az18","B9","T27",27,"Warm","Pred","Yes","Naive",-0.00848062383306243,0.29132747561859
"T27_B9_Az19_D5","T27_B9_Az19_D5","IMG_5329",-0.025135667,715,3,"B9_Az19","B9","T27",27,"Warm","Pred","Yes","Naive",-0.0236552906966294,0.996240359908904
"T27_B9_Az2_C2","T27_B9_Az2_C2","IMG_5803",-0.003492409,727,4,"B9_Az2","B9","T27",27,"Warm","Pred","Yes","Naive",-0.00904765886677188,0.855522076637038
"T27_B9_Az20_C6","T27_B9_Az20_C6","IMG_9474",-0.008998521,727,8,"B9_Az20","B9","T27",27,"Warm","Pred","Yes","Naive",NA,NA
"T27_B9_Az3_A6","T27_B9_Az3_A6","IMG_9135",-0.003092006,715,7,"B9_Az3","B9","T27",27,"Warm","Pred","Yes","Naive",-0.0032319104166984,0.566935565528144
"T27_B9_Az4_A5","T27_B9_Az4_A5","IMG_7236",-0.027017927,727,5,"B9_Az4","B9","T27",27,"Warm","Pred","Yes","Naive",-0.0268481788546852,0.981631910182539
"T27_B9_Az5_D5","T27_B9_Az5_D5","IMG_7656",-0.01035154,727,6,"B9_Az5","B9","T27",27,"Warm","Pred","Yes","Naive",-0.0113327937153102,0.956755169651978
"T27_B9_Az6_A5","T27_B9_Az6_A5","IMG_5712",-0.027855446,715,4,"B9_Az6","B9","T27",27,"Warm","Pred","Yes","Naive",-0.0270934338938507,0.950857325395474
"T27_B9_Az7_A3","T27_B9_Az7_A3","IMG_7187",-0.0021106,715,5,"B9_Az7","B9","T27",27,"Warm","Pred","Yes","Naive",-0.00577224733106108,0.139384275360902
"T27_B9_Az8_C3","T27_B9_Az8_C3","IMG_5422",-0.018018451,727,3,"B9_Az8","B9","T27",27,"Warm","Pred","Yes","Naive",-0.017592640848214,0.903724863013299
"T27_B9_Az9_D4","T27_B9_Az9_D4","IMG_3534",-0.016761257,715,1,"B9_Az9","B9","T27",27,"Warm","Pred","Yes","None",-0.0158310640999166,0.951912591513821
"T27_C1_Az1_A2","T27_C1_Az1_A2","IMG_3612",-0.018787271,727,1,"C1_Az1","C1","T27",27,"Ambiant","Pred","Yes","None",-0.0166176760440941,0.90665378188945
"T27_C1_Az10_C6","T27_C1_Az10_C6","IMG_7577",-0.015124014,715,6,"C1_Az10","C1","T27",27,"Ambiant","Pred","Yes","Naive",NA,NA
"T27_C1_Az11_D6","T27_C1_Az11_D6","IMG_7223",-0.019076176,727,5,"C1_Az11","C1","T27",27,"Ambiant","Pred","Yes","Naive",NA,NA
"T27_C1_Az12_C4","T27_C1_Az12_C4","IMG_9202",-0.008295994,727,7,"C1_Az12","C1","T27",27,"Ambiant","Pred","Yes","Naive",-0.00879698899977913,0.877800548462239
"T27_C1_Az13_D4","T27_C1_Az13_D4","IMG_5728",-0.021995727,715,4,"C1_Az13","C1","T27",27,"Ambiant","Pred","Yes","Naive",-0.0217108718208919,0.980848626124145
"T27_C1_Az14_A1","T27_C1_Az14_A1","IMG_3942",-0.023897172,715,2,"C1_Az14","C1","T27",27,"Ambiant","Pred","Yes","Naive",-0.0216822742902495,0.980815325770131
"T27_C1_Az15_A4","T27_C1_Az15_A4","IMG_3529",-0.023413775,715,1,"C1_Az15","C1","T27",27,"Ambiant","Pred","Yes","None",-0.0230253681878151,0.971528929024115
"T27_C1_Az16_B1","T27_C1_Az16_B1","IMG_9466",-0.006037357,715,8,"C1_Az16","C1","T27",27,"Ambiant","Pred","Yes","Naive",-0.0112859092369175,0.879236283932922
"T27_C1_Az17_C5","T27_C1_Az17_C5","IMG_9484",-0.020500462,727,8,"C1_Az17","C1","T27",27,"Ambiant","Pred","Yes","Naive",-0.020209333299085,0.950337006121541
"T27_C1_Az18_A5","T27_C1_Az18_A5","IMG_3577",-0.026332999,727,1,"C1_Az18","C1","T27",27,"Ambiant","Pred","Yes","None",-0.0263883828958456,0.992187366461224
"T27_C1_Az19_C3","T27_C1_Az19_C3","IMG_5793",-0.017863227,727,4,"C1_Az19","C1","T27",27,"Ambiant","Pred","Yes","Naive",-0.0150999168176645,0.56291768328021
"T27_C1_Az2_B1","T27_C1_Az2_B1","IMG_4007",-0.017989279,727,2,"C1_Az2","C1","T27",27,"Ambiant","Pred","Yes","Naive",-0.0194479999332803,0.989703465825947
"T27_C1_Az20_B6","T27_C1_Az20_B6","IMG_5312",-0.014494247,715,3,"C1_Az20","C1","T27",27,"Ambiant","Pred","Yes","Naive",-0.0132903283289034,0.95037691191261
"T27_C1_Az3_B6","T27_C1_Az3_B6","IMG_5390",-0.010654243,727,3,"C1_Az3","C1","T27",27,"Ambiant","Pred","Yes","Naive",-0.0113763864535709,0.985230848716197
"T27_C1_Az4_C5","T27_C1_Az4_C5","IMG_9441",-0.035978124,715,8,"C1_Az4","C1","T27",27,"Ambiant","Pred","Yes","Naive",-0.033606527446029,0.888219349679959
"T27_C1_Az5_D3","T27_C1_Az5_D3","IMG_5424",-0.032443465,727,3,"C1_Az5","C1","T27",27,"Ambiant","Pred","Yes","Naive",-0.0220307895568139,0.897617989036955
"T27_C1_Az6_A4","T27_C1_Az6_A4","IMG_7658",-0.011958196,727,6,"C1_Az6","C1","T27",27,"Ambiant","Pred","Yes","Naive",-0.0117183044993085,0.938784269559698
"T27_C1_Az7_D3","T27_C1_Az7_D3","IMG_9164",-0.016987712,715,7,"C1_Az7","C1","T27",27,"Ambiant","Pred","Yes","Naive",-0.0171196064384561,0.992307590580298
"T27_C1_Az8_B2","T27_C1_Az8_B2","IMG_7195",-0.016704784,715,5,"C1_Az8","C1","T27",27,"Ambiant","Pred","Yes","Naive",-0.0165795697119223,0.978201806731527
"T27_C1_Az9_B3","T27_C1_Az9_B3","IMG_7262",-0.011701384,727,5,"C1_Az9","C1","T27",27,"Ambiant","Pred","Yes","Naive",-0.0115019782145278,0.97254767568663
"T27_C3_Az1_B2","T27_C3_Az1_B2","IMG_5798",-0.009603301,727,4,"C3_Az1","C3","T27",27,"Ambiant","Pred","Yes","Naive",-0.00969750280157512,0.945742500939448
"T27_C3_Az10_C1","T27_C3_Az10_C1","",-0.035294843,715,2,"C3_Az10","C3","T27",27,"Ambiant","Pred","Yes","Naive",-0.0328721878515458,0.985524997276796
"T27_C3_Az11_D1","T27_C3_Az11_D1","IMG_7281",-0.026391143,727,5,"C3_Az11","C3","T27",27,"Ambiant","Pred","Yes","Naive",-0.0255269834507341,0.984524306964762
"T27_C3_Az12_B5","T27_C3_Az12_B5","IMG_5714",-0.034842523,715,4,"C3_Az12","C3","T27",27,"Ambiant","Pred","Yes","Naive",-0.0337571538932639,0.96580557193544
"T27_C3_Az13_C2","T27_C3_Az13_C2","IMG_5361",-0.028676302,715,3,"C3_Az13","C3","T27",27,"Ambiant","Pred","Yes","Naive",-0.0255407152739149,0.990626544882229
"T27_C3_Az14_A4","T27_C3_Az14_A4","IMG_7172",-0.011267168,715,5,"C3_Az14","C3","T27",27,"Ambiant","Pred","Yes","Naive",-0.0112339263347069,0.898331786954105
"T27_C3_Az15_D2","T27_C3_Az15_D2","IMG_5750",-0.034990612,715,4,"C3_Az15","C3","T27",27,"Ambiant","Pred","Yes","Naive",-0.034525171679237,0.991728867268511
"T27_C3_Az16_B3","T27_C3_Az16_B3","IMG_9494",0.00338746,727,8,"C3_Az16","C3","T27",27,"Ambiant","Pred","Yes","Naive",-0.00646974708996289,0.672021946943182
"T27_C3_Az17_D6","T27_C3_Az17_D6","IMG_9478",-0.017460018,727,8,"C3_Az17","C3","T27",27,"Ambiant","Pred","Yes","Naive",NA,NA
"T27_C3_Az18_A1","T27_C3_Az18_A1","IMG_7623",-0.004855066,715,6,"C3_Az18","C3","T27",27,"Ambiant","Pred","Yes","Naive",-0.00767781999276817,0.730405435695156
"T27_C3_Az19_A6","T27_C3_Az19_A6","IMG_9431",-0.029262947,715,8,"C3_Az19","C3","T27",27,"Ambiant","Pred","Yes","Naive",-0.0276406091283198,0.949685337212603
"T27_C3_Az2_C6","T27_C3_Az2_C6","IMG_3571",-0.035307091,727,1,"C3_Az2","C3","T27",27,"Ambiant","Pred","Yes","None",NA,NA
"T27_C3_Az20_C6","T27_C3_Az20_C6","IMG_7639",-0.012625845,727,6,"C3_Az20","C3","T27",27,"Ambiant","Pred","Yes","Naive",NA,NA
"T27_C3_Az3_D2","T27_C3_Az3_D2","IMG_5441",-0.029762945,727,3,"C3_Az3","C3","T27",27,"Ambiant","Pred","Yes","Naive",-0.0188307915763194,0.703743422758178
"T27_C3_Az4_C5","T27_C3_Az4_C5","IMG_3971",-0.029816015,727,2,"C3_Az4","C3","T27",27,"Ambiant","Pred","Yes","Naive",-0.0350258708033838,0.942492357897724
"T27_C3_Az5_C2","T27_C3_Az5_C2","IMG_7687",-0.011498055,727,6,"C3_Az5","C3","T27",27,"Ambiant","Pred","Yes","Naive",-0.0131956085602227,0.930278242305938
"T27_C3_Az6_B2","T27_C3_Az6_B2","IMG_3615",-0.017660266,727,1,"C3_Az6","C3","T27",27,"Ambiant","Pred","Yes","None",-0.0189587982223779,0.937502634051509
"T27_C3_Az7_A2","T27_C3_Az7_A2","IMG_9165",-0.002731636,715,7,"C3_Az7","C3","T27",27,"Ambiant","Pred","Yes","Naive",-0.0064228152079791,0.578583410444968
"T27_C3_Az8_D2","T27_C3_Az8_D2","IMG_9222",0.014654818,727,7,"C3_Az8","C3","T27",27,"Ambiant","Pred","Yes","Naive",-0.00969182465121955,0.200053813370625
"T27_C3_Az9_C4","T27_C3_Az9_C4","IMG_3598",-0.015501863,727,1,"C3_Az9","C3","T27",27,"Ambiant","Pred","Yes","None",-0.0161186138788519,0.952347681675988
"T27_C5_Az1_D2","T27_C5_Az1_D2","IMG_3621",-0.019186716,727,1,"C5_Az1","C5","T27",27,"Ambiant","Ctrl","Yes","None",-0.0177803669886382,0.946532380181217
"T27_C5_Az10_D2","T27_C5_Az10_D2","IMG_9463",-0.018835693,715,8,"C5_Az10","C5","T27",27,"Ambiant","Ctrl","Yes","Naive",-0.0241431097004488,0.733292537312265
"T27_C5_Az11_A5","T27_C5_Az11_A5","IMG_5397",-0.021320059,727,3,"C5_Az11","C5","T27",27,"Ambiant","Ctrl","Yes","Naive",-0.0217866822840675,0.994292003550822
"T27_C5_Az12_B2","T27_C5_Az12_B2","IMG_3935",-0.027979857,715,2,"C5_Az12","C5","T27",27,"Ambiant","Ctrl","Yes","Naive",-0.0201380917545756,0.683452945891684
"T27_C5_Az13_B6","T27_C5_Az13_B6","IMG_9433",0.002200872,715,8,"C5_az13","C5","T27",27,"Ambiant","Ctrl","Yes","Naive",NA,NA
"T27_C5_Az14_D4","T27_C5_Az14_D4","IMG_7254",-0.015642728,727,5,"C5_Az14","C5","T27",27,"Ambiant","Ctrl","Yes","Naive",-0.0152995001608628,0.977326478719305
"T27_C5_Az15_C4","T27_C5_Az15_C4","IMG_5724",-0.020391303,715,4,"C5_Az15","C5","T27",27,"Ambiant","Ctrl","Yes","Naive",-0.0199065169191586,0.946431976858322
"T27_C5_Az16_B5","T27_C5_Az16_B5","IMG_3582",-0.017594312,727,1,"C5_Az16","C5","T27",27,"Ambiant","Ctrl","Yes","None",-0.0175182313165771,0.902934788400191
"T27_C5_Az17_C1","T27_C5_Az17_C1","IMG_9468",-0.010829638,715,8,"C5_Az17","C5","T27",27,"Ambiant","Ctrl","Yes","Naive",-0.0176527945520008,0.708675727175306
"T27_C5_Az18_D2","T27_C5_Az18_D2","IMG_4004",-0.029593815,727,2,"C5_Az18","C5","T27",27,"Ambiant","Ctrl","Yes","Naive",-0.0305138135143342,0.988303355589847
"T27_C5_Az19_C3","T27_C5_Az19_C3","IMG_5354",-0.022573676,715,3,"C5_Az19","C5","T27",27,"Ambiant","Ctrl","Yes","Naive",-0.020363950535038,0.925769273936062
"T27_C5_Az2_A3","T27_C5_Az2_A3","IMG_7603",-0.004363314,715,6,"C5_Az2","C5","T27",27,"Ambiant","Ctrl","Yes","Naive",-0.00661886313309191,0.726898773118724
"T27_C5_Az20_D1","T27_C5_Az20_D1","IMG_5384",-0.022316,715,3,"C5_Az20","C5","T27",27,"Ambiant","Ctrl","Yes","Naive",-0.00510000501506212,0.0856963178099491
"T27_C5_Az3_D4","T27_C5_Az3_D4","IMG_9451",-0.021234908,715,8,"C5_Az3","C5","T27",27,"Ambiant","Ctrl","Yes","Naive",-0.0143493078560566,0.203404190473136
"T27_C5_Az4_C3","T27_C5_Az4_C3","IMG_7677",-0.016672725,727,6,"C5_Az4","C5","T27",27,"Ambiant","Ctrl","Yes","Naive",-0.0171439739770052,0.62671828475764
"T27_C5_Az5_A3","T27_C5_Az5_A3","IMG_5788",-0.021116043,727,4,"C5_Az5","C5","T27",27,"Ambiant","Ctrl","Yes","Naive",-0.0214769587189137,0.949234980002685
"T27_C5_Az6_A5","T27_C5_Az6_A5","IMG_7165",-0.021526165,715,5,"C5_Az6","C5","T27",27,"Ambiant","Ctrl","Yes","Naive",-0.0208714174288016,0.979493391180415
"T27_C5_Az7_D1","T27_C5_Az7_D1","IMG_9511",-0.004118115,727,8,"C5_Az7","C5","T27",27,"Ambiant","Ctrl","Yes","Naive",-0.00838283016023912,0.439781705616164
"T27_C5_Az8_B6","T27_C5_Az8_B6","IMG_3511",-0.021855163,715,1,"C5_Az8","C5","T27",27,"Ambiant","Ctrl","Yes","None",-0.0210729061608638,0.975226923042025
"T27_C5_Az9_A1","T27_C5_Az9_A1","IMG_7202",-0.004247656,715,5,"C5_Az9","C5","T27",27,"Ambiant","Ctrl","Yes","Naive",-0.00315330874553622,0.630048268385215
"T27_C8_Az1_B1","T27_C8_Az1_B1","IMG_9224",-0.008336875,727,7,"C8_Az1","C8","T27",27,"Warm","Pred","Yes","Naive",-0.00835303422389584,0.934266110882538
"T27_C8_Az10_C3","T27_C8_Az10_C3","IMG_3930",-0.02844691,715,2,"C8_Az10","C8","T27",27,"Warm","Pred","Yes","Naive",-0.0288395528496704,0.988841792083576
"T27_C8_Az11_B3","T27_C8_Az11_B3","IMG_7605",-0.009573192,715,6,"C8_Az11","C8","T27",27,"Warm","Pred","Yes","Naive",-0.0128514467683893,0.87595016500945
"T27_C8_Az12_A4","T27_C8_Az12_A4","IMG_5332",-0.017590668,715,3,"C8_Az12","C8","T27",27,"Warm","Pred","Yes","Naive",-0.016888600658131,0.96578945870733
"T27_C8_Az13_B1","T27_C8_Az13_B1","IMG_7690",-0.012926967,727,6,"C8_Az13","C8","T27",27,"Warm","Pred","Yes","Naive",-0.0126945264814773,0.955086275939889
"T27_C8_Az14_C5","T27_C8_Az14_C5","IMG_3584",-0.026901897,727,1,"C8_Az14","C8","T27",27,"Warm","Pred","Yes","None",-0.0273131705889933,0.976180077503315
"T27_C8_Az15_C6","T27_C8_Az15_C6","IMG_7218",-0.010909713,727,5,"C8_Az15","C8","T27",27,"Warm","Pred","Yes","Naive",NA,NA
"T27_C8_Az16_C4","T27_C8_Az16_C4","IMG_7178",-0.006349096,715,5,"C8_Az16","C8","T27",27,"Warm","Pred","Yes","Naive",-0.00703597163664345,0.45697456968214
"T27_C8_Az17_B4","T27_C8_Az17_B4","IMG_9447",-0.005310684,715,8,"C8_Az17","C8","T27",27,"Warm","Pred","Yes","Naive",-0.00903454433866704,0.577804612184583
"T27_C8_Az18_D5","T27_C8_Az18_D5","IMG_7171",-0.017795742,715,5,"C8_Az18","C8","T27",27,"Warm","Pred","Yes","Naive",-0.0218046848840335,0.878291926669426
"T27_C8_Az19_D4","T27_C8_Az19_D4","IMG_9205",-0.008770696,727,7,"C8_Az19","C8","T27",27,"Warm","Pred","Yes","Naive",-0.00867388379337083,0.901017823102534
"T27_C8_Az2_A3","T27_C8_Az2_A3","IMG_3986",-0.0037802,727,2,"C8_Az2","C8","T27",27,"Warm","Pred","Yes","Naive",-0.00543465891518696,0.935597985262632
"T27_C8_Az20_C5","T27_C8_Az20_C5","IMG_9150",-0.001795548,715,7,"C8_Az20","C8","T27",27,"Warm","Pred","Yes","Naive",-0.00137075839432111,0.149687575207977
"T27_C8_Az3_C6","T27_C8_Az3_C6","IMG_5708",-0.025684464,715,4,"C8_Az3","C8","T27",27,"Warm","Pred","Yes","Naive",NA,NA
"T27_C8_Az4_A2","T27_C8_Az4_A2","IMG_5429",-0.021950369,727,3,"C8_Az4","C8","T27",27,"Warm","Pred","Yes","Naive",-0.0201041631582962,0.930297264080086
"T27_C8_Az5_A5","T27_C8_Az5_A5","IMG_9479",-0.02035858,727,8,"C8_Az5","C8","T27",27,"Warm","Pred","Yes","Naive",-0.0205279147902406,0.983062963504559
"T27_C8_Az6_A5","T27_C8_Az6_A5","IMG_3906",-0.012365424,715,2,"C8_Az6","C8","T27",27,"Warm","Pred","Yes","Naive",-0.00489799691234966,0.217707183572952
"T27_C8_Az7_B3","T27_C8_Az7_B3","IMG_3541",-0.03260528,715,1,"C8_Az7","C8","T27",27,"Warm","Pred","Yes","None",-0.0312563881595496,0.970166503632881
"T27_C8_Az8_B1","T27_C8_Az8_B1","IMG_5371",-0.031632391,715,3,"C8_Az8","C8","T27",27,"Warm","Pred","Yes","Naive",-0.0266759090074893,0.981681061547431
"T27_C8_Az9_B3","T27_C8_Az9_B3","IMG_5791",-0.012160301,727,4,"C8_Az9","C8","T27",27,"Warm","Pred","Yes","Naive",-0.0129005770613918,0.889194606489768
"T27_C9_Az1_D2","T27_C9_Az1_D2","IMG_3557",-0.024136717,715,1,"C9_Az1","C9","T27",27,"Ambiant","Pred","Yes","None",-0.0237562403944609,0.993718260004409
"T27_C9_Az10_B4","T27_C9_Az10_B4","IMG_3595",-0.003707662,727,1,"C9_Az10","C9","T27",27,"Ambiant","Pred","Yes","None",-0.0040769340017547,0.883657688589251
"T27_C9_Az11_D1","T27_C9_Az11_D1","IMG_5817",-0.031727016,727,4,"C9_Az11","C9","T27",27,"Ambiant","Pred","Yes","Naive",-0.0295320828349411,0.900573390871803
"T27_C9_Az12_D2","T27_C9_Az12_D2","IMG_9505",-0.025144291,727,8,"C9_Az12","C9","T27",27,"Ambiant","Pred","Yes","Naive",-0.0216918916535215,0.645061674100381
"T27_C9_Az13_C2","T27_C9_Az13_C2","IMG_9462",-0.011451907,715,8,"C9_Az13","C9","T27",27,"Ambiant","Pred","Yes","Naive",-0.0117242250668256,0.902202377892574
"T27_C9_Az14_C1","T27_C9_Az14_C1","IMG_7695",-0.017174722,727,6,"C9_Az14","C9","T27",27,"Ambiant","Pred","Yes","Naive",-0.0203383152579779,0.949820204319041
"T27_C9_Az15_B1","T27_C9_Az15_B1","IMG_9179",-0.003469433,715,7,"C9_Az15","C9","T27",27,"Ambiant","Pred","Yes","Naive",-0.00498670816911786,0.309669824254795
"T27_C9_Az16_D6","T27_C9_Az16_D6","IMG_5394",-0.024867769,727,3,"C9_Az16","C9","T27",27,"Ambiant","Pred","Yes","Naive",NA,NA
"T27_C9_Az17_C4","T27_C9_Az17_C4","IMG_5341",-0.009022133,715,3,"C9_Az17","C9","T27",27,"Ambiant","Pred","Yes","Naive",-0.0134497014551379,0.763027519025744
"T27_C9_Az18_B4","T27_C9_Az18_B4","IMG_7257",-0.003091029,727,5,"C9_Az18","C9","T27",27,"Ambiant","Pred","Yes","Naive",-0.00546394447171242,0.870128352444781
"T27_C9_Az19_B1","T27_C9_Az19_B1","IMG_5751",-0.011503196,715,4,"C9_Az19","C9","T27",27,"Ambiant","Pred","Yes","Naive",-0.00335951623720457,0.0403009683650706
"T27_C9_Az2_D1","T27_C9_Az2_D1","IMG_3949",-0.022453715,715,2,"C9_Az2","C9","T27",27,"Ambiant","Pred","Yes","Naive",-0.0211147926845597,0.989312483846028
"T27_C9_Az20_A5","T27_C9_Az20_A5","IMG_7581",-0.008313478,715,6,"C9_Az20","C9","T27",27,"Ambiant","Pred","Yes","Naive",-0.00766220295132534,0.915250388967054
"T27_C9_Az3_B4","T27_C9_Az3_B4","IMG_3977",-0.005425062,727,2,"C9_Az3","C9","T27",27,"Ambiant","Pred","Yes","Naive",-0.00679224592562512,0.955998842386584
"T27_C9_Az4_A4","T27_C9_Az4_A4","IMG_9198",-0.008693329,727,7,"C9_Az4","C9","T27",27,"Ambiant","Pred","Yes","Naive",-0.0125747493937454,0.941806260986099
"T27_C9_Az5_A6","T27_C9_Az5_A6","IMG_9182",-0.003022578,727,7,"C9_Az5","C9","T27",27,"Ambiant","Pred","Yes","Naive",0.00479891254614776,0.30331186101337
"T27_C9_Az6_B4","T27_C9_Az6_B4","IMG_5781",-0.014078004,727,4,"C9_Az6","C9","T27",27,"Ambiant","Pred","Yes","Naive",-0.014068667781928,0.880473516656038
"T27_C9_Az7_B1","T27_C9_Az7_B1","IMG_7204",-0.021171801,715,5,"C9_Az7","C9","T27",27,"Ambiant","Pred","Yes","Naive",-0.0209947334336006,0.905042452570478
"T27_C9_Az8_C1","T27_C9_Az8_C1","IMG_7627",-0.004995153,715,6,"C9_Az8","C9","T27",27,"Ambiant","Pred","Yes","Naive",-0.0220952188808732,0.746415880329391
"T27_C9_Az9_B5","T27_C9_Az9_B5","IMG_3909",-0.032937564,715,2,"C9_Az9","C9","T27",27,"Ambiant","Pred","Yes","Naive",-0.029387948188111,0.988318846750314
"T27_D6_Az1_A3","T27_D6_Az1_A3","IMG_5731",-0.014174917,715,4,"D6_Az1","D6","T27",27,"Ambiant","Ctrl","Yes","Naive",-0.0141362104925187,0.869501849135865
"T27_D6_Az10_D3","T27_D6_Az10_D3","IMG_9211",-0.012850895,727,7,"D6_Az10","D6","T27",27,"Ambiant","Ctrl","Yes","Naive",-0.0135089923290826,0.443174451248197
"T27_D6_Az11_B6","T27_D6_Az11_B6","IMG_7152",-0.015485949,715,5,"D6_Az11","D6","T27",27,"Ambiant","Ctrl","Yes","Naive",-0.0262137469309001,0.846005030546528
"T27_D6_Az12_C3","T27_D6_Az12_C3","IMG_3991",-0.031934491,727,2,"D6_Az12","D6","T27",27,"Ambiant","Ctrl","Yes","Naive",-0.0359816095620048,0.960344584866378
"T27_D6_Az13_B5","T27_D6_Az13_B5","",-0.021024151,727,6,"D6_Az13","D6","T27",27,"Ambiant","Ctrl","Yes","Naive",-0.0204245744207727,0.966521138122544
"T27_D6_Az14_D1","T27_D6_Az14_D1","IMG_3566",-0.03088281,715,1,"D6_Az14","D6","T27",27,"Ambiant","Ctrl","Yes","None",-0.030865428763717,0.973671347980117
"T27_D6_Az15_D4","T27_D6_Az15_D4","IMG_9491",-0.015986803,727,6,"D6_Az15","D6","T27",27,"Ambiant","Ctrl","Yes","Naive",-0.0160975816070859,0.906458145724335
"T27_D6_Az16_C5","T27_D6_Az16_C5","IMG_7587",-0.011000312,715,6,"D6_Az16","D6","T27",27,"Ambiant","Ctrl","Yes","Naive",-0.013214168934502,0.924272102083625
"T27_D6_Az17_A3","T27_D6_Az17_A3","IMG_3604",-0.00841619,727,1,"D6_Az17","D6","T27",27,"Ambiant","Ctrl","Yes","None",-0.00879634355994869,0.897806460187101
"T27_D6_Az18_B1","T27_D6_Az18_B1","IMG_5809",-0.010420176,727,4,"D6_Az18","D6","T27",27,"Ambiant","Ctrl","Yes","Naive",-0.00996865262667439,0.914051019832193
"T27_D6_Az19_A6","T27_D6_Az19_A6","IMG_7570",-0.026903703,715,6,"D6_Az19","D6","T27",27,"Ambiant","Ctrl","Yes","Naive",-0.0109821380472294,0.221778456552517
"T27_D6_Az2_C4","T27_D6_Az2_C4","IMG_9153",-0.006578613,715,7,"D6_Az2","D6","T27",27,"Ambiant","Ctrl","Yes","Naive",-0.011023448452656,0.652452783950557
"T27_D6_Az20_A2","T27_D6_Az20_A2","IMG_9457",-0.012090307,715,8,"D6_Az20","D6","T27",27,"Ambiant","Ctrl","Yes","Naive",-0.012469531338096,0.976408729317316
"T27_D6_Az3_C6","T27_D6_Az3_C6","IMG_9186",-0.002240314,727,7,"D6_Az3","D6","T27",27,"Ambiant","Ctrl","Yes","Naive",NA,NA
"T27_D6_Az4_B2","T27_D6_Az4_B2","IMG_3553",-0.008275896,715,1,"D6_Az4","D6","T27",27,"Ambiant","Ctrl","Yes","None",-0.00598233604691796,0.150555646470113
"T27_D6_Az5_C2","T27_D6_Az5_C2","IMG_5438",-0.017835159,727,3,"D6_Az5","D6","T27",27,"Ambiant","Ctrl","Yes","Naive",-0.0172875409259686,0.939936818634781
"T27_D6_Az6_A4","T27_D6_Az6_A4","IMG_3914",-0.019312459,715,2,"D6_Az6","D6","T27",27,"Ambiant","Ctrl","Yes","Naive",-0.0169692956195656,0.961837107614047
"T27_D6_Az7_C3","T27_D6_Az7_C3","IMG_7266",-0.010599164,727,5,"D6_Az7","D6","T27",27,"Ambiant","Ctrl","Yes","Naive",-0.0112377947362138,0.873601396889151
"T27_D6_Az8_B6","T27_D6_Az8_B6","IMG_5718",-0.024481897,715,4,"D6_Az8","D6","T27",27,"Ambiant","Ctrl","Yes","Naive",-0.0247508433991622,0.923689426797112
"T27_D6_Az9_B4","T27_D6_Az9_B4","IMG_5337",-0.009327254,715,3,"D6_Az9","D6","T27",27,"Ambiant","Ctrl","Yes","Naive",-0.0155740859567018,0.875431025539601
"T27_D7_Az1_C3","T27_D7_Az1_C3","IMG_7188",-0.010934294,715,5,"D7_Az1","D7","T27",27,"Warm","Ctrl","Yes","Naive",-0.0112812176246989,0.936048527660316
"T27_D7_Az10_A2","T27_D7_Az10_A2","IMG_3550",-0.026536925,715,1,"D7_Az10","D7","T27",27,"Warm","Ctrl","Yes","None",-0.0499075269928281,0.825544966898664
"T27_D7_Az11_C1","T27_D7_Az11_C1","IMG_4011",-0.031692329,727,2,"D7_Az11","D7","T27",27,"Warm","Ctrl","Yes","Naive",-0.0346009731840663,0.994013489636111
"T27_D7_Az12_D3","T27_D7_Az12_D3","IMG_9498",-0.013386256,727,8,"D7_Az12","D7","T27",27,"Warm","Ctrl","Yes","Naive",-0.00651373432952393,0.0694637196068302
"T27_D7_Az13_D4","T27_D7_Az13_D4","IMG_3921",-0.026175865,715,2,"D7_Az13","D7","T27",27,"Warm","Ctrl","Yes","Naive",-0.0248279071153374,0.976643392214752
"T27_D7_Az14_D2","T27_D7_Az14_D2","IMG_7275",-0.019764924,727,5,"D7_Az14","D7","T27",27,"Warm","Ctrl","Yes","Naive",-0.0192594483208991,0.979174049879265
"T27_D7_Az15_D5","T27_D7_Az15_D5","IMG_5775",-0.033407259,727,4,"D7_Az15","D7","T27",27,"Warm","Ctrl","Yes","Naive",-0.0339508198281115,0.891193465980677
"T27_D7_Az16_C1","T27_D7_Az16_C1","IMG_5755",-0.014636042,715,4,"D7_Az16","D7","T27",27,"Warm","Ctrl","Yes","Naive",-0.00880737709294301,0.172240744711757
"T27_D7_Az17_C4","T27_D7_Az17_C4","IMG_3532",-0.019784266,715,1,"D7_Az17","D7","T27",27,"Warm","Ctrl","Yes","None",-0.0209994828561731,0.912423183221364
"T27_D7_Az18_C3","T27_D7_Az18_C3","IMG_7610",-0.008831717,715,6,"D7_Az18","D7","T27",27,"Warm","Ctrl","Yes","Naive",-0.0132013487101787,0.784301489368313
"T27_D7_Az19_C5","T27_D7_Az19_C5","IMG_7653",-0.011832953,727,6,"D7_Az19","D7","T27",27,"Warm","Ctrl","Yes","Naive",-0.0146060692785896,0.867747213700337
"T27_D7_Az2_D4","T27_D7_Az2_D4","IMG_5343",-0.025525986,715,3,"D7_Az2","D7","T27",27,"Warm","Ctrl","Yes","Naive",-0.0255051180509612,0.989899080953975
"T27_D7_Az20_A4","T27_D7_Az20_A4","IMG_3588",-0.01535708,727,1,"D7_Az20","D7","T27",27,"Warm","Ctrl","Yes","None",-0.0162537808300577,0.950619207598057
"T27_D7_Az3_B6","T27_D7_Az3_B6","IMG_7215",-0.01560449,727,5,"D7_Az3","D7","T27",27,"Warm","Ctrl","Yes","Naive",-0.0174416915077388,0.903673821572872
"T27_D7_Az4_D6","T27_D7_Az4_D6","IMG_9188",-0.015455378,727,7,"D7_Az4","D7","T27",27,"Warm","Ctrl","Yes","Naive",NA,NA
"T27_D7_Az5_D2","T27_D7_Az5_D2","IMG_5805",-0.030460083,727,4,"D7_Az5","D7","T27",27,"Warm","Ctrl","Yes","Naive",-0.0302763015953838,0.988460050628319
"T27_D7_Az6_B5","T27_D7_Az6_B5","IMG_9147",-0.003667515,715,7,"D7_Az6","D7","T27",27,"Warm","Ctrl","Yes","Naive",-0.00413446410933815,0.284622595453146
"T27_D7_Az7_A3","T27_D7_Az7_A3","IMG_9454",-0.011643258,715,8,"D7_Az7","D7","T27",27,"Warm","Ctrl","Yes","Naive",-0.0115873779809864,0.91029748977415
"T27_D7_Az8_C5","T27_D7_Az8_C5","IMG_5706",-0.01276325,715,4,"D7_Az8","D7","T27",27,"Warm","Ctrl","Yes","Naive",-0.0124660055051716,0.8834991457873
"T27_D7_Az9_A1","T27_D7_Az9_A1","IMG_9177",-0.011129832,715,7,"D7_Az9","D7","T27",27,"Warm","Ctrl","Yes","Naive",-0.0123178917873052,0.867271781332985
"T30_A1_Az1_B1","T30_A1_Az1_B1","IMG_3755",-0.022248754,727,1,"A1_Az1","A1","T30",30,"Ambiant","Ctrl","Yes","None",-0.0224880803018167,0.977172289791191
"T30_A1_Az10_A6","T30_A1_Az10_A6","IMG_9382",-0.015581688,727,8,"A1_Az10","A1","T30",30,"Ambiant","Ctrl","Yes","Naive",-0.0190731191087603,0.641101190995718
"T30_A1_Az11","T30_A1_Az11","IMG_3664",-0.031714411,715,1,"A1_Az11","A1","T30",30,"Ambiant","Ctrl","Yes","None",NA,NA
"T30_A1_Az12_A6","T30_A1_Az12_A6","IMG_3763",-0.020219418,715,2,"A1_Az12","A1","T30",30,"Ambiant","Ctrl","Yes","Naive",-0.02705523680161,0.343957399463332
"T30_A1_Az13_D4","T30_A1_Az13_D4","IMG_5661",-0.015757743,727,4,"A1_Az13","A1","T30",30,"Ambiant","Ctrl","Yes","Naive",-0.016853143487678,0.966745540883863
"T30_A1_Az14_A2","T30_A1_Az14_A2","IMG_3867",-0.035361366,727,2,"A1_Az14","A1","T30",30,"Ambiant","Ctrl","No","Naive",-0.0353613658981735,0.912092646358757
"T30_A1_Az15_D4","T30_A1_Az15_D4","IMG_5547",-0.02009478,727,3,"A1_Az15","A1","T30",30,"Ambiant","Ctrl","Yes","Naive",-0.0206840919851144,0.956684602979308
"T30_A1_Az16_C5","T30_A1_Az16_C5","IMG_3651",-0.030156431,715,1,"A1_Az16","A1","T30",30,"Ambiant","Ctrl","Yes","None",-0.029347849999863,0.958449540292146
"T30_A1_Az17_C2","T30_A1_Az17_C2","IMG_9419",-0.00479933,727,8,"A1_Az17","A1","T30",30,"Ambiant","Ctrl","Yes","Naive",-0.00853152897501076,0.818863355892502
"T30_A1_Az18_B2","T30_A1_Az18_B2","IMG_9264",-0.000559772,715,7,"A1_Az18","A1","T30",30,"Ambiant","Ctrl","Yes","Naive",-0.00697016561064718,0.746564723688911
"T30_A1_Az19_C5","T30_A1_Az19_C5","IMG_7372",-0.009115966,727,5,"A1_Az19","A1","T30",30,"Ambiant","Ctrl","Yes","Naive",-0.0109331986126923,0.810387358810877
"T30_A1_Az2_B4","T30_A1_Az2_B4","IMG_9299",-0.003353927,727,7,"A1_Az2","A1","T30",30,"Ambiant","Ctrl","Yes","Naive",-0.00746339431718902,0.922056514349222
"T30_A1_Az20_A6","T30_A1_Az20_A6","IMG_7501",-0.009843478,727,6,"A1_Az20","A1","T30",30,"Ambiant","Ctrl","Yes","Naive",-0.0130677158674253,0.973911604861488
"T30_A1_Az3_A5","T30_A1_Az3_A5","IMG_5646",-0.01738474,727,4,"A1_Az3","A1","T30",30,"Ambiant","Ctrl","Yes","Naive",-0.0177962321995077,0.969806742126213
"T30_A1_Az4_D4","T30_A1_Az4_D4","IMG_7465",-0.025129526,715,6,"A1_Az4","A1","T30",30,"Ambiant","Ctrl","Yes","Naive",-0.0196819082679103,0.975406646584664
"T30_A1_Az5_B2","T30_A1_Az5_B2","IMG_5622",-0.010566936,715,4,"A1_Az5","A1","T30",30,"Ambiant","Ctrl","Yes","Naive",-0.0105705754698781,0.940690959766157
"T30_A1_Az6_A4","T30_A1_Az6_A4","IMG_9346",-0.001615514,715,8,"A1_Az6","A1","T30",30,"Ambiant","Ctrl","Yes","Naive",-0.00164270218457444,0.0266854208178612
"T30_A1_Az7_A6","T30_A1_Az7_A6","IMG_5456",-0.012556391,715,3,"A1_Az7","A1","T30",30,"Ambiant","Ctrl","Yes","Naive",-0.0124146214382517,0.974204397993432
"T30_A1_Az8_C1","T30_A1_Az8_C1","IMG_7413",-0.015916458,727,5,"A1_Az8","A1","T30",30,"Ambiant","Ctrl","Yes","Naive",-0.0162255176865216,0.982865384754785
"T30_A1_Az9_B4","T30_A1_Az9_B4","IMG_7310",-0.012107983,715,5,"A1_Az9","A1","T30",30,"Ambiant","Ctrl","Yes","Naive",-0.0132085399795581,0.934697008332942
"T30_B1_Az1_C6","T30_B1_Az1_C6","IMG_5465",-0.020204138,715,3,"B1_Az1","B1","T30",30,"Warm","Ctrl","Yes","Naive",NA,NA
"T30_B1_Az10_C6","T30_B1_Az10_C6","IMG_3640",-0.01369782,715,1,"B1_Az10","B1","T30",30,"Warm","Ctrl","Yes","None",NA,NA
"T30_B1_Az11_A2","T30_B1_Az11_A2","IMG_9414",-0.004291496,727,8,"B1_Az11","B1","T30",30,"Warm","Ctrl","Yes","Naive",-0.0134938604882208,0.875173825438326
"T30_B1_Az12_A3","T30_B1_Az12_A3","IMG_7393",-0.001890303,727,5,"B1_Az12","B1","T30",30,"Warm","Ctrl","Yes","Naive",-0.00853909234898059,0.835863852702347
"T30_B1_Az13_B2","T30_B1_Az13_B2","IMG_7482",-9.13e-05,715,6,"B1_Az13","B1","T30",30,"Warm","Ctrl","Yes","Naive",-0.00607875153180503,0.723788741411618
"T30_B1_Az14_D1","T30_B1_Az14_D1","IMG_7567",-0.02231405,727,6,"B1_Az14","B1","T30",30,"Warm","Ctrl","Yes","Naive",-0.0223014917876112,0.997067050836291
"T30_B1_Az15_B3","T30_B1_Az15_B3","IMG_7542",-0.012199633,727,6,"B1_Az15","B1","T30",30,"Warm","Ctrl","Yes","Naive",-0.0116667844150294,0.966858893922927
"T30_B1_Az16_D4","T30_B1_Az16_D4","IMG_3855",-0.018568052,727,2,"B1_Az16","B1","T30",30,"Warm","Ctrl","Yes","Naive",-0.0185680515391982,0.954916958666321
"T30_B1_Az17_B5","T30_B1_Az17_B5","IMG_7296",-0.020957296,715,5,"B1_Az17","B1","T30",30,"Warm","Ctrl","Yes","Naive",-0.0196952383917583,0.880750874598822
"T30_B1_Az18_D3","T30_B1_Az18_D3","IMG_5673",-0.006577131,727,4,"B1_Az18","B1","T30",30,"Warm","Ctrl","Yes","Naive",-0.00915584520318575,0.933628078814926
"T30_B1_Az19_C4","T30_B1_Az19_C4","IMG_5542",-0.014819258,727,3,"B1_Az19","B1","T30",30,"Warm","Ctrl","Yes","Naive",-0.0147876797084929,0.958636640272882
"T30_B1_Az2_A4","T30_B1_Az2_A4","IMG_5600",-0.021523654,715,4,"B1_Az2","B1","T30",30,"Warm","Ctrl","Yes","Naive",-0.0220464903684479,0.956980401236465
"T30_B1_Az20_D1","T30_B1_Az20_D1","IMG_9280",-0.010787571,715,7,"B1_Az20","B1","T30",30,"Warm","Ctrl","Yes","Naive",-0.013632047142845,0.88229065096997
"T30_B1_Az3_C2","T30_B1_Az3_C2","IMG_3748",-0.01636596,727,1,"B1_Az3","B1","T30",30,"Warm","Ctrl","Yes","None",-0.021502791829387,0.819596068819379
"T30_B1_Az4_B5","T30_B1_Az4_B5","IMG_9290",-0.028652946,727,7,"B1_Az4","B1","T30",30,"Warm","Ctrl","Yes","Naive",-0.0349164795979661,0.785484534095244
"T30_B1_Az5_B3","T30_B1_Az5_B3","IMG_3861",-0.022869159,727,2,"B1_Az5","B1","T30",30,"Warm","Ctrl","Yes","Naive",-0.0228691587707787,0.942937914925539
"T30_B1_Az6_C2","T30_B1_Az6_C2","IMG_9318",-0.013104931,727,7,"B1_Az6","B1","T30",30,"Warm","Ctrl","Yes","Naive",-0.0199193938655466,0.95821165136571
"T30_B1_Az7_C3","T30_B1_Az7_C3","IMG_9258",0.001037081,715,7,"B1_Az7","B1","T30",30,"Warm","Ctrl","Yes","Naive",0.000221568535927545,-0.00286547273799198
"T30_B1_Az8_B3","T30_B1_Az8_B3","IMG_5491",-0.018639321,715,3,"B1_Az8","B1","T30",30,"Warm","Ctrl","Yes","Naive",-0.0187757664527328,0.988073360554081
"T30_B1_Az9_B1","T30_B1_Az9_B1","IMG_3815",-0.028693251,715,2,"B1_Az9","B1","T30",30,"Warm","Ctrl","Yes","Naive",-0.0286932508134276,0.987252656616002
"T30_B2_Az1_B4","T30_B2_Az1_B4","IMG_9401",-0.011167976,727,8,"B2_Az1","B2","T30",30,"Ambiant","Ctrl","Yes","Naive",-0.0112479318399861,0.959834422891512
"T30_B2_Az10_C3","T30_B2_Az10_C3","IMG_5614",-0.008977001,715,4,"B2_Az10","B2","T30",30,"Ambiant","Ctrl","Yes","Naive",-0.0127068925730621,0.646848724887566
"T30_B2_Az11_A2","T30_B2_Az11_A2","IMG_7552",-0.026017274,727,6,"B2_Az11","B2","T30",30,"Ambiant","Ctrl","Yes","Naive",-0.0215538472627018,0.971750001838238
"T30_B2_Az12_A6","T30_B2_Az12_A6","IMG_3825",-0.044369709,727,2,"B2_Az12","B2","T30",30,"Ambiant","Ctrl","Yes","Naive",-0.044369709326934,0.998262767511547
"T30_B2_Az13_C2","T30_B2_Az13_C2","IMG_7334",-0.010599013,715,5,"B2_Az13","B2","T30",30,"Ambiant","Ctrl","Yes","Naive",-0.0116411030668169,0.867247290331097
"T30_B2_Az14_D5","T30_B2_Az14_D5","IMG_9295",-0.007160177,727,7,"B2_Az14","B2","T30",30,"Ambiant","Ctrl","Yes","Naive",-0.0113050309870515,0.683985257429339
"T30_B2_Az15_C1","T30_B2_Az15_C1","IMG_5572",-0.010447146,727,3,"B2_Az15","B2","T30",30,"Ambiant","Ctrl","Yes","Naive",-0.0107581358680871,0.893453834650746
"T30_B2_Az16_A1","T30_B2_Az16_A1","IMG_5506",-0.022059198,715,3,"B2_Az16","B2","T30",30,"Ambiant","Ctrl","Yes","Naive",-0.0216283405369553,0.981976335809725
"T30_B2_Az17_D3","T30_B2_Az17_D3","IMG_7329",-0.027238477,715,5,"B2_Az17","B2","T30",30,"Ambiant","Ctrl","Yes","Naive",-0.0257719586986867,0.992964332984591
"T30_B2_Az18_D4","T30_B2_Az18_D4","IMG_3728",-0.042641085,727,1,"B2_Az18","B2","T30",30,"Ambiant","Ctrl","Yes","None",-0.0364455245880139,0.608478319666648
"T30_B2_Az19_B4","T30_B2_Az19_B4","IMG_7463",-0.019883759,715,6,"B2_Az19","B2","T30",30,"Ambiant","Ctrl","Yes","Naive",-0.018440107562252,0.987582586096697
"T30_B2_Az2_A6","T30_B2_Az2_A6","IMG_7351",-0.023718217,727,5,"B2_Az2","B2","T30",30,"Ambiant","Ctrl","Yes","Naive",-0.0225401099424339,0.982155889167548
"T30_B2_Az20_A6","T30_B2_Az20_A6","IMG_5635",-0.022839273,727,4,"B2_Az20","B2","T30",30,"Ambiant","Ctrl","Yes","Naive",-0.0228458816110944,0.985774396619594
"T30_B2_Az3_C6","T30_B2_Az3_C6","IMG_5525",-0.006068994,727,3,"B2_Az3","B2","T30",30,"Ambiant","Ctrl","Yes","Naive",NA,NA
"T30_B2_Az4_A5","T30_B2_Az4_A5","IMG_9239",-0.001073057,715,7,"B2_Az4","B2","T30",30,"Ambiant","Ctrl","Yes","Naive",-0.00402352041707866,0.616398145300264
"T30_B2_Az5_D3","T30_B2_Az5_D3","IMG_3675",-0.029663099,715,1,"B2_Az5","B2","T30",30,"Ambiant","Ctrl","Yes","None",-0.0292354819752857,0.99334791365241
"T30_B2_Az6_D3","T30_B2_Az6_D3","IMG_3801",-0.024934998,715,2,"B2_Az6","B2","T30",30,"Ambiant","Ctrl","Yes","Naive",-0.0249349980705436,0.979032669649815
"T30_B2_Az7_D5","T30_B2_Az7_D5","IMG_3845",-0.023076453,727,2,"B2_Az7","B2","T30",30,"Ambiant","Ctrl","Yes","Naive",-0.0230764527195654,0.965955596567167
"T30_B2_Az8_D1","T30_B2_Az8_D1","IMG_9378",-0.012501586,715,8,"B2_Az8","B2","T30",30,"Ambiant","Ctrl","Yes","Naive",-0.0126519728495045,0.942717217950108
"T30_B2_Az9_C1","T30_B2_Az9_C1","IMG_9326",-0.008351914,727,7,"B2_Az9","B2","T30",30,"Ambiant","Ctrl","Yes","Naive",-0.00630241013397571,0.438050190732164
"T30_B4_Az1_D3","T30_B4_Az1_D3","IMG_9360",-0.006700701,715,8,"B4_Az1","B4","T30",30,"Ambiant","Pred","Yes","Naive",-0.010993411666058,0.62821584639945
"T30_B4_Az10_D2","T30_B4_Az10_D2","IMG_5504",-0.019553236,715,3,"B4_Az10","B4","T30",30,"Ambiant","Pred","Yes","Naive",-0.0193290479328552,0.979944004527445
"T30_B4_Az11_C3","T30_B4_Az11_C3","IMG_3669",-0.040921669,715,1,"B4_Az11","B4","T30",30,"Ambiant","Pred","Yes","None",-0.0404187439273,0.989143459033088
"T30_B4_Az12_C1","T30_B4_Az12_C1","IMG_3694",-0.022029408,715,1,"B4_Az12","B4","T30",30,"Ambiant","Pred","Yes","None",-0.0216662893299399,0.974880996859697
"T30_B4_Az13_D3","T30_B4_Az13_D3","IMG_7479",-0.003116258,715,6,"B4_Az13","B4","T30",30,"Ambiant","Pred","Yes","Naive",-0.00573072202202958,0.895706270032035
"T30_B4_Az14_C6","T30_B4_Az14_C6","IMG_9235",-0.014414314,715,7,"B4_Az14","B4","T30",30,"Ambiant","Pred","Yes","Naive",NA,NA
"T30_B4_Az15_C1","T30_B4_Az15_C1","IMG_5512",-0.03276492,715,3,"B4_Az15","B4","T30",30,"Ambiant","Pred","Yes","Naive",-0.0321901585620895,0.993007820664874
"T30_B4_Az16_D4","T30_B4_Az16_D4","IMG_7533",-0.019009885,727,6,"B4_Az16","B4","T30",30,"Ambiant","Pred","Yes","Naive",-0.016560376804652,0.987772897164864
"T30_B4_Az17_D1","T30_B4_Az17_D1","IMG_7348",-0.034826182,715,5,"B4_Az17","B4","T30",30,"Ambiant","Pred","Yes","Naive",-0.03198389663046,0.887097233516241
"T30_B4_Az18_B6","T30_B4_Az18_B6","IMG_3828",-0.018915,727,2,"B4_Az18","B4","T30",30,"Ambiant","Pred","Yes","Naive",-0.0189150004626179,0.988011997229478
"T30_B4_Az19_A4","T30_B4_Az19_A4","IMG_7381",-0.007439153,727,5,"B4_Az19","B4","T30",30,"Ambiant","Pred","Yes","Naive",-0.0128876444865291,0.989993602396677
"T30_B4_Az2_A4","T30_B4_Az2_A4","IMG_9247",-0.003462809,715,7,"B4_Az2","B4","T30",30,"Ambiant","Pred","Yes","Naive",-0.00798644430955638,0.841307111300044
"T30_B4_Az20_B3","T30_B4_Az20_B3","IMG_5611",-0.017016593,715,4,"B4_Az20","B4","T30",30,"Ambiant","Pred","Yes","Naive",-0.0163186754604704,0.923558795450624
"T30_B4_Az3_C1","T30_B4_Az3_C1","IMG_9422",-0.008736788,727,8,"B4_Az3","B4","T30",30,"Ambiant","Pred","Yes","Naive",-0.00892122283767601,0.869492461084814
"T30_B4_Az4_D3","T30_B4_Az4_D3","IMG_3739",-0.030753368,727,1,"B4_Az4","B4","T30",30,"Ambiant","Pred","Yes","None",-0.0289028202305913,0.85578028149061
"T30_B4_Az5_B3","T30_B4_Az5_B3","IMG_3796",-0.035059567,715,2,"B4_Az5","B4","T30",30,"Ambiant","Pred","Yes","Naive",-0.0350595674083376,0.986229659946273
"T30_B4_Az6_A4","T30_B4_Az6_A4","IMG_5656",-0.012122395,727,4,"B4_Az6","B4","T30",30,"Ambiant","Pred","Yes","Naive",-0.0127618392606374,0.972366896568309
"T30_B4_Az7_A3","T30_B4_Az7_A3","IMG_9307",-0.003535447,727,7,"B4_Az7","B4","T30",30,"Ambiant","Pred","Yes","Naive",-0.00911524933276861,0.979774990709135
"T30_B4_Az8_B5","T30_B4_Az8_B5","IMG_5533",-0.008021697,727,3,"B4_Az8","B4","T30",30,"Ambiant","Pred","Yes","Naive",-0.00815535919714388,0.921681380951154
"T30_B4_Az9_C5","T30_B4_Az9_C5","IMG_7299",-0.006610199,715,5,"B4_Az9","B4","T30",30,"Ambiant","Pred","Yes","Naive",-0.00695022772628221,0.916960606175621
"T30_B5_Az1_B3","T30_B5_Az1_B3","IMG_9310",-0.006330136,727,7,"B5_Az1","B5","T30",30,"Warm","Pred","Yes","Naive",-0.0120087591462019,0.6090720998158
"T30_B5_Az10_B2","T30_B5_Az10_B2","IMG_9366",-0.009677263,715,8,"B5_Az10","B5","T30",30,"Warm","Pred","Yes","Naive",-0.0137713198320714,0.646818457912813
"T30_B5_Az11_C6","T30_B5_Az11_C6","IMG_7290",-0.009933284,715,5,"B5_Az11","B5","T30",30,"Warm","Pred","Yes","Naive",NA,NA
"T30_B5_Az12_C6","T30_B5_Az12_C6","IMG_3832",-0.031521866,727,2,"B5_Az12","B5","T30",30,"Warm","Pred","Yes","Naive",NA,NA
"T30_B5_Az13_B2","T30_B5_Az13_B2","IMG_7407",0.006158997,727,5,"B5_Az13","B5","T30",30,"Warm","Pred","Yes","Naive",-0.000622199332017633,0.121933942103342
"T30_B5_Az14_C1","T30_B5_Az14_C1","IMG_5690",-0.021804468,727,4,"B5_Az14","B5","T30",30,"Warm","Pred","Yes","Naive",-0.0224820997916925,0.979361891204597
"T30_B5_Az15_D5","T30_B5_Az15_D5","IMG_5536",-0.024908653,727,3,"B5_Az15","B5","T30",30,"Warm","Pred","Yes","Naive",-0.0249189017766191,0.984615650499288
"T30_B5_Az16_B5","T30_B5_Az16_B5","IMG_5471",-0.022108052,715,3,"B5_Az16","B5","T30",30,"Warm","Pred","Yes","Naive",-0.0222545851619705,0.986296544802536
"T30_B5_Az17_A3","T30_B5_Az17_A3","IMG_9407",-0.00941855,727,8,"B5_Az17","B5","T30",30,"Warm","Pred","Yes","Naive",-0.0138902488798575,0.957996439564844
"T30_B5_Az18_A5","T30_B5_Az18_A5","IMG_3644",-0.03157647,715,1,"B5_Az18","B5","T30",30,"Warm","Pred","Yes","None",-0.0308953802406893,0.983448890220977
"T30_B5_Az19_B4","T30_B5_Az19_B4","IMG_7531",-0.011796268,727,6,"B5_Az19","B5","T30",30,"Warm","Pred","Yes","Naive",-0.0160782898069343,0.98214898171755
"T30_B5_Az2_D2","T30_B5_Az2_D2","IMG_9270",-0.010368226,715,7,"B5_Az2","B5","T30",30,"Warm","Pred","Yes","Naive",-0.0183437250088125,0.871028702285925
"T30_B5_Az20_C2","T30_B5_Az20_C2","IMG_5624",-0.014892137,715,4,"B5_Az20","B5","T30",30,"Warm","Pred","Yes","Naive",-0.017170007639303,0.889097811457932
"T30_B5_Az3_B3","T30_B5_Az3_B3","IMG_3734",-0.034431169,727,1,"B5_Az3","B5","T30",30,"Warm","Pred","Yes","None",-0.0342149981713237,0.991723844623124
"T30_B5_Az4_A3","T30_B5_Az4_A3","IMG_5549",-0.018724599,727,3,"B5_Az4","B5","T30",30,"Warm","Pred","Yes","Naive",-0.0193144399300655,0.973922510374227
"T30_B5_Az5_D5","T30_B5_Az5_D5","IMG_3778",-0.026240002,715,2,"B5_Az5","B5","T30",30,"Warm","Pred","Yes","Naive",-0.0262400018109638,0.992871040801269
"T30_B5_Az6_C2","T30_B5_Az6_C2","IMG_3809",-0.035120081,715,2,"B5_Az6","B5","T30",30,"Warm","Pred","Yes","Naive",-0.0351200811999203,0.994213853911542
"T30_B5_Az7_C4","T30_B5_Az7_C4","IMG_7385",-0.022370921,727,5,"B5_Az7","B5","T30",30,"Warm","Pred","Yes","Naive",-0.0228755658559918,0.98510502022847
"T30_B5_Az8_D5","T30_B5_Az8_D5","IMG_9399",-0.037630072,727,8,"B5_Az8","B5","T30",30,"Warm","Pred","Yes","Naive",-0.0384297553954148,0.977327759435495
"T30_B5_Az9_B5","T30_B5_Az9_B5","IMG_7450",-0.010655223,715,6,"B5_Az9","B5","T30",30,"Warm","Pred","Yes","Naive",-0.0120458871571722,0.98055485431331
"T30_B6_Az1_D6","T30_B6_Az1_D6","IMG_3705",-0.01683441,727,1,"B6_Az1","B6","T30",30,"Ambiant","Pred","Yes","None",NA,NA
"T30_B6_Az10_A5","T30_B6_Az10_A5","IMG_7511",-0.021104129,727,6,"B6_Az10","B6","T30",30,"Ambiant","Pred","Yes","Naive",-0.0112068679858144,0.531000745923055
"T30_B6_Az11_B3","T30_B6_Az11_B3","IMG_7320",-0.001735687,715,5,"B6_Az11","B6","T30",30,"Ambiant","Pred","Yes","Naive",-0.00508231849254491,0.316233016174051
"T30_B6_Az12_C5","T30_B6_Az12_C5","IMG_5648",-0.017509655,727,4,"B6_Az12","B6","T30",30,"Ambiant","Pred","Yes","Naive",-0.0184042580674929,0.874436619751503
"T30_B6_Az13_B2","T30_B6_Az13_B2","IMG_5563",-0.004322219,727,3,"B6_Az13","B6","T30",30,"Ambiant","Pred","Yes","Naive",-0.00943642040080455,0.967270686062863
"T30_B6_Az14_C4","T30_B6_Az14_C4","IMG_9350",-0.013428708,715,8,"B6_Az14","B6","T30",30,"Ambiant","Pred","Yes","Naive",-0.00976860836783869,0.371482203623245
"T30_B6_Az15_B5","T30_B6_Az15_B5","IMG_3839",-0.013793074,727,2,"B6_Az15","B6","T30",30,"Ambiant","Pred","Yes","Naive",-0.0137930739599703,0.967893514076734
"T30_B6_Az16_A6","T30_B6_Az16_A6","IMG_5581",-0.018788197,715,4,"B6_Az16","B6","T30",30,"Ambiant","Pred","Yes","Naive",-0.0182849026821868,0.982982734188369
"T30_B6_Az17_D1","T30_B6_Az17_D1","IMG_3885",-0.009785464,727,2,"B6_Az17","B6","T30",30,"Ambiant","Pred","Yes","Naive",-0.018482406833327,0.983512987687147
"T30_B6_Az18_A6","T30_B6_Az18_A6","IMG_3633",-0.01404589,715,1,"B6_Az18","B6","T30",30,"Ambiant","Pred","Yes","None",-0.0140265054723748,0.982395758373771
"T30_B6_Az19_A5","T30_B6_Az19_A5","IMG_5467",-0.009503998,715,3,"B6_Az19","B6","T30",30,"Ambiant","Pred","Yes","Naive",-0.00971295575017815,0.940060472059568
"T30_B6_Az2_C2","T30_B6_Az2_C2","IMG_9268",-0.004026416,715,7,"B6_Az2","B6","T30",30,"Ambiant","Pred","Yes","Naive",-0.00498574414050675,0.278955884725451
"T30_B6_Az20_B4","T30_B6_Az20_B4","IMG_5540",-0.003816311,727,3,"B6_Az20","B6","T30",30,"Ambiant","Pred","Yes","Naive",-0.00759571554788304,0.90223343833805
"T30_B6_Az3_B5","T30_B6_Az3_B5","IMG_9394",-0.013477679,727,8,"B6_Az3","B6","T30",30,"Ambiant","Pred","Yes","Naive",-0.0226748849369,0.728352340725888
"T30_B6_Az4_B5","T30_B6_Az4_B5","IMG_9338",-0.006456215,715,8,"B6_Az4","B6","T30",30,"Ambiant","Pred","Yes","Naive",-0.00989755642643049,0.802399783055954
"T30_B6_Az5_B2","T30_B6_Az5_B2","IMG_9314",-0.004492169,727,7,"B6_Az5","B6","T30",30,"Ambiant","Pred","Yes","Naive",-0.0162396705558795,0.960809033889829
"T30_B6_Az6_A2","T30_B6_Az6_A2","IMG_7401",-0.005967225,727,5,"B6_Az6","B6","T30",30,"Ambiant","Pred","Yes","Naive",-0.00671408220546429,0.274920950538607
"T30_B6_Az7_C4","T30_B6_Az7_C4","IMG_3786",-0.018354625,715,2,"B6_Az7","B6","T30",30,"Ambiant","Pred","Yes","Naive",-0.0183546249412421,0.973450898327999
"T30_B6_Az8_D3","T30_B6_Az8_D3","IMG_7549",-0.019657603,727,6,"B6_Az8","B6","T30",30,"Ambiant","Pred","Yes","Naive",-0.0131848641364446,0.945181978317483
"T30_B6_Az9_D5","T30_B6_Az9_D5","IMG_7460",-0.007187916,715,6,"B6_Az9","B6","T30",30,"Ambiant","Pred","Yes","Naive",-0.00642193420437439,0.521707475382181
"T30_B7_Az1_C5","T30_B7_Az1_C5","IMG_9293",-0.029672543,727,7,"B7_Az1","B7","T30",30,"Warm","Pred","Yes","Naive",-0.0288581725293169,0.887618518094204
"T30_B7_Az10_B6","T30_B7_Az10_B6","IMG_5640",-0.00317875,727,4,"B7_Az10","B7","T30",30,"Warm","Pred","Yes","Naive",-0.00638717289999601,0.977684999934154
"T30_B7_Az11_D4","T30_B7_Az11_D4","IMG_9251",-0.014753135,715,7,"B7_Az11","B7","T30",30,"Warm","Pred","Yes","Naive",-0.014567359322558,0.934143119571072
"T30_B7_Az12_A5","T30_B7_Az12_A5","IMG_9334",-0.007064146,715,8,"B7_Az12","B7","T30",30,"Warm","Pred","Yes","Naive",-0.0122933330798373,0.882871414858654
"T30_B7_Az13_B5","T30_B7_Az13_B5","IMG_3648",-0.027634176,715,1,"B7_Az13","B7","T30",30,"Warm","Pred","Yes","None",-0.0281336613533378,0.982396962948462
"T30_B7_Az14_A5","T30_B7_Az14_A5","IMG_3835",-0.018281223,727,2,"B7_Az14","B7","T30",30,"Warm","Pred","Yes","Naive",-0.018281222758837,0.984237595128982
"T30_B7_Az16_B2","T30_B7_Az16_B2","IMG_9417",-0.009003821,727,8,"B7_Az16","B7","T30",30,"Warm","Pred","Yes","Naive",-0.0145266250175673,0.991359950872596
"T30_B7_Az17_D5","T30_B7_Az17_D5","IMG_7376",-0.010995868,727,5,"B7_Az17","B7","T30",30,"Warm","Pred","Yes","Naive",-0.0116000298381161,0.946581041671324
"T30_B7_Az18_D3","T30_B7_Az18_D3","IMG_5617",-0.015965025,715,4,"B7_Az18","B7","T30",30,"Warm","Pred","Yes","Naive",-0.0160090108768482,0.990746850699035
"T30_B7_Az19_B6","T30_B7_Az19_B6","IMG_3765",-0.038878142,715,2,"B7_Az19","B7","T30",30,"Warm","Pred","Yes","Naive",-0.0388781421916533,0.965967978749219
"T30_B7_Az2_A3","T30_B7_Az2_A3","IMG_7538",-0.029401361,727,6,"B7_Az2","B7","T30",30,"Warm","Pred","Yes","Naive",-0.0272764621399325,0.968388998520125
"T30_B7_Az20_A6","T30_B7_Az20_A6","IMG_5518",-0.037089177,727,3,"B7_Az20","B7","T30",30,"Warm","Pred","Yes","Naive",-0.0361748790162059,0.942464590849012
"T30_B7_Az3_C1","T30_B7_Az3_C1","IMG_7343",-0.005918587,715,5,"B7_Az3","B7","T30",30,"Warm","Pred","Yes","Naive",-0.00959259980893359,0.965675121020979
"T30_B7_Az4_D6","T30_B7_Az4_D6","IMG_7506",-0.004166081,727,6,"B7_Az4","B7","T30",30,"Warm","Pred","Yes","Naive",NA,NA
"T30_B7_Az5_C4","T30_B7_Az5_C4","IMG_3851",-0.026443508,727,2,"B7_Az5","B7","T30",30,"Warm","Pred","Yes","Naive",-0.0264435083467265,0.99235232917242
"T30_B7_Az6_A2","T30_B7_Az6_A2","IMG_5498",-0.013613842,715,3,"B7_Az6","B7","T30",30,"Warm","Pred","Yes","Naive",-0.0134734379691753,0.972083861082347
"T30_B7_Az7_D1","T30_B7_Az7_D1","IMG_5578",-0.019768364,727,3,"B7_Az7","B7","T30",30,"Warm","Pred","Yes","Naive",-0.0267011289927133,0.947415321092223
"T30_B7_Az8_B6","T30_B7_Az8_B6","IMG_7441",-0.000211729,715,6,"B7_Az8","B7","T30",30,"Warm","Pred","Yes","Naive",-0.0104184378492541,0.897489808975375
"T30_B7_Az9_A3","T30_B7_Az9_A3","IMG_9255",0.003586187,715,7,"B7_Az9","B7","T30",30,"Warm","Pred","Yes","Naive",-0.0030675419294799,0.102394046425117
"T30_B9_Az1_D6","T30_B9_Az1_D6","IMG_5642",-0.03017037,727,4,"B9_Az1","B9","T30",30,"Warm","Pred","Yes","Naive",NA,NA
"T30_B9_Az10_C2","T30_B9_Az10_C2","IMG_3870",-0.019318781,727,2,"B9_Az10","B9","T30",30,"Warm","Pred","Yes","Naive",-0.017901757941829,0.654667653059734
"T30_B9_Az11_B6","T30_B9_Az11_B6","IMG_9285",-0.002258062,727,7,"B9_Az11","B9","T30",30,"Warm","Pred","Yes","Naive",-0.00247758871009577,0.11476339037827
"T30_B9_Az12_A3","T30_B9_Az12_A3","IMG_3791",0.000381384,715,2,"B9_Az12","B9","T30",30,"Warm","Pred","Yes","Naive",0.00830830704601746,0.387968704673197
"T30_B9_Az14_C2","T30_B9_Az14_C2","IMG_7485",-0.018178827,715,6,"B9_Az14","B9","T30",30,"Warm","Pred","Yes","Naive",-0.0132581928382603,0.679712933411184
"T30_B9_Az15_D1","T30_B9_Az15_D1","IMG_7496",-0.011468826,715,6,"B9_Az15","B9","T30",30,"Warm","Pred","Yes","Naive",-0.0147838947602501,0.982569159910111
"T30_B9_Az16_B6","T30_B9_Az16_B6","",-0.013072283,727,1,"B9_Az16","B9","T30",30,"Warm","Pred","Yes","None",-0.0133384790772393,0.968057203413489
"T30_B9_Az17_B1","T30_B9_Az17_B1","IMG_3689",-0.021101917,715,1,"B9_Az17","B9","T30",30,"Warm","Pred","Yes","None",-0.0140989295359759,0.441396135692094
"T30_B9_Az18_D5","T30_B9_Az18_D5","IMG_9344",-0.009678,715,8,"B9_Az18","B9","T30",30,"Warm","Pred","Yes","Naive",-0.00949213470167766,0.880090868078984
"T30_B9_Az19_D5","T30_B9_Az19_D5","IMG_5477",-0.031070897,715,3,"B9_Az19","B9","T30",30,"Warm","Pred","Yes","Naive",-0.0318280978357314,0.937601198982365
"T30_B9_Az2_C2","T30_B9_Az2_C2","IMG_5681",-0.015068372,727,4,"B9_Az2","B9","T30",30,"Warm","Pred","Yes","Naive",-0.0109176576796787,0.645203297351823
"T30_B9_Az20_C6","T30_B9_Az20_C6","IMG_9384",-0.007680482,727,8,"B9_Az20","B9","T30",30,"Warm","Pred","Yes","Naive",NA,NA
"T30_B9_Az3_A6","T30_B9_Az3_A6","IMG_9232",0.001363057,715,7,"B9_Az3","B9","T30",30,"Warm","Pred","Yes","Naive",0.00953607134964689,0.167774704059699
"T30_B9_Az4_A5","T30_B9_Az4_A5","IMG_7371",-0.014396159,727,5,"B9_Az4","B9","T30",30,"Warm","Pred","Yes","Naive",-0.0151739404410563,0.918897365047279
"T30_B9_Az5_D5","T30_B9_Az5_D5","IMG_7522",-0.036052814,727,6,"B9_Az5","B9","T30",30,"Warm","Pred","Yes","Naive",-0.020171358613628,0.511454907127505
"T30_B9_Az6_A5","T30_B9_Az6_A5","IMG_5589",-0.020661963,715,4,"B9_Az6","B9","T30",30,"Warm","Pred","Yes","Naive",-0.019436919486859,0.912409788415227
"T30_B9_Az7_A3","T30_B9_Az7_A3","IMG_7317",-0.003641355,715,5,"B9_Az7","B9","T30",30,"Warm","Pred","Yes","Naive",-0.0172240659487937,0.879765128126986
"T30_B9_Az8_C3","T30_B9_Az8_C3","IMG_5554",-0.013261452,727,3,"B9_Az8","B9","T30",30,"Warm","Pred","Yes","Naive",-0.0136001118952131,0.526779431771472
"T30_B9_Az9_D4","T30_B9_Az9_D4","IMG_3660",-0.014854174,715,1,"B9_Az9","B9","T30",30,"Warm","Pred","Yes","None",-0.0143849937172999,0.918781882362716
"T30_C1_Az1_A2","T30_C1_Az1_A2","IMG_3741",-0.029044234,727,1,"C1_Az1","C1","T30",30,"Ambiant","Pred","Yes","None",-0.0280427201033411,0.959511838573617
"T30_C1_Az10_C6","T30_C1_Az10_C6","IMG_7445",-0.004267845,715,6,"C1_Az10","C1","T30",30,"Ambiant","Pred","Yes","Naive",NA,NA
"T30_C1_Az11_D6","T30_C1_Az11_D6","IMG_7366",-0.013943232,727,5,"C1_Az11","C1","T30",30,"Ambiant","Pred","Yes","Naive",NA,NA
"T30_C1_Az12_C4","T30_C1_Az12_C4","IMG_9303",-0.004627652,727,7,"C1_Az12","C1","T30",30,"Ambiant","Pred","Yes","Naive",-0.00971368709193659,0.958798242891245
"T30_C1_Az13_D4","T30_C1_Az13_D4","IMG_5606",-0.022491025,715,4,"C1_Az13","C1","T30",30,"Ambiant","Pred","Yes","Naive",-0.021787305977306,0.983965462863663
"T30_C1_Az14_A1","T30_C1_Az14_A1","IMG_3812",-0.026058757,715,2,"C1_Az14","C1","T30",30,"Ambiant","Pred","Yes","Naive",-0.026058757322148,0.989975789888783
"T30_C1_Az15_A4","T30_C1_Az15_A4","IMG_3654",-0.02343381,715,1,"C1_Az15","C1","T30",30,"Ambiant","Pred","Yes","None",-0.0231342583249202,0.969651757207769
"T30_C1_Az16_B1","T30_C1_Az16_B1","IMG_9374",-0.014429068,715,8,"C1_Az16","C1","T30",30,"Ambiant","Pred","Yes","Naive",-0.0188749415368926,0.696503410649977
"T30_C1_Az17_C5","T30_C1_Az17_C5","IMG_9397",-0.022726191,727,8,"C1_Az17","C1","T30",30,"Ambiant","Pred","Yes","Naive",-0.022689814327877,0.87031013880572
"T30_C1_Az18_A5","T30_C1_Az18_A5","IMG_3710",-0.017099317,727,1,"C1_Az18","C1","T30",30,"Ambiant","Pred","Yes","None",-0.0173285786946028,0.976372086852913
"T30_C1_Az19_C3","T30_C1_Az19_C3","IMG_5671",-0.041500178,727,4,"C1_Az19","C1","T30",30,"Ambiant","Pred","Yes","Naive",-0.0403446711709477,0.987151286849302
"T30_C1_Az2_B1","T30_C1_Az2_B1","IMG_3877",-0.030363159,727,2,"C1_Az2","C1","T30",30,"Ambiant","Pred","Yes","Naive",-0.0303631585111315,0.938615484963329
"T30_C1_Az20_B6","T30_C1_Az20_B6","IMG_5460",-0.019267841,715,3,"C1_Az20","C1","T30",30,"Ambiant","Pred","Yes","Naive",-0.0186366350554323,0.956921143915243
"T30_C1_Az3_B6","T30_C1_Az3_B6","IMG_5520",-0.022187896,727,3,"C1_Az3","C1","T30",30,"Ambiant","Pred","Yes","Naive",-0.0219230963526626,0.979574547801238
"T30_C1_Az4_C5","T30_C1_Az4_C5","IMG_9340",-0.008089738,715,8,"C1_Az4","C1","T30",30,"Ambiant","Pred","Yes","Naive",-0.0134700144620535,0.918820372089296
"T30_C1_Az5_D3","T30_C1_Az5_D3","IMG_5558",-0.027171157,727,3,"C1_Az5","C1","T30",30,"Ambiant","Pred","Yes","Naive",-0.0270699271083575,0.99333869545909
"T30_C1_Az6_A4","T30_C1_Az6_A4","IMG_7527",-0.011509844,727,6,"C1_Az6","C1","T30",30,"Ambiant","Pred","Yes","Naive",-0.0119290126064439,0.981555839138607
"T30_C1_Az7_D3","T30_C1_Az7_D3","IMG_9260",-0.011719463,715,7,"C1_Az7","C1","T30",30,"Ambiant","Pred","Yes","Naive",-0.0120511766291943,0.905366143751516
"T30_C1_Az8_B2","T30_C1_Az8_B2","IMG_7330",-0.002996391,715,5,"C1_Az8","C1","T30",30,"Ambiant","Pred","Yes","Naive",-0.00897060083737003,0.908766166410171
"T30_C1_Az9_B3","T30_C1_Az9_B3","IMG_7396",-0.000958152,727,5,"C1_Az9","C1","T30",30,"Ambiant","Pred","Yes","Naive",-0.00726559289316026,0.959786019391411
"T30_C3_Az1_B2","T30_C3_Az1_B2","IMG_5677",-0.014877692,727,4,"C3_Az1","C3","T30",30,"Ambiant","Pred","Yes","Naive",-0.0155629222452938,0.958082781587956
"T30_C3_Az10_C1","T30_C3_Az10_C1","IMG_3818",-0.028361746,715,2,"C3_Az10","C3","T30",30,"Ambiant","Pred","Yes","Naive",-0.0283617463746906,0.89471444676067
"T30_C3_Az11_D1","T30_C3_Az11_D1","IMG_7416",-0.011700126,727,5,"C3_Az11","C3","T30",30,"Ambiant","Pred","Yes","Naive",-0.0108060358180801,0.88011670016251
"T30_C3_Az12_B5","T30_C3_Az12_B5","IMG_5594",-0.032140901,715,4,"C3_Az12","C3","T30",30,"Ambiant","Pred","Yes","Naive",-0.0305917028357156,0.97856280426256
"T30_C3_Az13_C2","T30_C3_Az13_C2","IMG_5501",-0.025627424,715,3,"C3_Az13","C3","T30",30,"Ambiant","Pred","Yes","Naive",-0.0256616939570294,0.978287885130932
"T30_C3_Az14_A4","T30_C3_Az14_A4","IMG_7306",-0.01766193,715,5,"C3_Az14","C3","T30",30,"Ambiant","Pred","Yes","Naive",-0.0173287550020448,0.963601490302251
"T30_C3_Az15_D2","T30_C3_Az15_D2","IMG_5628",-0.020044322,715,4,"C3_Az15","C3","T30",30,"Ambiant","Pred","Yes","Naive",-0.0203663966044599,0.961319096283266
"T30_C3_Az16_B3","T30_C3_Az16_B3","IMG_9408",-0.030378188,727,8,"C3_Az16","C3","T30",30,"Ambiant","Pred","Yes","Naive",-0.0300902503915865,0.903663227130546
"T30_C3_Az17_D6","T30_C3_Az17_D6","IMG_9385",-0.012741999,727,8,"C3_Az17","C3","T30",30,"Ambiant","Pred","Yes","Naive",NA,NA
"T30_C3_Az18_A1","T30_C3_Az18_A1","IMG_7489",-0.010625598,715,6,"C3_Az18","C3","T30",30,"Ambiant","Pred","Yes","Naive",-0.0122630453601488,0.979653070355753
"T30_C3_Az19_A6","T30_C3_Az19_A6","IMG_9331",0.00157621,715,8,"C3_Az19","C3","T30",30,"Ambiant","Pred","Yes","Naive",-0.000595201852298728,-0.000473103356292137
"T30_C3_Az2_C6","T30_C3_Az2_C6","IMG_3704",-0.015488575,727,1,"C3_Az2","C3","T30",30,"Ambiant","Pred","Yes","None",NA,NA
"T30_C3_Az20_C6","T30_C3_Az20_C6","IMG_7504",-0.006408205,727,6,"C3_Az20","C3","T30",30,"Ambiant","Pred","Yes","Naive",NA,NA
"T30_C3_Az3_D2","T30_C3_Az3_D2","IMG_5570",-0.016460066,727,3,"C3_Az3","C3","T30",30,"Ambiant","Pred","Yes","Naive",-0.0252963529079151,0.959847620450304
"T30_C3_Az4_C5","T30_C3_Az4_C5","IMG_3841",-0.015552779,727,2,"C3_Az4","C3","T30",30,"Ambiant","Pred","Yes","Naive",-0.0155527794808255,0.974629620224597
"T30_C3_Az5_C2","T30_C3_Az5_C2","IMG_7553",-0.038287806,727,6,"C3_Az5","C3","T30",30,"Ambiant","Pred","Yes","Naive",-0.00862666966978545,0.310100007728434
"T30_C3_Az6_B2","T30_C3_Az6_B2","IMG_3743",-0.011777246,727,1,"C3_Az6","C3","T30",30,"Ambiant","Pred","Yes","None",-0.0120409973150514,0.873905836377938
"T30_C3_Az7_A2","T30_C3_Az7_A2","IMG_9262",-0.009362978,715,7,"C3_Az7","C3","T30",30,"Ambiant","Pred","Yes","Naive",-0.00957361419594257,0.881734643750175
"T30_C3_Az8_D2","T30_C3_Az8_D2","IMG_9321",-0.000486134,727,7,"C3_Az8","C3","T30",30,"Ambiant","Pred","Yes","Naive",-0.0121129211185517,0.964385202108795
"T30_C3_Az9_C4","T30_C3_Az9_C4","IMG_3723",-0.047139844,727,1,"C3_Az9","C3","T30",30,"Ambiant","Pred","Yes","None",-0.0451138829988164,0.978870703379883
"T30_C5_Az1_D2","T30_C5_Az1_D2","IMG_3752",-0.025881822,727,1,"C5_Az1","C5","T30",30,"Ambiant","Ctrl","Yes","None",-0.0260353109399673,0.984573240680367
"T30_C5_Az10_D2","T30_C5_Az10_D2","IMG_9371",-0.010621643,715,8,"C5_Az10","C5","T30",30,"Ambiant","Ctrl","Yes","Naive",-0.0123766782002574,0.173433060488529
"T30_C5_Az11_A5","T30_C5_Az11_A5","IMG_5531",-0.022968475,727,3,"C5_Az11","C5","T30",30,"Ambiant","Ctrl","Yes","Naive",-0.0222400517451844,0.984538142630913
"T30_C5_Az12_B2","T30_C5_Az12_B2","IMG_3805",-0.021299896,715,2,"C5_Az12","C5","T30",30,"Ambiant","Ctrl","Yes","Naive",-0.0100957864176154,0.3969852810217
"T30_C5_az13_B6","T30_C5_az13_B6","IMG_9332",-0.009431122,715,8,"C5_az13","C5","T30",30,"Ambiant","Ctrl","Yes","Naive",-0.00975157571592629,0.935116073759125
"T30_C5_Az14_D4","T30_C5_Az14_D4","IMG_7389",-0.022411043,727,5,"C5_Az14","C5","T30",30,"Ambiant","Ctrl","Yes","Naive",-0.02049677829145,0.961761650448066
"T30_C5_Az15_C4","T30_C5_Az15_C4","IMG_5602",-0.023607187,715,4,"C5_Az15","C5","T30",30,"Ambiant","Ctrl","Yes","Naive",-0.0170308262837917,0.685015017950504
"T30_C5_Az16_B5","T30_C5_Az16_B5","IMG_3712",-0.033171023,727,1,"C5_Az16","C5","T30",30,"Ambiant","Ctrl","Yes","None",-0.0337734268790141,0.978795566078764
"T30_C5_Az17_C1","T30_C5_Az17_C1","IMG_9377",-0.004769477,715,8,"C5_Az17","C5","T30",30,"Ambiant","Ctrl","Yes","Naive",-0.00846544885208959,0.953770672483381
"T30_C5_Az18_D2","T30_C5_Az18_D2","IMG_3872",-0.015684319,727,2,"C5_Az18","C5","T30",30,"Ambiant","Ctrl","Yes","Naive",-0.0156843193203326,0.919015876732635
"T30_C5_Az19_C3","T30_C5_Az19_C3","IMG_5493",-0.009293696,715,3,"C5_Az19","C5","T30",30,"Ambiant","Ctrl","Yes","Naive",-0.00925491441743088,0.963485646581161
"T30_C5_Az2_A3","T30_C5_Az2_A3","IMG_7468",-0.005848775,715,6,"C5_Az2","C5","T30",30,"Ambiant","Ctrl","Yes","Naive",-0.0103412739154923,0.932745812186743
"T30_C5_Az20_D1","T30_C5_Az20_D1","IMG_5513",-0.019354515,715,3,"C5_Az20","C5","T30",30,"Ambiant","Ctrl","Yes","Naive",-0.0190838244737044,0.993679006074653
"T30_C5_Az3_D4","T30_C5_Az3_D4","IMG_9352",-0.010128386,715,8,"C5_Az3","C5","T30",30,"Ambiant","Ctrl","Yes","Naive",-0.0100578954931829,0.964112708335954
"T30_C5_Az4_C3","T30_C5_Az4_C3","IMG_7545",-0.024136092,727,6,"C5_Az4","C5","T30",30,"Ambiant","Ctrl","Yes","Naive",-0.0221666004634212,0.99180821037904
"T30_C5_Az5_A3","T30_C5_Az5_A3","IMG_5664",-0.006254867,727,4,"C5_Az5","C5","T30",30,"Ambiant","Ctrl","Yes","Naive",-0.00250321377968952,0.289391833242865
"T30_C5_Az6_A5","T30_C5_Az6_A5","IMG_7293",-0.01190261,715,5,"C5_Az6","C5","T30",30,"Ambiant","Ctrl","Yes","Naive",-0.012848820416171,0.684195625929312
"T30_C5_Az7_D1","T30_C5_Az7_D1","IMG_9426",-0.010030375,727,8,"C5_Az7","C5","T30",30,"Ambiant","Ctrl","Yes","Naive",-0.0149319651586514,0.882002315387047
"T30_C5_Az8_B6","T30_C5_Az8_B6","IMG_3638",-0.018905601,715,1,"C5_Az8","C5","T30",30,"Ambiant","Ctrl","Yes","None",-0.0120475833485729,0.117077478852256
"T30_C5_Az9_A1","T30_C5_Az9_A1","IMG_7339",-0.003767967,715,5,"C5_Az9","C5","T30",30,"Ambiant","Ctrl","Yes","Naive",-0.00440739535286338,0.336476199664875
"T30_C8_Az1_B1","T30_C8_Az1_B1","IMG_9323",-0.013756325,727,7,"C8_Az1","C8","T30",30,"Warm","Pred","Yes","Naive",-0.0243750199864524,0.783919537375035
"T30_C8_Az10_C3","T30_C8_Az10_C3","IMG_3799",-0.01842122,715,2,"C8_Az10","C8","T30",30,"Warm","Pred","Yes","Naive",-0.0184212204130684,0.918685891214955
"T30_C8_Az11_B3","T30_C8_Az11_B3","IMG_7470",-0.018824567,715,6,"C8_Az11","C8","T30",30,"Warm","Pred","Yes","Naive",-0.0192796281328893,0.979932498628588
"T30_C8_Az12_A4","T30_C8_Az12_A4","IMG_5479",-0.004099369,715,3,"C8_Az12","C8","T30",30,"Warm","Pred","Yes","Naive",-0.0103033096369292,0.929680543317892
"T30_C8_Az13_B1","T30_C8_Az13_B1","IMG_7558",-0.007422821,727,6,"C8_Az13","C8","T30",30,"Warm","Pred","Yes","Naive",-0.00872078049482279,0.968847810087986
"T30_C8_Az14_C5","T30_C8_Az14_C5","IMG_3716",-0.015215713,727,1,"C8_Az14","C8","T30",30,"Warm","Pred","Yes","None",-0.0156325866902452,0.974074832673864
"T30_C8_Az15_C6","T30_C8_Az15_C6","IMG_7357",-0.012782743,727,5,"C8_Az15","C8","T30",30,"Warm","Pred","Yes","Naive",NA,NA
"T30_C8_Az16_C4","T30_C8_Az16_C4","IMG_7315",0.000461982,715,5,"C8_Az16","C8","T30",30,"Warm","Pred","Yes","Naive",-0.00302942856329352,0.158305101416263
"T30_C8_Az17_B4","T30_C8_Az17_B4","IMG_9348",-0.007372565,715,8,"C8_Az17","C8","T30",30,"Warm","Pred","Yes","Naive",-0.0170720465443579,0.867542168565893
"T30_C8_Az18_D5","T30_C8_Az18_D5","IMG_7303",-0.021556802,715,5,"C8_Az18","C8","T30",30,"Warm","Pred","Yes","Naive",-0.021446107874593,0.996725386183189
"T30_C8_Az19_D4","T30_C8_Az19_D4","IMG_9305",-0.012754518,727,7,"C8_Az19","C8","T30",30,"Warm","Pred","Yes","Naive",-0.0131273498576066,0.897569368658699
"T30_C8_Az2_A3","T30_C8_Az2_A3","IMG_3858",-0.022345691,727,2,"C8_Az2","C8","T30",30,"Warm","Pred","Yes","Naive",-0.0223456910601076,0.885103614739698
"T30_C8_Az20_C5","T30_C8_Az20_C5","IMG_9244",-0.004670407,715,7,"C8_Az20","C8","T30",30,"Warm","Pred","Yes","Naive",-0.00767332499912065,0.58008540577186
"T30_C8_Az3_C6","T30_C8_Az3_C6","IMG_5587",-0.010420345,715,4,"C8_Az3","C8","T30",30,"Warm","Pred","Yes","Naive",NA,NA
"T30_C8_Az4_A2","T30_C8_Az4_A2","IMG_5561",-0.008103523,727,3,"C8_Az4","C8","T30",30,"Warm","Pred","Yes","Naive",-0.0123002763293114,0.898832934219219
"T30_C8_Az5_A5","T30_C8_Az5_A5","IMG_9390",-0.013637679,727,8,"C8_Az5","C8","T30",30,"Warm","Pred","Yes","Naive",-0.013867323624569,0.965991190230513
"T30_C8_Az6_A5","T30_C8_Az6_A5","IMG_3772",-0.02354228,715,2,"C8_Az6","C8","T30",30,"Warm","Pred","Yes","Naive",-0.0235422802692088,0.976950456498064
"T30_C8_Az7_B3","T30_C8_Az7_B3","IMG_3667",-0.027275197,715,1,"C8_Az7","C8","T30",30,"Warm","Pred","Yes","None",-0.0271096965902275,0.981690367812092
"T30_C8_Az8_B1","T30_C8_Az8_B1","IMG_5508",-0.018717659,715,3,"C8_Az12","C8","T30",30,"Warm","Pred","Yes","Naive",-0.0204218634076957,0.867467693527038
"T30_C8_Az9_B3","T30_C8_Az9_B3","IMG_5667",-0.008991157,727,4,"C8_Az9","C8","T30",30,"Warm","Pred","Yes","Naive",-0.0100927366524948,0.881966178763316
"T30_C9_Az1_D2","T30_C9_Az1_D2","IMG_3687",-0.035608703,715,1,"C9_Az1","C9","T30",30,"Ambiant","Pred","Yes","None",-0.0344261980790608,0.972335223009882
"T30_C9_Az10_B4","T30_C9_Az10_B4","IMG_3720",-0.010437534,727,1,"C9_Az10","C9","T30",30,"Ambiant","Pred","Yes","None",-0.0106272073200231,0.911097375020464
"T30_C9_Az11_D1","T30_C9_Az11_D1","IMG_5694",-0.008270676,727,4,"C9_Az11","C9","T30",30,"Ambiant","Pred","Yes","Naive",-0.00876297383480432,0.910549513009453
"T30_C9_Az12_D2","T30_C9_Az12_D2","IMG_9421",-0.004595034,727,8,"C9_Az12","C9","T30",30,"Ambiant","Pred","Yes","Naive",-0.00784954941687917,0.93071553066609
"T30_C9_Az13_C2","T30_C9_Az13_C2","IMG_9367",-0.013296896,715,8,"C9_Az13","C9","T30",30,"Ambiant","Pred","Yes","Naive",-0.0133633886558573,0.953955238557173
"T30_C9_Az14_C1","T30_C9_Az14_C1","IMG_7564",-0.002534388,727,6,"C9_Az14","C9","T30",30,"Ambiant","Pred","Yes","Naive",-0.00555026447890806,0.856709094082364
"T30_C9_Az15_B1","T30_C9_Az15_B1","IMG_9276",-0.004837658,715,7,"C9_Az15","C9","T30",30,"Ambiant","Pred","Yes","Naive",-0.008335587563323,0.610185107559825
"T30_C9_Az16_D6","T30_C9_Az16_D6","IMG_5528",-0.012358752,727,3,"C9_Az16","C9","T30",30,"Ambiant","Pred","Yes","Naive",NA,NA
"T30_C9_Az17_C4","T30_C9_Az17_C4","IMG_5485",-0.017998474,715,3,"C9_Az17","C9","T30",30,"Ambiant","Pred","Yes","Naive",-0.0174692190436695,0.958564908555821
"T30_C9_Az18_B4","T30_C9_Az18_B4","IMG_7383",-0.009328988,727,5,"C9_Az18","C9","T30",30,"Ambiant","Pred","Yes","Naive",-0.0104018354373127,0.884024776505935
"T30_C9_Az19_B1","T30_C9_Az19_B1","IMG_5631",-0.01081995,715,4,"C9_Az19","C9","T30",30,"Ambiant","Pred","Yes","Naive",-0.0108013351548841,0.931433675850778
"T30_C9_Az2_D1","T30_C9_Az2_D1","IMG_3821",-0.032308112,715,2,"C9_Az2","C9","T30",30,"Ambiant","Pred","Yes","Naive",-0.0323081123498577,0.983447874416689
"T30_C9_Az20_A5","T30_C9_Az20_A5","IMG_7447",-0.01016081,715,6,"C9_Az20","C9","T30",30,"Ambiant","Pred","Yes","Naive",-0.00799111126651911,0.726540173758101
"T30_C9_Az3_B4","T30_C9_Az3_B4","IMG_3849",-0.022500643,727,2,"C9_Az3","C9","T30",30,"Ambiant","Pred","Yes","Naive",-0.0225006433265798,0.856061352318752
"T30_C9_Az4_A4","T30_C9_Az4_A4","IMG_9296",-0.010522893,727,7,"C9_Az4","C9","T30",30,"Ambiant","Pred","Yes","Naive",-0.0108391443147899,0.854515823913328
"T30_C9_Az5_A6","T30_C9_Az5_A6","IMG_9283",-0.010051303,727,7,"C9_Az5","C9","T30",30,"Ambiant","Pred","Yes","Naive",-0.0103352327260122,0.896233187127769
"T30_C9_Az6_B4","T30_C9_Az6_B4","IMG_5659",-0.006738455,727,4,"C9_Az6","C9","T30",30,"Ambiant","Pred","Yes","Naive",-0.0137633217841062,0.978836442829097
"T30_C9_Az7_B1","T30_C9_Az7_B1","IMG_7340",-0.008118611,715,5,"C9_Az7","C9","T30",30,"Ambiant","Pred","Yes","Naive",-0.0139864245691914,0.928430357715404
"T30_C9_Az8_C1","T30_C9_Az8_C1","IMG_7493",-0.000844677,715,6,"C9_Az8","C9","T30",30,"Ambiant","Pred","Yes","Naive",-0.00438615253352017,0.963248471853741
"T30_C9_Az9_B5","T30_C9_Az9_B5","IMG_3776",-0.020444591,715,2,"C9_Az9","C9","T30",30,"Ambiant","Pred","Yes","Naive",-0.0204445908593902,0.973216727955023
"T30_D6_Az1_A3","T30_D6_Az1_A3","IMG_5609",-0.022829923,715,4,"D6_Az1","D6","T30",30,"Ambiant","Ctrl","Yes","Naive",-0.0232153244761601,0.969633774071274
"T30_D6_Az10_D3","T30_D6_Az10_D3","IMG_9312",-0.009601961,727,7,"D6_Az10","D6","T30",30,"Ambiant","Ctrl","Yes","Naive",-0.00971328902237197,0.108267524432502
"T30_D6_Az11_B6","T30_D6_Az11_B6","IMG_7286",-0.009966588,715,5,"D6_Az11","D6","T30",30,"Ambiant","Ctrl","Yes","Naive",-0.0130782834051765,0.712805498934417
"T30_D6_Az12_C3","T30_D6_Az12_C3","IMG_3863",-0.014049349,727,2,"D6_Az12","D6","T30",30,"Ambiant","Ctrl","Yes","Naive",-0.00874648575439286,0.163146908337917
"T30_D6_Az13_B5","T30_D6_Az13_B5","",-0.020902314,727,6,"D6_Az13","D6","T30",30,"Ambiant","Ctrl","Yes","Naive",-0.0177723007590788,0.921568337589904
"T30_D6_Az14_D1","T30_D6_Az14_D1","IMG_3696",-0.032170142,715,1,"D6_Az14","D6","T30",30,"Ambiant","Ctrl","Yes","None",-0.0314484357811197,0.9853045827103
"T30_D6_Az15_D4","T30_D6_Az15_D4","IMG_9403",-0.051405123,727,6,"D6_Az15","D6","T30",30,"Ambiant","Ctrl","Yes","Naive",-0.0513627515932867,0.875682919569737
"T30_D6_Az16_C5","T30_D6_Az16_C5","IMG_7455",-0.033998952,715,6,"D6_Az16","D6","T30",30,"Ambiant","Ctrl","Yes","Naive",-0.028775982446401,0.979340300917157
"T30_D6_Az17","T30_D6_Az17","IMG_3730",-0.018657681,727,1,"D6_Az17","D6","T30",30,"Ambiant","Ctrl","Yes","None",NA,NA
"T30_D6_Az18_B1","T30_D6_Az18_B1","IMG_5685",-0.036404756,727,4,"D6_Az18","D6","T30",30,"Ambiant","Ctrl","Yes","Naive",-0.035507435873683,0.992954763062151
"T30_D6_Az19_A6","T30_D6_Az19_A6","IMG_7437",-0.004023432,715,6,"D6_Az19","D6","T30",30,"Ambiant","Ctrl","Yes","Naive",-0.0248845959606733,0.807149144486688
"T30_D6_Az2_C4","T30_D6_Az2_C4","IMG_9250",0.000624423,715,7,"D6_Az2","D6","T30",30,"Ambiant","Ctrl","Yes","Naive",-0.00475464691356513,0.665172506486653
"T30_D6_Az20_A2","T30_D6_Az20_A2","IMG_9362",-0.004824251,715,8,"D6_Az20","D6","T30",30,"Ambiant","Ctrl","Yes","Naive",-0.0100522401727465,0.410010762321145
"T30_D6_Az3_C6","T30_D6_Az3_C6","IMG_9287",-0.00237272,727,7,"D6_Az3","D6","T30",30,"Ambiant","Ctrl","Yes","Naive",NA,NA
"T30_D6_Az4_B2","T30_D6_Az4_B2","IMG_3681",-0.013263922,715,1,"D6_Az4","D6","T30",30,"Ambiant","Ctrl","Yes","None",-0.019551553786874,0.840331556718352
"T30_D6_Az5_C2","T30_D6_Az5_C2","IMG_5567",-0.012726284,727,3,"D6_Az5","D6","T30",30,"Ambiant","Ctrl","Yes","Naive",-0.0177393747257534,0.940847970651764
"T30_D6_Az6_A4","T30_D6_Az6_A4","IMG_3782",-0.033192773,715,2,"D6_Az6","D6","T30",30,"Ambiant","Ctrl","Yes","Naive",-0.0331927734643773,0.991808518897198
"T30_D6_Az7_C3","T30_D6_Az7_C3","IMG_7398",-0.030328578,727,5,"D6_Az7","D6","T30",30,"Ambiant","Ctrl","Yes","Naive",-0.0248265942631788,0.629415699147859
"T30_D6_Az8_B6","T30_D6_Az8_B6","IMG_5584",-0.030906528,715,4,"D6_Az8","D6","T30",30,"Ambiant","Ctrl","Yes","Naive",-0.030000531343138,0.994328273019189
"T30_D6_Az9_B4","T30_D6_Az9_B4","IMG_5483",-0.01313152,715,3,"D6_Az9","D6","T30",30,"Ambiant","Ctrl","Yes","Naive",-0.0127758178971693,0.924572126607634
"T30_D7_Az1_C3","T30_D7_Az1_C3","IMG_7323",-0.006603723,715,5,"D7_Az1","D7","T30",30,"Warm","Ctrl","Yes","Naive",-0.00718709992205872,0.677524879571189
"T30_D7_Az10_A2","T30_D7_Az10_A2","IMG_3678",-0.027329626,715,1,"D7_Az10","D7","T30",30,"Warm","Ctrl","Yes","None",-0.0235584165674764,0.678140044105457
"T30_D7_Az11_C1","T30_D7_Az11_C1","IMG_3881",-0.043073387,727,2,"D7_Az11","D7","T30",30,"Warm","Ctrl","Yes","Naive",-0.0430733868663163,0.984344493485891
"T30_D7_Az12_D3","T30_D7_Az12_D3","IMG_9412",-0.019353401,727,8,"D7_Az12","D7","T30",30,"Warm","Ctrl","Yes","Naive",-0.0198143846026277,0.950830170607933
"T30_D7_Az13_D4","T30_D7_Az13_D4","IMG_3790",-0.030188648,715,2,"D7_Az13","D7","T30",30,"Warm","Ctrl","Yes","Naive",-0.0301886482968162,0.976548763902381
"T30_D7_Az14_D2","T30_D7_Az14_D2","IMG_7411",-0.008746622,727,5,"D7_Az14","D7","T30",30,"Warm","Ctrl","Yes","Naive",-0.015128672913654,0.579026186972424
"T30_D7_Az15_D5","T30_D7_Az15_D5","IMG_5652",-0.017601479,727,4,"D7_Az15","D7","T30",30,"Warm","Ctrl","Yes","Naive",-0.0194020571068886,0.960538446020074
"T30_D7_Az16_C1","T30_D7_Az16_C1","IMG_5633",-0.011896822,715,4,"D7_Az16","D7","T30",30,"Warm","Ctrl","Yes","Naive",-0.00920439558462842,0.323917805455493
"T30_D7_Az17_C4","T30_D7_Az17_C4","IMG_3658",-0.019591638,715,1,"D7_Az17","D7","T30",30,"Warm","Ctrl","Yes","None",-0.0194266923756396,0.966961079605745
"T30_D7_Az18_C3","T30_D7_Az18_C3","IMG_7476",-0.0034722,715,6,"D7_Az18","D7","T30",30,"Warm","Ctrl","Yes","Naive",-0.00712391337312989,0.89206654736347
"T30_D7_Az19_C5","T30_D7_Az19_C5","IMG_7520",-0.015564319,727,6,"D7_Az19","D7","T30",30,"Warm","Ctrl","Yes","Naive",-0.0148104652720878,0.986706611999501
"T30_D7_Az2_D4","T30_D7_Az2_D4","IMG_5488",-0.022202144,715,3,"D7_Az2","D7","T30",30,"Warm","Ctrl","Yes","Naive",-0.0226458575447874,0.928154206689952
"T30_D7_Az20_A4","T30_D7_Az20_A4","IMG_3719",-0.018124072,727,1,"D7_Az20","D7","T30",30,"Warm","Ctrl","Yes","None",-0.0174518457740164,0.931042532826813
"T30_D7_Az3_B6","T30_D7_Az3_B6","IMG_7356",-0.009142192,727,5,"D7_Az3","D7","T30",30,"Warm","Ctrl","Yes","Naive",0.0163433070629172,0.243293037552577
"T30_D7_Az4_D6","T30_D7_Az4_D6","IMG_9288",-0.01194239,727,7,"D7_Az4","D7","T30",30,"Warm","Ctrl","Yes","Naive",NA,NA
"T30_D7_Az5_D2","T30_D7_Az5_D2","IMG_5683",-0.013685185,727,4,"D7_Az5","D7","T30",30,"Warm","Ctrl","Yes","Naive",-0.014684613410904,0.957623322176666
"T30_D7_Az6_B5","T30_D7_Az6_B5","IMG_9241",-0.011527483,715,7,"D7_Az6","D7","T30",30,"Warm","Ctrl","Yes","Naive",-0.0197790290050716,0.782189144081248
"T30_D7_Az7_A3","T30_D7_Az7_A3","IMG_9356",-0.014054903,715,8,"D7_Az7","D7","T30",30,"Warm","Ctrl","Yes","Naive",-0.0136803345157709,0.912319150491111
"T30_D7_Az8_C5","T30_D7_Az8_C5","IMG_5596",-0.01964206,715,4,"D7_Az8","D7","T30",30,"Warm","Ctrl","Yes","Naive",-0.0200656609622545,0.951419980553012
"T30_D7_Az9_A1","T30_D7_Az9_A1","IMG_9273",-0.001203137,715,7,"D7_Az9","D7","T30",30,"Warm","Ctrl","Yes","Naive",-0.00531234784120704,0.864210408079936
