"N_bac","Day","Temperature_moy","Tpop"
"A1",2019-02-04,3.43579861111111,"Ambient"
"A1",2019-02-05,4.40177083333333,"Ambient"
"A1",2019-02-06,6.26427083333333,"Ambient"
"A1",2019-02-07,6.77524305555556,"Ambient"
"A1",2019-02-08,5.84371527777778,"Ambient"
"A1",2019-02-09,6.23555555555556,"Ambient"
"A1",2019-02-10,6.31520833333333,"Ambient"
"A1",2019-02-11,5.78667896678967,"Ambient"
"A1",2019-02-12,4.95756944444444,"Ambient"
"A1",2019-02-13,4.48267361111111,"Ambient"
"A1",2019-02-14,4.64409722222222,"Ambient"
"A1",2019-02-15,5.40885416666667,"Ambient"
"A1",2019-02-16,6.14503472222222,"Ambient"
"A1",2019-02-17,6.39847222222222,"Ambient"
"A1",2019-02-18,6.99569444444444,"Ambient"
"A1",2019-02-19,6.46899305555556,"Ambient"
"A1",2019-02-20,6.08697916666667,"Ambient"
"A1",2019-02-21,6.63944444444444,"Ambient"
"A1",2019-02-22,7.36100694444444,"Ambient"
"A1",2019-02-23,8.05118055555556,"Ambient"
"A1",2019-02-24,8.43631944444444,"Ambient"
"A1",2019-02-25,8.57576388888889,"Ambient"
"A1",2019-02-26,9.08826388888889,"Ambient"
"A1",2019-02-27,9.48715277777778,"Ambient"
"A1",2019-02-28,9.69222222222222,"Ambient"
"A1",2019-03-01,10.2601388888889,"Ambient"
"A1",2019-03-02,10.2982986111111,"Ambient"
"A1",2019-03-03,8.59513888888889,"Ambient"
"A1",2019-03-04,9.27225694444444,"Ambient"
"A1",2019-03-05,8.53440972222222,"Ambient"
"A1",2019-03-06,9.51583333333333,"Ambient"
"A1",2019-03-07,8.97559027777778,"Ambient"
"A1",2019-03-08,7.66621530233169,"Ambient"
"A1",2019-03-09,11.6516666527778,"Ambient"
"A1",2019-03-10,11.2987847604167,"Ambient"
"A1",2019-03-11,10.0109375244049,"Ambient"
"A1",2019-03-12,11.6449999752718,"Ambient"
"A1",2019-03-13,6.70729166319444,"Ambient"
"A1",2019-03-14,10.6175694513889,"Ambient"
"A1",2019-03-15,12.2229166631944,"Ambient"
"A1",2019-03-16,12.9401859107807,"Ambient"
"A1",2019-03-17,7.55524306221026,"Ambient"
"A1",2019-03-18,9.37430555208333,"Ambient"
"A1",2019-03-19,5.28944444444444,"Ambient"
"A1",2019-03-20,9.02677535869565,"Ambient"
"A1",2019-03-21,10.2340506198357,"Ambient"
"A1",2019-03-22,10.9060516641011,"Ambient"
"A1",2019-03-23,13.4503284890511,"Ambient"
"A1",2019-03-24,12.9145833825758,"Ambient"
"A1",2019-03-25,11.5409473754386,"Ambient"
"A1",2019-03-26,11.3423829830285,"Ambient"
"A1",2019-03-27,11.1108144892737,"Ambient"
"A1",2019-03-28,10.8998181817315,"Ambient"
"A1",2019-03-29,10.7235074776119,"Ambient"
"A1",2019-03-30,11.6701140380228,"Ambient"
"A1",2019-03-31,13.8666666458333,"Ambient"
"A1",2019-04-01,14.6872727272727,"Ambient"
"A1",2019-04-02,9.26993055555556,"Ambient"
"A1",2019-04-03,6.51777777777778,"Ambient"
"A1",2019-04-04,9.40932587630934,"Ambient"
"A1",2019-04-05,9.44548612847222,"Ambient"
"A1",2019-04-06,7.53190972569444,"Ambient"
"A1",2019-04-07,6.97781818184961,"Ambient"
"A1",2019-04-08,10.0020070492958,"Ambient"
"A1",2019-04-09,9.99468751736111,"Ambient"
"A1",2019-04-10,7.94909723958333,"Ambient"
"A1",2019-04-11,7.50461805555556,"Ambient"
"A1",2019-04-12,11.998464275,"Ambient"
"A1",2019-04-13,9.8459315473982,"Ambient"
"A1",2019-04-14,10.6737847361111,"Ambient"
"A1",2019-04-15,14.7850694375,"Ambient"
"A1",2019-04-16,13.5769791736111,"Ambient"
"A1",2019-04-17,14.9069791527778,"Ambient"
"A1",2019-04-18,14.1503819236111,"Ambient"
"A1",2019-04-19,16.5532830415094,"Ambient"
"A1",2019-04-20,15.0307954242424,"Ambient"
"A1",2019-04-21,10.7138194513889,"Ambient"
"A1",2019-04-22,13.8647330925267,"Ambient"
"A1",2019-04-23,15.1434375034722,"Ambient"
"A1",2019-04-24,15.1881184912892,"Ambient"
"A1",2019-04-25,12.8999295809859,"Ambient"
"A1",2019-04-26,10.6120833263889,"Ambient"
"A1",2019-04-27,10.2435763854167,"Ambient"
"A1",2019-04-28,12.3536531070111,"Ambient"
"A1",2019-04-29,15.0683271784387,"Ambient"
"A1",2019-04-30,15.0505813914729,"Ambient"
"A1",2019-05-01,15.2715447276423,"Ambient"
"A1",2019-05-02,13.2738541701389,"Ambient"
"A1",2019-05-03,9.26635416666667,"Ambient"
"A1",2019-05-04,9.67437500347222,"Ambient"
"A1",2019-05-05,9.96220970003186,"Ambient"
"A1",2019-05-06,12.0733760475721,"Ambient"
"A1",2019-05-07,14.7718992131783,"Ambient"
"A1",2019-05-08,15.6502777534722,"Ambient"
"A1",2019-05-09,15.4815277534722,"Ambient"
"A1",2019-05-10,17.0075694513889,"Ambient"
"A1",2019-05-11,13.0675694375,"Ambient"
"A1",2019-05-12,13.361240879562,"Ambient"
"A1",2019-05-13,12.1378409318182,"Ambient"
"A1",2019-05-14,15.1620833645833,"Ambient"
"A1",2019-05-15,16.4311805451389,"Ambient"
"A1",2019-05-16,16.9473611701389,"Ambient"
"A1",2019-05-17,10.8871180555556,"Ambient"
"A1",2019-05-18,9.23725694791667,"Ambient"
"A1",2019-05-19,10.5477430486111,"Ambient"
"A1",2019-05-20,12.1867361180556,"Ambient"
"A1",2019-05-21,15.1952083194444,"Ambient"
"A1",2019-05-22,17.8764582847222,"Ambient"
"A1",2019-05-23,18.8336805520833,"Ambient"
"A1",2019-05-24,12.5847569444444,"Ambient"
"A1",2019-05-25,12.5680555555556,"Ambient"
"A1",2019-05-26,13.7566319513889,"Ambient"
"A1",2019-05-27,14.5751042048611,"Ambient"
"A1",2019-05-28,14.5706944583333,"Ambient"
"A1",2019-05-29,13.8485069826389,"Ambient"
"A1",2019-05-30,18.0156944722222,"Ambient"
"A1",2019-05-31,20.2974653055556,"Ambient"
"A1",2019-06-01,23.0308333263889,"Ambient"
"A1",2019-06-02,24.9346527222222,"Ambient"
"A1",2019-06-03,21.0570833645833,"Ambient"
"A1",2019-06-04,22.1782291493056,"Ambient"
"A1",2019-06-05,12.0811111111111,"Ambient"
"A1",2019-06-06,16.8000694513889,"Ambient"
"A1",2019-06-07,15.5342014236111,"Ambient"
"A1",2019-06-08,16.9162846944444,"Ambient"
"A1",2019-06-09,17.910729125,"Ambient"
"A1",2019-06-10,12.6466319340278,"Ambient"
"A1",2019-06-11,10.6977083368056,"Ambient"
"A1",2019-06-12,13.9202787700348,"Ambient"
"A1",2019-06-13,18.7678819270833,"Ambient"
"A1",2019-06-14,16.3669791597222,"Ambient"
"A1",2019-06-15,13.92454859375,"Ambient"
"A1",2019-06-16,18.8984721805556,"Ambient"
"A1",2019-06-17,22.8452431701389,"Ambient"
"A1",2019-06-18,25.2511458229167,"Ambient"
"A1",2019-06-19,23.317048625,"Ambient"
"A1",2019-06-20,17.19753471875,"Ambient"
"A1",2019-06-21,15.1741319479167,"Ambient"
"A1",2019-06-22,20.4514930868056,"Ambient"
"A1",2019-06-23,25.2512195121951,"Ambient"
"A1",2019-06-24,23.5278124479167,"Ambient"
"A1",2019-06-25,23.6467013923611,"Ambient"
"A1",2019-06-26,25.9048536150628,"Ambient"
"A1",2019-06-27,26.5099999954128,"Ambient"
"A1",2019-06-28,26.4567708125,"Ambient"
"A1",2019-06-29,25.0596172009569,"Ambient"
"A1",2019-06-30,24.9691319479167,"Ambient"
"A1",2019-07-01,21.3494791458333,"Ambient"
"A1",2019-07-02,19.0509721493056,"Ambient"
"A1",2019-07-03,20.9598264375,"Ambient"
"A1",2019-07-04,23.1727777986111,"Ambient"
"A1",2019-07-05,25.999930625,"Ambient"
"A1",2019-07-06,26.8857639131944,"Ambient"
"A1",2019-07-07,27.0338194236111,"Ambient"
"A1",2019-07-08,26.3821527881944,"Ambient"
"A1",2019-07-09,23.2382292673611,"Ambient"
"A1",2019-07-10,22.9695139201389,"Ambient"
"A1",2019-07-11,24.8094791840278,"Ambient"
"A1",2019-07-12,20.8517013993056,"Ambient"
"A1",2019-07-13,16.6817361180556,"Ambient"
"A1",2019-07-14,15.5606250104167,"Ambient"
"A1",2019-07-15,15.3576041631944,"Ambient"
"A1",2019-07-16,15.6923958472222,"Ambient"
"A1",2019-07-17,15.4145138541667,"Ambient"
"A1",2019-07-18,14.3307638888889,"Ambient"
"A1",2019-07-19,15.6115625,"Ambient"
"A1",2019-07-20,15.8430208611111,"Ambient"
"A1",2019-07-21,15.7186111319444,"Ambient"
"A1",2019-07-22,17.3645139340278,"Ambient"
"A1",2019-07-23,19.2392708472222,"Ambient"
"A1",2019-07-24,19.7005902569444,"Ambient"
"A1",2019-07-25,19.4622916701389,"Ambient"
"A1",2019-07-26,16.1817708472222,"Ambient"
"A1",2019-07-27,13.7644097222222,"Ambient"
"A1",2019-07-28,14.2958333333333,"Ambient"
"A1",2019-07-29,15.6430208194444,"Ambient"
"A1",2019-07-30,14.6629166666667,"Ambient"
"A1",2019-07-31,14.4375,"Ambient"
"A1",2019-08-01,14.7962499930556,"Ambient"
"A1",2019-08-02,15.4635069895833,"Ambient"
"A1",2019-08-03,16.2143749930556,"Ambient"
"A1",2019-08-04,16.7764582916667,"Ambient"
"A1",2019-08-05,17.3687441767442,"Ambient"
"A1",2019-08-06,20.9373610486111,"Ambient"
"A1",2019-08-07,23.35211796875,"Ambient"
"A1",2019-08-08,24.6179860763889,"Ambient"
"A1",2019-08-09,21.1707638715278,"Ambient"
"A1",2019-08-10,16.5275694340278,"Ambient"
"A1",2019-08-11,13.8384722222222,"Ambient"
"A1",2019-08-12,13.7816666666667,"Ambient"
"A1",2019-08-13,13.9657291666667,"Ambient"
"A1",2019-08-14,14.5723958263889,"Ambient"
"A1",2019-08-15,14.0465277777778,"Ambient"
"A1",2019-08-16,15.2803124791667,"Ambient"
"A1",2019-08-17,16.0932292083333,"Ambient"
"A1",2019-08-18,16.2780902881944,"Ambient"
"A1",2019-08-19,17.1387151006944,"Ambient"
"A1",2019-08-20,17.4582986319444,"Ambient"
"A1",2019-08-21,18.153611125,"Ambient"
"A1",2019-08-22,19.7872569652778,"Ambient"
"A1",2019-08-23,20.6384015501859,"Ambient"
"A1",2019-08-24,22.3274652777778,"Ambient"
"A1",2019-08-25,23.1700347152778,"Ambient"
"A1",2019-08-26,21.6955555173611,"Ambient"
"A1",2019-08-27,16.1242160696864,"Ambient"
"A1",2019-08-28,14.9277430416667,"Ambient"
"A1",2019-08-29,15.4006249826389,"Ambient"
"A1",2019-08-30,15.5649305833333,"Ambient"
"A1",2019-08-31,15.3859375555556,"Ambient"
"A1",2019-09-01,14.0776388888889,"Ambient"
"A1",2019-09-02,13.6816319444444,"Ambient"
"A1",2019-09-03,13.8775347222222,"Ambient"
"A1",2019-09-04,14.2088194444444,"Ambient"
"A1",2019-09-05,14.1503125,"Ambient"
"A1",2019-09-06,13.8715972222222,"Ambient"
"A1",2019-09-07,13.791875,"Ambient"
"A1",2019-09-08,13.8335069444444,"Ambient"
"A1",2019-09-09,13.7512847222222,"Ambient"
"A1",2019-09-10,13.4928125,"Ambient"
"A1",2019-09-11,13.3407638888889,"Ambient"
"A1",2019-09-12,13.9597569444444,"Ambient"
"A1",2019-09-13,14.1349305555556,"Ambient"
"A1",2019-09-14,14.5117708576389,"Ambient"
"A1",2019-09-15,14.4530208333333,"Ambient"
"A1",2019-09-16,14.7249652673611,"Ambient"
"A1",2019-09-17,14.6937153055556,"Ambient"
"A1",2019-09-18,14.1120833333333,"Ambient"
"A1",2019-09-19,14.3498263923611,"Ambient"
"A1",2019-09-20,14.8201041805556,"Ambient"
"A1",2019-09-21,14.3726736111111,"Ambient"
"A1",2019-09-22,13.8067708333333,"Ambient"
"A1",2019-09-23,14.0237847222222,"Ambient"
"A1",2019-09-24,14.3493402777778,"Ambient"
"A1",2019-09-25,14.3624305555556,"Ambient"
"A1",2019-09-26,14.6072222222222,"Ambient"
"A1",2019-09-27,14.4020486111111,"Ambient"
"A1",2019-09-28,14.5061458333333,"Ambient"
"A1",2019-09-29,14.5770138784722,"Ambient"
"A1",2019-09-30,15.0375347604167,"Ambient"
"A1",2019-10-01,15.6114583229167,"Ambient"
"A1",2019-10-02,16.07694446875,"Ambient"
"A1",2019-10-03,15.4805208229167,"Ambient"
"A1",2019-10-04,14.1435416666667,"Ambient"
"A1",2019-10-05,14.9568749826389,"Ambient"
"A1",2019-10-06,14.8568402777778,"Ambient"
"A1",2019-10-07,13.9957291666667,"Ambient"
"A1",2019-10-08,14.8899305520833,"Ambient"
"A1",2019-10-09,14.5658680555556,"Ambient"
"A1",2019-10-10,14.3841666736111,"Ambient"
"A1",2019-10-11,13.7970486111111,"Ambient"
"A1",2019-10-12,14.5011805555556,"Ambient"
"A1",2019-10-13,15.116875,"Ambient"
"A1",2019-10-14,14.6213541666667,"Ambient"
"A1",2019-10-15,14.2831944444444,"Ambient"
"A1",2019-10-16,12.638125,"Ambient"
"A1",2019-10-17,13.0337152777778,"Ambient"
"A1",2019-10-18,13.1060763888889,"Ambient"
"A1",2019-10-19,13.6711458333333,"Ambient"
"A1",2019-10-20,13.6525,"Ambient"
"A1",2019-10-21,12.9198611111111,"Ambient"
"A1",2019-10-22,11.8432986111111,"Ambient"
"A1",2019-10-23,11.8734722222222,"Ambient"
"A1",2019-10-24,12.4987847222222,"Ambient"
"A1",2019-10-25,12.4270138888889,"Ambient"
"A1",2019-10-26,12.471875,"Ambient"
"A1",2019-10-27,12.8154513888889,"Ambient"
"A1",2019-10-28,13.2388888888889,"Ambient"
"A1",2019-10-29,13.6226388888889,"Ambient"
"A1",2019-10-30,15.2635068368056,"Ambient"
"A1",2019-10-31,15.5034722048611,"Ambient"
"A1",2019-11-01,13.2007638888889,"Ambient"
"A1",2019-11-02,13.0114236111111,"Ambient"
"A1",2019-11-03,11.9832291666667,"Ambient"
"A1",2019-11-04,11.1008333333333,"Ambient"
"A1",2019-11-05,10.7915277777778,"Ambient"
"A1",2019-11-06,9.25923611111111,"Ambient"
"A1",2019-11-07,7.68569444444444,"Ambient"
"A1",2019-11-08,5.923125,"Ambient"
"A1",2019-11-09,6.46888888888889,"Ambient"
"A1",2019-11-10,6.91475694444444,"Ambient"
"A1",2019-11-11,5.74861111111111,"Ambient"
"A1",2019-11-12,6.36465277777778,"Ambient"
"A1",2019-11-13,6.75576388888889,"Ambient"
"A1",2019-11-14,5.16923611111111,"Ambient"
"A1",2019-11-15,3.88145833333333,"Ambient"
"A1",2019-11-16,3.71649305555556,"Ambient"
"A1",2019-11-17,4.47263888888889,"Ambient"
"A1",2019-11-18,5.07548611111111,"Ambient"
"A1",2019-11-19,4.38138888888889,"Ambient"
"A1",2019-11-20,3.84069444444444,"Ambient"
"A1",2019-11-21,3.88850694444444,"Ambient"
"A1",2019-11-22,4.03371527777778,"Ambient"
"A1",2019-11-23,5.12725694444444,"Ambient"
"A1",2019-11-24,5.74458333333333,"Ambient"
"A1",2019-11-25,6.12854166666667,"Ambient"
"A1",2019-11-26,7.09534722222222,"Ambient"
"A1",2019-11-27,8.88239583333333,"Ambient"
"A1",2019-11-28,9.12635416666667,"Ambient"
"A1",2019-11-29,10.0333680555556,"Ambient"
"A1",2019-11-30,8.96520833333333,"Ambient"
"A1",2019-12-01,8.21927083333333,"Ambient"
"A1",2019-12-02,7.12413194444444,"Ambient"
"A1",2019-12-03,6.61878472222222,"Ambient"
"A1",2019-12-04,5.34319444444444,"Ambient"
"A1",2019-12-05,5.00003472222222,"Ambient"
"A1",2019-12-06,5.62204861111111,"Ambient"
"A1",2019-12-07,5.83701388888889,"Ambient"
"A1",2019-12-08,6.09736111111111,"Ambient"
"A1",2019-12-09,6.78732638888889,"Ambient"
"A1",2019-12-10,6.41815972222222,"Ambient"
"A1",2019-12-11,5.49975694444444,"Ambient"
"A1",2019-12-12,5.49788194444444,"Ambient"
"A1",2019-12-13,8.09677083333333,"Ambient"
"A1",2019-12-14,10.4136805555556,"Ambient"
"A1",2019-12-15,10.283125,"Ambient"
"A1",2019-12-16,9.38565972222222,"Ambient"
"A1",2019-12-17,9.46663194444444,"Ambient"
"A1",2019-12-18,9.82257142857143,"Ambient"
"A1",2019-12-19,8.41409722222222,"Ambient"
"A1",2019-12-20,9.35260416666667,"Ambient"
"A1",2019-12-21,8.71260416666667,"Ambient"
"A1",2019-12-22,8.57114583333333,"Ambient"
"A1",2019-12-23,7.94649305555556,"Ambient"
"A1",2019-12-24,9.17739583333333,"Ambient"
"A1",2019-12-25,9.65680555555556,"Ambient"
"A1",2019-12-26,8.93871527777778,"Ambient"
"A1",2019-12-27,7.7559375,"Ambient"
"A1",2019-12-28,6.33805555555556,"Ambient"
"A1",2019-12-29,5.59642361111111,"Ambient"
"A1",2019-12-30,5.28423611111111,"Ambient"
"A1",2019-12-31,5.12958333333333,"Ambient"
"A1",2020-01-01,5.28944444444444,"Ambient"
"A1",2020-01-02,4.5596875,"Ambient"
"A1",2020-01-03,4.84444444444444,"Ambient"
"A1",2020-01-04,5.55013888888889,"Ambient"
"A1",2020-01-05,5.78972222222222,"Ambient"
"A1",2020-01-06,4.78815972222222,"Ambient"
"A1",2020-01-07,4.43180555555556,"Ambient"
"A1",2020-01-08,5.58836805555556,"Ambient"
"A1",2020-01-09,7.07191176470588,"Ambient"
"A1",2020-01-10,7.43815972222222,"Ambient"
"A1",2020-01-11,6.23489583333333,"Ambient"
"A1",2020-01-12,4.43263888888889,"Ambient"
"A1",2020-01-13,3.47222222222222,"Ambient"
"A1",2020-01-14,3.8234375,"Ambient"
"A1",2020-01-15,4.53465277777778,"Ambient"
"A1",2020-01-16,4.87888888888889,"Ambient"
"A1",2020-01-17,4.87232638888889,"Ambient"
"A1",2020-01-18,4.26048611111111,"Ambient"
"A1",2020-01-19,4.80368055555556,"Ambient"
"A1",2020-01-20,4.15798611111111,"Ambient"
"A1",2020-01-21,3.93309027777778,"Ambient"
"A1",2020-01-22,4.61072916666667,"Ambient"
"A1",2020-01-23,5.94378472222222,"Ambient"
"A1",2020-01-24,5.93913194444444,"Ambient"
"A1",2020-01-25,5.54090277777778,"Ambient"
"A1",2020-01-26,5.60357638888889,"Ambient"
"A1",2020-01-27,4.74253472222222,"Ambient"
"A1",2020-01-28,5.41048611111111,"Ambient"
"A1",2020-01-29,5.50881944444444,"Ambient"
"A1",2020-01-30,7.27753472222222,"Ambient"
"A1",2020-01-31,9.44579861111111,"Ambient"
"A1",2020-02-01,9.07638888888889,"Ambient"
"A1",2020-02-02,9.80538194444444,"Ambient"
"A1",2020-02-03,11.2978125,"Ambient"
"A1",2020-02-04,11.1670833333333,"Ambient"
"A1",2020-02-05,9.585,"Ambient"
"A1",2020-02-06,7.12753472222222,"Ambient"
"A1",2020-02-07,6.02295138888889,"Ambient"
"A1",2020-02-08,5.7090625,"Ambient"
"A1",2020-02-09,6.88552083333333,"Ambient"
"A1",2020-02-10,9.89243055555556,"Ambient"
"A1",2020-02-11,11.3392361111111,"Ambient"
"A1",2020-02-12,10.6592013888889,"Ambient"
"A1",2020-02-13,9.69899305555556,"Ambient"
"A1",2020-02-14,11.346875,"Ambient"
"A1",2020-02-15,10.4419791666667,"Ambient"
"A1",2020-02-16,10.3158680555556,"Ambient"
"A1",2020-02-17,9.18434027777778,"Ambient"
"A1",2020-02-18,7.76625,"Ambient"
"A1",2020-02-19,7.72840277777778,"Ambient"
"A1",2020-02-20,7.705625,"Ambient"
"A1",2020-02-21,8.00840277777778,"Ambient"
"A1",2020-02-22,8.47173611111111,"Ambient"
"A1",2020-02-23,9.32357638888889,"Ambient"
"A1",2020-02-24,9.6596875,"Ambient"
"A1",2020-02-25,9.05246527777778,"Ambient"
"A1",2020-02-26,8.49961805555555,"Ambient"
"A1",2020-02-27,7.97868055555556,"Ambient"
"A1",2020-02-28,9.98204861111111,"Ambient"
"A1",2020-02-29,10.0493055555556,"Ambient"
"A1",2020-03-01,9.96069444444444,"Ambient"
"A1",2020-03-02,9.55163194444444,"Ambient"
"A1",2020-03-03,7.13045138888889,"Ambient"
"A1",2020-03-04,6.92409722222222,"Ambient"
"A1",2020-03-05,8.26236111111111,"Ambient"
"A1",2020-03-06,6.88319444444444,"Ambient"
"A1",2020-03-07,6.35805555555556,"Ambient"
"A1",2020-03-08,7.93840277777778,"Ambient"
"A1",2020-03-09,8.57600706713781,"Ambient"
"A1",2020-03-10,8.90590277777778,"Ambient"
"A1",2020-03-11,9.38163366336634,"Ambient"
"A1",2020-03-13,10.9232954545455,"Ambient"
"A1",2020-03-14,10.4421180555556,"Ambient"
"A1",2020-03-15,10.2837847222222,"Ambient"
"A1",2020-03-16,11.160625,"Ambient"
"A1",2020-03-17,11.0682986111111,"Ambient"
"A1",2020-03-18,11.9578472222222,"Ambient"
"A1",2020-03-19,13.2025347222222,"Ambient"
"A1",2020-03-20,14.0885763611111,"Ambient"
"A1",2020-03-21,13.7585763888889,"Ambient"
"A1",2020-03-22,13.3508333333333,"Ambient"
"A1",2020-03-23,12.8089236111111,"Ambient"
"A1",2020-03-24,12.1401041666667,"Ambient"
"A1",2020-03-25,11.4717361111111,"Ambient"
"A1",2020-03-26,10.0778125,"Ambient"
"A1",2020-03-27,8.11958333333333,"Ambient"
"A1",2020-03-28,9.70590277777778,"Ambient"
"A1",2020-03-29,10.5499652777778,"Ambient"
"A1",2020-03-30,8.61586805555556,"Ambient"
"A1",2020-03-31,8.03138888888889,"Ambient"
"A1",2020-04-01,10.2966319444444,"Ambient"
"A1",2020-04-02,10.4917013888889,"Ambient"
"A1",2020-04-03,10.8638541666667,"Ambient"
"A1",2020-04-04,11.5308680555556,"Ambient"
"A1",2020-04-05,13.045625,"Ambient"
"A1",2020-04-06,13.7755902777778,"Ambient"
"A1",2020-04-07,14.1598958333333,"Ambient"
"A1",2020-04-08,14.2152778506944,"Ambient"
"A1",2020-04-09,14.5802777916667,"Ambient"
"A1",2020-04-10,15.8767014340278,"Ambient"
"A1",2020-04-11,15.8244445034722,"Ambient"
"A1",2020-04-12,15.0377430381944,"Ambient"
"A1",2020-04-13,13.5277430555556,"Ambient"
"A1",2020-04-14,14.4027777777778,"Ambient"
"A1",2020-04-15,15.5595833472222,"Ambient"
"A1",2020-04-16,16.3335069826389,"Ambient"
"A1",2020-04-17,16.7903819305556,"Ambient"
"A1",2020-04-18,17.3739235833333,"Ambient"
"A1",2020-04-19,17.52128471875,"Ambient"
"A1",2020-04-20,15.5715972361111,"Ambient"
"A1",2020-04-21,14.5440277777778,"Ambient"
"A1",2020-04-22,13.474375,"Ambient"
"A1",2020-04-23,13.8567361111111,"Ambient"
"A1",2020-04-24,15.1079861145833,"Ambient"
"A1",2020-04-25,16.4170138680556,"Ambient"
"A1",2020-04-26,16.8061458576389,"Ambient"
"A1",2020-04-27,16.3464931284722,"Ambient"
"A1",2020-04-28,14.8511111111111,"Ambient"
"A1",2020-04-29,14.0490971805556,"Ambient"
"A1",2020-04-30,15.5620833680556,"Ambient"
"A1",2020-05-01,15.4825000520833,"Ambient"
"A1",2020-05-02,17.0064235798611,"Ambient"
"A1",2020-05-03,18.9873611701389,"Ambient"
"A1",2020-05-04,20.5516318715278,"Ambient"
"A1",2020-05-05,22.63420134375,"Ambient"
"A1",2020-05-06,21.9761805972222,"Ambient"
"A1",2020-05-07,21.5934374791667,"Ambient"
"A1",2020-05-08,21.1637499895833,"Ambient"
"A1",2020-05-09,20.5329167673611,"Ambient"
"A1",2020-05-10,18.6351736423611,"Ambient"
"A1",2020-05-11,15.1648958229167,"Ambient"
"A1",2020-05-12,14.2330902777778,"Ambient"
"A1",2020-05-13,14.5552083333333,"Ambient"
"A1",2020-05-14,14.7935416666667,"Ambient"
"A1",2020-05-15,13.9445833333333,"Ambient"
"A1",2020-05-16,13.7818402777778,"Ambient"
"A1",2020-05-17,15.2072569305556,"Ambient"
"A1",2020-05-18,17.4330903194444,"Ambient"
"A1",2020-05-19,18.8082639479167,"Ambient"
"A1",2020-05-20,20.5438889409722,"Ambient"
"A1",2020-05-21,21.3490972326389,"Ambient"
"A1",2020-05-22,22.6392708402778,"Ambient"
"A1",2020-05-23,21.8077083645833,"Ambient"
"A1",2020-05-24,18.80621528125,"Ambient"
"A1",2020-05-25,20.2319096736111,"Ambient"
"A1",2020-05-26,21.3618055520833,"Ambient"
"A1",2020-05-27,22.2728472152778,"Ambient"
"A1",2020-05-28,22.8099306319444,"Ambient"
"A1",2020-05-29,22.8237500069444,"Ambient"
"A1",2020-05-30,23.1036111631944,"Ambient"
"A1",2020-05-31,23.2869444548611,"Ambient"
"A1",2020-06-01,22.6460416770833,"Ambient"
"A1",2020-06-02,21.4882986458333,"Ambient"
"A1",2020-06-03,20.7711111145833,"Ambient"
"A1",2020-06-04,18.4943403506944,"Ambient"
"A1",2020-06-05,16.9905902708333,"Ambient"
"A1",2020-06-06,18.3718749965278,"Ambient"
"A1",2020-06-07,16.7311110972222,"Ambient"
"A1",2020-06-08,15.8847916145833,"Ambient"
"A1",2020-06-09,15.8989930868056,"Ambient"
"A1",2020-06-10,15.9457291631944,"Ambient"
"A1",2020-06-11,16.9551041631944,"Ambient"
"A1",2020-06-12,18.0890972395833,"Ambient"
"A1",2020-06-13,18.8218055972222,"Ambient"
"A1",2020-06-14,17.5835763298611,"Ambient"
"A1",2020-06-15,19.3369096840278,"Ambient"
"A1",2020-06-16,18.5069444097222,"Ambient"
"A1",2020-06-17,16.7366319409722,"Ambient"
"A1",2020-06-18,16.5050695,"Ambient"
"A1",2020-06-19,18.3001736041667,"Ambient"
"A1",2020-06-20,20.3633333229167,"Ambient"
"A1",2020-06-21,21.2700000173611,"Ambient"
"A1",2020-06-22,22.7178124791667,"Ambient"
"A1",2020-06-23,23.2832986006944,"Ambient"
"A1",2020-06-24,24.3449651909722,"Ambient"
"A1",2020-06-25,24.1523611597222,"Ambient"
"A1",2020-06-26,23.2302777534722,"Ambient"
"A1",2020-06-27,24.0590972118056,"Ambient"
"A1",2020-06-28,23.7560764513889,"Ambient"
"A1",2020-06-29,20.4859722118056,"Ambient"
"A1",2020-06-30,17.3096875625,"Ambient"
"A1",2020-07-01,16.8928819409722,"Ambient"
"A1",2020-07-02,16.7352083229167,"Ambient"
"A1",2020-07-03,16.65232646875,"Ambient"
"A1",2020-07-04,16.7696875104167,"Ambient"
"A1",2020-07-05,17.1678125555556,"Ambient"
"A1",2020-07-06,16.3041318958333,"Ambient"
"A1",2020-07-07,16.9738889444444,"Ambient"
"A1",2020-07-08,17.0592360590278,"Ambient"
"A1",2020-07-09,16.637986125,"Ambient"
"A1",2020-07-10,16.2918055833333,"Ambient"
"A1",2020-07-11,16.6543403993056,"Ambient"
"A1",2020-07-12,16.4828124965278,"Ambient"
"A1",2020-07-13,16.6663888263889,"Ambient"
"A1",2020-07-14,16.5037847256944,"Ambient"
"A1",2020-07-15,16.7394444722222,"Ambient"
"A1",2020-07-16,16.8443056354167,"Ambient"
"A1",2020-07-17,16.8576387638889,"Ambient"
"A1",2020-07-18,17.3757291875,"Ambient"
"A1",2020-07-19,17.6114583125,"Ambient"
"A1",2020-07-20,17.6264930590278,"Ambient"
"A1",2020-07-21,17.5797569375,"Ambient"
"A1",2020-07-22,17.4630903263889,"Ambient"
"A1",2020-07-23,17.60076396875,"Ambient"
"A1",2020-07-24,17.10423609375,"Ambient"
"A1",2020-07-25,17.5069790520833,"Ambient"
"A1",2020-07-26,19.0927081701389,"Ambient"
"A1",2020-07-27,21.4577430694444,"Ambient"
"A1",2020-07-28,17.23440959375,"Ambient"
"A1",2020-07-29,16.9274653680556,"Ambient"
"A1",2020-07-30,18.4938194409722,"Ambient"
"A1",2020-07-31,19.2492708333333,"Ambient"
"A1",2020-08-01,17.0503472743056,"Ambient"
"A1",2020-08-02,16.8683680590278,"Ambient"
"A1",2020-08-03,17.0203471840278,"Ambient"
"A1",2020-08-04,17.0446179861111,"Ambient"
"A1",2020-08-05,17.1328472361111,"Ambient"
"A1",2020-08-06,17.7862847569444,"Ambient"
"A1",2020-08-07,18.51920134375,"Ambient"
"A1",2020-08-08,18.6748610902778,"Ambient"
"A1",2020-08-09,17.6357986076389,"Ambient"
"A1",2020-08-10,17.2189236006944,"Ambient"
"A1",2020-08-11,17.3973264479167,"Ambient"
"A1",2020-08-12,17.74628465625,"Ambient"
"A1",2020-08-13,16.8588542534722,"Ambient"
"A1",2020-08-14,17.2486458854167,"Ambient"
"A1",2020-08-15,17.5451736979167,"Ambient"
"A1",2020-08-16,16.8448262951389,"Ambient"
"A1",2020-08-17,16.8440971631944,"Ambient"
"A1",2020-08-18,17.1162499895833,"Ambient"
"A1",2020-08-19,18.2825001111111,"Ambient"
"A1",2020-08-20,18.5687847152778,"Ambient"
"A1",2020-08-21,18.2395833159722,"Ambient"
"A1",2020-08-22,17.0368054895833,"Ambient"
"A1",2020-08-23,17.2758680798611,"Ambient"
"A1",2020-08-24,17.4441665902778,"Ambient"
"A1",2020-08-25,17.7671181215278,"Ambient"
"A1",2020-08-26,17.7223958159722,"Ambient"
"A1",2020-08-27,17.8929166388889,"Ambient"
"A1",2020-08-28,16.5936805208333,"Ambient"
"A1",2020-08-29,15.8318403402778,"Ambient"
"A1",2020-08-30,15.2539236388889,"Ambient"
"A1",2020-08-31,15.9169792083333,"Ambient"
"A1",2020-09-01,15.9585068854167,"Ambient"
"A1",2020-09-02,17.0542707465278,"Ambient"
"A1",2020-09-03,16.1727777777778,"Ambient"
"A1",2020-09-04,16.8945139131944,"Ambient"
"A1",2020-09-05,16.9671181145833,"Ambient"
"A1",2020-09-06,17.0505557048611,"Ambient"
"A1",2020-09-07,16.5610069409722,"Ambient"
"A1",2020-09-08,16.00791659375,"Ambient"
"A1",2020-09-09,16.5396874479167,"Ambient"
"A1",2020-09-10,17.1214584444444,"Ambient"
"A1",2020-09-11,17.2923264236111,"Ambient"
"A1",2020-09-12,17.2415625833333,"Ambient"
"A1",2020-09-13,17.3777778194444,"Ambient"
"A1",2020-09-14,17.6085417222222,"Ambient"
"A1",2020-09-15,17.0560069861111,"Ambient"
"A1",2020-09-16,17.3891318715278,"Ambient"
"A1",2020-09-17,17.4021527708333,"Ambient"
"A1",2020-09-18,16.83805565625,"Ambient"
"A1",2020-09-19,17.0293055659722,"Ambient"
"A1",2020-09-20,17.1811458368056,"Ambient"
"A1",2020-09-21,17.0887501180556,"Ambient"
"A1",2020-09-22,16.9263542222222,"Ambient"
"A1",2020-09-23,16.3029166909722,"Ambient"
"A1",2020-09-24,17.0030557152778,"Ambient"
"A1",2020-09-25,13.8034027708333,"Ambient"
"A1",2020-09-26,11.400625,"Ambient"
"A1",2020-09-27,10.8644444444444,"Ambient"
"A1",2020-09-28,12.1020486111111,"Ambient"
"A1",2020-09-29,15.2379860555556,"Ambient"
"A1",2020-09-30,15.3160416215278,"Ambient"
"A1",2020-10-01,14.8250694444444,"Ambient"
"A1",2020-10-02,12.7780555555556,"Ambient"
"A1",2020-10-03,10.0221875,"Ambient"
"A1",2020-10-04,10.3610763888889,"Ambient"
"A1",2020-10-05,10.9558333333333,"Ambient"
"A1",2020-10-06,12.4880902777778,"Ambient"
"A1",2020-10-07,14.9585069444444,"Ambient"
"A1",2020-10-08,15.5211112291667,"Ambient"
"A1",2020-10-09,15.98881946875,"Ambient"
"A1",2020-10-10,16.20697915625,"Ambient"
"A1",2020-10-11,12.7842361111111,"Ambient"
"A1",2020-10-12,11.8154166666667,"Ambient"
"A1",2020-10-13,11.7866666666667,"Ambient"
"A1",2020-10-14,10.6012152777778,"Ambient"
"A1",2020-10-15,8.94763888888889,"Ambient"
"A1",2020-10-16,8.48291666666667,"Ambient"
"A1",2020-10-17,9.88399305555556,"Ambient"
"A1",2020-10-18,9.67020833333333,"Ambient"
"A1",2020-10-19,10.0665625,"Ambient"
"A1",2020-10-20,11.5751736111111,"Ambient"
"A1",2020-10-21,15.3077778506944,"Ambient"
"A1",2020-10-22,15.7232291805556,"Ambient"
"A1",2020-10-23,15.1652083298611,"Ambient"
"A1",2020-10-24,13.3026736111111,"Ambient"
"A1",2020-10-25,11.8921875,"Ambient"
"A1",2020-10-26,10.8310763888889,"Ambient"
"A1",2020-10-27,10.1500694444444,"Ambient"
"A1",2020-10-28,11.5445833333333,"Ambient"
"A1",2020-10-29,12.2752083333333,"Ambient"
"A1",2020-10-30,12.1723958333333,"Ambient"
"A1",2020-10-31,12.0824305555556,"Ambient"
"A1",2020-11-01,12.3538541666667,"Ambient"
"A1",2020-11-02,13.5214236111111,"Ambient"
"A1",2020-11-03,13.5475,"Ambient"
"A1",2020-11-04,10.7952777777778,"Ambient"
"A1",2020-11-05,9.19649305555556,"Ambient"
"A1",2020-11-06,10.8028472222222,"Ambient"
"A1",2020-11-07,12.4124305555556,"Ambient"
"A1",2020-11-08,12.4330208333333,"Ambient"
"A1",2020-11-09,11.3763541666667,"Ambient"
"A1",2020-11-10,11.3123958333333,"Ambient"
"A1",2020-11-11,9.99868055555556,"Ambient"
"A1",2020-11-12,10.2940277777778,"Ambient"
"A1",2020-11-13,10.5327083333333,"Ambient"
"A1",2020-11-14,10.2187152777778,"Ambient"
"A1",2020-11-15,10.3375,"Ambient"
"A1",2020-11-16,11.3604513888889,"Ambient"
"A1",2020-11-17,9.97725694444444,"Ambient"
"A1",2020-11-18,10.3870138888889,"Ambient"
"A1",2020-11-19,10.1169444444444,"Ambient"
"A1",2020-11-20,9.33920138888889,"Ambient"
"A1",2020-11-21,7.06871527777778,"Ambient"
"A1",2020-11-22,5.64121527777778,"Ambient"
"A1",2020-11-23,5.53190972222222,"Ambient"
"A1",2020-11-24,5.61385416666667,"Ambient"
"A1",2020-11-25,5.93979166666667,"Ambient"
"A1",2020-11-26,6.02142361111111,"Ambient"
"A1",2020-11-27,7.1921875,"Ambient"
"A1",2020-11-28,7.10048611111111,"Ambient"
"A1",2020-11-29,7.08972222222222,"Ambient"
"A1",2020-11-30,7.54399305555556,"Ambient"
"A1",2020-12-01,7.12173611111111,"Ambient"
"A1",2020-12-02,5.76045138888889,"Ambient"
"A1",2020-12-03,4.49857638888889,"Ambient"
"A1",2020-12-04,4.58100694444444,"Ambient"
"A1",2020-12-05,3.79899305555556,"Ambient"
"A1",2020-12-06,3.92298611111111,"Ambient"
"A1",2020-12-07,3.86982638888889,"Ambient"
"A1",2020-12-08,4.10590277777778,"Ambient"
"A1",2020-12-09,4.16315972222222,"Ambient"
"A1",2020-12-10,4.29038194444444,"Ambient"
"A1",2020-12-11,5.30461805555556,"Ambient"
"A1",2020-12-12,6.66913194444444,"Ambient"
"A1",2020-12-13,6.19420138888889,"Ambient"
"A1",2020-12-14,7.36614583333333,"Ambient"
"A1",2020-12-15,7.53333333333333,"Ambient"
"A1",2020-12-16,5.66809027777778,"Ambient"
"A1",2020-12-17,4.64909722222222,"Ambient"
"A1",2020-12-18,4.75638888888889,"Ambient"
"A1",2020-12-19,5.28569444444444,"Ambient"
"A1",2020-12-20,6.14645833333333,"Ambient"
"A1",2020-12-21,5.69496527777778,"Ambient"
"A1",2020-12-22,7.49423611111111,"Ambient"
"A1",2020-12-23,8.17965277777778,"Ambient"
"A1",2020-12-24,8.444375,"Ambient"
"A1",2020-12-25,5.69128472222222,"Ambient"
"A1",2020-12-26,3.391875,"Ambient"
"A1",2020-12-27,1.92611111111111,"Ambient"
"A1",2020-12-28,2.50760416666667,"Ambient"
"A1",2020-12-29,2.89506944444444,"Ambient"
"A1",2020-12-30,3.24010416666667,"Ambient"
"A1",2020-12-31,3.42618055555556,"Ambient"
"A1",2021-01-01,4.28829861111111,"Ambient"
"A1",2021-01-02,3.74208333333333,"Ambient"
"A1",2021-01-03,2.68940972222222,"Ambient"
"A1",2021-01-04,2.54128472222222,"Ambient"
"A1",2021-01-05,2.45642361111111,"Ambient"
"A1",2021-01-06,2.03305555555556,"Ambient"
"A1",2021-01-07,0.655347225499443,"Ambient"
"A1",2021-01-08,0.0179432623669611,"Ambient"
"A1",2021-01-09,0,"Ambient"
"A1",2021-01-10,0.134832215976695,"Ambient"
"A1",2021-01-11,0.261709846247354,"Ambient"
"A1",2021-01-12,0.051146497166935,"Ambient"
"A1",2021-01-13,1.72260416981661,"Ambient"
"A1",2021-01-14,4.05798611111111,"Ambient"
"A1",2021-01-15,4.655,"Ambient"
"A1",2021-01-16,4.26392361111111,"Ambient"
"A1",2021-01-17,4.61579861111111,"Ambient"
"A1",2021-01-18,5.28600694444444,"Ambient"
"A1",2021-01-19,4.3321875,"Ambient"
"A1",2021-01-20,4.78486111111111,"Ambient"
"A1",2021-01-21,6.03347222222222,"Ambient"
"A1",2021-01-22,6.17479166666667,"Ambient"
"A1",2021-01-23,5.08416666666667,"Ambient"
"A1",2021-01-24,5.29788194444444,"Ambient"
"A1",2021-01-25,5.46753472222222,"Ambient"
"A1",2021-01-26,5.07552083333333,"Ambient"
"A1",2021-01-27,7.05239583333333,"Ambient"
"A1",2021-01-28,9.4465625,"Ambient"
"A1",2021-01-29,9.43232638888889,"Ambient"
"A1",2021-01-30,8.60732638888889,"Ambient"
"A1",2021-01-31,8.03611111111111,"Ambient"
"A1",2021-02-01,8.54138888888889,"Ambient"
"A1",2021-02-02,9.86520833333333,"Ambient"
"A1",2021-02-03,10.1232986111111,"Ambient"
"A1",2021-02-04,10.4592361111111,"Ambient"
"A1",2021-02-05,10.9826041666667,"Ambient"
"A1",2021-02-06,10.3674652777778,"Ambient"
"A1",2021-02-07,9.28559027777778,"Ambient"
"A1",2021-02-08,7.69201388888889,"Ambient"
"A1",2021-02-09,6.44366533864542,"Ambient"
"A1",2021-02-10,6.04475675675676,"Ambient"
"A1",2021-02-13,8.02330827067669,"Ambient"
"A1",2021-02-14,7.67451388888889,"Ambient"
"A1",2021-02-15,7.5078125,"Ambient"
"A1",2021-02-16,8.35885416666667,"Ambient"
"A1",2021-02-17,9.88331010452962,"Ambient"
"A1",2021-02-18,9.85725694444444,"Ambient"
"A1",2021-02-19,9.57993055555556,"Ambient"
"A1",2021-02-20,9.57131944444444,"Ambient"
"A1",2021-02-21,9.84211805555556,"Ambient"
"A1",2021-02-22,9.81309027777778,"Ambient"
"A1",2021-02-23,9.89208333333333,"Ambient"
"A1",2021-02-24,11.0176041666667,"Ambient"
"A1",2021-02-25,10.8662847222222,"Ambient"
"A1",2021-02-26,10.8493402777778,"Ambient"
"A1",2021-02-27,11.6692708333333,"Ambient"
"A1",2021-02-28,10.8470833333333,"Ambient"
"A1",2021-03-01,9.75996527777778,"Ambient"
"A1",2021-03-02,9.54652777777778,"Ambient"
"A1",2021-03-03,9.58340277777778,"Ambient"
"A1",2021-03-04,10.2876041666667,"Ambient"
"A1",2021-03-05,11.4045833333333,"Ambient"
"A1",2021-03-06,10.2830902777778,"Ambient"
"A1",2021-03-07,8.82527777777778,"Ambient"
"A1",2021-03-08,8.4328125,"Ambient"
"A1",2021-03-09,7.93625,"Ambient"
"A1",2021-03-10,7.37295138888889,"Ambient"
"A1",2021-03-11,10.0339583333333,"Ambient"
"A1",2021-03-12,11.0355208333333,"Ambient"
"A1",2021-03-13,8.92010416666667,"Ambient"
"A1",2021-03-14,8.84138888888889,"Ambient"
"A1",2021-03-15,7.590625,"Ambient"
"A1",2021-03-16,8.50375,"Ambient"
"A1",2021-03-17,9.94034722222222,"Ambient"
"A1",2021-03-18,9.37083333333333,"Ambient"
"A1",2021-03-19,6.87166666666667,"Ambient"
"A1",2021-03-20,5.48409722222222,"Ambient"
"A1",2021-03-21,5.3403125,"Ambient"
"A1",2021-03-22,8.00107638888889,"Ambient"
"A1",2021-03-23,9.24881944444444,"Ambient"
"A1",2021-03-24,10.2266319444444,"Ambient"
"A1",2021-03-25,11.489375,"Ambient"
"A1",2021-03-26,11.454375,"Ambient"
"A1",2021-03-27,11.8176041666667,"Ambient"
"A1",2021-03-28,11.2176041666667,"Ambient"
"A1",2021-03-29,13.2338888784722,"Ambient"
"A1",2021-03-30,14.7775347083333,"Ambient"
"A1",2021-03-31,15.8408333402778,"Ambient"
"A1",2021-04-01,15.9150000451389,"Ambient"
"A1",2021-04-02,15.8093055625,"Ambient"
"A1",2021-04-03,15.2834375,"Ambient"
"A1",2021-04-04,14.1164236180556,"Ambient"
"A1",2021-04-05,13.4307986111111,"Ambient"
"A1",2021-04-06,13.5171875,"Ambient"
"A1",2021-04-07,11.9650347222222,"Ambient"
"A1",2021-04-08,10.9079861111111,"Ambient"
"A1",2021-04-09,11.9317708333333,"Ambient"
"A1",2021-04-10,11.7180208333333,"Ambient"
"A1",2021-04-11,10.6031944444444,"Ambient"
"A1",2021-04-12,10.1410416666667,"Ambient"
"A1",2021-04-13,10.8989930555556,"Ambient"
"A1",2021-04-14,11.0782638888889,"Ambient"
"A1",2021-04-15,11.5571180555556,"Ambient"
"A1",2021-04-16,11.5188888888889,"Ambient"
"A1",2021-04-17,11.0290625,"Ambient"
"A1",2021-04-18,10.7898611111111,"Ambient"
"A1",2021-04-19,11.8843402777778,"Ambient"
"A1",2021-04-20,12.8429861111111,"Ambient"
"A1",2021-04-21,12.7510069444444,"Ambient"
"A1",2021-04-22,13.3834722222222,"Ambient"
"A1",2021-04-23,14.2301736527778,"Ambient"
"A1",2021-04-24,16.00694446875,"Ambient"
"A1",2021-04-25,16.2627083645833,"Ambient"
"A1",2021-04-26,14.7493749965278,"Ambient"
"A1",2021-04-27,13.9047222222222,"Ambient"
"A1",2021-04-28,13.4589583333333,"Ambient"
"A1",2021-04-29,12.2664930555556,"Ambient"
"A1",2021-04-30,11.4097222222222,"Ambient"
"A1",2021-05-01,10.5866319444444,"Ambient"
"A1",2021-05-02,10.6649652777778,"Ambient"
"A1",2021-05-03,11.5954861111111,"Ambient"
"A1",2021-05-04,13.8905209409722,"Ambient"
"A1",2021-05-05,15.83888890625,"Ambient"
"A1",2021-05-06,15.2392360625,"Ambient"
"A1",2021-05-07,16.7456597083333,"Ambient"
"A1",2021-05-08,18.2611111041667,"Ambient"
"A1",2021-05-09,19.303055625,"Ambient"
"A1",2021-05-10,17.8896179756944,"Ambient"
"A1",2021-05-11,15.50034721875,"Ambient"
"A1",2021-05-12,13.4761458333333,"Ambient"
"A1",2021-05-13,13.9922916979167,"Ambient"
"A1",2021-05-14,14.8625694375,"Ambient"
"A1",2021-05-15,15.0243055555556,"Ambient"
"A1",2021-05-16,15.1331597222222,"Ambient"
"A1",2021-05-17,14.9092708159722,"Ambient"
"A1",2021-05-18,15.5542708055556,"Ambient"
"A1",2021-05-19,16.2573263541667,"Ambient"
"A1",2021-05-20,17.7438541770833,"Ambient"
"A1",2021-05-21,17.9035417048611,"Ambient"
"A1",2021-05-22,16.3180208194444,"Ambient"
"A1",2021-05-23,14.0715625,"Ambient"
"A1",2021-05-24,12.7147569444444,"Ambient"
"A1",2021-05-25,11.8504166666667,"Ambient"
"A1",2021-05-26,14.0806250173611,"Ambient"
"A1",2021-05-27,16.7523611527778,"Ambient"
"A1",2021-05-28,18.4467361284722,"Ambient"
"A1",2021-05-29,18.6134376180556,"Ambient"
"A1",2021-05-30,20.3830209444444,"Ambient"
"A1",2021-05-31,20.9590278472222,"Ambient"
"A1",2021-06-01,21.5128472013889,"Ambient"
"A1",2021-06-02,20.1094097326389,"Ambient"
"A1",2021-06-03,20.6716319409722,"Ambient"
"A1",2021-06-04,20.0462500486111,"Ambient"
"A1",2021-06-05,18.8565277222222,"Ambient"
"A1",2021-06-06,20.2107638611111,"Ambient"
"A1",2021-06-07,20.0234722291667,"Ambient"
"A1",2021-06-08,19.1518402708333,"Ambient"
"A1",2021-06-09,19.7161111145833,"Ambient"
"A1",2021-06-10,20.7470138715278,"Ambient"
"A1",2021-06-11,20.1135069409722,"Ambient"
"A1",2021-06-12,19.9630902638889,"Ambient"
"A1",2021-06-13,20.65138878125,"Ambient"
"A1",2021-06-14,20.7090971840278,"Ambient"
"A1",2021-06-15,20.5173263333333,"Ambient"
"A1",2021-06-16,20.5162499791667,"Ambient"
"A1",2021-06-17,19.7198610416667,"Ambient"
"A1",2021-06-18,19.163298625,"Ambient"
"A1",2021-06-19,20.2263541770833,"Ambient"
"A1",2021-06-20,20.0086110694444,"Ambient"
"A1",2021-06-21,19.4046180625,"Ambient"
"A1",2021-06-22,19.0508333715278,"Ambient"
"A1",2021-06-23,17.6772570902778,"Ambient"
"A1",2021-06-24,17.0786458888889,"Ambient"
"A1",2021-06-25,19.2569792881944,"Ambient"
"A1",2021-06-26,20.0443749409722,"Ambient"
"A1",2021-06-27,19.4141666631944,"Ambient"
"A1",2021-06-28,18.4854860972222,"Ambient"
"A1",2021-06-29,18.6236110833333,"Ambient"
"A1",2021-06-30,19.3312152534722,"Ambient"
"A1",2021-07-01,20.0090971840278,"Ambient"
"A1",2021-07-02,20.0501041145833,"Ambient"
"A1",2021-07-03,17.7644792569444,"Ambient"
"A1",2021-07-04,17.426284625,"Ambient"
"A1",2021-07-05,18.0105208125,"Ambient"
"A1",2021-07-06,17.5619445277778,"Ambient"
"A1",2021-07-07,17.4019097395833,"Ambient"
"A1",2021-07-08,16.9711804548611,"Ambient"
"A1",2021-07-09,17.7650000138889,"Ambient"
"A1",2021-07-10,17.0778819965278,"Ambient"
"A1",2021-07-11,17.8557639652778,"Ambient"
"A1",2021-07-12,17.0512499791667,"Ambient"
"A1",2021-07-13,16.1309374791667,"Ambient"
"A1",2021-07-14,16.6321875590278,"Ambient"
"A1",2021-07-15,16.9885071041667,"Ambient"
"A1",2021-07-16,16.5819096770833,"Ambient"
"A1",2021-07-17,17.5845486319444,"Ambient"
"A1",2021-07-18,17.8267708993056,"Ambient"
"A1",2021-07-19,18.165673787234,"Ambient"
"A1",2021-07-20,17.7472570416667,"Ambient"
"A1",2021-07-21,18.0992013472222,"Ambient"
"A1",2021-07-22,18.5112847916667,"Ambient"
"A1",2021-07-23,18.1116319409722,"Ambient"
"A1",2021-07-24,16.9319443645833,"Ambient"
"A1",2021-07-25,16.9402081944444,"Ambient"
"A1",2021-07-26,17.0302778368056,"Ambient"
"A1",2021-07-27,16.8822221319444,"Ambient"
"A1",2021-07-28,17.0524476293706,"Ambient"
"A1",2021-07-29,17.3893402847222,"Ambient"
"A1",2021-07-30,16.8868055902778,"Ambient"
"A1",2021-07-31,16.7808680763889,"Ambient"
"A1",2021-08-01,16.3678819791667,"Ambient"
"A1",2021-08-02,16.7825347013889,"Ambient"
"A1",2021-08-03,16.9672527216117,"Ambient"
"A1",2021-08-04,17.2294445138889,"Ambient"
"A1",2021-08-05,17.3184721944444,"Ambient"
"A1",2021-08-06,17.0377083680556,"Ambient"
"A1",2021-08-07,16.9788194201389,"Ambient"
"A1",2021-08-08,16.6461805729167,"Ambient"
"A1",2021-08-09,16.9976041736111,"Ambient"
"A1",2021-08-10,18.0148611631944,"Ambient"
"A1",2021-08-11,18.3295137951389,"Ambient"
"A1",2021-08-12,18.6596179895833,"Ambient"
"A1",2021-08-13,17.8850347048611,"Ambient"
"A1",2021-08-14,18.2700000555556,"Ambient"
"A1",2021-08-15,17.0537500694444,"Ambient"
"A1",2021-08-16,16.8537151701389,"Ambient"
"A1",2021-08-17,16.9021872916667,"Ambient"
"A1",2021-08-18,16.7833333611111,"Ambient"
"A1",2021-08-19,16.7111457604167,"Ambient"
"A1",2021-08-20,17.5870139131944,"Ambient"
"A1",2021-08-21,17.02215278125,"Ambient"
"A1",2021-08-22,16.72437490625,"Ambient"
"A1",2021-08-23,16.9448262256944,"Ambient"
"A1",2021-08-24,16.8562500486111,"Ambient"
"A1",2021-08-25,17.0647569652778,"Ambient"
"A1",2021-08-26,17.5503819895833,"Ambient"
"A1",2021-08-27,17.3943055277778,"Ambient"
"A1",2021-08-28,16.8648610590278,"Ambient"
"A1",2021-08-29,16.6438195069444,"Ambient"
"A1",2021-08-30,16.5287153680556,"Ambient"
"A1",2021-08-31,17.1022222013889,"Ambient"
"A1",2021-09-01,16.7791667013889,"Ambient"
"A1",2021-09-02,16.75968753125,"Ambient"
"A1",2021-09-03,17.0941318368056,"Ambient"
"A1",2021-09-04,17.3837499756944,"Ambient"
"A1",2021-09-05,17.4467361180556,"Ambient"
"A1",2021-09-13,17.2733714228571,"Ambient"
"A1",2021-09-14,16.92020821875,"Ambient"
"A1",2021-09-15,17.0467706111111,"Ambient"
"A1",2021-09-16,16.9966319583333,"Ambient"
"A1",2021-09-17,17.1919444618056,"Ambient"
"A1",2021-09-18,16.9254166215278,"Ambient"
"A1",2021-09-19,15.9231597604167,"Ambient"
"A1",2021-09-20,16.7225694791667,"Ambient"
"A1",2021-09-21,14.7107291666667,"Ambient"
"A1",2021-09-22,14.76375009375,"Ambient"
"A1",2021-09-23,17.0079166770833,"Ambient"
"A1",2021-09-24,16.7925000763889,"Ambient"
"A1",2021-09-25,17.0301042847222,"Ambient"
"A1",2021-09-26,16.7918749826389,"Ambient"
"A1",2021-09-27,16.6267361076389,"Ambient"
"A1",2021-09-28,16.7860416041667,"Ambient"
"A1",2021-09-29,16.9398958090278,"Ambient"
"A1",2021-09-30,16.9027430277778,"Ambient"
"A1",2021-10-01,15.8314930590278,"Ambient"
"A1",2021-10-02,16.4288541770833,"Ambient"
"A1",2021-10-03,16.5649653263889,"Ambient"
"A1",2021-10-04,14.9332639027778,"Ambient"
"A1",2021-10-05,13.8171527777778,"Ambient"
"A1",2021-10-06,14.4315277743056,"Ambient"
"A1",2021-10-07,14.8083333125,"Ambient"
"A1",2021-10-08,14.0389236111111,"Ambient"
"A1",2021-10-09,15.1016665729167,"Ambient"
"A1",2021-10-10,16.0249305798611,"Ambient"
"A1",2021-10-11,15.3279861458333,"Ambient"
"A1",2021-10-12,13.4415972222222,"Ambient"
"A1",2021-10-13,12.728125,"Ambient"
"A1",2021-10-14,11.9680555555556,"Ambient"
"A1",2021-10-15,11.8404861111111,"Ambient"
"A1",2021-10-16,13.38125,"Ambient"
"A1",2021-10-17,12.7514930555556,"Ambient"
"A1",2021-10-18,13.0061805555556,"Ambient"
"A1",2021-10-19,13.979375,"Ambient"
"A1",2021-10-20,15.14531246875,"Ambient"
"A1",2021-10-21,15.5639930659722,"Ambient"
"A1",2021-10-22,13.9947916666667,"Ambient"
"A1",2021-10-23,13.6578125,"Ambient"
"A1",2021-10-24,11.5973263888889,"Ambient"
"A1",2021-10-25,10.5963194444444,"Ambient"
"A1",2021-10-26,11.2113194444444,"Ambient"
"A1",2021-10-27,11.3979513888889,"Ambient"
"A1",2021-10-28,11.1395833333333,"Ambient"
"A1",2021-10-29,11.0992708333333,"Ambient"
"A1",2021-10-30,12.2870833333333,"Ambient"
"A1",2021-10-31,13.7782,"Ambient"
"A1",2021-11-01,13.4161805555556,"Ambient"
"A1",2021-11-02,11.5697569444444,"Ambient"
"A1",2021-11-03,10.8952430555556,"Ambient"
"A1",2021-11-04,8.84204861111111,"Ambient"
"A1",2021-11-05,7.77322916666667,"Ambient"
"A1",2021-11-06,6.22388888888889,"Ambient"
"A1",2021-11-07,5.67121527777778,"Ambient"
"A1",2021-11-08,7.87923611111111,"Ambient"
"A1",2021-11-09,8.18173611111111,"Ambient"
"A1",2021-11-10,6.38,"Ambient"
"A1",2021-11-11,7.0921875,"Ambient"
"A1",2021-11-12,7.97069444444444,"Ambient"
"A1",2021-11-13,9.25739583333333,"Ambient"
"A1",2021-11-14,9.43631944444444,"Ambient"
"A1",2021-11-15,8.27350694444444,"Ambient"
"A1",2021-11-16,7.7953125,"Ambient"
"A1",2021-11-17,7.20486111111111,"Ambient"
"A1",2021-11-18,6.81822916666667,"Ambient"
"A1",2021-11-19,6.29881944444444,"Ambient"
"A1",2021-11-20,5.92899305555556,"Ambient"
"A1",2021-11-21,6.61041666666667,"Ambient"
"A1",2021-11-22,7.50364583333333,"Ambient"
"A1",2021-11-23,6.85277777777778,"Ambient"
"A1",2021-11-24,6.52836805555556,"Ambient"
"A1",2021-11-25,6.81447916666667,"Ambient"
"A1",2021-11-26,6.63309027777778,"Ambient"
"A1",2021-11-27,5.22475694444444,"Ambient"
"A1",2021-11-28,3.93302083333333,"Ambient"
"A1",2021-11-29,2.98645833333333,"Ambient"
"A1",2021-11-30,3.25378472222222,"Ambient"
"A1",2021-12-01,3.61881944444444,"Ambient"
"A1",2021-12-02,4.38864583333333,"Ambient"
"A1",2021-12-03,3.97506944444444,"Ambient"
"A1",2021-12-04,4.70913194444444,"Ambient"
"A1",2021-12-05,4.57034722222222,"Ambient"
"A1",2021-12-13,5.70837078651685,"Ambient"
"A1",2021-12-14,5.26278481012658,"Ambient"
"A1",2021-12-21,5.54018691588785,"Ambient"
"A1",2021-12-22,5.84802083333333,"Ambient"
"A1",2021-12-23,6.42496527777778,"Ambient"
"A1",2021-12-24,7.14975694444444,"Ambient"
"A1",2021-12-25,7.73350694444444,"Ambient"
"A1",2021-12-26,7.38979166666667,"Ambient"
"A1",2021-12-27,7.94184027777778,"Ambient"
"A1",2021-12-28,8.70451388888889,"Ambient"
"A1",2021-12-29,10.3612847222222,"Ambient"
"A1",2021-12-30,11.0486111111111,"Ambient"
"A1",2021-12-31,9.72625,"Ambient"
"A1",2022-01-01,9.17177083333333,"Ambient"
"A1",2022-01-02,8.83260416666667,"Ambient"
"A1",2022-01-03,8.57350694444444,"Ambient"
"A1",2022-01-04,8.49138888888889,"Ambient"
"A1",2022-01-05,7.6928125,"Ambient"
"A1",2022-01-06,5.19871527777778,"Ambient"
"A1",2022-01-07,3.15413194444444,"Ambient"
"A1",2022-01-08,3.85472222222222,"Ambient"
"A1",2022-01-09,5.43423611111111,"Ambient"
"A1",2022-01-18,3.50505952380952,"Ambient"
"A1",2022-01-19,3.33243055555556,"Ambient"
"A1",2022-01-20,3.96611111111111,"Ambient"
"A1",2022-01-21,3.91600694444444,"Ambient"
"A1",2022-01-22,3.13017361111111,"Ambient"
"A1",2022-01-23,3.14524305555556,"Ambient"
"A1",2022-01-24,3.65284722222222,"Ambient"
"A1",2022-01-25,4.06784722222222,"Ambient"
"A1",2022-01-26,4.38635416666667,"Ambient"
"A1",2022-01-27,4.41493055555556,"Ambient"
"A1",2022-01-28,3.94753472222222,"Ambient"
"A1",2022-01-29,3.77913194444444,"Ambient"
"A1",2022-01-30,4.39684027777778,"Ambient"
"A1",2022-01-31,4.53586805555556,"Ambient"
"A1",2022-02-01,4.998125,"Ambient"
"A1",2022-02-02,5.51197916666667,"Ambient"
"A1",2022-02-03,6.01694444444444,"Ambient"
"A1",2022-02-04,6.81604166666667,"Ambient"
"A1",2022-02-05,7.59722222222222,"Ambient"
"A1",2022-02-06,5.96663194444444,"Ambient"
"A1",2022-02-07,5.87159722222222,"Ambient"
"A1",2022-02-08,7.69836805555556,"Ambient"
"A1",2022-02-09,7.9540625,"Ambient"
"A1",2022-02-10,8.085,"Ambient"
"A1",2022-02-11,8.21451388888889,"Ambient"
"A1",2022-02-12,7.85364583333333,"Ambient"
"A1",2022-02-13,8.24878472222222,"Ambient"
"A1",2022-02-14,8.72295138888889,"Ambient"
"A1",2022-02-15,7.78878472222222,"Ambient"
"A1",2022-02-16,7.85017361111111,"Ambient"
"A1",2022-02-17,9.01603773584906,"Ambient"
"A1",2022-02-18,11.3716438356164,"Ambient"
"A1",2022-02-19,9.66555555555555,"Ambient"
"A1",2022-02-20,7.8765625,"Ambient"
"A1",2022-02-21,9.16295138888889,"Ambient"
"A1",2022-02-22,9.28666666666667,"Ambient"
"A1",2022-02-23,8.8075,"Ambient"
"A1",2022-02-24,8.94328671328671,"Ambient"
"A1",2022-02-25,8.95069444444444,"Ambient"
"A1",2022-02-26,7.23326388888889,"Ambient"
"A1",2022-02-27,6.68788194444444,"Ambient"
"A1",2022-02-28,8.5353125,"Ambient"
"A1",2022-03-01,8.82111111111111,"Ambient"
"A1",2022-03-02,8.54705426356589,"Ambient"
"A1",2022-03-04,9.12554455445544,"Ambient"
"A1",2022-03-05,8.35788194444445,"Ambient"
"A1",2022-03-06,7.74246527777778,"Ambient"
"A1",2022-03-07,8.13777777777778,"Ambient"
"A1",2022-03-08,7.63534722222222,"Ambient"
"A1",2022-03-09,8.24,"Ambient"
"A1",2022-03-10,9.04690972222222,"Ambient"
"A1",2022-03-11,9.08524305555556,"Ambient"
"A1",2022-03-12,9.62663194444444,"Ambient"
"A1",2022-03-13,8.24336805555556,"Ambient"
"A1",2022-03-14,6.64052083333333,"Ambient"
"A1",2022-03-15,8.31743055555556,"Ambient"
"A1",2022-03-16,9.71868055555556,"Ambient"
"A1",2022-03-17,10.4147916666667,"Ambient"
"A1",2022-03-18,9.68184027777778,"Ambient"
"A1",2022-03-19,9.54847222222222,"Ambient"
"A1",2022-03-20,10.7386458333333,"Ambient"
"A1",2022-03-21,12.159552238806,"Ambient"
"A1",2022-03-22,11.8990277777778,"Ambient"
"A1",2022-03-23,11.6544791666667,"Ambient"
"A1",2022-03-24,11.5350694444444,"Ambient"
"A1",2022-03-25,12.2802083333333,"Ambient"
"A1",2022-03-26,12.6658680555556,"Ambient"
"A1",2022-03-27,12.2257608695652,"Ambient"
"A1",2022-03-28,12.5176388888889,"Ambient"
"A1",2022-03-29,12.895,"Ambient"
"A1",2022-03-30,12.2817361111111,"Ambient"
"A1",2022-03-31,10.2125,"Ambient"
"A1",2022-04-01,7.28895833333333,"Ambient"
"A1",2022-04-02,4.55670138888889,"Ambient"
"A1",2022-04-03,4.09680555555556,"Ambient"
"A1",2022-04-04,5.58444444444444,"Ambient"
"A1",2022-04-05,7.17277777777778,"Ambient"
"A1",2022-04-06,8.31736111111111,"Ambient"
"A1",2022-04-07,9.60565972222222,"Ambient"
"A1",2022-04-08,12.8383333333333,"Ambient"
"A1",2022-04-09,12.7085416666667,"Ambient"
"A1",2022-04-10,11.7430208333333,"Ambient"
"A1",2022-04-11,13.045625,"Ambient"
"A1",2022-04-12,13.6062152777778,"Ambient"
"A1",2022-04-13,13.3485416666667,"Ambient"
"A1",2022-04-14,13.4534027777778,"Ambient"
"A1",2022-04-15,14.8878819236111,"Ambient"
"A1",2022-04-16,16.6596874930556,"Ambient"
"A1",2022-04-17,16.9320485972222,"Ambient"
"A1",2022-04-18,17.4308333715278,"Ambient"
"A1",2022-04-19,15.3308680694444,"Ambient"
"A1",2022-04-20,11.7920833333333,"Ambient"
"A1",2022-04-21,10.8555555555556,"Ambient"
"A1",2022-04-22,11.3695833333333,"Ambient"
"A1",2022-04-23,11.7090972222222,"Ambient"
"A1",2022-04-24,11.6384722222222,"Ambient"
"A1",2022-04-25,12.8055555555556,"Ambient"
"A1",2022-04-26,14.4581249930556,"Ambient"
"A1",2022-04-27,15.6235416284722,"Ambient"
"A1",2022-04-28,15.6206944409722,"Ambient"
"A1",2022-04-29,16.3182986215278,"Ambient"
"A1",2022-04-30,17.4601736284722,"Ambient"
"A1",2022-05-01,16.8138541631944,"Ambient"
"A1",2022-05-02,16.0736805763889,"Ambient"
"A1",2022-05-03,14.7476736111111,"Ambient"
"A1",2022-05-04,13.7914930555556,"Ambient"
"A1",2022-05-05,13.2023611111111,"Ambient"
"A1",2022-05-06,13.8711458333333,"Ambient"
"A1",2022-05-07,15.6423958298611,"Ambient"
"A1",2022-05-08,16.9342014270833,"Ambient"
"A1",2022-05-09,17.4925693993056,"Ambient"
"A1",2022-05-10,19.2817360729167,"Ambient"
"A1",2022-05-11,20.7410764375,"Ambient"
"A1",2022-05-12,21.3251389131944,"Ambient"
"A1",2022-05-13,21.3556945138889,"Ambient"
"A1",2022-05-14,21.7633681319444,"Ambient"
"A1",2022-05-15,22.5375347118056,"Ambient"
"A1",2022-05-16,23.6741319201389,"Ambient"
"A1",2022-05-17,23.4705554930556,"Ambient"
"A1",2022-05-18,24.6904514131944,"Ambient"
"A1",2022-05-19,24.61614578125,"Ambient"
"A1",2022-05-20,25.0152083472222,"Ambient"
"A1",2022-05-21,25.9628472430556,"Ambient"
"A1",2022-05-22,24.6746180659722,"Ambient"
"A1",2022-05-23,21.5309432216981,"Ambient"
"A1",2022-05-24,16.436086942029,"Ambient"
"A1",2022-05-25,15.3148245614035,"Ambient"
"A1",2022-05-26,15.6016666354167,"Ambient"
"A1",2022-05-27,17.5815625034722,"Ambient"
"A1",2022-05-28,20.0682985902778,"Ambient"
"A1",2022-05-29,21.5968056909722,"Ambient"
"A1",2022-05-30,20.4698264131944,"Ambient"
"A1",2022-05-31,21.1134375625,"Ambient"
"A1",2022-06-01,22.0276041666667,"Ambient"
"A1",2022-06-02,23.92708,"Ambient"
"A1",2022-06-05,21.3600636242038,"Ambient"
"A1",2022-06-06,20.9284721944444,"Ambient"
"A1",2022-06-07,20.626875,"Ambient"
"A1",2022-06-08,19.4006598194444,"Ambient"
"A1",2022-06-09,19.4614582951389,"Ambient"
"A1",2022-06-10,20.6126042048611,"Ambient"
"A1",2022-06-11,22.56038190625,"Ambient"
"A1",2022-06-12,24.0309722013889,"Ambient"
"A1",2022-06-20,26.5257432432432,"Ambient"
"A1",2022-06-21,24.9345453588517,"Ambient"
"A1",2022-06-22,22.4884523630952,"Ambient"
"A1",2022-06-23,22.7788194444444,"Ambient"
"A1",2022-06-24,22.0295485902778,"Ambient"
"A1",2022-06-25,20.3855207881944,"Ambient"
"A1",2022-06-26,19.0561457986111,"Ambient"
"A1",2022-06-27,16.8961458020833,"Ambient"
"A1",2022-06-28,17.857178575,"Ambient"
"A1",2022-06-29,22.5449999666667,"Ambient"
"A1",2022-06-30,19.0317776777778,"Ambient"
"A1",2022-07-01,18.5081754385965,"Ambient"
"A1",2022-07-02,20.0930555590278,"Ambient"
"A1",2022-07-03,22.7831944375,"Ambient"
"A1",2022-07-18,27.8471795833333,"Ambient"
"A1",2022-07-19,26.727526184669,"Ambient"
"A1",2022-07-20,26.27975696875,"Ambient"
"A1",2022-07-21,26.5780556145833,"Ambient"
"A1",2022-07-22,25.5273263611111,"Ambient"
"A1",2022-07-23,23.3639235520833,"Ambient"
"A1",2022-07-24,24.0841666770833,"Ambient"
"A1",2022-07-25,25.3649999705882,"Ambient"
"A1",2022-07-26,20.8884523392857,"Ambient"
"A1",2022-07-27,21.5823611527778,"Ambient"
"A1",2022-07-28,22.5787867683824,"Ambient"
"A1",2022-07-29,21.7119098888889,"Ambient"
"A1",2022-07-30,21.4174305069444,"Ambient"
"A1",2022-07-31,24.2371180138889,"Ambient"
"A1",2022-08-01,24.6514788309859,"Ambient"
"A1",2022-08-02,24.1854965811518,"Ambient"
"A1",2022-08-03,24.72097134375,"Ambient"
"A1",2022-08-04,26.7065273263889,"Ambient"
"A1",2022-08-05,25.0730208159722,"Ambient"
"A1",2022-08-06,24.8701041909722,"Ambient"
"A1",2022-08-07,25.9101041701389,"Ambient"
"A1",2022-08-08,26.5737736540881,"Ambient"
"A1",2022-08-09,27.3311111041667,"Ambient"
"A1",2022-08-10,25.2013194027778,"Ambient"
"A1",2022-08-11,26.0884027743056,"Ambient"
"A1",2022-08-12,26.5988541597222,"Ambient"
"A1",2022-08-13,26.8177778090278,"Ambient"
"A1",2022-08-14,25.1312846458333,"Ambient"
"A1",2022-08-15,24.2563289240506,"Ambient"
"A1",2022-08-16,21.9709581317365,"Ambient"
"A1",2022-08-17,20.629378826087,"Ambient"
"A1",2022-08-18,19.59434025,"Ambient"
"A1",2022-08-19,20.6709716145833,"Ambient"
"A1",2022-08-20,21.8700347048611,"Ambient"
"A1",2022-08-21,22.6382638576389,"Ambient"
"A1",2022-08-22,23.2026161308017,"Ambient"
"A1",2022-08-23,22.3711464409722,"Ambient"
"A1",2022-08-24,24.4229168229167,"Ambient"
"A1",2022-08-25,25.14395903125,"Ambient"
"A1",2022-08-26,22.4013888819444,"Ambient"
"A1",2022-08-27,23.4501389201389,"Ambient"
"A1",2022-08-28,23.82791671875,"Ambient"
"A1",2022-08-30,23.5174705882353,"Ambient"
"A1",2022-08-31,22.3063541006944,"Ambient"
"A1",2022-09-01,21.6707291875,"Ambient"
"A1",2022-09-02,22.1061111423611,"Ambient"
"A1",2022-09-03,21.9206945277778,"Ambient"
"A1",2022-09-04,21.6057986284722,"Ambient"
"A1",2022-09-05,21.7368402847222,"Ambient"
"A1",2022-09-06,22.7175694409722,"Ambient"
"A1",2022-09-07,22.9005902395833,"Ambient"
"A1",2022-09-08,21.0945833645833,"Ambient"
"A1",2022-09-09,19.5164930277778,"Ambient"
"A1",2022-09-10,18.3788889340278,"Ambient"
"A1",2022-09-11,20.3169791770833,"Ambient"
"A1",2022-09-12,21.0856943541667,"Ambient"
"A1",2022-09-13,22.1255555486111,"Ambient"
"A1",2022-09-14,22.2280556284722,"Ambient"
"A1",2022-09-15,21.6038194409722,"Ambient"
"A1",2022-09-16,20.2964582604167,"Ambient"
"A1",2022-09-17,19.3359375972222,"Ambient"
"A1",2022-09-18,17.5406250069444,"Ambient"
"A1",2022-09-19,16.8868402986111,"Ambient"
"A1",2022-09-20,16.7418055625,"Ambient"
"A1",2022-09-21,16.86972225,"Ambient"
"A1",2022-09-22,17.0761458541667,"Ambient"
"A1",2022-09-23,17.0211806666667,"Ambient"
"A1",2022-09-24,16.7047222465278,"Ambient"
"A1",2022-09-25,14.7105902777778,"Ambient"
"A1",2022-09-26,14.8483333055556,"Ambient"
"A1",2022-09-27,14.5104166666667,"Ambient"
"A1",2022-09-28,14.5453125,"Ambient"
"A1",2022-09-29,14.5374652777778,"Ambient"
"A1",2022-09-30,13.3996180555556,"Ambient"
"A1",2022-10-01,13.2257291666667,"Ambient"
"A1",2022-10-02,15.5579166701389,"Ambient"
"A1",2022-10-03,17.6601041041667,"Ambient"
"A1",2022-10-04,17.3120138784722,"Ambient"
"A1",2022-10-05,17.0695138958333,"Ambient"
"A1",2022-10-06,17.4446875173611,"Ambient"
"A1",2022-10-07,17.4973263715278,"Ambient"
"A1",2022-10-08,17.7907292118056,"Ambient"
"A1",2022-10-09,17.3826736701389,"Ambient"
"A1",2022-10-10,16.8005902777778,"Ambient"
"A1",2022-10-11,17.0025347430556,"Ambient"
"A1",2022-10-12,17.3281597604167,"Ambient"
"A1",2022-10-13,17.6809374826389,"Ambient"
"A1",2022-10-14,18.4879860902778,"Ambient"
"A1",2022-10-15,17.5813541770833,"Ambient"
"A1",2022-10-16,17.5605555277778,"Ambient"
"A1",2022-10-17,18.2239582916667,"Ambient"
"A1",2022-10-18,18.24197915625,"Ambient"
"A1",2022-10-19,17.7468749583333,"Ambient"
"A1",2022-10-20,17.6611805590278,"Ambient"
"A1",2022-10-21,16.6236111736111,"Ambient"
"A1",2022-10-22,16.3998958506944,"Ambient"
"A1",2022-10-23,17.5934724444444,"Ambient"
"A1",2022-10-24,17.4457638715278,"Ambient"
"A1",2022-10-25,16.0510416597222,"Ambient"
"A1",2022-10-26,15.5177083090278,"Ambient"
"A1",2022-10-27,15.6269443993056,"Ambient"
"A1",2022-10-28,16.397395875,"Ambient"
"A1",2022-10-29,16.78416671875,"Ambient"
"A1",2022-10-30,14.8998333233333,"Ambient"
"A1",2022-10-31,13.5409027777778,"Ambient"
"A1",2022-11-01,14.3360763888889,"Ambient"
"A1",2022-11-02,15.5541320451389,"Ambient"
"A1",2022-11-03,13.3874305555556,"Ambient"
"A1",2022-11-04,10.439375,"Ambient"
"A1",2022-11-05,9.9984375,"Ambient"
"A1",2022-11-06,9.51475694444444,"Ambient"
"A1",2022-11-07,9.73170138888889,"Ambient"
"A1",2022-11-08,10.6589236111111,"Ambient"
"A1",2022-11-09,11.2791666666667,"Ambient"
"A1",2022-11-10,11.3247916666667,"Ambient"
"A1",2022-11-11,10.2006597222222,"Ambient"
"A1",2022-11-12,11.00875,"Ambient"
"A1",2022-11-13,11.3617013888889,"Ambient"
"A1",2022-11-14,10.8868055555556,"Ambient"
"A1",2022-11-15,11.245,"Ambient"
"A1",2022-11-16,11.7773958333333,"Ambient"
"A1",2022-11-17,11.9270833333333,"Ambient"
"A1",2022-11-18,11.2033680555556,"Ambient"
"A1",2022-11-19,9.34371527777778,"Ambient"
"A1",2022-11-20,6.76760416666667,"Ambient"
"A1",2022-11-21,7.41458333333333,"Ambient"
"A1",2022-11-22,6.76954861111111,"Ambient"
"A1",2022-11-23,7.62506944444444,"Ambient"
"A1",2022-11-24,7.03809027777778,"Ambient"
"A1",2022-11-25,7.52788194444444,"Ambient"
"A1",2022-11-26,6.99309027777778,"Ambient"
"A1",2022-11-27,6.47798611111111,"Ambient"
"A1",2022-11-28,6.82465277777778,"Ambient"
"A1",2022-11-29,6.79878472222222,"Ambient"
"A1",2022-11-30,6.75815972222222,"Ambient"
"A1",2022-12-01,5.22666666666667,"Ambient"
"A1",2022-12-02,5.33229166666667,"Ambient"
"A1",2022-12-03,5.11927083333333,"Ambient"
"A1",2022-12-04,4.0725,"Ambient"
"A1",2022-12-05,3.4809375,"Ambient"
"A1",2022-12-06,4.50791666666667,"Ambient"
"A1",2022-12-07,6.82086805555556,"Ambient"
"A1",2022-12-08,7.3275,"Ambient"
"A1",2022-12-09,7.24923611111111,"Ambient"
"A1",2022-12-10,7.09364583333333,"Ambient"
"A1",2022-12-11,3.59684027777778,"Ambient"
"A1",2022-12-12,3.56503472222222,"Ambient"
"A1",2022-12-13,5.40590277777778,"Ambient"
"A1",2022-12-14,8.02072916666667,"Ambient"
"A1",2022-12-15,8.16378472222222,"Ambient"
"A1",2022-12-16,8.54125,"Ambient"
"A1",2022-12-17,8.21295138888889,"Ambient"
"A1",2022-12-18,6.17388888888889,"Ambient"
"A1",2022-12-19,4.95152777777778,"Ambient"
"A1",2022-12-20,5.81972222222222,"Ambient"
"A1",2022-12-21,8.435625,"Ambient"
"A1",2022-12-22,9.349375,"Ambient"
"A1",2022-12-23,10.0113541666667,"Ambient"
"A1",2022-12-24,9.69354166666667,"Ambient"
"A1",2022-12-25,9.07989583333333,"Ambient"
"A1",2022-12-26,8.75340277777778,"Ambient"
"A1",2022-12-27,8.69548611111111,"Ambient"
"A1",2022-12-28,8.16173611111111,"Ambient"
"A1",2022-12-29,7.77611111111111,"Ambient"
"A1",2022-12-30,8.64277777777778,"Ambient"
"A1",2022-12-31,9.45020833333333,"Ambient"
"B1",2019-02-01,0,"Warm"
"B1",2019-02-02,0,"Warm"
"B1",2019-02-03,0,"Warm"
"B1",2019-02-04,0,"Warm"
"B1",2019-02-05,0,"Warm"
"B1",2019-02-06,0,"Warm"
"B1",2019-02-07,0,"Warm"
"B1",2019-02-08,0,"Warm"
"B1",2019-02-09,0,"Warm"
"B1",2019-02-10,0,"Warm"
"B1",2019-02-11,5.29552727272727,"Warm"
"B1",2019-02-12,4.41274305555556,"Warm"
"B1",2019-02-13,3.77684027777778,"Warm"
"B1",2019-02-14,4.02975694444444,"Warm"
"B1",2019-02-15,4.75413194444444,"Warm"
"B1",2019-02-16,5.43979166666667,"Warm"
"B1",2019-02-17,5.70159722222222,"Warm"
"B1",2019-02-18,6.16746527777778,"Warm"
"B1",2019-02-19,5.54572916666667,"Warm"
"B1",2019-02-20,5.33083333333333,"Warm"
"B1",2019-02-21,5.97777777777778,"Warm"
"B1",2019-02-22,6.77208333333333,"Warm"
"B1",2019-02-23,7.4953125,"Warm"
"B1",2019-02-24,7.79583333333333,"Warm"
"B1",2019-02-25,7.99986111111111,"Warm"
"B1",2019-02-26,8.56305555555556,"Warm"
"B1",2019-02-27,9.01649305555556,"Warm"
"B1",2019-02-28,9.09951388888889,"Warm"
"B1",2019-03-01,9.72635416666667,"Warm"
"B1",2019-03-02,9.79284722222222,"Warm"
"B1",2019-03-03,8.10996527777778,"Warm"
"B1",2019-03-04,8.94371527777778,"Warm"
"B1",2019-03-05,8.03350694444444,"Warm"
"B1",2019-03-06,9.13649305555556,"Warm"
"B1",2019-03-07,8.61052083333333,"Warm"
"B1",2019-03-08,5.714826388922,"Warm"
"B1",2019-03-09,8.85083333680556,"Warm"
"B1",2019-03-10,9.93951390277778,"Warm"
"B1",2019-03-11,7.79916666672462,"Warm"
"B1",2019-03-12,12.8516372258088,"Warm"
"B1",2019-03-13,6.19954861111111,"Warm"
"B1",2019-03-14,7.91274305555556,"Warm"
"B1",2019-03-15,9.794826375,"Warm"
"B1",2019-03-16,13.0085763750993,"Warm"
"B1",2019-03-17,7.35291667709989,"Warm"
"B1",2019-03-18,6.46104166666667,"Warm"
"B1",2019-03-19,5.006875,"Warm"
"B1",2019-03-20,6.26774305208333,"Warm"
"B1",2019-03-21,10.547309408746,"Warm"
"B1",2019-03-22,10.3222996795287,"Warm"
"B1",2019-03-23,12.6349305694444,"Warm"
"B1",2019-03-24,13.0239583298611,"Warm"
"B1",2019-03-25,9.55663194423748,"Warm"
"B1",2019-03-26,10.8071544551295,"Warm"
"B1",2019-03-27,11.5066986312282,"Warm"
"B1",2019-03-28,8.95822914275847,"Warm"
"B1",2019-03-29,10.7751388784722,"Warm"
"B1",2019-03-30,11.5665971909722,"Warm"
"B1",2019-03-31,11.9760069236111,"Warm"
"B1",2019-04-01,12.6863194236111,"Warm"
"B1",2019-04-02,8.97861111111111,"Warm"
"B1",2019-04-03,6.32600694444444,"Warm"
"B1",2019-04-04,6.06854902036576,"Warm"
"B1",2019-04-05,6.80961805555556,"Warm"
"B1",2019-04-06,6.99111111111111,"Warm"
"B1",2019-04-07,5.88864468849295,"Warm"
"B1",2019-04-08,7.70125,"Warm"
"B1",2019-04-09,9.51069444444444,"Warm"
"B1",2019-04-10,7.87256944444444,"Warm"
"B1",2019-04-11,7.65645833333333,"Warm"
"B1",2019-04-12,9.41628472222222,"Warm"
"B1",2019-04-13,7.18948530524074,"Warm"
"B1",2019-04-14,7.9621180625,"Warm"
"B1",2019-04-15,12.8472569027778,"Warm"
"B1",2019-04-16,11.5252430694444,"Warm"
"B1",2019-04-17,10.9597916875,"Warm"
"B1",2019-04-18,12.2347916423611,"Warm"
"B1",2019-04-19,16.0465277708333,"Warm"
"B1",2019-04-20,14.9281597222222,"Warm"
"B1",2019-04-21,10.6914930520833,"Warm"
"B1",2019-04-22,10.6730902708333,"Warm"
"B1",2019-04-23,13.2961111527778,"Warm"
"B1",2019-04-24,11.9765625277778,"Warm"
"B1",2019-04-25,11.4931944513889,"Warm"
"B1",2019-04-26,10.4813541666667,"Warm"
"B1",2019-04-27,10.0654861180556,"Warm"
"B1",2019-04-28,9.94381944444445,"Warm"
"B1",2019-04-29,11.8620486145833,"Warm"
"B1",2019-04-30,14.1959027604167,"Warm"
"B1",2019-05-01,15.8180555729167,"Warm"
"B1",2019-05-02,12.06402778125,"Warm"
"B1",2019-05-03,9.10295138888889,"Warm"
"B1",2019-05-04,9.95440971875,"Warm"
"B1",2019-05-05,7.5497047898609,"Warm"
"B1",2019-05-06,8.41226720642102,"Warm"
"B1",2019-05-07,14.3259027743056,"Warm"
"B1",2019-05-08,14.8372222638889,"Warm"
"B1",2019-05-09,14.5854861041667,"Warm"
"B1",2019-05-10,17.0367361458333,"Warm"
"B1",2019-05-11,13.5174305347222,"Warm"
"B1",2019-05-12,12.0626041944444,"Warm"
"B1",2019-05-13,13.5886111111111,"Warm"
"B1",2019-05-14,14.4495833576389,"Warm"
"B1",2019-05-15,15.5497222465278,"Warm"
"B1",2019-05-16,16.0913541944444,"Warm"
"B1",2019-05-17,10.8039930555556,"Warm"
"B1",2019-05-18,9.07621527430556,"Warm"
"B1",2019-05-19,10.3330555590278,"Warm"
"B1",2019-05-20,11.9772916701389,"Warm"
"B1",2019-05-21,14.9315972951389,"Warm"
"B1",2019-05-22,17.2556944444444,"Warm"
"B1",2019-05-23,18.4648611493056,"Warm"
"B1",2019-05-24,12.3489583333333,"Warm"
"B1",2019-05-25,12.3919444513889,"Warm"
"B1",2019-05-26,13.2286458368056,"Warm"
"B1",2019-05-27,14.3562499965278,"Warm"
"B1",2019-05-28,14.3475000243056,"Warm"
"B1",2019-05-29,13.5897916423611,"Warm"
"B1",2019-05-30,17.4505903194444,"Warm"
"B1",2019-05-31,19.7781944930556,"Warm"
"B1",2019-06-01,22.5789235868056,"Warm"
"B1",2019-06-02,24.4529512951389,"Warm"
"B1",2019-06-03,20.41569440625,"Warm"
"B1",2019-06-04,21.8479514479167,"Warm"
"B1",2019-06-05,12.0525694444444,"Warm"
"B1",2019-06-06,16.4198610868056,"Warm"
"B1",2019-06-07,15.2285417013889,"Warm"
"B1",2019-06-08,16.5284027361111,"Warm"
"B1",2019-06-09,17.9461111076389,"Warm"
"B1",2019-06-10,12.5803819444444,"Warm"
"B1",2019-06-11,10.6894791736111,"Warm"
"B1",2019-06-12,13.7597908745645,"Warm"
"B1",2019-06-13,18.3560069236111,"Warm"
"B1",2019-06-14,15.8383680659722,"Warm"
"B1",2019-06-15,13.6247222395833,"Warm"
"B1",2019-06-16,18.1664930208333,"Warm"
"B1",2019-06-17,21.7349304930556,"Warm"
"B1",2019-06-18,23.5980903229167,"Warm"
"B1",2019-06-19,22.0560069479167,"Warm"
"B1",2019-06-20,16.4689583159722,"Warm"
"B1",2019-06-21,15.0710069444444,"Warm"
"B1",2019-06-22,20.1889930381944,"Warm"
"B1",2019-06-23,24.8934027986111,"Warm"
"B1",2019-06-24,23.0353473229167,"Warm"
"B1",2019-06-25,22.8696527881944,"Warm"
"B1",2019-06-26,27.7513829574468,"Warm"
"B1",2019-06-27,27.9183467903226,"Warm"
"B1",2019-06-28,25.6559027881944,"Warm"
"B1",2019-06-29,26.1511454493392,"Warm"
"B1",2019-06-30,24.0564236423611,"Warm"
"B1",2019-07-01,20.7148959201389,"Warm"
"B1",2019-07-02,19.6020486111111,"Warm"
"B1",2019-07-03,20.1945485868056,"Warm"
"B1",2019-07-04,22.1235417777778,"Warm"
"B1",2019-07-05,25.1642361041667,"Warm"
"B1",2019-07-06,26.4169791770833,"Warm"
"B1",2019-07-07,26.6581250347222,"Warm"
"B1",2019-07-08,26.01763903125,"Warm"
"B1",2019-07-09,22.9978124826389,"Warm"
"B1",2019-07-10,22.1223610868056,"Warm"
"B1",2019-07-11,23.6735069166667,"Warm"
"B1",2019-07-12,18.4015972291667,"Warm"
"B1",2019-07-13,15.5580209097222,"Warm"
"B1",2019-07-14,14.2539930555556,"Warm"
"B1",2019-07-15,14.2059374930556,"Warm"
"B1",2019-07-16,14.6846180069444,"Warm"
"B1",2019-07-17,14.2564583333333,"Warm"
"B1",2019-07-18,13.1672916666667,"Warm"
"B1",2019-07-19,14.4981250104167,"Warm"
"B1",2019-07-20,14.5526736111111,"Warm"
"B1",2019-07-21,14.4505208333333,"Warm"
"B1",2019-07-22,16.2061805625,"Warm"
"B1",2019-07-23,18.0374999340278,"Warm"
"B1",2019-07-24,18.2948611284722,"Warm"
"B1",2019-07-25,18.11204865625,"Warm"
"B1",2019-07-26,14.9566666701389,"Warm"
"B1",2019-07-27,12.8906597222222,"Warm"
"B1",2019-07-28,13.6544444444444,"Warm"
"B1",2019-07-29,14.7890972048611,"Warm"
"B1",2019-07-30,13.6255555555556,"Warm"
"B1",2019-07-31,13.568125,"Warm"
"B1",2019-08-01,13.8277083333333,"Warm"
"B1",2019-08-02,14.3835763854167,"Warm"
"B1",2019-08-03,15.0026735972222,"Warm"
"B1",2019-08-04,15.4744097361111,"Warm"
"B1",2019-08-05,15.9755348604651,"Warm"
"B1",2019-08-06,19.8202431493056,"Warm"
"B1",2019-08-07,22.8349305173611,"Warm"
"B1",2019-08-08,24.1304166458333,"Warm"
"B1",2019-08-09,19.7753472326389,"Warm"
"B1",2019-08-10,15.2417361041667,"Warm"
"B1",2019-08-11,12.8203125,"Warm"
"B1",2019-08-12,13.0452777777778,"Warm"
"B1",2019-08-13,13.3601041666667,"Warm"
"B1",2019-08-14,13.8342361111111,"Warm"
"B1",2019-08-15,13.1173958333333,"Warm"
"B1",2019-08-16,14.3623610972222,"Warm"
"B1",2019-08-17,14.8882291944444,"Warm"
"B1",2019-08-18,15.0002083472222,"Warm"
"B1",2019-08-19,16.1436805625,"Warm"
"B1",2019-08-20,16.8986805972222,"Warm"
"B1",2019-08-21,17.6688889097222,"Warm"
"B1",2019-08-22,19.3555556041667,"Warm"
"B1",2019-08-23,20.207360527881,"Warm"
"B1",2019-08-24,21.9246874826389,"Warm"
"B1",2019-08-25,22.7701388506944,"Warm"
"B1",2019-08-26,20.9969444548611,"Warm"
"B1",2019-08-27,15.1155052473868,"Warm"
"B1",2019-08-28,14.8912500104167,"Warm"
"B1",2019-08-29,15.5063194409722,"Warm"
"B1",2019-08-30,15.8067014270833,"Warm"
"B1",2019-08-31,16.2842361111111,"Warm"
"B1",2019-09-01,15.0937847152778,"Warm"
"B1",2019-09-02,14.0747222222222,"Warm"
"B1",2019-09-03,14.0357291666667,"Warm"
"B1",2019-09-04,14.6439930798611,"Warm"
"B1",2019-09-05,14.9352777777778,"Warm"
"B1",2019-09-06,14.3854166666667,"Warm"
"B1",2019-09-07,14.1450694444444,"Warm"
"B1",2019-09-08,14.1989930555556,"Warm"
"B1",2019-09-09,14.1660763888889,"Warm"
"B1",2019-09-10,13.7248263888889,"Warm"
"B1",2019-09-11,13.2231597222222,"Warm"
"B1",2019-09-12,13.9885416666667,"Warm"
"B1",2019-09-13,14.4889930555556,"Warm"
"B1",2019-09-14,15.0869444479167,"Warm"
"B1",2019-09-15,15.3211110902778,"Warm"
"B1",2019-09-16,15.6271527673611,"Warm"
"B1",2019-09-17,15.7378472222222,"Warm"
"B1",2019-09-18,15.4305208645833,"Warm"
"B1",2019-09-19,15.2490277534722,"Warm"
"B1",2019-09-20,15.8787152430556,"Warm"
"B1",2019-09-21,15.5935763888889,"Warm"
"B1",2019-09-22,14.5274305555556,"Warm"
"B1",2019-09-23,14.2194097222222,"Warm"
"B1",2019-09-24,14.7049652708333,"Warm"
"B1",2019-09-25,15.0029861111111,"Warm"
"B1",2019-09-26,15.2131596979167,"Warm"
"B1",2019-09-27,15.0288541666667,"Warm"
"B1",2019-09-28,15.1475347222222,"Warm"
"B1",2019-09-29,14.9032291354167,"Warm"
"B1",2019-09-30,15.4572222152778,"Warm"
"B1",2019-10-01,15.9392707951389,"Warm"
"B1",2019-10-02,16.0251389131944,"Warm"
"B1",2019-10-03,15.3716319236111,"Warm"
"B1",2019-10-04,14.3388888888889,"Warm"
"B1",2019-10-05,15.1579861041667,"Warm"
"B1",2019-10-06,15.3383680555556,"Warm"
"B1",2019-10-07,14.1756944444444,"Warm"
"B1",2019-10-08,14.9855208368056,"Warm"
"B1",2019-10-09,14.9801388888889,"Warm"
"B1",2019-10-10,14.3642013888889,"Warm"
"B1",2019-10-11,13.6878125,"Warm"
"B1",2019-10-12,14.5196527777778,"Warm"
"B1",2019-10-13,15.1748263958333,"Warm"
"B1",2019-10-14,14.8801388888889,"Warm"
"B1",2019-10-15,14.3207291666667,"Warm"
"B1",2019-10-16,12.3250347222222,"Warm"
"B1",2019-10-17,12.6547222222222,"Warm"
"B1",2019-10-18,12.8512152777778,"Warm"
"B1",2019-10-19,13.3319791666667,"Warm"
"B1",2019-10-20,13.5405208333333,"Warm"
"B1",2019-10-21,12.920625,"Warm"
"B1",2019-10-22,13.6184375,"Warm"
"B1",2019-10-23,12.8676736111111,"Warm"
"B1",2019-10-24,13.9517013888889,"Warm"
"B1",2019-10-25,15.0680208194444,"Warm"
"B1",2019-10-26,14.49305553125,"Warm"
"B1",2019-10-27,14.8042708298611,"Warm"
"B1",2019-10-28,15.2645138854167,"Warm"
"B1",2019-10-29,15.6415971944444,"Warm"
"B1",2019-10-30,17.2580554166667,"Warm"
"B1",2019-10-31,17.5087500034722,"Warm"
"B1",2019-11-01,15.2071180451389,"Warm"
"B1",2019-11-02,14.9856597222222,"Warm"
"B1",2019-11-03,14.0580208333333,"Warm"
"B1",2019-11-04,13.1335763888889,"Warm"
"B1",2019-11-05,12.8298958333333,"Warm"
"B1",2019-11-06,11.2493055555556,"Warm"
"B1",2019-11-07,9.66177083333333,"Warm"
"B1",2019-11-08,7.90670138888889,"Warm"
"B1",2019-11-09,8.47791666666667,"Warm"
"B1",2019-11-10,8.90013888888889,"Warm"
"B1",2019-11-11,7.74170138888889,"Warm"
"B1",2019-11-12,8.34850694444444,"Warm"
"B1",2019-11-13,9.08222222222222,"Warm"
"B1",2019-11-14,8.14017361111111,"Warm"
"B1",2019-11-15,6.8890625,"Warm"
"B1",2019-11-16,6.70302083333333,"Warm"
"B1",2019-11-17,7.44222222222222,"Warm"
"B1",2019-11-18,8.04284722222222,"Warm"
"B1",2019-11-19,7.39253472222222,"Warm"
"B1",2019-11-20,6.82847222222222,"Warm"
"B1",2019-11-21,6.87628472222222,"Warm"
"B1",2019-11-22,7.00885416666667,"Warm"
"B1",2019-11-23,8.09663194444444,"Warm"
"B1",2019-11-24,8.71795138888889,"Warm"
"B1",2019-11-25,9.09152777777778,"Warm"
"B1",2019-11-26,10.0796875,"Warm"
"B1",2019-11-27,11.8538541666667,"Warm"
"B1",2019-11-28,12.0932638888889,"Warm"
"B1",2019-11-29,13.0217708333333,"Warm"
"B1",2019-11-30,11.9307986111111,"Warm"
"B1",2019-12-01,11.1995486111111,"Warm"
"B1",2019-12-02,10.0947222222222,"Warm"
"B1",2019-12-03,9.58875,"Warm"
"B1",2019-12-04,8.31309027777778,"Warm"
"B1",2019-12-05,7.97430555555556,"Warm"
"B1",2019-12-06,8.61885416666667,"Warm"
"B1",2019-12-07,8.81899305555556,"Warm"
"B1",2019-12-08,9.08708333333333,"Warm"
"B1",2019-12-09,9.76229166666667,"Warm"
"B1",2019-12-10,9.41920138888889,"Warm"
"B1",2019-12-11,8.48791666666667,"Warm"
"B1",2019-12-12,8.46024305555556,"Warm"
"B1",2019-12-13,11.0761458333333,"Warm"
"B1",2019-12-14,13.3753472222222,"Warm"
"B1",2019-12-15,13.2786805555556,"Warm"
"B1",2019-12-16,12.3892013888889,"Warm"
"B1",2019-12-17,12.4298611111111,"Warm"
"B1",2019-12-18,12.8288571428571,"Warm"
"B1",2019-12-19,11.3877430555556,"Warm"
"B1",2019-12-20,12.3223611111111,"Warm"
"B1",2019-12-21,11.6964583333333,"Warm"
"B1",2019-12-22,11.5532638888889,"Warm"
"B1",2019-12-23,10.9317361111111,"Warm"
"B1",2019-12-24,12.1469791666667,"Warm"
"B1",2019-12-25,12.6581597222222,"Warm"
"B1",2019-12-26,11.9045486111111,"Warm"
"B1",2019-12-27,10.8045486111111,"Warm"
"B1",2019-12-28,9.36961805555556,"Warm"
"B1",2019-12-29,8.604375,"Warm"
"B1",2019-12-30,8.29555555555556,"Warm"
"B1",2019-12-31,8.13892361111111,"Warm"
"B1",2020-01-01,8.29666666666667,"Warm"
"B1",2020-01-02,7.60121527777778,"Warm"
"B1",2020-01-03,7.824375,"Warm"
"B1",2020-01-04,8.55006944444444,"Warm"
"B1",2020-01-05,8.78649305555555,"Warm"
"B1",2020-01-06,7.84847222222222,"Warm"
"B1",2020-01-07,7.44840277777778,"Warm"
"B1",2020-01-08,8.57847222222222,"Warm"
"B1",2020-01-09,10.0571323529412,"Warm"
"B1",2020-01-10,10.4152777777778,"Warm"
"B1",2020-01-11,9.26736111111111,"Warm"
"B1",2020-01-12,7.48927083333333,"Warm"
"B1",2020-01-13,6.50934027777778,"Warm"
"B1",2020-01-14,6.850625,"Warm"
"B1",2020-01-15,7.56777777777778,"Warm"
"B1",2020-01-16,7.90715277777778,"Warm"
"B1",2020-01-17,7.8578125,"Warm"
"B1",2020-01-18,7.28600694444444,"Warm"
"B1",2020-01-19,7.78736111111111,"Warm"
"B1",2020-01-20,7.22534722222222,"Warm"
"B1",2020-01-21,6.96003472222222,"Warm"
"B1",2020-01-22,7.60701388888889,"Warm"
"B1",2020-01-23,8.91177083333333,"Warm"
"B1",2020-01-24,8.9184375,"Warm"
"B1",2020-01-25,8.52576388888889,"Warm"
"B1",2020-01-26,8.57416666666667,"Warm"
"B1",2020-01-27,7.72670138888889,"Warm"
"B1",2020-01-28,8.39986111111111,"Warm"
"B1",2020-01-29,8.48840277777778,"Warm"
"B1",2020-01-30,10.2380208333333,"Warm"
"B1",2020-01-31,12.418125,"Warm"
"B1",2020-02-01,12.0563194444444,"Warm"
"B1",2020-02-02,12.7729166666667,"Warm"
"B1",2020-02-03,14.2741666666667,"Warm"
"B1",2020-02-04,14.1569097222222,"Warm"
"B1",2020-02-05,12.6501388888889,"Warm"
"B1",2020-02-06,10.1532291666667,"Warm"
"B1",2020-02-07,9.00652777777778,"Warm"
"B1",2020-02-08,8.72131944444445,"Warm"
"B1",2020-02-09,9.90458333333333,"Warm"
"B1",2020-02-10,12.8644097222222,"Warm"
"B1",2020-02-11,14.3117013888889,"Warm"
"B1",2020-02-12,13.6561805555556,"Warm"
"B1",2020-02-13,12.6923263888889,"Warm"
"B1",2020-02-14,14.3417708298611,"Warm"
"B1",2020-02-15,13.4567361111111,"Warm"
"B1",2020-02-16,13.2998611111111,"Warm"
"B1",2020-02-17,12.1844097222222,"Warm"
"B1",2020-02-18,10.7690625,"Warm"
"B1",2020-02-19,10.7256944444444,"Warm"
"B1",2020-02-20,10.7256944444444,"Warm"
"B1",2020-02-21,11.0135416666667,"Warm"
"B1",2020-02-22,11.474375,"Warm"
"B1",2020-02-23,12.3241666666667,"Warm"
"B1",2020-02-24,12.6853125,"Warm"
"B1",2020-02-25,12.0569097222222,"Warm"
"B1",2020-02-26,11.5171875,"Warm"
"B1",2020-02-27,10.9711805555556,"Warm"
"B1",2020-02-28,12.9679861111111,"Warm"
"B1",2020-02-29,13.0813888888889,"Warm"
"B1",2020-03-01,12.9450694444444,"Warm"
"B1",2020-03-02,12.5697222222222,"Warm"
"B1",2020-03-03,10.1810763888889,"Warm"
"B1",2020-03-04,9.92795138888889,"Warm"
"B1",2020-03-05,11.235,"Warm"
"B1",2020-03-06,9.86538194444444,"Warm"
"B1",2020-03-07,9.33243055555556,"Warm"
"B1",2020-03-08,10.9154513888889,"Warm"
"B1",2020-03-09,11.546961130742,"Warm"
"B1",2020-03-10,11.8780208333333,"Warm"
"B1",2020-03-11,12.3857920792079,"Warm"
"B1",2020-03-13,14.3822159090909,"Warm"
"B1",2020-03-14,13.6248263888889,"Warm"
"B1",2020-03-15,13.3291666666667,"Warm"
"B1",2020-03-16,14.1298263888889,"Warm"
"B1",2020-03-17,14.0367013888889,"Warm"
"B1",2020-03-18,14.9299999965278,"Warm"
"B1",2020-03-19,16.18791671875,"Warm"
"B1",2020-03-20,17.0840277083333,"Warm"
"B1",2020-03-21,16.7747222222222,"Warm"
"B1",2020-03-22,16.3408333020833,"Warm"
"B1",2020-03-23,15.8923263819444,"Warm"
"B1",2020-03-24,15.1586806180556,"Warm"
"B1",2020-03-25,14.4578125,"Warm"
"B1",2020-03-26,13.1331944444444,"Warm"
"B1",2020-03-27,11.1035416666667,"Warm"
"B1",2020-03-28,12.7027777777778,"Warm"
"B1",2020-03-29,13.5533680555556,"Warm"
"B1",2020-03-30,11.6294097222222,"Warm"
"B1",2020-03-31,11.0256944444444,"Warm"
"B1",2020-04-01,13.2820486111111,"Warm"
"B1",2020-04-02,13.5751736111111,"Warm"
"B1",2020-04-03,13.9442708402778,"Warm"
"B1",2020-04-04,14.5514236284722,"Warm"
"B1",2020-04-05,16.0499999965278,"Warm"
"B1",2020-04-06,16.7643749583333,"Warm"
"B1",2020-04-07,17.1595486041667,"Warm"
"B1",2020-04-08,17.2378472708333,"Warm"
"B1",2020-04-09,17.5773610659722,"Warm"
"B1",2020-04-10,19.0284028159722,"Warm"
"B1",2020-04-11,18.8427777604167,"Warm"
"B1",2020-04-12,18.0547222777778,"Warm"
"B1",2020-04-13,16.5131250694444,"Warm"
"B1",2020-04-14,17.3944097222222,"Warm"
"B1",2020-04-15,18.5709374930556,"Warm"
"B1",2020-04-16,19.3735069930556,"Warm"
"B1",2020-04-17,19.8867013993056,"Warm"
"B1",2020-04-18,20.4945138715278,"Warm"
"B1",2020-04-19,20.62329859375,"Warm"
"B1",2020-04-20,18.6068402256944,"Warm"
"B1",2020-04-21,17.6131944513889,"Warm"
"B1",2020-04-22,16.46187496875,"Warm"
"B1",2020-04-23,16.8326390729167,"Warm"
"B1",2020-04-24,18.0983333125,"Warm"
"B1",2020-04-25,19.3983332604167,"Warm"
"B1",2020-04-26,19.7994444097222,"Warm"
"B1",2020-04-27,19.3632637881944,"Warm"
"B1",2020-04-28,17.8631249826389,"Warm"
"B1",2020-04-29,17.0302431006944,"Warm"
"B1",2020-04-30,18.5484027951389,"Warm"
"B1",2020-05-01,18.4561805555556,"Warm"
"B1",2020-05-02,19.98038190625,"Warm"
"B1",2020-05-03,22.01315971875,"Warm"
"B1",2020-05-04,23.54111109375,"Warm"
"B1",2020-05-05,25.6797916493056,"Warm"
"B1",2020-05-06,24.9752083368056,"Warm"
"B1",2020-05-07,24.5831596736111,"Warm"
"B1",2020-05-08,24.21597228125,"Warm"
"B1",2020-05-09,23.5736111180556,"Warm"
"B1",2020-05-10,21.6556597673611,"Warm"
"B1",2020-05-11,18.1557291527778,"Warm"
"B1",2020-05-12,17.3259375625,"Warm"
"B1",2020-05-13,17.6117362118056,"Warm"
"B1",2020-05-14,17.80940971875,"Warm"
"B1",2020-05-15,16.9421873472222,"Warm"
"B1",2020-05-16,16.7621527152778,"Warm"
"B1",2020-05-17,18.20260415625,"Warm"
"B1",2020-05-18,20.4318055416667,"Warm"
"B1",2020-05-19,21.8377430381944,"Warm"
"B1",2020-05-20,23.5820486458333,"Warm"
"B1",2020-05-21,24.3447569791667,"Warm"
"B1",2020-05-22,25.6169444618056,"Warm"
"B1",2020-05-23,24.8162152256944,"Warm"
"B1",2020-05-24,21.8377777361111,"Warm"
"B1",2020-05-25,23.2311457569444,"Warm"
"B1",2020-05-26,24.4180902916667,"Warm"
"B1",2020-05-27,25.2813541284722,"Warm"
"B1",2020-05-28,25.8402778159722,"Warm"
"B1",2020-05-29,25.8680903020833,"Warm"
"B1",2020-05-30,26.1397916666667,"Warm"
"B1",2020-05-31,26.3063194097222,"Warm"
"B1",2020-06-01,25.6871181215278,"Warm"
"B1",2020-06-02,24.5360069479167,"Warm"
"B1",2020-06-03,23.7548611458333,"Warm"
"B1",2020-06-04,21.5113890034722,"Warm"
"B1",2020-06-05,20.0326389930556,"Warm"
"B1",2020-06-06,21.5630555277778,"Warm"
"B1",2020-06-07,19.7841318888889,"Warm"
"B1",2020-06-08,18.8812499791667,"Warm"
"B1",2020-06-09,18.90506946875,"Warm"
"B1",2020-06-10,18.9217708958333,"Warm"
"B1",2020-06-11,19.9111459097222,"Warm"
"B1",2020-06-12,21.0492360763889,"Warm"
"B1",2020-06-13,21.8342013923611,"Warm"
"B1",2020-06-14,20.5550694166667,"Warm"
"B1",2020-06-15,22.3380555555556,"Warm"
"B1",2020-06-16,21.4999305659722,"Warm"
"B1",2020-06-17,19.80253475,"Warm"
"B1",2020-06-18,19.5386806145833,"Warm"
"B1",2020-06-19,21.3505208819444,"Warm"
"B1",2020-06-20,23.3859721875,"Warm"
"B1",2020-06-21,24.3117708645833,"Warm"
"B1",2020-06-22,25.7774305451389,"Warm"
"B1",2020-06-23,26.3094097048611,"Warm"
"B1",2020-06-24,27.3360068298611,"Warm"
"B1",2020-06-25,27.1529167256944,"Warm"
"B1",2020-06-26,26.2360069166667,"Warm"
"B1",2020-06-27,27.0521527673611,"Warm"
"B1",2020-06-28,26.7772570138889,"Warm"
"B1",2020-06-29,24.6643749861111,"Warm"
"B1",2020-06-30,20.9208334652778,"Warm"
"B1",2020-07-01,20.1407291180556,"Warm"
"B1",2020-07-02,19.7002776840278,"Warm"
"B1",2020-07-03,19.6202430729167,"Warm"
"B1",2020-07-04,20.2520139131944,"Warm"
"B1",2020-07-05,20.7396181180556,"Warm"
"B1",2020-07-06,20.0941319930556,"Warm"
"B1",2020-07-07,20.7146528090278,"Warm"
"B1",2020-07-08,20.6060417326389,"Warm"
"B1",2020-07-09,20.67562496875,"Warm"
"B1",2020-07-10,19.5850000173611,"Warm"
"B1",2020-07-11,19.9423612569444,"Warm"
"B1",2020-07-12,19.7998610902778,"Warm"
"B1",2020-07-13,20.3304512604167,"Warm"
"B1",2020-07-14,20.2889931805556,"Warm"
"B1",2020-07-15,19.8186110972222,"Warm"
"B1",2020-07-16,19.8456597118056,"Warm"
"B1",2020-07-17,20.1700693576389,"Warm"
"B1",2020-07-18,21.0201736076389,"Warm"
"B1",2020-07-19,21.4078472291667,"Warm"
"B1",2020-07-20,21.9352778298611,"Warm"
"B1",2020-07-21,21.89381940625,"Warm"
"B1",2020-07-22,21.9449653159722,"Warm"
"B1",2020-07-23,20.7722222777778,"Warm"
"B1",2020-07-24,20.0610416180556,"Warm"
"B1",2020-07-25,20.4646875069444,"Warm"
"B1",2020-07-26,22.1172221701389,"Warm"
"B1",2020-07-27,24.4118055729167,"Warm"
"B1",2020-07-28,20.1893402777778,"Warm"
"B1",2020-07-29,19.8852431215278,"Warm"
"B1",2020-07-30,21.4208332986111,"Warm"
"B1",2020-07-31,22.1526042118056,"Warm"
"B1",2020-08-01,19.9755555555556,"Warm"
"B1",2020-08-02,19.8603472083333,"Warm"
"B1",2020-08-03,19.9700693506944,"Warm"
"B1",2020-08-04,19.9711804340278,"Warm"
"B1",2020-08-05,20.0581944513889,"Warm"
"B1",2020-08-06,20.6974305798611,"Warm"
"B1",2020-08-07,21.3983333472222,"Warm"
"B1",2020-08-08,21.5520833506944,"Warm"
"B1",2020-08-09,20.5503819236111,"Warm"
"B1",2020-08-10,20.1834374756944,"Warm"
"B1",2020-08-11,20.3622221944444,"Warm"
"B1",2020-08-12,20.7098610555556,"Warm"
"B1",2020-08-13,19.8239583125,"Warm"
"B1",2020-08-14,20.2018055625,"Warm"
"B1",2020-08-15,20.489826375,"Warm"
"B1",2020-08-16,19.8171527152778,"Warm"
"B1",2020-08-17,19.7968749861111,"Warm"
"B1",2020-08-18,20.0314930034722,"Warm"
"B1",2020-08-19,21.1472916770833,"Warm"
"B1",2020-08-20,21.3739930138889,"Warm"
"B1",2020-08-21,21.0440972604167,"Warm"
"B1",2020-08-22,19.9173958645833,"Warm"
"B1",2020-08-23,20.1840277743056,"Warm"
"B1",2020-08-24,20.3397222256944,"Warm"
"B1",2020-08-25,20.6726388576389,"Warm"
"B1",2020-08-26,20.6377083194444,"Warm"
"B1",2020-08-27,20.8093751041667,"Warm"
"B1",2020-08-28,19.5311805173611,"Warm"
"B1",2020-08-29,18.8017015,"Warm"
"B1",2020-08-30,18.2353125,"Warm"
"B1",2020-08-31,18.9171875868056,"Warm"
"B1",2020-09-01,18.9340971458333,"Warm"
"B1",2020-09-02,20.0310416145833,"Warm"
"B1",2020-09-03,19.1415277118056,"Warm"
"B1",2020-09-04,19.8649306284722,"Warm"
"B1",2020-09-05,19.9586458298611,"Warm"
"B1",2020-09-06,19.98350696875,"Warm"
"B1",2020-09-07,19.5293750347222,"Warm"
"B1",2020-09-08,18.9759375833333,"Warm"
"B1",2020-09-09,19.4960416458333,"Warm"
"B1",2020-09-10,20.0732986041667,"Warm"
"B1",2020-09-11,20.2306597569444,"Warm"
"B1",2020-09-12,20.18486115625,"Warm"
"B1",2020-09-13,20.3113541805556,"Warm"
"B1",2020-09-14,20.5745486701389,"Warm"
"B1",2020-09-15,20.0647916805556,"Warm"
"B1",2020-09-16,20.3805903472222,"Warm"
"B1",2020-09-17,20.3980902256944,"Warm"
"B1",2020-09-18,19.8097917361111,"Warm"
"B1",2020-09-19,19.9977777847222,"Warm"
"B1",2020-09-20,20.1830556041667,"Warm"
"B1",2020-09-21,20.0529513715278,"Warm"
"B1",2020-09-22,19.9152431180556,"Warm"
"B1",2020-09-23,19.3279860451389,"Warm"
"B1",2020-09-24,19.9636457916667,"Warm"
"B1",2020-09-25,16.7724999791667,"Warm"
"B1",2020-09-26,14.3737847222222,"Warm"
"B1",2020-09-27,13.8681597222222,"Warm"
"B1",2020-09-28,15.0678124756944,"Warm"
"B1",2020-09-29,18.1799305347222,"Warm"
"B1",2020-09-30,18.2876388645833,"Warm"
"B1",2020-10-01,17.7786805173611,"Warm"
"B1",2020-10-02,15.7468749444444,"Warm"
"B1",2020-10-03,12.9763541666667,"Warm"
"B1",2020-10-04,13.2832291666667,"Warm"
"B1",2020-10-05,13.8547222881944,"Warm"
"B1",2020-10-06,15.3835417256944,"Warm"
"B1",2020-10-07,17.85461775,"Warm"
"B1",2020-10-08,18.4500000451389,"Warm"
"B1",2020-10-09,18.9631597083333,"Warm"
"B1",2020-10-10,19.1351389444444,"Warm"
"B1",2020-10-11,15.7649652534722,"Warm"
"B1",2020-10-12,14.7528472118056,"Warm"
"B1",2020-10-13,14.7547916666667,"Warm"
"B1",2020-10-14,13.5902083333333,"Warm"
"B1",2020-10-15,11.9572222222222,"Warm"
"B1",2020-10-16,11.4343402777778,"Warm"
"B1",2020-10-17,12.7771180555556,"Warm"
"B1",2020-10-18,12.5703819444444,"Warm"
"B1",2020-10-19,12.94625,"Warm"
"B1",2020-10-20,14.4677083784722,"Warm"
"B1",2020-10-21,18.1992360694444,"Warm"
"B1",2020-10-22,18.6451041493056,"Warm"
"B1",2020-10-23,18.1358333159722,"Warm"
"B1",2020-10-24,16.2663193888889,"Warm"
"B1",2020-10-25,14.8755902777778,"Warm"
"B1",2020-10-26,13.8248263888889,"Warm"
"B1",2020-10-27,13.1523263888889,"Warm"
"B1",2020-10-28,14.4905208333333,"Warm"
"B1",2020-10-29,15.1843750173611,"Warm"
"B1",2020-10-30,15.0487153888889,"Warm"
"B1",2020-10-31,14.9507986458333,"Warm"
"B1",2020-11-01,15.2120486041667,"Warm"
"B1",2020-11-02,16.3664583888889,"Warm"
"B1",2020-11-03,16.3993402222222,"Warm"
"B1",2020-11-04,13.8226388888889,"Warm"
"B1",2020-11-05,12.1340277777778,"Warm"
"B1",2020-11-06,13.7085763888889,"Warm"
"B1",2020-11-07,15.2871874826389,"Warm"
"B1",2020-11-08,15.3638194444444,"Warm"
"B1",2020-11-09,14.3090972222222,"Warm"
"B1",2020-11-10,14.2169791666667,"Warm"
"B1",2020-11-11,12.9203472222222,"Warm"
"B1",2020-11-12,13.1376736111111,"Warm"
"B1",2020-11-13,13.35,"Warm"
"B1",2020-11-14,13.0395486111111,"Warm"
"B1",2020-11-15,13.2129166666667,"Warm"
"B1",2020-11-16,14.2487847222222,"Warm"
"B1",2020-11-17,12.8719097222222,"Warm"
"B1",2020-11-18,13.2132638888889,"Warm"
"B1",2020-11-19,12.9856597222222,"Warm"
"B1",2020-11-20,12.2234375,"Warm"
"B1",2020-11-21,9.92447916666667,"Warm"
"B1",2020-11-22,8.47045138888889,"Warm"
"B1",2020-11-23,8.33743055555555,"Warm"
"B1",2020-11-24,8.44142361111111,"Warm"
"B1",2020-11-25,8.73322916666667,"Warm"
"B1",2020-11-26,8.84576388888889,"Warm"
"B1",2020-11-27,10.0307986111111,"Warm"
"B1",2020-11-28,10.0058333333333,"Warm"
"B1",2020-11-29,9.9528125,"Warm"
"B1",2020-11-30,10.3424652777778,"Warm"
"B1",2020-12-01,9.98166666666667,"Warm"
"B1",2020-12-02,8.70010416666667,"Warm"
"B1",2020-12-03,7.45822916666667,"Warm"
"B1",2020-12-04,7.54645833333333,"Warm"
"B1",2020-12-05,6.77541666666667,"Warm"
"B1",2020-12-06,6.92878472222222,"Warm"
"B1",2020-12-07,6.95194444444444,"Warm"
"B1",2020-12-08,7.09649305555556,"Warm"
"B1",2020-12-09,7.08788194444444,"Warm"
"B1",2020-12-10,7.17090277777778,"Warm"
"B1",2020-12-11,8.17951388888889,"Warm"
"B1",2020-12-12,9.5790625,"Warm"
"B1",2020-12-13,9.12715277777778,"Warm"
"B1",2020-12-14,10.2411111111111,"Warm"
"B1",2020-12-15,10.4395486111111,"Warm"
"B1",2020-12-16,8.63465277777778,"Warm"
"B1",2020-12-17,7.55649305555556,"Warm"
"B1",2020-12-18,7.63277777777778,"Warm"
"B1",2020-12-19,8.13586805555556,"Warm"
"B1",2020-12-20,8.99347222222222,"Warm"
"B1",2020-12-21,8.59152777777778,"Warm"
"B1",2020-12-22,10.3035416666667,"Warm"
"B1",2020-12-23,11.0059027777778,"Warm"
"B1",2020-12-24,11.3111111111111,"Warm"
"B1",2020-12-25,8.67722222222222,"Warm"
"B1",2020-12-26,6.46670138888889,"Warm"
"B1",2020-12-27,4.94486111111111,"Warm"
"B1",2020-12-28,5.4209375,"Warm"
"B1",2020-12-29,5.78569444444444,"Warm"
"B1",2020-12-30,6.13166666666667,"Warm"
"B1",2020-12-31,6.34479166666667,"Warm"
"B1",2021-01-01,7.19128472222222,"Warm"
"B1",2021-01-02,6.69173611111111,"Warm"
"B1",2021-01-03,5.61826388888889,"Warm"
"B1",2021-01-04,5.46899305555556,"Warm"
"B1",2021-01-05,5.31777777777778,"Warm"
"B1",2021-01-06,4.98576388888889,"Warm"
"B1",2021-01-07,6.84965277777778,"Warm"
"B1",2021-01-08,10.8066319444444,"Warm"
"B1",2021-01-09,4.53072916666667,"Warm"
"B1",2021-01-10,3.00472222222222,"Warm"
"B1",2021-01-11,3.14013888888889,"Warm"
"B1",2021-01-12,3.31934027777778,"Warm"
"B1",2021-01-13,3.90506944444444,"Warm"
"B1",2021-01-14,5.5296875,"Warm"
"B1",2021-01-15,7.53965277777778,"Warm"
"B1",2021-01-16,7.13579861111111,"Warm"
"B1",2021-01-17,7.52899305555556,"Warm"
"B1",2021-01-18,8.17788194444444,"Warm"
"B1",2021-01-19,7.22336805555556,"Warm"
"B1",2021-01-20,7.67232638888889,"Warm"
"B1",2021-01-21,8.92125,"Warm"
"B1",2021-01-22,9.11229166666667,"Warm"
"B1",2021-01-23,8.06503472222222,"Warm"
"B1",2021-01-24,8.25010416666667,"Warm"
"B1",2021-01-25,8.40194444444444,"Warm"
"B1",2021-01-26,8.01777777777778,"Warm"
"B1",2021-01-27,9.93635416666667,"Warm"
"B1",2021-01-28,12.3170833333333,"Warm"
"B1",2021-01-29,12.3363888888889,"Warm"
"B1",2021-01-30,11.5651041666667,"Warm"
"B1",2021-01-31,11.0226736111111,"Warm"
"B1",2021-02-01,11.5205555555556,"Warm"
"B1",2021-02-02,12.7950694444444,"Warm"
"B1",2021-02-03,13.0821180555556,"Warm"
"B1",2021-02-04,13.3861805555556,"Warm"
"B1",2021-02-05,13.8844097222222,"Warm"
"B1",2021-02-06,13.3108333333333,"Warm"
"B1",2021-02-07,12.2587152777778,"Warm"
"B1",2021-02-08,10.6872569444444,"Warm"
"B1",2021-02-09,9.80127490039841,"Warm"
"B1",2021-02-10,9.05091891891892,"Warm"
"B1",2021-02-13,10.9364661654135,"Warm"
"B1",2021-02-14,10.6030208333333,"Warm"
"B1",2021-02-15,10.4137847222222,"Warm"
"B1",2021-02-16,11.2772569444444,"Warm"
"B1",2021-02-17,12.843031358885,"Warm"
"B1",2021-02-18,12.8153819444444,"Warm"
"B1",2021-02-19,12.5742361111111,"Warm"
"B1",2021-02-20,12.5536111111111,"Warm"
"B1",2021-02-21,12.7949305555556,"Warm"
"B1",2021-02-22,12.7449305555556,"Warm"
"B1",2021-02-23,12.9033333333333,"Warm"
"B1",2021-02-24,14.0127430868056,"Warm"
"B1",2021-02-25,13.863125,"Warm"
"B1",2021-02-26,13.8627083333333,"Warm"
"B1",2021-02-27,14.6005208333333,"Warm"
"B1",2021-02-28,13.8203125,"Warm"
"B1",2021-03-01,12.7714236111111,"Warm"
"B1",2021-03-02,12.6306944444444,"Warm"
"B1",2021-03-03,12.6105902777778,"Warm"
"B1",2021-03-04,13.3334027777778,"Warm"
"B1",2021-03-05,14.3839930555556,"Warm"
"B1",2021-03-06,13.2492708333333,"Warm"
"B1",2021-03-07,11.7882638888889,"Warm"
"B1",2021-03-08,11.4380902777778,"Warm"
"B1",2021-03-09,10.9204166666667,"Warm"
"B1",2021-03-10,10.4144444444444,"Warm"
"B1",2021-03-11,13.0765972222222,"Warm"
"B1",2021-03-12,14.0138541666667,"Warm"
"B1",2021-03-13,11.9657638888889,"Warm"
"B1",2021-03-14,11.8601388888889,"Warm"
"B1",2021-03-15,10.6320138888889,"Warm"
"B1",2021-03-16,11.5193055555556,"Warm"
"B1",2021-03-17,12.92375,"Warm"
"B1",2021-03-18,12.4205555555556,"Warm"
"B1",2021-03-19,9.89180555555556,"Warm"
"B1",2021-03-20,8.51465277777778,"Warm"
"B1",2021-03-21,8.3878125,"Warm"
"B1",2021-03-22,11.0251041666667,"Warm"
"B1",2021-03-23,12.2855902777778,"Warm"
"B1",2021-03-24,13.2624652777778,"Warm"
"B1",2021-03-25,14.4634722222222,"Warm"
"B1",2021-03-26,14.44777778125,"Warm"
"B1",2021-03-27,14.8107638888889,"Warm"
"B1",2021-03-28,14.2546527604167,"Warm"
"B1",2021-03-29,16.25430559375,"Warm"
"B1",2021-03-30,17.7976041944444,"Warm"
"B1",2021-03-31,18.8492708368056,"Warm"
"B1",2021-04-01,18.9343750590278,"Warm"
"B1",2021-04-02,18.8214582222222,"Warm"
"B1",2021-04-03,18.3187499965278,"Warm"
"B1",2021-04-04,17.1144791076389,"Warm"
"B1",2021-04-05,16.4088541701389,"Warm"
"B1",2021-04-06,16.4459722708333,"Warm"
"B1",2021-04-07,14.9071180659722,"Warm"
"B1",2021-04-08,13.9159721840278,"Warm"
"B1",2021-04-09,14.9272570069444,"Warm"
"B1",2021-04-10,14.7258333159722,"Warm"
"B1",2021-04-11,13.6389236111111,"Warm"
"B1",2021-04-12,13.1518055555556,"Warm"
"B1",2021-04-13,13.8831597222222,"Warm"
"B1",2021-04-14,14.0941319444444,"Warm"
"B1",2021-04-15,14.5353472222222,"Warm"
"B1",2021-04-16,14.5480902673611,"Warm"
"B1",2021-04-17,14.0087847222222,"Warm"
"B1",2021-04-18,13.8228472222222,"Warm"
"B1",2021-04-19,14.9211458611111,"Warm"
"B1",2021-04-20,15.8496181840278,"Warm"
"B1",2021-04-21,15.7835069479167,"Warm"
"B1",2021-04-22,16.4454513854167,"Warm"
"B1",2021-04-23,17.32152775,"Warm"
"B1",2021-04-24,19.05284721875,"Warm"
"B1",2021-04-25,19.3211457986111,"Warm"
"B1",2021-04-26,17.7771875868056,"Warm"
"B1",2021-04-27,16.9172915625,"Warm"
"B1",2021-04-28,16.4465625277778,"Warm"
"B1",2021-04-29,15.2596180659722,"Warm"
"B1",2021-04-30,14.3692013888889,"Warm"
"B1",2021-05-01,13.5533680555556,"Warm"
"B1",2021-05-02,13.6551736111111,"Warm"
"B1",2021-05-03,14.6462847256944,"Warm"
"B1",2021-05-04,16.9386458263889,"Warm"
"B1",2021-05-05,18.8681944305556,"Warm"
"B1",2021-05-06,18.3306250173611,"Warm"
"B1",2021-05-07,19.7898263993056,"Warm"
"B1",2021-05-08,21.3208333472222,"Warm"
"B1",2021-05-09,22.3846874513889,"Warm"
"B1",2021-05-10,20.9663540868056,"Warm"
"B1",2021-05-11,18.5748611041667,"Warm"
"B1",2021-05-12,16.51489584375,"Warm"
"B1",2021-05-13,17.0718054791667,"Warm"
"B1",2021-05-14,17.8968056319444,"Warm"
"B1",2021-05-15,18.0695486006944,"Warm"
"B1",2021-05-16,18.1452429965278,"Warm"
"B1",2021-05-17,18.0027082916667,"Warm"
"B1",2021-05-18,18.5928472916667,"Warm"
"B1",2021-05-19,19.2877083715278,"Warm"
"B1",2021-05-20,20.7505555694444,"Warm"
"B1",2021-05-21,20.8746527847222,"Warm"
"B1",2021-05-22,19.3670834548611,"Warm"
"B1",2021-05-23,17.1639930104167,"Warm"
"B1",2021-05-24,15.7870485902778,"Warm"
"B1",2021-05-25,14.9136458333333,"Warm"
"B1",2021-05-26,17.1682291875,"Warm"
"B1",2021-05-27,19.8001735381944,"Warm"
"B1",2021-05-28,21.5427083680556,"Warm"
"B1",2021-05-29,21.6379861701389,"Warm"
"B1",2021-05-30,23.4637154097222,"Warm"
"B1",2021-05-31,23.965139,"Warm"
"B1",2021-06-01,24.5212499861111,"Warm"
"B1",2021-06-02,23.1213194201389,"Warm"
"B1",2021-06-03,23.7181944930556,"Warm"
"B1",2021-06-04,23.0314584131944,"Warm"
"B1",2021-06-05,21.8963194826389,"Warm"
"B1",2021-06-06,23.2902082743056,"Warm"
"B1",2021-06-07,23.08211809375,"Warm"
"B1",2021-06-08,22.13406240625,"Warm"
"B1",2021-06-09,22.6222222361111,"Warm"
"B1",2021-06-10,23.6791320069444,"Warm"
"B1",2021-06-11,22.87159728125,"Warm"
"B1",2021-06-12,22.9276388611111,"Warm"
"B1",2021-06-13,23.7593751076389,"Warm"
"B1",2021-06-14,23.4509374652778,"Warm"
"B1",2021-06-15,23.1670486527778,"Warm"
"B1",2021-06-16,23.2847916319444,"Warm"
"B1",2021-06-17,22.40729175,"Warm"
"B1",2021-06-18,22.1383333506944,"Warm"
"B1",2021-06-19,23.1041667152778,"Warm"
"B1",2021-06-20,22.8082638298611,"Warm"
"B1",2021-06-21,22.2311805104167,"Warm"
"B1",2021-06-22,21.9108333298611,"Warm"
"B1",2021-06-23,20.5784374340278,"Warm"
"B1",2021-06-24,20.0554166354167,"Warm"
"B1",2021-06-25,22.2198264166667,"Warm"
"B1",2021-06-26,22.8720139548611,"Warm"
"B1",2021-06-27,22.1949651805556,"Warm"
"B1",2021-06-28,21.3771180416667,"Warm"
"B1",2021-06-29,21.5671180486111,"Warm"
"B1",2021-06-30,22.3053818819444,"Warm"
"B1",2021-07-01,22.8782985659722,"Warm"
"B1",2021-07-02,22.8040624826389,"Warm"
"B1",2021-07-03,20.36697921875,"Warm"
"B1",2021-07-04,20.2404167118056,"Warm"
"B1",2021-07-05,20.8474306006944,"Warm"
"B1",2021-07-06,20.2784721770833,"Warm"
"B1",2021-07-07,20.2461805763889,"Warm"
"B1",2021-07-08,19.8469097256944,"Warm"
"B1",2021-07-09,20.7081250659722,"Warm"
"B1",2021-07-10,20.1050000277778,"Warm"
"B1",2021-07-11,20.9126736423611,"Warm"
"B1",2021-07-12,20.0942362048611,"Warm"
"B1",2021-07-13,19.0541666666667,"Warm"
"B1",2021-07-14,19.6267707743056,"Warm"
"B1",2021-07-15,19.9394792465278,"Warm"
"B1",2021-07-16,19.6193749826389,"Warm"
"B1",2021-07-17,20.6906249791667,"Warm"
"B1",2021-07-18,20.9364931284722,"Warm"
"B1",2021-07-19,21.3622695460993,"Warm"
"B1",2021-07-20,20.8768402430556,"Warm"
"B1",2021-07-21,21.2206250763889,"Warm"
"B1",2021-07-22,21.7287152986111,"Warm"
"B1",2021-07-23,21.2856597708333,"Warm"
"B1",2021-07-24,20.0844444652778,"Warm"
"B1",2021-07-25,19.9978124513889,"Warm"
"B1",2021-07-26,20.1604162743056,"Warm"
"B1",2021-07-27,19.9450694861111,"Warm"
"B1",2021-07-28,20.1254546328671,"Warm"
"B1",2021-07-29,20.5104861875,"Warm"
"B1",2021-07-30,20.0207638784722,"Warm"
"B1",2021-07-31,19.6933334375,"Warm"
"B1",2021-08-01,19.3584374791667,"Warm"
"B1",2021-08-02,19.8399652361111,"Warm"
"B1",2021-08-03,20.0451470992647,"Warm"
"B1",2021-08-04,20.3020139131944,"Warm"
"B1",2021-08-05,20.39718746875,"Warm"
"B1",2021-08-06,20.1179514513889,"Warm"
"B1",2021-08-07,19.9436111666667,"Warm"
"B1",2021-08-08,19.6846181909722,"Warm"
"B1",2021-08-09,20.0883680208333,"Warm"
"B1",2021-08-10,21.1688542291667,"Warm"
"B1",2021-08-11,21.6351041527778,"Warm"
"B1",2021-08-12,21.9272916805556,"Warm"
"B1",2021-08-13,21.2265625243056,"Warm"
"B1",2021-08-14,21.5306944548611,"Warm"
"B1",2021-08-15,20.3274651875,"Warm"
"B1",2021-08-16,19.9787152673611,"Warm"
"B1",2021-08-17,19.9306597604167,"Warm"
"B1",2021-08-18,19.8202777013889,"Warm"
"B1",2021-08-19,19.8329861736111,"Warm"
"B1",2021-08-20,20.7655902083333,"Warm"
"B1",2021-08-21,20.2248611215278,"Warm"
"B1",2021-08-22,19.8900692222222,"Warm"
"B1",2021-08-23,20.1092708506944,"Warm"
"B1",2021-08-24,20.0159721979167,"Warm"
"B1",2021-08-25,20.1966665590278,"Warm"
"B1",2021-08-26,20.7165972951389,"Warm"
"B1",2021-08-27,20.5942361458333,"Warm"
"B1",2021-08-28,20.0105208194444,"Warm"
"B1",2021-08-29,19.7538888819444,"Warm"
"B1",2021-08-30,19.6245833576389,"Warm"
"B1",2021-08-31,20.2397569722222,"Warm"
"B1",2021-09-01,19.8479167986111,"Warm"
"B1",2021-09-02,19.8023611875,"Warm"
"B1",2021-09-03,20.2363194479167,"Warm"
"B1",2021-09-04,20.4903125798611,"Warm"
"B1",2021-09-05,20.5940277743056,"Warm"
"B1",2021-09-13,20.50028568,"Warm"
"B1",2021-09-14,20.0635763993056,"Warm"
"B1",2021-09-15,20.2113193819444,"Warm"
"B1",2021-09-16,20.0634374444444,"Warm"
"B1",2021-09-17,20.2701389618056,"Warm"
"B1",2021-09-18,19.8552429930556,"Warm"
"B1",2021-09-19,18.9043750034722,"Warm"
"B1",2021-09-20,19.6148263888889,"Warm"
"B1",2021-09-21,17.6049305798611,"Warm"
"B1",2021-09-22,17.7389931944444,"Warm"
"B1",2021-09-23,20.0413194513889,"Warm"
"B1",2021-09-24,19.8183333923611,"Warm"
"B1",2021-09-25,20.0443750034722,"Warm"
"B1",2021-09-26,19.81378478125,"Warm"
"B1",2021-09-27,19.6282291111111,"Warm"
"B1",2021-09-28,19.7532291354167,"Warm"
"B1",2021-09-29,19.9108680520833,"Warm"
"B1",2021-09-30,19.8219791597222,"Warm"
"B1",2021-10-01,18.8412500138889,"Warm"
"B1",2021-10-02,19.4345832569444,"Warm"
"B1",2021-10-03,19.4502082291667,"Warm"
"B1",2021-10-04,17.8295137881944,"Warm"
"B1",2021-10-05,16.7048958576389,"Warm"
"B1",2021-10-06,17.4282291180556,"Warm"
"B1",2021-10-07,17.8360069583333,"Warm"
"B1",2021-10-08,17.0133333541667,"Warm"
"B1",2021-10-09,18.0331944583333,"Warm"
"B1",2021-10-10,19.1765624027778,"Warm"
"B1",2021-10-11,18.3392361458333,"Warm"
"B1",2021-10-12,16.425381875,"Warm"
"B1",2021-10-13,15.6812847118056,"Warm"
"B1",2021-10-14,14.96145834375,"Warm"
"B1",2021-10-15,14.8962500486111,"Warm"
"B1",2021-10-16,16.4171527465278,"Warm"
"B1",2021-10-17,15.7105208784722,"Warm"
"B1",2021-10-18,15.9560068923611,"Warm"
"B1",2021-10-19,16.9629166944444,"Warm"
"B1",2021-10-20,18.1196181909722,"Warm"
"B1",2021-10-21,18.56618065625,"Warm"
"B1",2021-10-22,17.0001389027778,"Warm"
"B1",2021-10-23,16.7415971805556,"Warm"
"B1",2021-10-24,14.5289930729167,"Warm"
"B1",2021-10-25,13.5836458333333,"Warm"
"B1",2021-10-26,14.1630902777778,"Warm"
"B1",2021-10-27,14.3795833333333,"Warm"
"B1",2021-10-28,14.0600347222222,"Warm"
"B1",2021-10-29,13.9825,"Warm"
"B1",2021-10-30,15.2002777465278,"Warm"
"B1",2021-10-31,16.70923331,"Warm"
"B1",2021-11-01,16.2882291388889,"Warm"
"B1",2021-11-02,14.5505208333333,"Warm"
"B1",2021-11-03,13.8546180555556,"Warm"
"B1",2021-11-04,11.8610416666667,"Warm"
"B1",2021-11-05,10.7376388888889,"Warm"
"B1",2021-11-06,9.25493055555556,"Warm"
"B1",2021-11-07,8.6575,"Warm"
"B1",2021-11-08,10.7473263888889,"Warm"
"B1",2021-11-09,10.9832638888889,"Warm"
"B1",2021-11-10,9.291875,"Warm"
"B1",2021-11-11,9.97541666666667,"Warm"
"B1",2021-11-12,10.8351041666667,"Warm"
"B1",2021-11-13,12.0866666666667,"Warm"
"B1",2021-11-14,12.2940972222222,"Warm"
"B1",2021-11-15,11.1899652777778,"Warm"
"B1",2021-11-16,10.7090625,"Warm"
"B1",2021-11-17,10.1098263888889,"Warm"
"B1",2021-11-18,9.70715277777778,"Warm"
"B1",2021-11-19,9.12888888888889,"Warm"
"B1",2021-11-20,8.74354166666667,"Warm"
"B1",2021-11-21,9.47069444444444,"Warm"
"B1",2021-11-22,10.3788888888889,"Warm"
"B1",2021-11-23,9.74604166666667,"Warm"
"B1",2021-11-24,9.40416666666667,"Warm"
"B1",2021-11-25,9.70868055555555,"Warm"
"B1",2021-11-26,9.5065625,"Warm"
"B1",2021-11-27,8.15041666666667,"Warm"
"B1",2021-11-28,6.86541666666667,"Warm"
"B1",2021-11-29,5.87458333333333,"Warm"
"B1",2021-11-30,6.11666666666667,"Warm"
"B1",2021-12-01,6.45677083333333,"Warm"
"B1",2021-12-02,7.27767361111111,"Warm"
"B1",2021-12-03,6.86069444444444,"Warm"
"B1",2021-12-04,7.63489583333333,"Warm"
"B1",2021-12-05,7.4553125,"Warm"
"B1",2021-12-13,8.73410112359551,"Warm"
"B1",2021-12-14,8.09848101265823,"Warm"
"B1",2021-12-21,7.27448598130841,"Warm"
"B1",2021-12-22,8.67548611111111,"Warm"
"B1",2021-12-23,9.23965277777778,"Warm"
"B1",2021-12-24,10.0143402777778,"Warm"
"B1",2021-12-25,10.6424652777778,"Warm"
"B1",2021-12-26,10.2905208333333,"Warm"
"B1",2021-12-27,10.8278125,"Warm"
"B1",2021-12-28,11.5837152777778,"Warm"
"B1",2021-12-29,13.2459027777778,"Warm"
"B1",2021-12-30,13.9432638888889,"Warm"
"B1",2021-12-31,12.6467013888889,"Warm"
"B1",2022-01-01,12.0695833333333,"Warm"
"B1",2022-01-02,11.748125,"Warm"
"B1",2022-01-03,11.4531944444444,"Warm"
"B1",2022-01-04,11.4689583333333,"Warm"
"B1",2022-01-05,10.6059027777778,"Warm"
"B1",2022-01-06,8.21267361111111,"Warm"
"B1",2022-01-07,5.98659722222222,"Warm"
"B1",2022-01-08,6.72576388888889,"Warm"
"B1",2022-01-09,8.31631944444444,"Warm"
"B1",2022-01-18,7.3264880952381,"Warm"
"B1",2022-01-19,5.95996527777778,"Warm"
"B1",2022-01-20,6.65086805555556,"Warm"
"B1",2022-01-21,6.768125,"Warm"
"B1",2022-01-22,5.94819444444444,"Warm"
"B1",2022-01-23,5.95319444444444,"Warm"
"B1",2022-01-24,6.29097222222222,"Warm"
"B1",2022-01-25,6.72267361111111,"Warm"
"B1",2022-01-26,7.01982638888889,"Warm"
"B1",2022-01-27,7.14767361111111,"Warm"
"B1",2022-01-28,6.6840625,"Warm"
"B1",2022-01-29,6.44690972222222,"Warm"
"B1",2022-01-30,7.07829861111111,"Warm"
"B1",2022-01-31,7.31673611111111,"Warm"
"B1",2022-02-01,7.85065972222222,"Warm"
"B1",2022-02-02,8.35236111111111,"Warm"
"B1",2022-02-03,8.87618055555556,"Warm"
"B1",2022-02-04,9.69503472222222,"Warm"
"B1",2022-02-05,10.4452430555556,"Warm"
"B1",2022-02-06,8.89993055555555,"Warm"
"B1",2022-02-07,8.80548611111111,"Warm"
"B1",2022-02-08,10.5522569444444,"Warm"
"B1",2022-02-09,10.7658680555556,"Warm"
"B1",2022-02-10,10.9248263888889,"Warm"
"B1",2022-02-11,11.1060069444444,"Warm"
"B1",2022-02-12,10.8051388888889,"Warm"
"B1",2022-02-13,11.1687152777778,"Warm"
"B1",2022-02-14,11.6497222222222,"Warm"
"B1",2022-02-15,10.7469097222222,"Warm"
"B1",2022-02-16,10.7499652777778,"Warm"
"B1",2022-02-17,11.913820754717,"Warm"
"B1",2022-02-18,15.0567808219178,"Warm"
"B1",2022-02-19,12.6142013888889,"Warm"
"B1",2022-02-20,10.8690625,"Warm"
"B1",2022-02-21,12.0450694444444,"Warm"
"B1",2022-02-22,12.1686805555556,"Warm"
"B1",2022-02-23,11.7259375,"Warm"
"B1",2022-02-24,11.8926573426573,"Warm"
"B1",2022-02-25,11.9136111111111,"Warm"
"B1",2022-02-26,10.1996180555556,"Warm"
"B1",2022-02-27,9.61090277777778,"Warm"
"B1",2022-02-28,11.44375,"Warm"
"B1",2022-03-01,11.7306597222222,"Warm"
"B1",2022-03-02,11.4408527131783,"Warm"
"B1",2022-03-04,12.129702970297,"Warm"
"B1",2022-03-05,11.3680555555556,"Warm"
"B1",2022-03-06,10.8274305555556,"Warm"
"B1",2022-03-07,11.1469444444444,"Warm"
"B1",2022-03-08,10.6354861111111,"Warm"
"B1",2022-03-09,11.2459375,"Warm"
"B1",2022-03-10,12.0558333333333,"Warm"
"B1",2022-03-11,12.1126388888889,"Warm"
"B1",2022-03-12,12.6004513888889,"Warm"
"B1",2022-03-13,11.2668055555556,"Warm"
"B1",2022-03-14,9.80590277777778,"Warm"
"B1",2022-03-15,11.3407638888889,"Warm"
"B1",2022-03-16,12.6234027777778,"Warm"
"B1",2022-03-17,13.3039236111111,"Warm"
"B1",2022-03-18,12.5688888888889,"Warm"
"B1",2022-03-19,12.4852777777778,"Warm"
"B1",2022-03-20,13.6988541666667,"Warm"
"B1",2022-03-21,15.3629352985075,"Warm"
"B1",2022-03-22,14.9880209548611,"Warm"
"B1",2022-03-23,14.6586805798611,"Warm"
"B1",2022-03-24,14.4629166631944,"Warm"
"B1",2022-03-25,15.2430555798611,"Warm"
"B1",2022-03-26,15.6451041423611,"Warm"
"B1",2022-03-27,15.2169564927536,"Warm"
"B1",2022-03-28,15.5083333333333,"Warm"
"B1",2022-03-29,15.9363195347222,"Warm"
"B1",2022-03-30,15.3722916597222,"Warm"
"B1",2022-03-31,13.3055208333333,"Warm"
"B1",2022-04-01,10.3026041666667,"Warm"
"B1",2022-04-02,7.5125,"Warm"
"B1",2022-04-03,7.03454861111111,"Warm"
"B1",2022-04-04,8.64100694444445,"Warm"
"B1",2022-04-05,10.1047569444444,"Warm"
"B1",2022-04-06,11.2024652777778,"Warm"
"B1",2022-04-07,12.6032638888889,"Warm"
"B1",2022-04-08,15.8152777534722,"Warm"
"B1",2022-04-09,15.7074653263889,"Warm"
"B1",2022-04-10,14.7353819027778,"Warm"
"B1",2022-04-11,16.0782638819444,"Warm"
"B1",2022-04-12,16.5765972152778,"Warm"
"B1",2022-04-13,16.4219791909722,"Warm"
"B1",2022-04-14,16.5636458472222,"Warm"
"B1",2022-04-15,17.8973611145833,"Warm"
"B1",2022-04-16,19.66565971875,"Warm"
"B1",2022-04-17,19.9640278506944,"Warm"
"B1",2022-04-18,20.4486458020833,"Warm"
"B1",2022-04-19,18.3803125451389,"Warm"
"B1",2022-04-20,14.8836805451389,"Warm"
"B1",2022-04-21,14.0195833333333,"Warm"
"B1",2022-04-22,14.4075347951389,"Warm"
"B1",2022-04-23,14.7933333333333,"Warm"
"B1",2022-04-24,14.6492013888889,"Warm"
"B1",2022-04-25,15.7884027847222,"Warm"
"B1",2022-04-26,17.4750347430556,"Warm"
"B1",2022-04-27,18.61927084375,"Warm"
"B1",2022-04-28,18.6207984895833,"Warm"
"B1",2022-04-29,19.3981596388889,"Warm"
"B1",2022-04-30,20.3810765208333,"Warm"
"B1",2022-05-01,19.8243403194444,"Warm"
"B1",2022-05-02,19.1064929444444,"Warm"
"B1",2022-05-03,17.7870139548611,"Warm"
"B1",2022-05-04,16.8537152534722,"Warm"
"B1",2022-05-05,16.3444792604167,"Warm"
"B1",2022-05-06,16.9136457291667,"Warm"
"B1",2022-05-07,18.6811457708333,"Warm"
"B1",2022-05-08,19.9206250590278,"Warm"
"B1",2022-05-09,20.5446180138889,"Warm"
"B1",2022-05-10,22.2784028611111,"Warm"
"B1",2022-05-11,23.7908333472222,"Warm"
"B1",2022-05-12,24.3361457569444,"Warm"
"B1",2022-05-13,24.4499999826389,"Warm"
"B1",2022-05-14,24.7451042430556,"Warm"
"B1",2022-05-15,25.5594444791667,"Warm"
"B1",2022-05-16,26.6837499861111,"Warm"
"B1",2022-05-17,26.4988194305556,"Warm"
"B1",2022-05-18,27.6118402708333,"Warm"
"B1",2022-05-19,27.5605902638889,"Warm"
"B1",2022-05-20,27.9760069409722,"Warm"
"B1",2022-05-21,28.9370833020833,"Warm"
"B1",2022-05-22,27.6201736076389,"Warm"
"B1",2022-05-23,24.4780658962264,"Warm"
"B1",2022-05-24,21.7284057971014,"Warm"
"B1",2022-05-25,18.9700877368421,"Warm"
"B1",2022-05-26,18.5916319340278,"Warm"
"B1",2022-05-27,20.6603471770833,"Warm"
"B1",2022-05-28,23.0837500208333,"Warm"
"B1",2022-05-29,24.5971180659722,"Warm"
"B1",2022-05-30,23.5062848159722,"Warm"
"B1",2022-05-31,24.1146181875,"Warm"
"B1",2022-06-01,25.0312847569444,"Warm"
"B1",2022-06-02,26.91232006,"Warm"
"B1",2022-06-05,26.4996815923567,"Warm"
"B1",2022-06-06,23.9462847395833,"Warm"
"B1",2022-06-07,23.6987152222222,"Warm"
"B1",2022-06-08,22.4144444930556,"Warm"
"B1",2022-06-09,22.3961111840278,"Warm"
"B1",2022-06-10,23.5890625069444,"Warm"
"B1",2022-06-11,25.5860069409722,"Warm"
"B1",2022-06-12,26.9823958645833,"Warm"
"B1",2022-06-20,31.7521619527027,"Warm"
"B1",2022-06-21,27.8903828516746,"Warm"
"B1",2022-06-22,26.8521428214286,"Warm"
"B1",2022-06-23,25.7248611319444,"Warm"
"B1",2022-06-24,24.9659375138889,"Warm"
"B1",2022-06-25,23.3817013368056,"Warm"
"B1",2022-06-26,22.0078123472222,"Warm"
"B1",2022-06-27,19.79267346875,"Warm"
"B1",2022-06-28,20.83671445,"Warm"
"B1",2022-06-29,26.5849998666667,"Warm"
"B1",2022-06-30,24.1336666333333,"Warm"
"B1",2022-07-01,21.5987018035088,"Warm"
"B1",2022-07-02,23.0320833263889,"Warm"
"B1",2022-07-03,25.780486125,"Warm"
"B1",2022-07-18,30.6667950064103,"Warm"
"B1",2022-07-19,28.7063414808362,"Warm"
"B1",2022-07-20,28.1896180069444,"Warm"
"B1",2022-07-21,28.5234721979167,"Warm"
"B1",2022-07-22,27.4313889548611,"Warm"
"B1",2022-07-23,25.2763888194444,"Warm"
"B1",2022-07-24,25.9729167951389,"Warm"
"B1",2022-07-25,27.2514705196078,"Warm"
"B1",2022-07-26,24.4619047857143,"Warm"
"B1",2022-07-27,23.5682638715278,"Warm"
"B1",2022-07-28,24.5771691102941,"Warm"
"B1",2022-07-29,23.7043750034722,"Warm"
"B1",2022-07-30,23.4935068923611,"Warm"
"B1",2022-07-31,26.3397916736111,"Warm"
"B1",2022-08-01,27.9609016557377,"Warm"
"B1",2022-08-02,26.5110411458333,"Warm"
"B1",2022-08-03,26.7074643541667,"Warm"
"B1",2022-08-04,28.6794791354167,"Warm"
"B1",2022-08-05,27.0680903680556,"Warm"
"B1",2022-08-06,27.8272568819444,"Warm"
"B1",2022-08-07,28.1386458402778,"Warm"
"B1",2022-08-08,28.0800884424779,"Warm"
"B1",2022-08-09,27.250867372449,"Warm"
"B1",2022-08-10,27.2264932395833,"Warm"
"B1",2022-08-11,29.7170491493056,"Warm"
"B1",2022-08-12,27.5614588472222,"Warm"
"B1",2022-08-13,28.35875015625,"Warm"
"B1",2022-08-14,27.9619444375,"Warm"
"B1",2022-08-15,25.8763289367089,"Warm"
"B1",2022-08-16,24.0608981856287,"Warm"
"B1",2022-08-17,22.8755901677019,"Warm"
"B1",2022-08-18,21.6137846805556,"Warm"
"B1",2022-08-19,22.9313541979167,"Warm"
"B1",2022-08-20,23.8544096979167,"Warm"
"B1",2022-08-21,24.5980555347222,"Warm"
"B1",2022-08-22,25.1895781097046,"Warm"
"B1",2022-08-23,26.0935068819444,"Warm"
"B1",2022-08-24,26.691805625,"Warm"
"B1",2022-08-25,26.7157638923611,"Warm"
"B1",2022-08-26,24.2819097708333,"Warm"
"B1",2022-08-27,25.8325694513889,"Warm"
"B1",2022-08-28,25.7836457847222,"Warm"
"B1",2022-08-30,25.4476471058824,"Warm"
"B1",2022-08-31,24.3304166736111,"Warm"
"B1",2022-09-01,23.7056944444444,"Warm"
"B1",2022-09-02,24.0975347465278,"Warm"
"B1",2022-09-03,23.9000348333333,"Warm"
"B1",2022-09-04,23.5537499166667,"Warm"
"B1",2022-09-05,23.75166665625,"Warm"
"B1",2022-09-06,24.6557290694444,"Warm"
"B1",2022-09-07,24.9211110798611,"Warm"
"B1",2022-09-08,23.0605902881944,"Warm"
"B1",2022-09-09,21.5551042291667,"Warm"
"B1",2022-09-10,20.3531250347222,"Warm"
"B1",2022-09-11,22.2810762916667,"Warm"
"B1",2022-09-12,23.0470834479167,"Warm"
"B1",2022-09-13,24.0846527743056,"Warm"
"B1",2022-09-14,24.1424652291667,"Warm"
"B1",2022-09-15,23.5674652777778,"Warm"
"B1",2022-09-16,22.3277776979167,"Warm"
"B1",2022-09-17,21.4472221423611,"Warm"
"B1",2022-09-18,19.5413888958333,"Warm"
"B1",2022-09-19,19.3514583263889,"Warm"
"B1",2022-09-20,19.6414930381944,"Warm"
"B1",2022-09-21,19.7665972013889,"Warm"
"B1",2022-09-22,20.0178124375,"Warm"
"B1",2022-09-23,19.9049652673611,"Warm"
"B1",2022-09-24,19.7217709166667,"Warm"
"B1",2022-09-25,17.7543057326389,"Warm"
"B1",2022-09-26,17.8695485347222,"Warm"
"B1",2022-09-27,17.5233333055556,"Warm"
"B1",2022-09-28,17.52173609375,"Warm"
"B1",2022-09-29,17.5272915381944,"Warm"
"B1",2022-09-30,16.46246525,"Warm"
"B1",2022-10-01,16.2172916458333,"Warm"
"B1",2022-10-02,18.4456945173611,"Warm"
"B1",2022-10-03,20.5394097708333,"Warm"
"B1",2022-10-04,20.2221874513889,"Warm"
"B1",2022-10-05,19.9669791493056,"Warm"
"B1",2022-10-06,20.37621534375,"Warm"
"B1",2022-10-07,20.4472222534722,"Warm"
"B1",2022-10-08,20.8035070729167,"Warm"
"B1",2022-10-09,20.36569446875,"Warm"
"B1",2022-10-10,19.7501041666667,"Warm"
"B1",2022-10-11,20.00628465625,"Warm"
"B1",2022-10-12,20.3321876354167,"Warm"
"B1",2022-10-13,20.62815984375,"Warm"
"B1",2022-10-14,21.4020485416667,"Warm"
"B1",2022-10-15,20.5341666701389,"Warm"
"B1",2022-10-16,20.4550347604167,"Warm"
"B1",2022-10-17,21.1012500347222,"Warm"
"B1",2022-10-18,21.1530554548611,"Warm"
"B1",2022-10-19,20.6920485069444,"Warm"
"B1",2022-10-20,20.6277429270833,"Warm"
"B1",2022-10-21,19.5642708472222,"Warm"
"B1",2022-10-22,19.3361110833333,"Warm"
"B1",2022-10-23,20.5234028159722,"Warm"
"B1",2022-10-24,20.4490278090278,"Warm"
"B1",2022-10-25,19.0788541458333,"Warm"
"B1",2022-10-26,18.5132639027778,"Warm"
"B1",2022-10-27,18.5619442256944,"Warm"
"B1",2022-10-28,19.4081597013889,"Warm"
"B1",2022-10-29,19.6889583402778,"Warm"
"B1",2022-10-30,17.7724334133333,"Warm"
"B1",2022-10-31,16.4124307465278,"Warm"
"B1",2022-11-01,17.3456946701389,"Warm"
"B1",2022-11-02,18.4765625208333,"Warm"
"B1",2022-11-03,16.3273958958333,"Warm"
"B1",2022-11-04,13.4223958333333,"Warm"
"B1",2022-11-05,12.9829861111111,"Warm"
"B1",2022-11-06,12.4013194444444,"Warm"
"B1",2022-11-07,12.5630902777778,"Warm"
"B1",2022-11-08,13.5584375,"Warm"
"B1",2022-11-09,14.1090972222222,"Warm"
"B1",2022-11-10,14.1696875,"Warm"
"B1",2022-11-11,12.9956597222222,"Warm"
"B1",2022-11-12,13.8208333333333,"Warm"
"B1",2022-11-13,14.2252083333333,"Warm"
"B1",2022-11-14,13.7262847222222,"Warm"
"B1",2022-11-15,14.0869791666667,"Warm"
"B1",2022-11-16,14.6290277777778,"Warm"
"B1",2022-11-17,14.765625,"Warm"
"B1",2022-11-18,14.1269444444444,"Warm"
"B1",2022-11-19,12.3827777777778,"Warm"
"B1",2022-11-20,9.79357638888889,"Warm"
"B1",2022-11-21,10.3029166666667,"Warm"
"B1",2022-11-22,9.74395833333333,"Warm"
"B1",2022-11-23,10.5233333333333,"Warm"
"B1",2022-11-24,9.96614583333333,"Warm"
"B1",2022-11-25,10.3933333333333,"Warm"
"B1",2022-11-26,9.8709375,"Warm"
"B1",2022-11-27,9.40065972222222,"Warm"
"B1",2022-11-28,9.66104166666667,"Warm"
"B1",2022-11-29,9.67145833333333,"Warm"
"B1",2022-11-30,9.64927083333333,"Warm"
"B1",2022-12-01,8.18197916666667,"Warm"
"B1",2022-12-02,8.23489583333333,"Warm"
"B1",2022-12-03,8.05440972222222,"Warm"
"B1",2022-12-04,7.05572916666667,"Warm"
"B1",2022-12-05,6.38048611111111,"Warm"
"B1",2022-12-06,7.35743055555556,"Warm"
"B1",2022-12-07,9.65607638888889,"Warm"
"B1",2022-12-08,10.1660069444444,"Warm"
"B1",2022-12-09,10.1039930555556,"Warm"
"B1",2022-12-10,10.0031597222222,"Warm"
"B1",2022-12-11,6.55017361111111,"Warm"
"B1",2022-12-12,6.42368055555556,"Warm"
"B1",2022-12-13,8.294375,"Warm"
"B1",2022-12-14,10.8191666666667,"Warm"
"B1",2022-12-15,10.9796527777778,"Warm"
"B1",2022-12-16,11.3915625,"Warm"
"B1",2022-12-17,11.1501388888889,"Warm"
"B1",2022-12-18,9.14986111111111,"Warm"
"B1",2022-12-19,7.90069444444444,"Warm"
"B1",2022-12-20,8.72864583333333,"Warm"
"B1",2022-12-21,11.2579861111111,"Warm"
"B1",2022-12-22,12.141875,"Warm"
"B1",2022-12-23,12.813125,"Warm"
"B1",2022-12-24,12.4711111111111,"Warm"
"B1",2022-12-25,11.9923263888889,"Warm"
"B1",2022-12-26,11.6020833333333,"Warm"
"B1",2022-12-27,11.5977083333333,"Warm"
"B1",2022-12-28,11.0439930555556,"Warm"
"B1",2022-12-29,10.6515972222222,"Warm"
"B1",2022-12-30,11.4611458333333,"Warm"
"B1",2022-12-31,12.30625,"Warm"
"B2",2019-02-01,0,"Ambient"
"B2",2019-02-02,0,"Ambient"
"B2",2019-02-03,0,"Ambient"
"B2",2019-02-04,28.8613396875,"Ambient"
"B2",2019-02-05,100.804797576389,"Ambient"
"B2",2019-02-06,106.807616725694,"Ambient"
"B2",2019-02-07,103.17524775,"Ambient"
"B2",2019-02-08,101.893241239583,"Ambient"
"B2",2019-02-09,102.702667763889,"Ambient"
"B2",2019-02-10,102.062644809028,"Ambient"
"B2",2019-02-11,6.92376016,"Ambient"
"B2",2019-02-12,4.62246527777778,"Ambient"
"B2",2019-02-13,4.14878472222222,"Ambient"
"B2",2019-02-14,4.30972222222222,"Ambient"
"B2",2019-02-15,4.94236111111111,"Ambient"
"B2",2019-02-16,5.63357638888889,"Ambient"
"B2",2019-02-17,5.90114583333333,"Ambient"
"B2",2019-02-18,5.57996527777778,"Ambient"
"B2",2019-02-19,5.25100694444444,"Ambient"
"B2",2019-02-20,5.37892361111111,"Ambient"
"B2",2019-02-21,6.10038194444444,"Ambient"
"B2",2019-02-22,6.88916666666667,"Ambient"
"B2",2019-02-23,7.60135416666667,"Ambient"
"B2",2019-02-24,7.97222222222222,"Ambient"
"B2",2019-02-25,8.13517361111111,"Ambient"
"B2",2019-02-26,8.69125,"Ambient"
"B2",2019-02-27,9.1428125,"Ambient"
"B2",2019-02-28,9.34850694444444,"Ambient"
"B2",2019-03-01,9.90614583333333,"Ambient"
"B2",2019-03-02,10.0550347222222,"Ambient"
"B2",2019-03-03,8.36357638888889,"Ambient"
"B2",2019-03-04,9.05045138888889,"Ambient"
"B2",2019-03-05,8.28614583333333,"Ambient"
"B2",2019-03-06,9.28409722222222,"Ambient"
"B2",2019-03-07,8.64465277777778,"Ambient"
"B2",2019-03-08,6.87750000734181,"Ambient"
"B2",2019-03-09,11.2181944756944,"Ambient"
"B2",2019-03-10,10.6447222430556,"Ambient"
"B2",2019-03-11,8.93048613220935,"Ambient"
"B2",2019-03-12,12.9912765825431,"Ambient"
"B2",2019-03-13,6.39208333333333,"Ambient"
"B2",2019-03-14,9.20069442361111,"Ambient"
"B2",2019-03-15,10.7081597291087,"Ambient"
"B2",2019-03-16,13.6328819442375,"Ambient"
"B2",2019-03-17,6.8995833332133,"Ambient"
"B2",2019-03-18,9.08784719801601,"Ambient"
"B2",2019-03-19,5.03579861111111,"Ambient"
"B2",2019-03-20,8.97656251727833,"Ambient"
"B2",2019-03-21,12.3319196880841,"Ambient"
"B2",2019-03-22,11.9856114857519,"Ambient"
"B2",2019-03-23,13.7498601433566,"Ambient"
"B2",2019-03-24,13.5121863978495,"Ambient"
"B2",2019-03-25,9.63961803099751,"Ambient"
"B2",2019-03-26,12.6036099624936,"Ambient"
"B2",2019-03-27,13.9123644925712,"Ambient"
"B2",2019-03-28,10.1480555553548,"Ambient"
"B2",2019-03-29,11.8540625068948,"Ambient"
"B2",2019-03-30,12.6589474140351,"Ambient"
"B2",2019-03-31,13.2556597569444,"Ambient"
"B2",2019-04-01,13.69684028125,"Ambient"
"B2",2019-04-02,9.0275,"Ambient"
"B2",2019-04-03,6.28878472222222,"Ambient"
"B2",2019-04-04,8.10987853489649,"Ambient"
"B2",2019-04-05,10.0232986527447,"Ambient"
"B2",2019-04-06,6.98819444444444,"Ambient"
"B2",2019-04-07,6.02359550563221,"Ambient"
"B2",2019-04-08,9.50673611111111,"Ambient"
"B2",2019-04-09,12.0411111458333,"Ambient"
"B2",2019-04-10,8.07451388859914,"Ambient"
"B2",2019-04-11,8.42138890625,"Ambient"
"B2",2019-04-12,11.5431597256944,"Ambient"
"B2",2019-04-13,11.9218085252095,"Ambient"
"B2",2019-04-14,10.3691666597222,"Ambient"
"B2",2019-04-15,14.1909027777778,"Ambient"
"B2",2019-04-16,12.0184722430556,"Ambient"
"B2",2019-04-17,11.81190971875,"Ambient"
"B2",2019-04-18,13.2097916458333,"Ambient"
"B2",2019-04-19,16.8828472604167,"Ambient"
"B2",2019-04-20,16.0468531328671,"Ambient"
"B2",2019-04-21,10.7049305590278,"Ambient"
"B2",2019-04-22,10.9120833090278,"Ambient"
"B2",2019-04-23,13.1395486041667,"Ambient"
"B2",2019-04-24,12.4851736354167,"Ambient"
"B2",2019-04-25,12.2542361145833,"Ambient"
"B2",2019-04-26,10.3682638923611,"Ambient"
"B2",2019-04-27,10.3840278020833,"Ambient"
"B2",2019-04-28,11.2231249791667,"Ambient"
"B2",2019-04-29,12.2420486076389,"Ambient"
"B2",2019-04-30,14.8373145159011,"Ambient"
"B2",2019-05-01,16.7960356785714,"Ambient"
"B2",2019-05-02,13.0677083402778,"Ambient"
"B2",2019-05-03,9.21930555555556,"Ambient"
"B2",2019-05-04,10.0776041805556,"Ambient"
"B2",2019-05-05,9.16278195863821,"Ambient"
"B2",2019-05-06,10.4818672243561,"Ambient"
"B2",2019-05-07,13.7283453561151,"Ambient"
"B2",2019-05-08,15.3917361284722,"Ambient"
"B2",2019-05-09,12.5462847152778,"Ambient"
"B2",2019-05-10,15.37788190625,"Ambient"
"B2",2019-05-11,12.9853472256944,"Ambient"
"B2",2019-05-12,10.9765971944444,"Ambient"
"B2",2019-05-13,13.0007985659722,"Ambient"
"B2",2019-05-14,15.2307299416058,"Ambient"
"B2",2019-05-15,15.9279167152778,"Ambient"
"B2",2019-05-16,16.4754513993056,"Ambient"
"B2",2019-05-17,10.8897569444444,"Ambient"
"B2",2019-05-18,9.17315971527778,"Ambient"
"B2",2019-05-19,10.5914930451389,"Ambient"
"B2",2019-05-20,12.1704166493056,"Ambient"
"B2",2019-05-21,15.1211111388889,"Ambient"
"B2",2019-05-22,17.633229125,"Ambient"
"B2",2019-05-23,18.7917708194444,"Ambient"
"B2",2019-05-24,12.3827430555556,"Ambient"
"B2",2019-05-25,12.4210069513889,"Ambient"
"B2",2019-05-26,13.363125,"Ambient"
"B2",2019-05-27,14.4630208194444,"Ambient"
"B2",2019-05-28,14.4973264305556,"Ambient"
"B2",2019-05-29,13.6734027569444,"Ambient"
"B2",2019-05-30,17.7373263784722,"Ambient"
"B2",2019-05-31,20.0886457881944,"Ambient"
"B2",2019-06-01,22.9147568611111,"Ambient"
"B2",2019-06-02,24.8173610277778,"Ambient"
"B2",2019-06-03,20.6640971701389,"Ambient"
"B2",2019-06-04,22.2254861006944,"Ambient"
"B2",2019-06-05,11.9395486111111,"Ambient"
"B2",2019-06-06,16.6354860972222,"Ambient"
"B2",2019-06-07,15.3138194791667,"Ambient"
"B2",2019-06-08,16.6994444826389,"Ambient"
"B2",2019-06-09,18.1205208055556,"Ambient"
"B2",2019-06-10,12.7222916597222,"Ambient"
"B2",2019-06-11,10.6580208333333,"Ambient"
"B2",2019-06-12,13.9401393658537,"Ambient"
"B2",2019-06-13,18.5681597465278,"Ambient"
"B2",2019-06-14,16.0550347465278,"Ambient"
"B2",2019-06-15,13.8022222638889,"Ambient"
"B2",2019-06-16,18.6893750243056,"Ambient"
"B2",2019-06-17,22.0534375347222,"Ambient"
"B2",2019-06-18,23.7619792395833,"Ambient"
"B2",2019-06-19,22.3504860555556,"Ambient"
"B2",2019-06-20,16.7716319548611,"Ambient"
"B2",2019-06-21,15.1531944618056,"Ambient"
"B2",2019-06-22,20.4036458611111,"Ambient"
"B2",2019-06-23,25.1334375520833,"Ambient"
"B2",2019-06-24,23.2229513611111,"Ambient"
"B2",2019-06-25,23.0756944375,"Ambient"
"B2",2019-06-26,27.5473431660517,"Ambient"
"B2",2019-06-27,27.7824472531646,"Ambient"
"B2",2019-06-28,26.0713194513889,"Ambient"
"B2",2019-06-29,26.0164220458716,"Ambient"
"B2",2019-06-30,24.3262152743056,"Ambient"
"B2",2019-07-01,20.8611804826389,"Ambient"
"B2",2019-07-02,18.9843403055556,"Ambient"
"B2",2019-07-03,20.3951389027778,"Ambient"
"B2",2019-07-04,22.2947568923611,"Ambient"
"B2",2019-07-05,25.3268402569444,"Ambient"
"B2",2019-07-06,26.5418403506944,"Ambient"
"B2",2019-07-07,26.7753471770833,"Ambient"
"B2",2019-07-08,26.1659374756944,"Ambient"
"B2",2019-07-09,23.1506944375,"Ambient"
"B2",2019-07-10,22.3496527569444,"Ambient"
"B2",2019-07-11,23.9313194340278,"Ambient"
"B2",2019-07-12,19.2431944340278,"Ambient"
"B2",2019-07-13,17.1054861909722,"Ambient"
"B2",2019-07-14,15.8651041979167,"Ambient"
"B2",2019-07-15,15.6051042152778,"Ambient"
"B2",2019-07-16,15.9222569409722,"Ambient"
"B2",2019-07-17,15.6732638923611,"Ambient"
"B2",2019-07-18,14.5626388888889,"Ambient"
"B2",2019-07-19,15.8156597291667,"Ambient"
"B2",2019-07-20,16.0777777465278,"Ambient"
"B2",2019-07-21,15.9556944444444,"Ambient"
"B2",2019-07-22,17.3919444479167,"Ambient"
"B2",2019-07-23,19.0463194375,"Ambient"
"B2",2019-07-24,19.545,"Ambient"
"B2",2019-07-25,19.2898958819444,"Ambient"
"B2",2019-07-26,16.0870485972222,"Ambient"
"B2",2019-07-27,13.6377777777778,"Ambient"
"B2",2019-07-28,14.155,"Ambient"
"B2",2019-07-29,15.4647222048611,"Ambient"
"B2",2019-07-30,14.5267013888889,"Ambient"
"B2",2019-07-31,14.2609375,"Ambient"
"B2",2019-08-01,14.6316319722222,"Ambient"
"B2",2019-08-02,15.3023611076389,"Ambient"
"B2",2019-08-03,16.0706944826389,"Ambient"
"B2",2019-08-04,16.6722916180556,"Ambient"
"B2",2019-08-05,17.1501395348837,"Ambient"
"B2",2019-08-06,20.5373264131944,"Ambient"
"B2",2019-08-07,23.1749652777778,"Ambient"
"B2",2019-08-08,24.4214236215278,"Ambient"
"B2",2019-08-09,21.0671180486111,"Ambient"
"B2",2019-08-10,16.6962847048611,"Ambient"
"B2",2019-08-11,13.7703819444444,"Ambient"
"B2",2019-08-12,13.6019097222222,"Ambient"
"B2",2019-08-13,13.7793402777778,"Ambient"
"B2",2019-08-14,14.3677777881944,"Ambient"
"B2",2019-08-15,13.8436458333333,"Ambient"
"B2",2019-08-16,15.0125347152778,"Ambient"
"B2",2019-08-17,15.8499305520833,"Ambient"
"B2",2019-08-18,16.0770833541667,"Ambient"
"B2",2019-08-19,16.9436111736111,"Ambient"
"B2",2019-08-20,17.2425694965278,"Ambient"
"B2",2019-08-21,17.86079859375,"Ambient"
"B2",2019-08-22,19.4837846770833,"Ambient"
"B2",2019-08-23,20.3109293680297,"Ambient"
"B2",2019-08-24,22.01392359375,"Ambient"
"B2",2019-08-25,22.8994791979167,"Ambient"
"B2",2019-08-26,21.4070832951389,"Ambient"
"B2",2019-08-27,15.6595818850174,"Ambient"
"B2",2019-08-28,14.3008333229167,"Ambient"
"B2",2019-08-29,14.7176736284722,"Ambient"
"B2",2019-08-30,14.8263888958333,"Ambient"
"B2",2019-08-31,14.5385416875,"Ambient"
"B2",2019-09-01,13.3629166666667,"Ambient"
"B2",2019-09-02,13.1599652777778,"Ambient"
"B2",2019-09-03,13.4122569444444,"Ambient"
"B2",2019-09-04,13.7145486111111,"Ambient"
"B2",2019-09-05,13.5253125,"Ambient"
"B2",2019-09-06,13.3775694444444,"Ambient"
"B2",2019-09-07,13.3204166666667,"Ambient"
"B2",2019-09-08,13.3814236111111,"Ambient"
"B2",2019-09-09,13.2838194444444,"Ambient"
"B2",2019-09-10,13.1469791666667,"Ambient"
"B2",2019-09-11,12.994375,"Ambient"
"B2",2019-09-12,13.4498958333333,"Ambient"
"B2",2019-09-13,13.5872222222222,"Ambient"
"B2",2019-09-14,13.8509027777778,"Ambient"
"B2",2019-09-15,13.6948263888889,"Ambient"
"B2",2019-09-16,13.9171875,"Ambient"
"B2",2019-09-17,13.84375,"Ambient"
"B2",2019-09-18,13.2569097222222,"Ambient"
"B2",2019-09-19,13.556875,"Ambient"
"B2",2019-09-20,13.8606597222222,"Ambient"
"B2",2019-09-21,13.2973611111111,"Ambient"
"B2",2019-09-22,13.0613541666667,"Ambient"
"B2",2019-09-23,13.41375,"Ambient"
"B2",2019-09-24,13.5655555555556,"Ambient"
"B2",2019-09-25,13.3553472222222,"Ambient"
"B2",2019-09-26,13.5707986111111,"Ambient"
"B2",2019-09-27,13.4126041666667,"Ambient"
"B2",2019-09-28,13.4057638888889,"Ambient"
"B2",2019-09-29,13.5835069444444,"Ambient"
"B2",2019-09-30,13.7873958333333,"Ambient"
"B2",2019-10-01,14.6689930486111,"Ambient"
"B2",2019-10-02,15.7749652743056,"Ambient"
"B2",2019-10-03,14.7572222222222,"Ambient"
"B2",2019-10-04,13.3116319444444,"Ambient"
"B2",2019-10-05,13.9341319444444,"Ambient"
"B2",2019-10-06,13.6923611111111,"Ambient"
"B2",2019-10-07,13.2791319444444,"Ambient"
"B2",2019-10-08,14.0544444444444,"Ambient"
"B2",2019-10-09,13.6533333333333,"Ambient"
"B2",2019-10-10,13.7764236111111,"Ambient"
"B2",2019-10-11,13.1077430555556,"Ambient"
"B2",2019-10-12,13.7330208333333,"Ambient"
"B2",2019-10-13,14.2373611111111,"Ambient"
"B2",2019-10-14,13.8680208333333,"Ambient"
"B2",2019-10-15,13.8732638888889,"Ambient"
"B2",2019-10-16,12.2526388888889,"Ambient"
"B2",2019-10-17,12.6577083333333,"Ambient"
"B2",2019-10-18,12.8213888888889,"Ambient"
"B2",2019-10-19,13.2528125,"Ambient"
"B2",2019-10-20,13.3470138888889,"Ambient"
"B2",2019-10-21,12.6599305555556,"Ambient"
"B2",2019-10-22,11.6606944444444,"Ambient"
"B2",2019-10-23,11.5494444444444,"Ambient"
"B2",2019-10-24,12.1508333333333,"Ambient"
"B2",2019-10-25,12.1135416666667,"Ambient"
"B2",2019-10-26,12.1361805555556,"Ambient"
"B2",2019-10-27,12.4940625,"Ambient"
"B2",2019-10-28,12.9928819444444,"Ambient"
"B2",2019-10-29,13.3560416666667,"Ambient"
"B2",2019-10-30,14.9581249895833,"Ambient"
"B2",2019-10-31,15.2475694444444,"Ambient"
"B2",2019-11-01,13.0166666666667,"Ambient"
"B2",2019-11-02,12.8413888888889,"Ambient"
"B2",2019-11-03,11.84125,"Ambient"
"B2",2019-11-04,10.9341319444444,"Ambient"
"B2",2019-11-05,10.6169444444444,"Ambient"
"B2",2019-11-06,9.10607638888889,"Ambient"
"B2",2019-11-07,7.54142361111111,"Ambient"
"B2",2019-11-08,5.80013888888889,"Ambient"
"B2",2019-11-09,6.29190972222222,"Ambient"
"B2",2019-11-10,6.74201388888889,"Ambient"
"B2",2019-11-11,5.57552083333333,"Ambient"
"B2",2019-11-12,6.17694444444444,"Ambient"
"B2",2019-11-13,6.55170138888889,"Ambient"
"B2",2019-11-14,4.99270833333333,"Ambient"
"B2",2019-11-15,3.67642361111111,"Ambient"
"B2",2019-11-16,3.50329861111111,"Ambient"
"B2",2019-11-17,4.23802083333333,"Ambient"
"B2",2019-11-18,4.84979166666667,"Ambient"
"B2",2019-11-19,4.07427083333333,"Ambient"
"B2",2019-11-20,3.54222222222222,"Ambient"
"B2",2019-11-21,3.55670138888889,"Ambient"
"B2",2019-11-22,3.73576388888889,"Ambient"
"B2",2019-11-23,4.82097222222222,"Ambient"
"B2",2019-11-24,5.48142361111111,"Ambient"
"B2",2019-11-25,5.87305555555556,"Ambient"
"B2",2019-11-26,6.82982638888889,"Ambient"
"B2",2019-11-27,8.57725694444444,"Ambient"
"B2",2019-11-28,8.84746527777778,"Ambient"
"B2",2019-11-29,9.71510416666667,"Ambient"
"B2",2019-11-30,8.67131944444444,"Ambient"
"B2",2019-12-01,7.95986111111111,"Ambient"
"B2",2019-12-02,6.91225694444444,"Ambient"
"B2",2019-12-03,6.42815972222222,"Ambient"
"B2",2019-12-04,5.18024305555556,"Ambient"
"B2",2019-12-05,4.835,"Ambient"
"B2",2019-12-06,5.34996527777778,"Ambient"
"B2",2019-12-07,5.46222222222222,"Ambient"
"B2",2019-12-08,5.73006944444444,"Ambient"
"B2",2019-12-09,6.49409722222222,"Ambient"
"B2",2019-12-10,6.11052083333333,"Ambient"
"B2",2019-12-11,5.23475694444444,"Ambient"
"B2",2019-12-12,5.269375,"Ambient"
"B2",2019-12-13,7.57659722222222,"Ambient"
"B2",2019-12-14,9.94965277777778,"Ambient"
"B2",2019-12-15,9.85854166666667,"Ambient"
"B2",2019-12-16,9.00552083333333,"Ambient"
"B2",2019-12-17,9.14378472222222,"Ambient"
"B2",2019-12-18,9.47575,"Ambient"
"B2",2019-12-19,8.10121527777778,"Ambient"
"B2",2019-12-20,9.05833333333333,"Ambient"
"B2",2019-12-21,8.54576388888889,"Ambient"
"B2",2019-12-22,8.35631944444444,"Ambient"
"B2",2019-12-23,7.76753472222222,"Ambient"
"B2",2019-12-24,9.03666666666667,"Ambient"
"B2",2019-12-25,9.41447916666667,"Ambient"
"B2",2019-12-26,8.65284722222222,"Ambient"
"B2",2019-12-27,7.55545138888889,"Ambient"
"B2",2019-12-28,6.12600694444444,"Ambient"
"B2",2019-12-29,5.35444444444444,"Ambient"
"B2",2019-12-30,5.01989583333333,"Ambient"
"B2",2019-12-31,4.90597222222222,"Ambient"
"B2",2020-01-01,5.06388888888889,"Ambient"
"B2",2020-01-02,4.41920138888889,"Ambient"
"B2",2020-01-03,4.69260416666667,"Ambient"
"B2",2020-01-04,5.46947916666667,"Ambient"
"B2",2020-01-05,5.63013888888889,"Ambient"
"B2",2020-01-06,4.550625,"Ambient"
"B2",2020-01-07,4.24958333333333,"Ambient"
"B2",2020-01-08,5.40006944444444,"Ambient"
"B2",2020-01-09,6.81191176470588,"Ambient"
"B2",2020-01-10,7.12875,"Ambient"
"B2",2020-01-11,6.00381944444444,"Ambient"
"B2",2020-01-12,4.12927083333333,"Ambient"
"B2",2020-01-13,3.14767361111111,"Ambient"
"B2",2020-01-14,3.5890625,"Ambient"
"B2",2020-01-15,4.28635416666667,"Ambient"
"B2",2020-01-16,4.62909722222222,"Ambient"
"B2",2020-01-17,4.53482638888889,"Ambient"
"B2",2020-01-18,3.96583333333333,"Ambient"
"B2",2020-01-19,4.44625,"Ambient"
"B2",2020-01-20,3.83673611111111,"Ambient"
"B2",2020-01-21,3.69048611111111,"Ambient"
"B2",2020-01-22,4.47354166666667,"Ambient"
"B2",2020-01-23,5.86295138888889,"Ambient"
"B2",2020-01-24,5.80763888888889,"Ambient"
"B2",2020-01-25,5.39232638888889,"Ambient"
"B2",2020-01-26,5.43340277777778,"Ambient"
"B2",2020-01-27,4.63100694444444,"Ambient"
"B2",2020-01-28,5.25753472222222,"Ambient"
"B2",2020-01-29,5.39336805555556,"Ambient"
"B2",2020-01-30,7.20052083333333,"Ambient"
"B2",2020-01-31,9.40864583333333,"Ambient"
"B2",2020-02-01,8.90770833333333,"Ambient"
"B2",2020-02-02,9.64486111111111,"Ambient"
"B2",2020-02-03,11.0455555555556,"Ambient"
"B2",2020-02-04,10.8304166666667,"Ambient"
"B2",2020-02-05,9.34177083333333,"Ambient"
"B2",2020-02-06,6.9359375,"Ambient"
"B2",2020-02-07,5.80333333333333,"Ambient"
"B2",2020-02-08,5.64996527777778,"Ambient"
"B2",2020-02-09,6.81892361111111,"Ambient"
"B2",2020-02-10,9.78586805555556,"Ambient"
"B2",2020-02-11,11.0472569444444,"Ambient"
"B2",2020-02-12,10.3535416666667,"Ambient"
"B2",2020-02-13,9.60486111111111,"Ambient"
"B2",2020-02-14,11.1730208333333,"Ambient"
"B2",2020-02-15,10.2987152777778,"Ambient"
"B2",2020-02-16,10.1836805555556,"Ambient"
"B2",2020-02-17,9.02795138888889,"Ambient"
"B2",2020-02-18,7.72055555555556,"Ambient"
"B2",2020-02-19,7.70465277777778,"Ambient"
"B2",2020-02-20,7.64034722222222,"Ambient"
"B2",2020-02-21,7.88631944444444,"Ambient"
"B2",2020-02-22,8.36628472222222,"Ambient"
"B2",2020-02-23,9.2115625,"Ambient"
"B2",2020-02-24,9.53048611111111,"Ambient"
"B2",2020-02-25,8.841875,"Ambient"
"B2",2020-02-26,8.2896875,"Ambient"
"B2",2020-02-27,7.90284722222222,"Ambient"
"B2",2020-02-28,9.96458333333333,"Ambient"
"B2",2020-02-29,9.91447916666667,"Ambient"
"B2",2020-03-01,9.87947916666667,"Ambient"
"B2",2020-03-02,9.35072916666667,"Ambient"
"B2",2020-03-03,7.02434027777778,"Ambient"
"B2",2020-03-04,6.84961805555556,"Ambient"
"B2",2020-03-05,8.17520833333333,"Ambient"
"B2",2020-03-06,6.74982638888889,"Ambient"
"B2",2020-03-07,6.34222222222222,"Ambient"
"B2",2020-03-08,7.96638888888889,"Ambient"
"B2",2020-03-09,8.42010600706714,"Ambient"
"B2",2020-03-10,8.88708333333333,"Ambient"
"B2",2020-03-11,9.27475247524752,"Ambient"
"B2",2020-03-13,10.686875,"Ambient"
"B2",2020-03-14,10.2357638888889,"Ambient"
"B2",2020-03-15,10.3189930555556,"Ambient"
"B2",2020-03-16,10.9379861111111,"Ambient"
"B2",2020-03-17,10.8704861111111,"Ambient"
"B2",2020-03-18,11.8506597222222,"Ambient"
"B2",2020-03-19,13.1115277777778,"Ambient"
"B2",2020-03-20,13.9171180729167,"Ambient"
"B2",2020-03-21,13.5998958333333,"Ambient"
"B2",2020-03-22,13.2261805555556,"Ambient"
"B2",2020-03-23,12.6571527777778,"Ambient"
"B2",2020-03-24,12.1089930555556,"Ambient"
"B2",2020-03-25,11.3170138888889,"Ambient"
"B2",2020-03-26,9.91385416666667,"Ambient"
"B2",2020-03-27,8.11861111111111,"Ambient"
"B2",2020-03-28,9.645625,"Ambient"
"B2",2020-03-29,10.3785416666667,"Ambient"
"B2",2020-03-30,8.43388888888889,"Ambient"
"B2",2020-03-31,8.01329861111111,"Ambient"
"B2",2020-04-01,10.2229513888889,"Ambient"
"B2",2020-04-02,10.2551388888889,"Ambient"
"B2",2020-04-03,10.7351736111111,"Ambient"
"B2",2020-04-04,11.4567361111111,"Ambient"
"B2",2020-04-05,12.88815971875,"Ambient"
"B2",2020-04-06,13.5614930555556,"Ambient"
"B2",2020-04-07,13.9402430555556,"Ambient"
"B2",2020-04-08,14.1334027604167,"Ambient"
"B2",2020-04-09,14.5618055694444,"Ambient"
"B2",2020-04-10,15.7073264479167,"Ambient"
"B2",2020-04-11,15.7631944375,"Ambient"
"B2",2020-04-12,14.9722568993056,"Ambient"
"B2",2020-04-13,13.3740972222222,"Ambient"
"B2",2020-04-14,14.3474305416667,"Ambient"
"B2",2020-04-15,15.4360763958333,"Ambient"
"B2",2020-04-16,16.2142708611111,"Ambient"
"B2",2020-04-17,16.6319791527778,"Ambient"
"B2",2020-04-18,17.2531944722222,"Ambient"
"B2",2020-04-19,17.2945137916667,"Ambient"
"B2",2020-04-20,15.42833334375,"Ambient"
"B2",2020-04-21,14.3902430555556,"Ambient"
"B2",2020-04-22,13.3322569444444,"Ambient"
"B2",2020-04-23,13.753125,"Ambient"
"B2",2020-04-24,15.1234722361111,"Ambient"
"B2",2020-04-25,16.3905208958333,"Ambient"
"B2",2020-04-26,16.7590278125,"Ambient"
"B2",2020-04-27,16.2445485694444,"Ambient"
"B2",2020-04-28,14.7596527777778,"Ambient"
"B2",2020-04-29,14.1380555520833,"Ambient"
"B2",2020-04-30,15.4108333298611,"Ambient"
"B2",2020-05-01,15.3809027430556,"Ambient"
"B2",2020-05-02,16.9285069270833,"Ambient"
"B2",2020-05-03,18.9325694479167,"Ambient"
"B2",2020-05-04,20.5746527708333,"Ambient"
"B2",2020-05-05,22.4892014340278,"Ambient"
"B2",2020-05-06,21.9339583576389,"Ambient"
"B2",2020-05-07,21.6196874722222,"Ambient"
"B2",2020-05-08,21.1948958298611,"Ambient"
"B2",2020-05-09,20.5384027361111,"Ambient"
"B2",2020-05-10,18.5669791909722,"Ambient"
"B2",2020-05-11,15.1274652881944,"Ambient"
"B2",2020-05-12,14.1420833333333,"Ambient"
"B2",2020-05-13,14.5221527777778,"Ambient"
"B2",2020-05-14,14.6951388888889,"Ambient"
"B2",2020-05-15,13.8635416666667,"Ambient"
"B2",2020-05-16,13.6867361111111,"Ambient"
"B2",2020-05-17,15.1860417013889,"Ambient"
"B2",2020-05-18,17.3863194305556,"Ambient"
"B2",2020-05-19,18.7717360833333,"Ambient"
"B2",2020-05-20,20.4968055277778,"Ambient"
"B2",2020-05-21,21.2874999652778,"Ambient"
"B2",2020-05-22,22.5861458506944,"Ambient"
"B2",2020-05-23,21.5969444444444,"Ambient"
"B2",2020-05-24,18.69003465625,"Ambient"
"B2",2020-05-25,20.1587153229167,"Ambient"
"B2",2020-05-26,21.2647916354167,"Ambient"
"B2",2020-05-27,22.20718746875,"Ambient"
"B2",2020-05-28,22.7454166076389,"Ambient"
"B2",2020-05-29,22.7482986284722,"Ambient"
"B2",2020-05-30,23.0215277395833,"Ambient"
"B2",2020-05-31,23.2495138333333,"Ambient"
"B2",2020-06-01,22.5651389131944,"Ambient"
"B2",2020-06-02,21.4934722638889,"Ambient"
"B2",2020-06-03,20.6560764201389,"Ambient"
"B2",2020-06-04,18.3883680208333,"Ambient"
"B2",2020-06-05,16.8985764201389,"Ambient"
"B2",2020-06-06,18.3437153229167,"Ambient"
"B2",2020-06-07,16.58340278125,"Ambient"
"B2",2020-06-08,15.8172569722222,"Ambient"
"B2",2020-06-09,15.7280208506944,"Ambient"
"B2",2020-06-10,15.8856944409722,"Ambient"
"B2",2020-06-11,16.90888890625,"Ambient"
"B2",2020-06-12,18.0455208368056,"Ambient"
"B2",2020-06-13,18.7129514722222,"Ambient"
"B2",2020-06-14,17.53687503125,"Ambient"
"B2",2020-06-15,19.2793750625,"Ambient"
"B2",2020-06-16,18.3053471180556,"Ambient"
"B2",2020-06-17,16.5790972326389,"Ambient"
"B2",2020-06-18,16.3811805520833,"Ambient"
"B2",2020-06-19,18.2708333715278,"Ambient"
"B2",2020-06-20,20.3490972430556,"Ambient"
"B2",2020-06-21,21.1859722256944,"Ambient"
"B2",2020-06-22,22.5906944479167,"Ambient"
"B2",2020-06-23,23.2074305763889,"Ambient"
"B2",2020-06-24,24.2849653090278,"Ambient"
"B2",2020-06-25,24.0840277291667,"Ambient"
"B2",2020-06-26,23.18965275,"Ambient"
"B2",2020-06-27,23.93329859375,"Ambient"
"B2",2020-06-28,23.5665972048611,"Ambient"
"B2",2020-06-29,20.3822569270833,"Ambient"
"B2",2020-06-30,17.4727083611111,"Ambient"
"B2",2020-07-01,17.1555902152778,"Ambient"
"B2",2020-07-02,17.01562503125,"Ambient"
"B2",2020-07-03,16.6065277951389,"Ambient"
"B2",2020-07-04,16.9409374652778,"Ambient"
"B2",2020-07-05,17.3997222152778,"Ambient"
"B2",2020-07-06,16.7829513333333,"Ambient"
"B2",2020-07-07,17.3365972673611,"Ambient"
"B2",2020-07-08,17.30572909375,"Ambient"
"B2",2020-07-09,17.0644445451389,"Ambient"
"B2",2020-07-10,16.7831597465278,"Ambient"
"B2",2020-07-11,16.9056945486111,"Ambient"
"B2",2020-07-12,16.7227430555556,"Ambient"
"B2",2020-07-13,16.9947917291667,"Ambient"
"B2",2020-07-14,16.7889583819444,"Ambient"
"B2",2020-07-15,16.9285417048611,"Ambient"
"B2",2020-07-16,16.7935764409722,"Ambient"
"B2",2020-07-17,16.9688195520833,"Ambient"
"B2",2020-07-18,17.6138542013889,"Ambient"
"B2",2020-07-19,17.8359721319444,"Ambient"
"B2",2020-07-20,17.8615277569444,"Ambient"
"B2",2020-07-21,17.9970485590278,"Ambient"
"B2",2020-07-22,17.8980208611111,"Ambient"
"B2",2020-07-23,17.71781259375,"Ambient"
"B2",2020-07-24,17.3330902951389,"Ambient"
"B2",2020-07-25,17.6780902569444,"Ambient"
"B2",2020-07-26,19.0554512847222,"Ambient"
"B2",2020-07-27,21.2788194444444,"Ambient"
"B2",2020-07-28,17.1244792256944,"Ambient"
"B2",2020-07-29,17.1945485520833,"Ambient"
"B2",2020-07-30,18.7569443854167,"Ambient"
"B2",2020-07-31,19.0538889305556,"Ambient"
"B2",2020-08-01,17.0655902847222,"Ambient"
"B2",2020-08-02,17.1066667395833,"Ambient"
"B2",2020-08-03,17.0180903229167,"Ambient"
"B2",2020-08-04,17.0508332430556,"Ambient"
"B2",2020-08-05,17.0875000138889,"Ambient"
"B2",2020-08-06,17.73434028125,"Ambient"
"B2",2020-08-07,18.4317360729167,"Ambient"
"B2",2020-08-08,18.5614930902778,"Ambient"
"B2",2020-08-09,17.5466319791667,"Ambient"
"B2",2020-08-10,17.3278819930556,"Ambient"
"B2",2020-08-11,17.548263875,"Ambient"
"B2",2020-08-12,17.8282986631944,"Ambient"
"B2",2020-08-13,16.9170486215278,"Ambient"
"B2",2020-08-14,17.3720140520833,"Ambient"
"B2",2020-08-15,17.5811804131944,"Ambient"
"B2",2020-08-16,17.0116667604167,"Ambient"
"B2",2020-08-17,16.8299652881944,"Ambient"
"B2",2020-08-18,17.2212501770833,"Ambient"
"B2",2020-08-19,18.2709375416667,"Ambient"
"B2",2020-08-20,18.4138194826389,"Ambient"
"B2",2020-08-21,18.0577430381944,"Ambient"
"B2",2020-08-22,17.0376388541667,"Ambient"
"B2",2020-08-23,17.3480556041667,"Ambient"
"B2",2020-08-24,17.4744791805556,"Ambient"
"B2",2020-08-25,17.7213542326389,"Ambient"
"B2",2020-08-26,17.67274309375,"Ambient"
"B2",2020-08-27,17.9558333576389,"Ambient"
"B2",2020-08-28,16.6267361423611,"Ambient"
"B2",2020-08-29,15.7521527638889,"Ambient"
"B2",2020-08-30,15.2600347013889,"Ambient"
"B2",2020-08-31,16.0103125381944,"Ambient"
"B2",2020-09-01,16.0221528020833,"Ambient"
"B2",2020-09-02,17.1129861458333,"Ambient"
"B2",2020-09-03,16.1965277604167,"Ambient"
"B2",2020-09-04,16.9601041527778,"Ambient"
"B2",2020-09-05,17.0210763888889,"Ambient"
"B2",2020-09-06,17.0321874722222,"Ambient"
"B2",2020-09-07,16.5297916840278,"Ambient"
"B2",2020-09-08,16.0802429895833,"Ambient"
"B2",2020-09-09,16.4981250763889,"Ambient"
"B2",2020-09-10,17.1710764791667,"Ambient"
"B2",2020-09-11,17.3441319861111,"Ambient"
"B2",2020-09-12,17.2756250659722,"Ambient"
"B2",2020-09-13,17.40493053125,"Ambient"
"B2",2020-09-14,17.7878472048611,"Ambient"
"B2",2020-09-15,17.31131946875,"Ambient"
"B2",2020-09-16,17.6423264236111,"Ambient"
"B2",2020-09-17,17.5488195208333,"Ambient"
"B2",2020-09-18,16.9762153784722,"Ambient"
"B2",2020-09-19,17.1694443402778,"Ambient"
"B2",2020-09-20,17.4912152534722,"Ambient"
"B2",2020-09-21,17.1726735868056,"Ambient"
"B2",2020-09-22,17.0401041145833,"Ambient"
"B2",2020-09-23,16.5080554861111,"Ambient"
"B2",2020-09-24,17.1713543298611,"Ambient"
"B2",2020-09-25,13.6112152673611,"Ambient"
"B2",2020-09-26,11.2610416666667,"Ambient"
"B2",2020-09-27,10.7651736111111,"Ambient"
"B2",2020-09-28,12.0525347222222,"Ambient"
"B2",2020-09-29,15.1632638923611,"Ambient"
"B2",2020-09-30,15.3258680902778,"Ambient"
"B2",2020-10-01,14.6401041736111,"Ambient"
"B2",2020-10-02,12.5886805555556,"Ambient"
"B2",2020-10-03,9.87197916666667,"Ambient"
"B2",2020-10-04,10.1869444444444,"Ambient"
"B2",2020-10-05,10.7820486111111,"Ambient"
"B2",2020-10-06,12.3003472222222,"Ambient"
"B2",2020-10-07,14.7357986111111,"Ambient"
"B2",2020-10-08,15.4625347013889,"Ambient"
"B2",2020-10-09,15.9567708576389,"Ambient"
"B2",2020-10-10,15.9809027638889,"Ambient"
"B2",2020-10-11,12.6153125,"Ambient"
"B2",2020-10-12,11.6338888888889,"Ambient"
"B2",2020-10-13,11.6065277777778,"Ambient"
"B2",2020-10-14,10.4753125,"Ambient"
"B2",2020-10-15,8.83232638888889,"Ambient"
"B2",2020-10-16,8.46940972222222,"Ambient"
"B2",2020-10-17,9.77503472222222,"Ambient"
"B2",2020-10-18,9.51232638888889,"Ambient"
"B2",2020-10-19,9.90416666666667,"Ambient"
"B2",2020-10-20,11.4000347222222,"Ambient"
"B2",2020-10-21,15.1640278298611,"Ambient"
"B2",2020-10-22,15.5444097118056,"Ambient"
"B2",2020-10-23,14.9865277777778,"Ambient"
"B2",2020-10-24,13.2335763888889,"Ambient"
"B2",2020-10-25,11.8063194444444,"Ambient"
"B2",2020-10-26,10.6815972222222,"Ambient"
"B2",2020-10-27,10.0920138888889,"Ambient"
"B2",2020-10-28,11.424375,"Ambient"
"B2",2020-10-29,12.1411111111111,"Ambient"
"B2",2020-10-30,11.9922569444444,"Ambient"
"B2",2020-10-31,11.8647222222222,"Ambient"
"B2",2020-11-01,12.1566319444444,"Ambient"
"B2",2020-11-02,13.3149652777778,"Ambient"
"B2",2020-11-03,13.1937847222222,"Ambient"
"B2",2020-11-04,10.5640625,"Ambient"
"B2",2020-11-05,9.1096875,"Ambient"
"B2",2020-11-06,10.6251388888889,"Ambient"
"B2",2020-11-07,12.2171180555556,"Ambient"
"B2",2020-11-08,12.2464236111111,"Ambient"
"B2",2020-11-09,11.1968055555556,"Ambient"
"B2",2020-11-10,11.0387152777778,"Ambient"
"B2",2020-11-11,9.84715277777778,"Ambient"
"B2",2020-11-12,10.033125,"Ambient"
"B2",2020-11-13,10.2209722222222,"Ambient"
"B2",2020-11-14,9.95965277777778,"Ambient"
"B2",2020-11-15,10.1378819444444,"Ambient"
"B2",2020-11-16,11.1611805555556,"Ambient"
"B2",2020-11-17,9.80934027777778,"Ambient"
"B2",2020-11-18,10.1490277777778,"Ambient"
"B2",2020-11-19,9.78899305555556,"Ambient"
"B2",2020-11-20,9.08114583333333,"Ambient"
"B2",2020-11-21,6.81288194444444,"Ambient"
"B2",2020-11-22,5.41892361111111,"Ambient"
"B2",2020-11-23,5.27965277777778,"Ambient"
"B2",2020-11-24,5.39760416666667,"Ambient"
"B2",2020-11-25,5.72552083333333,"Ambient"
"B2",2020-11-26,5.81347222222222,"Ambient"
"B2",2020-11-27,7.02836805555556,"Ambient"
"B2",2020-11-28,6.88746527777778,"Ambient"
"B2",2020-11-29,6.97722222222222,"Ambient"
"B2",2020-11-30,7.32440972222222,"Ambient"
"B2",2020-12-01,6.8115625,"Ambient"
"B2",2020-12-02,5.51545138888889,"Ambient"
"B2",2020-12-03,4.425625,"Ambient"
"B2",2020-12-04,4.40881944444444,"Ambient"
"B2",2020-12-05,3.57350694444444,"Ambient"
"B2",2020-12-06,3.7690625,"Ambient"
"B2",2020-12-07,3.74444444444444,"Ambient"
"B2",2020-12-08,3.85680555555556,"Ambient"
"B2",2020-12-09,3.95704861111111,"Ambient"
"B2",2020-12-10,4.13836805555556,"Ambient"
"B2",2020-12-11,5.17045138888889,"Ambient"
"B2",2020-12-12,6.48246527777778,"Ambient"
"B2",2020-12-13,6.04395833333333,"Ambient"
"B2",2020-12-14,7.23013888888889,"Ambient"
"B2",2020-12-15,7.31489583333333,"Ambient"
"B2",2020-12-16,5.53388888888889,"Ambient"
"B2",2020-12-17,4.49517361111111,"Ambient"
"B2",2020-12-18,4.60777777777778,"Ambient"
"B2",2020-12-19,5.06284722222222,"Ambient"
"B2",2020-12-20,5.92447916666667,"Ambient"
"B2",2020-12-21,5.52284722222222,"Ambient"
"B2",2020-12-22,7.33972222222222,"Ambient"
"B2",2020-12-23,7.91350694444444,"Ambient"
"B2",2020-12-24,8.17211805555556,"Ambient"
"B2",2020-12-25,5.50184027777778,"Ambient"
"B2",2020-12-26,3.19079861111111,"Ambient"
"B2",2020-12-27,1.40451388836735,"Ambient"
"B2",2020-12-28,1.96211805555556,"Ambient"
"B2",2020-12-29,2.35979166666667,"Ambient"
"B2",2020-12-30,2.74121527777778,"Ambient"
"B2",2020-12-31,3.12864583333333,"Ambient"
"B2",2021-01-01,4.1525,"Ambient"
"B2",2021-01-02,3.401875,"Ambient"
"B2",2021-01-03,2.09611111111111,"Ambient"
"B2",2021-01-04,1.82593750005795,"Ambient"
"B2",2021-01-05,1.75618055555556,"Ambient"
"B2",2021-01-06,1.36052083056834,"Ambient"
"B2",2021-01-07,0.362661291101286,"Ambient"
"B2",2021-01-11,0,"Ambient"
"B2",2021-01-13,1.39935714300243,"Ambient"
"B2",2021-01-14,2.79482638888889,"Ambient"
"B2",2021-01-15,4.16506944444444,"Ambient"
"B2",2021-01-16,3.85149305555556,"Ambient"
"B2",2021-01-17,4.42722222222222,"Ambient"
"B2",2021-01-18,5.14493055555556,"Ambient"
"B2",2021-01-19,4.05194444444444,"Ambient"
"B2",2021-01-20,4.62545138888889,"Ambient"
"B2",2021-01-21,5.91378472222222,"Ambient"
"B2",2021-01-22,5.96434027777778,"Ambient"
"B2",2021-01-23,4.99336805555556,"Ambient"
"B2",2021-01-24,5.20225694444444,"Ambient"
"B2",2021-01-25,5.286875,"Ambient"
"B2",2021-01-26,5.03569444444444,"Ambient"
"B2",2021-01-27,7.04517361111111,"Ambient"
"B2",2021-01-28,9.44510416666667,"Ambient"
"B2",2021-01-29,9.20145833333333,"Ambient"
"B2",2021-01-30,8.38760416666667,"Ambient"
"B2",2021-01-31,7.9196875,"Ambient"
"B2",2021-02-01,8.38222222222222,"Ambient"
"B2",2021-02-02,9.79197916666667,"Ambient"
"B2",2021-02-03,10.0206944444444,"Ambient"
"B2",2021-02-04,10.3670486111111,"Ambient"
"B2",2021-02-05,10.8116666666667,"Ambient"
"B2",2021-02-06,10.1494791666667,"Ambient"
"B2",2021-02-07,9.14979166666667,"Ambient"
"B2",2021-02-08,7.50527777777778,"Ambient"
"B2",2021-02-09,6.44721115537849,"Ambient"
"B2",2021-02-10,5.934,"Ambient"
"B2",2021-02-13,7.94932330827068,"Ambient"
"B2",2021-02-14,7.61065972222222,"Ambient"
"B2",2021-02-15,7.3965625,"Ambient"
"B2",2021-02-16,8.30420138888889,"Ambient"
"B2",2021-02-17,9.79348432055749,"Ambient"
"B2",2021-02-18,9.65048611111111,"Ambient"
"B2",2021-02-19,9.46190972222222,"Ambient"
"B2",2021-02-20,9.42319444444444,"Ambient"
"B2",2021-02-21,9.63152777777778,"Ambient"
"B2",2021-02-22,9.55381944444444,"Ambient"
"B2",2021-02-23,9.83017361111111,"Ambient"
"B2",2021-02-24,10.9486458333333,"Ambient"
"B2",2021-02-25,10.7496527777778,"Ambient"
"B2",2021-02-26,10.7649305555556,"Ambient"
"B2",2021-02-27,11.4070486111111,"Ambient"
"B2",2021-02-28,10.7034027777778,"Ambient"
"B2",2021-03-01,9.69215277777778,"Ambient"
"B2",2021-03-02,9.440625,"Ambient"
"B2",2021-03-03,9.52347222222222,"Ambient"
"B2",2021-03-04,10.3175347222222,"Ambient"
"B2",2021-03-05,11.2614930555556,"Ambient"
"B2",2021-03-06,10.0907986111111,"Ambient"
"B2",2021-03-07,8.62993055555556,"Ambient"
"B2",2021-03-08,8.31986111111111,"Ambient"
"B2",2021-03-09,7.78069444444444,"Ambient"
"B2",2021-03-10,7.40854166666667,"Ambient"
"B2",2021-03-11,10.0162152777778,"Ambient"
"B2",2021-03-12,10.8166666666667,"Ambient"
"B2",2021-03-13,8.92184027777778,"Ambient"
"B2",2021-03-14,8.686875,"Ambient"
"B2",2021-03-15,7.51798611111111,"Ambient"
"B2",2021-03-16,8.45569444444445,"Ambient"
"B2",2021-03-17,9.80055555555556,"Ambient"
"B2",2021-03-18,9.21243055555555,"Ambient"
"B2",2021-03-19,6.73642361111111,"Ambient"
"B2",2021-03-20,5.40607638888889,"Ambient"
"B2",2021-03-21,5.319375,"Ambient"
"B2",2021-03-22,7.99,"Ambient"
"B2",2021-03-23,9.24506944444444,"Ambient"
"B2",2021-03-24,10.2229513888889,"Ambient"
"B2",2021-03-25,11.3073611111111,"Ambient"
"B2",2021-03-26,11.3985069444444,"Ambient"
"B2",2021-03-27,11.6458680555556,"Ambient"
"B2",2021-03-28,11.2943055555556,"Ambient"
"B2",2021-03-29,13.2599652777778,"Ambient"
"B2",2021-03-30,14.7860763541667,"Ambient"
"B2",2021-03-31,15.8130208819444,"Ambient"
"B2",2021-04-01,15.8727083576389,"Ambient"
"B2",2021-04-02,15.7072916666667,"Ambient"
"B2",2021-04-03,15.1115972256944,"Ambient"
"B2",2021-04-04,14.0087847361111,"Ambient"
"B2",2021-04-05,13.3697569618056,"Ambient"
"B2",2021-04-06,13.2765972222222,"Ambient"
"B2",2021-04-07,11.8034722222222,"Ambient"
"B2",2021-04-08,10.9505208333333,"Ambient"
"B2",2021-04-09,11.8710763888889,"Ambient"
"B2",2021-04-10,11.6935069444444,"Ambient"
"B2",2021-04-11,10.4428125,"Ambient"
"B2",2021-04-12,10.1642013888889,"Ambient"
"B2",2021-04-13,10.8476041666667,"Ambient"
"B2",2021-04-14,11.1272569444444,"Ambient"
"B2",2021-04-15,11.5147916666667,"Ambient"
"B2",2021-04-16,11.3727083333333,"Ambient"
"B2",2021-04-17,10.8741319444444,"Ambient"
"B2",2021-04-18,10.6860069444444,"Ambient"
"B2",2021-04-19,11.9397569444444,"Ambient"
"B2",2021-04-20,12.7114930555556,"Ambient"
"B2",2021-04-21,12.7159722222222,"Ambient"
"B2",2021-04-22,13.4814583090278,"Ambient"
"B2",2021-04-23,14.2963194444444,"Ambient"
"B2",2021-04-24,16.0285416631944,"Ambient"
"B2",2021-04-25,16.2134722048611,"Ambient"
"B2",2021-04-26,14.6560416493056,"Ambient"
"B2",2021-04-27,13.8445833333333,"Ambient"
"B2",2021-04-28,13.3211458333333,"Ambient"
"B2",2021-04-29,12.1260069444444,"Ambient"
"B2",2021-04-30,11.2367361111111,"Ambient"
"B2",2021-05-01,10.4240277777778,"Ambient"
"B2",2021-05-02,10.5765277777778,"Ambient"
"B2",2021-05-03,11.7210763888889,"Ambient"
"B2",2021-05-04,14.0318056111111,"Ambient"
"B2",2021-05-05,15.80569446875,"Ambient"
"B2",2021-05-06,15.38236109375,"Ambient"
"B2",2021-05-07,16.7635069444444,"Ambient"
"B2",2021-05-08,18.4221875138889,"Ambient"
"B2",2021-05-09,19.284236125,"Ambient"
"B2",2021-05-10,17.8025000486111,"Ambient"
"B2",2021-05-11,15.3816666840278,"Ambient"
"B2",2021-05-12,13.5432291666667,"Ambient"
"B2",2021-05-13,14.1458680590278,"Ambient"
"B2",2021-05-14,14.8465972118056,"Ambient"
"B2",2021-05-15,14.9767708333333,"Ambient"
"B2",2021-05-16,15.0322916666667,"Ambient"
"B2",2021-05-17,14.8623263888889,"Ambient"
"B2",2021-05-18,15.6023958194444,"Ambient"
"B2",2021-05-19,16.2048958472222,"Ambient"
"B2",2021-05-20,17.6960069583333,"Ambient"
"B2",2021-05-21,17.7803472777778,"Ambient"
"B2",2021-05-22,16.1950000034722,"Ambient"
"B2",2021-05-23,13.9501388888889,"Ambient"
"B2",2021-05-24,12.6720486111111,"Ambient"
"B2",2021-05-25,11.9621527777778,"Ambient"
"B2",2021-05-26,14.2885416041667,"Ambient"
"B2",2021-05-27,16.9711458055556,"Ambient"
"B2",2021-05-28,18.4279861180556,"Ambient"
"B2",2021-05-29,18.5994097152778,"Ambient"
"B2",2021-05-30,20.3599305138889,"Ambient"
"B2",2021-05-31,21.0356944375,"Ambient"
"B2",2021-06-01,21.41843753125,"Ambient"
"B2",2021-06-02,20.1440972361111,"Ambient"
"B2",2021-06-03,20.6737152881944,"Ambient"
"B2",2021-06-04,19.8797222673611,"Ambient"
"B2",2021-06-05,18.7692361527778,"Ambient"
"B2",2021-06-06,20.0964583541667,"Ambient"
"B2",2021-06-07,19.9574652951389,"Ambient"
"B2",2021-06-08,19.1440625,"Ambient"
"B2",2021-06-09,19.5150346979167,"Ambient"
"B2",2021-06-10,20.44027775,"Ambient"
"B2",2021-06-11,19.6727430902778,"Ambient"
"B2",2021-06-12,19.78027778125,"Ambient"
"B2",2021-06-13,20.3172569618056,"Ambient"
"B2",2021-06-14,20.087882,"Ambient"
"B2",2021-06-15,20.1080556215278,"Ambient"
"B2",2021-06-16,20.13805553125,"Ambient"
"B2",2021-06-17,19.2918055555556,"Ambient"
"B2",2021-06-18,19.1715972013889,"Ambient"
"B2",2021-06-19,20.07857634375,"Ambient"
"B2",2021-06-20,19.7411458229167,"Ambient"
"B2",2021-06-21,19.2130208402778,"Ambient"
"B2",2021-06-22,18.8462152465278,"Ambient"
"B2",2021-06-23,17.4588888576389,"Ambient"
"B2",2021-06-24,17.0618750590278,"Ambient"
"B2",2021-06-25,19.4743749340278,"Ambient"
"B2",2021-06-26,20.0328125104167,"Ambient"
"B2",2021-06-27,19.0823958263889,"Ambient"
"B2",2021-06-28,18.3068055416667,"Ambient"
"B2",2021-06-29,18.536458375,"Ambient"
"B2",2021-06-30,19.3188194826389,"Ambient"
"B2",2021-07-01,19.9663541979167,"Ambient"
"B2",2021-07-02,19.8069097083333,"Ambient"
"B2",2021-07-03,17.5253470416667,"Ambient"
"B2",2021-07-04,17.4795485381944,"Ambient"
"B2",2021-07-05,18.0053471805556,"Ambient"
"B2",2021-07-06,17.48555553125,"Ambient"
"B2",2021-07-07,17.2705555034722,"Ambient"
"B2",2021-07-08,16.9129514965278,"Ambient"
"B2",2021-07-09,17.8820139270833,"Ambient"
"B2",2021-07-10,17.3499652881944,"Ambient"
"B2",2021-07-11,18.2575346527778,"Ambient"
"B2",2021-07-12,17.30135409375,"Ambient"
"B2",2021-07-13,15.9651389340278,"Ambient"
"B2",2021-07-14,16.8064582951389,"Ambient"
"B2",2021-07-15,16.9837499166667,"Ambient"
"B2",2021-07-16,16.8727431076389,"Ambient"
"B2",2021-07-17,18.03624996875,"Ambient"
"B2",2021-07-18,18.3098957534722,"Ambient"
"B2",2021-07-19,18.7139361843972,"Ambient"
"B2",2021-07-20,18.3029513715278,"Ambient"
"B2",2021-07-21,18.6176389097222,"Ambient"
"B2",2021-07-22,19.3391319027778,"Ambient"
"B2",2021-07-23,18.8034722708333,"Ambient"
"B2",2021-07-24,17.43958321875,"Ambient"
"B2",2021-07-25,17.2092360381944,"Ambient"
"B2",2021-07-26,17.3513541493056,"Ambient"
"B2",2021-07-27,17.2202778784722,"Ambient"
"B2",2021-07-28,17.3758246070175,"Ambient"
"B2",2021-07-29,17.8801736145833,"Ambient"
"B2",2021-07-30,17.3886108506944,"Ambient"
"B2",2021-07-31,16.6423958576389,"Ambient"
"B2",2021-08-01,16.4975694513889,"Ambient"
"B2",2021-08-02,17.0803124479167,"Ambient"
"B2",2021-08-03,17.2890809669118,"Ambient"
"B2",2021-08-04,17.5830207986111,"Ambient"
"B2",2021-08-05,17.7023263645833,"Ambient"
"B2",2021-08-06,17.4432289444444,"Ambient"
"B2",2021-08-07,16.9949305069444,"Ambient"
"B2",2021-08-08,16.8760070833333,"Ambient"
"B2",2021-08-09,17.4215278125,"Ambient"
"B2",2021-08-10,18.6986111284722,"Ambient"
"B2",2021-08-11,19.1707639236111,"Ambient"
"B2",2021-08-12,19.6207291354167,"Ambient"
"B2",2021-08-13,18.91743059375,"Ambient"
"B2",2021-08-14,19.18968746875,"Ambient"
"B2",2021-08-15,17.9896181076389,"Ambient"
"B2",2021-08-16,17.3509375208333,"Ambient"
"B2",2021-08-17,17.0183333229167,"Ambient"
"B2",2021-08-18,16.9812151979167,"Ambient"
"B2",2021-08-19,17.1015972673611,"Ambient"
"B2",2021-08-20,18.1336458229167,"Ambient"
"B2",2021-08-21,17.5680208333333,"Ambient"
"B2",2021-08-22,17.3454857743056,"Ambient"
"B2",2021-08-23,17.5251736354167,"Ambient"
"B2",2021-08-24,17.3928471805556,"Ambient"
"B2",2021-08-25,17.539201375,"Ambient"
"B2",2021-08-26,18.1266319965278,"Ambient"
"B2",2021-08-27,18.0307985798611,"Ambient"
"B2",2021-08-28,17.3105555381944,"Ambient"
"B2",2021-08-29,17.0555207881944,"Ambient"
"B2",2021-08-30,16.8882639791667,"Ambient"
"B2",2021-08-31,17.6232986284722,"Ambient"
"B2",2021-09-01,17.0154166319444,"Ambient"
"B2",2021-09-02,16.9650694236111,"Ambient"
"B2",2021-09-03,17.6220138298611,"Ambient"
"B2",2021-09-04,17.8538193715278,"Ambient"
"B2",2021-09-05,17.9818055625,"Ambient"
"B2",2021-09-13,17.8797143142857,"Ambient"
"B2",2021-09-14,17.5262152395833,"Ambient"
"B2",2021-09-15,17.7089234583333,"Ambient"
"B2",2021-09-16,17.3607987222222,"Ambient"
"B2",2021-09-17,17.5728125520833,"Ambient"
"B2",2021-09-18,16.8661457395833,"Ambient"
"B2",2021-09-19,16.0605208263889,"Ambient"
"B2",2021-09-20,16.5360763715278,"Ambient"
"B2",2021-09-21,14.4910763888889,"Ambient"
"B2",2021-09-22,14.8948611180556,"Ambient"
"B2",2021-09-23,17.2806597569444,"Ambient"
"B2",2021-09-24,17.0285764201389,"Ambient"
"B2",2021-09-25,17.2211457847222,"Ambient"
"B2",2021-09-26,17.0109722118056,"Ambient"
"B2",2021-09-27,16.7856249513889,"Ambient"
"B2",2021-09-28,16.8246874340278,"Ambient"
"B2",2021-09-29,17.0225000520833,"Ambient"
"B2",2021-09-30,16.7874306666667,"Ambient"
"B2",2021-10-01,16.0133680972222,"Ambient"
"B2",2021-10-02,16.6562847118056,"Ambient"
"B2",2021-10-03,16.3848263402778,"Ambient"
"B2",2021-10-04,14.81645834375,"Ambient"
"B2",2021-10-05,13.6524305555556,"Ambient"
"B2",2021-10-06,14.3933333298611,"Ambient"
"B2",2021-10-07,14.7355555416667,"Ambient"
"B2",2021-10-08,13.978125,"Ambient"
"B2",2021-10-09,14.9555208263889,"Ambient"
"B2",2021-10-10,15.9055903055556,"Ambient"
"B2",2021-10-11,15.2434375069444,"Ambient"
"B2",2021-10-12,13.3557986111111,"Ambient"
"B2",2021-10-13,12.5893055555556,"Ambient"
"B2",2021-10-14,11.9337152777778,"Ambient"
"B2",2021-10-15,11.7447222222222,"Ambient"
"B2",2021-10-16,13.2384027777778,"Ambient"
"B2",2021-10-17,12.6466666666667,"Ambient"
"B2",2021-10-18,12.9160416666667,"Ambient"
"B2",2021-10-19,13.8824652291667,"Ambient"
"B2",2021-10-20,14.9915972986111,"Ambient"
"B2",2021-10-21,15.1731249930556,"Ambient"
"B2",2021-10-22,13.8485069444444,"Ambient"
"B2",2021-10-23,13.5052430555556,"Ambient"
"B2",2021-10-24,11.4274305555556,"Ambient"
"B2",2021-10-25,10.4572222222222,"Ambient"
"B2",2021-10-26,11.1084027777778,"Ambient"
"B2",2021-10-27,11.3029166666667,"Ambient"
"B2",2021-10-28,11.0146527777778,"Ambient"
"B2",2021-10-29,10.8799305555556,"Ambient"
"B2",2021-10-30,12.2096180555556,"Ambient"
"B2",2021-10-31,13.8214666666667,"Ambient"
"B2",2021-11-01,13.1770138888889,"Ambient"
"B2",2021-11-02,11.4826736111111,"Ambient"
"B2",2021-11-03,10.5750694444444,"Ambient"
"B2",2021-11-04,8.6934375,"Ambient"
"B2",2021-11-05,7.54479166666667,"Ambient"
"B2",2021-11-06,6.15666666666667,"Ambient"
"B2",2021-11-07,5.69072916666667,"Ambient"
"B2",2021-11-08,7.89819444444444,"Ambient"
"B2",2021-11-09,7.92583333333333,"Ambient"
"B2",2021-11-10,6.05760416666667,"Ambient"
"B2",2021-11-11,6.95138888888889,"Ambient"
"B2",2021-11-12,7.87326388888889,"Ambient"
"B2",2021-11-13,9.10465277777778,"Ambient"
"B2",2021-11-14,9.21246527777778,"Ambient"
"B2",2021-11-15,8.09479166666667,"Ambient"
"B2",2021-11-16,7.61572916666667,"Ambient"
"B2",2021-11-17,7.01375,"Ambient"
"B2",2021-11-18,6.72989583333333,"Ambient"
"B2",2021-11-19,6.10243055555556,"Ambient"
"B2",2021-11-20,5.68354166666667,"Ambient"
"B2",2021-11-21,6.42576388888889,"Ambient"
"B2",2021-11-22,7.33184027777778,"Ambient"
"B2",2021-11-23,6.60559027777778,"Ambient"
"B2",2021-11-24,6.36159722222222,"Ambient"
"B2",2021-11-25,6.69986111111111,"Ambient"
"B2",2021-11-26,6.42836805555556,"Ambient"
"B2",2021-11-27,5.04326388888889,"Ambient"
"B2",2021-11-28,3.67854166666667,"Ambient"
"B2",2021-11-29,2.56114583333333,"Ambient"
"B2",2021-11-30,2.94090277777778,"Ambient"
"B2",2021-12-01,3.26909722222222,"Ambient"
"B2",2021-12-02,4.24840277777778,"Ambient"
"B2",2021-12-03,3.58246527777778,"Ambient"
"B2",2021-12-04,4.65173611111111,"Ambient"
"B2",2021-12-05,4.34826388888889,"Ambient"
"B2",2021-12-13,5.65415730337079,"Ambient"
"B2",2021-12-14,4.91784810126582,"Ambient"
"B2",2021-12-21,5.61271028037383,"Ambient"
"B2",2021-12-22,5.75107638888889,"Ambient"
"B2",2021-12-23,6.30604166666667,"Ambient"
"B2",2021-12-24,7.02923611111111,"Ambient"
"B2",2021-12-25,7.60854166666667,"Ambient"
"B2",2021-12-26,7.28121527777778,"Ambient"
"B2",2021-12-27,7.81114583333333,"Ambient"
"B2",2021-12-28,8.57552083333333,"Ambient"
"B2",2021-12-29,10.3522916666667,"Ambient"
"B2",2021-12-30,10.9270833333333,"Ambient"
"B2",2021-12-31,9.56552083333333,"Ambient"
"B2",2022-01-01,8.98368055555556,"Ambient"
"B2",2022-01-02,8.66211805555556,"Ambient"
"B2",2022-01-03,8.34902777777778,"Ambient"
"B2",2022-01-04,8.39704861111111,"Ambient"
"B2",2022-01-05,7.42239583333333,"Ambient"
"B2",2022-01-06,5.03565972222222,"Ambient"
"B2",2022-01-07,2.57159722222222,"Ambient"
"B2",2022-01-08,3.61246527777778,"Ambient"
"B2",2022-01-09,5.40076388888889,"Ambient"
"B2",2022-01-18,2.92357142857143,"Ambient"
"B2",2022-01-19,2.48784722222222,"Ambient"
"B2",2022-01-20,3.29892361111111,"Ambient"
"B2",2022-01-21,3.5075,"Ambient"
"B2",2022-01-22,2.48375,"Ambient"
"B2",2022-01-23,2.44138888888889,"Ambient"
"B2",2022-01-24,3.00565972222222,"Ambient"
"B2",2022-01-25,3.43298611111111,"Ambient"
"B2",2022-01-26,3.82597222222222,"Ambient"
"B2",2022-01-27,3.93722222222222,"Ambient"
"B2",2022-01-28,3.38201388888889,"Ambient"
"B2",2022-01-29,3.13152777777778,"Ambient"
"B2",2022-01-30,3.87503472222222,"Ambient"
"B2",2022-01-31,4.22888888888889,"Ambient"
"B2",2022-02-01,4.85930555555556,"Ambient"
"B2",2022-02-02,5.45746527777778,"Ambient"
"B2",2022-02-03,5.92350694444444,"Ambient"
"B2",2022-02-04,6.66753472222222,"Ambient"
"B2",2022-02-05,7.42513888888889,"Ambient"
"B2",2022-02-06,5.84840277777778,"Ambient"
"B2",2022-02-07,5.843125,"Ambient"
"B2",2022-02-08,7.65708333333333,"Ambient"
"B2",2022-02-09,7.75128472222222,"Ambient"
"B2",2022-02-10,7.88069444444444,"Ambient"
"B2",2022-02-11,7.85364583333333,"Ambient"
"B2",2022-02-12,7.68666666666667,"Ambient"
"B2",2022-02-13,8.16909722222222,"Ambient"
"B2",2022-02-14,8.44107638888889,"Ambient"
"B2",2022-02-15,7.62309027777778,"Ambient"
"B2",2022-02-16,7.67861111111111,"Ambient"
"B2",2022-02-17,8.99853773584906,"Ambient"
"B2",2022-02-18,11.4803424657534,"Ambient"
"B2",2022-02-19,9.37402777777778,"Ambient"
"B2",2022-02-20,7.874375,"Ambient"
"B2",2022-02-21,8.92885416666667,"Ambient"
"B2",2022-02-22,9.06319444444444,"Ambient"
"B2",2022-02-23,8.67479166666667,"Ambient"
"B2",2022-02-24,8.82590909090909,"Ambient"
"B2",2022-02-25,8.7075,"Ambient"
"B2",2022-02-26,7.18954861111111,"Ambient"
"B2",2022-02-27,6.55829861111111,"Ambient"
"B2",2022-02-28,8.54027777777778,"Ambient"
"B2",2022-03-01,8.751875,"Ambient"
"B2",2022-03-02,8.15937984496124,"Ambient"
"B2",2022-03-04,8.87227722772277,"Ambient"
"B2",2022-03-05,8.19118055555556,"Ambient"
"B2",2022-03-06,7.59729166666667,"Ambient"
"B2",2022-03-07,8.13475694444444,"Ambient"
"B2",2022-03-08,7.64815972222222,"Ambient"
"B2",2022-03-09,8.3671875,"Ambient"
"B2",2022-03-10,8.89864583333333,"Ambient"
"B2",2022-03-11,9.02024305555556,"Ambient"
"B2",2022-03-12,9.47204861111111,"Ambient"
"B2",2022-03-13,7.95878472222222,"Ambient"
"B2",2022-03-14,6.51631944444444,"Ambient"
"B2",2022-03-15,8.41076388888889,"Ambient"
"B2",2022-03-16,9.70295138888889,"Ambient"
"B2",2022-03-17,10.2513541666667,"Ambient"
"B2",2022-03-18,9.48072916666667,"Ambient"
"B2",2022-03-19,9.50295138888889,"Ambient"
"B2",2022-03-20,10.6927777777778,"Ambient"
"B2",2022-03-21,12.204776119403,"Ambient"
"B2",2022-03-22,11.8192708333333,"Ambient"
"B2",2022-03-23,11.5892361111111,"Ambient"
"B2",2022-03-24,11.4492708333333,"Ambient"
"B2",2022-03-25,12.2009375,"Ambient"
"B2",2022-03-26,12.5547569444444,"Ambient"
"B2",2022-03-27,12.2497463768116,"Ambient"
"B2",2022-03-28,12.5370486111111,"Ambient"
"B2",2022-03-29,12.8201388888889,"Ambient"
"B2",2022-03-30,12.0876041666667,"Ambient"
"B2",2022-03-31,10.0425,"Ambient"
"B2",2022-04-01,7.09125,"Ambient"
"B2",2022-04-02,4.38069444444444,"Ambient"
"B2",2022-04-03,3.77951388888889,"Ambient"
"B2",2022-04-04,5.565625,"Ambient"
"B2",2022-04-05,7.1959375,"Ambient"
"B2",2022-04-06,8.12326388888889,"Ambient"
"B2",2022-04-07,9.71493055555556,"Ambient"
"B2",2022-04-08,12.9277083333333,"Ambient"
"B2",2022-04-09,12.5314930555556,"Ambient"
"B2",2022-04-10,11.7800347222222,"Ambient"
"B2",2022-04-11,13.0226736111111,"Ambient"
"B2",2022-04-12,13.4726041666667,"Ambient"
"B2",2022-04-13,13.1503819444444,"Ambient"
"B2",2022-04-14,13.5083680798611,"Ambient"
"B2",2022-04-15,14.9379860902778,"Ambient"
"B2",2022-04-16,16.5736111319444,"Ambient"
"B2",2022-04-17,16.8748263958333,"Ambient"
"B2",2022-04-18,17.2378819097222,"Ambient"
"B2",2022-04-19,15.1325347083333,"Ambient"
"B2",2022-04-20,11.5663194444444,"Ambient"
"B2",2022-04-21,10.6740972222222,"Ambient"
"B2",2022-04-22,11.4348958333333,"Ambient"
"B2",2022-04-23,11.5374652777778,"Ambient"
"B2",2022-04-24,11.5645833333333,"Ambient"
"B2",2022-04-25,12.8576388888889,"Ambient"
"B2",2022-04-26,14.5599653055556,"Ambient"
"B2",2022-04-27,15.5708333333333,"Ambient"
"B2",2022-04-28,15.44,"Ambient"
"B2",2022-04-29,16.3152430763889,"Ambient"
"B2",2022-04-30,17.2659028715278,"Ambient"
"B2",2022-05-01,16.72930559375,"Ambient"
"B2",2022-05-02,15.9038541805556,"Ambient"
"B2",2022-05-03,14.6163194444444,"Ambient"
"B2",2022-05-04,13.6325,"Ambient"
"B2",2022-05-05,13.0645833333333,"Ambient"
"B2",2022-05-06,13.7892013888889,"Ambient"
"B2",2022-05-07,15.5990972395833,"Ambient"
"B2",2022-05-08,16.8600346805556,"Ambient"
"B2",2022-05-09,17.5201388958333,"Ambient"
"B2",2022-05-10,19.2479514756944,"Ambient"
"B2",2022-05-11,20.78059028125,"Ambient"
"B2",2022-05-12,21.1489930729167,"Ambient"
"B2",2022-05-13,21.2493402777778,"Ambient"
"B2",2022-05-14,21.7466666875,"Ambient"
"B2",2022-05-15,22.504861125,"Ambient"
"B2",2022-05-16,23.5810763854167,"Ambient"
"B2",2022-05-17,23.4509721736111,"Ambient"
"B2",2022-05-18,24.6502083263889,"Ambient"
"B2",2022-05-19,24.5113194930556,"Ambient"
"B2",2022-05-20,24.9095832604167,"Ambient"
"B2",2022-05-21,25.8873263576389,"Ambient"
"B2",2022-05-22,24.5118403368056,"Ambient"
"B2",2022-05-23,21.3177830660377,"Ambient"
"B2",2022-05-24,16.2104346956522,"Ambient"
"B2",2022-05-25,15.2558771929825,"Ambient"
"B2",2022-05-26,15.5061805347222,"Ambient"
"B2",2022-05-27,17.6528125,"Ambient"
"B2",2022-05-28,20.11906253125,"Ambient"
"B2",2022-05-29,21.5047221909722,"Ambient"
"B2",2022-05-30,20.3466319340278,"Ambient"
"B2",2022-05-31,21.0089235972222,"Ambient"
"B2",2022-06-01,22.0950346493056,"Ambient"
"B2",2022-06-02,23.85324,"Ambient"
"B2",2022-06-05,21.1921656050955,"Ambient"
"B2",2022-06-06,20.9644444583333,"Ambient"
"B2",2022-06-07,20.50343746875,"Ambient"
"B2",2022-06-08,19.2372569791667,"Ambient"
"B2",2022-06-09,19.3120834166667,"Ambient"
"B2",2022-06-10,20.7072916006944,"Ambient"
"B2",2022-06-11,22.6838888645833,"Ambient"
"B2",2022-06-12,23.9900347395833,"Ambient"
"B2",2022-06-20,26.3687160878378,"Ambient"
"B2",2022-06-21,24.7127751148325,"Ambient"
"B2",2022-06-22,22.4522618035714,"Ambient"
"B2",2022-06-23,22.6556944166667,"Ambient"
"B2",2022-06-24,21.8699652604167,"Ambient"
"B2",2022-06-25,20.2584027465278,"Ambient"
"B2",2022-06-26,18.8430207743056,"Ambient"
"B2",2022-06-27,16.6505207986111,"Ambient"
"B2",2022-06-28,18.0086785535714,"Ambient"
"B2",2022-06-29,23.0566665,"Ambient"
"B2",2022-06-30,18.8023332888889,"Ambient"
"B2",2022-07-01,18.3892631789474,"Ambient"
"B2",2022-07-02,20.2311805347222,"Ambient"
"B2",2022-07-03,22.811007,"Ambient"
"B2",2022-07-18,27.8494231794872,"Ambient"
"B2",2022-07-19,26.5900000174216,"Ambient"
"B2",2022-07-20,26.0752429965278,"Ambient"
"B2",2022-07-21,26.4242361041667,"Ambient"
"B2",2022-07-22,25.3576735277778,"Ambient"
"B2",2022-07-23,23.1940624895833,"Ambient"
"B2",2022-07-24,24.0884721979167,"Ambient"
"B2",2022-07-25,25.1372548823529,"Ambient"
"B2",2022-07-26,20.7052380238095,"Ambient"
"B2",2022-07-27,21.4785416388889,"Ambient"
"B2",2022-07-28,22.4243382205882,"Ambient"
"B2",2022-07-29,21.4922221805556,"Ambient"
"B2",2022-07-30,21.3801040763889,"Ambient"
"B2",2022-07-31,24.1589930277778,"Ambient"
"B2",2022-08-01,24.5045070774648,"Ambient"
"B2",2022-08-02,24.3271578263158,"Ambient"
"B2",2022-08-03,24.8559722326389,"Ambient"
"B2",2022-08-04,26.6022921770833,"Ambient"
"B2",2022-08-05,24.9571528263889,"Ambient"
"B2",2022-08-06,25.6489236701389,"Ambient"
"B2",2022-08-07,26.02493059375,"Ambient"
"B2",2022-08-08,26.2749558318584,"Ambient"
"B2",2022-08-09,25.2116326989796,"Ambient"
"B2",2022-08-10,25.1408332916667,"Ambient"
"B2",2022-08-11,26.0056944340278,"Ambient"
"B2",2022-08-12,26.5174999722222,"Ambient"
"B2",2022-08-13,26.6975346701389,"Ambient"
"B2",2022-08-14,24.99708328125,"Ambient"
"B2",2022-08-15,24.1005063291139,"Ambient"
"B2",2022-08-16,21.9392814491018,"Ambient"
"B2",2022-08-17,20.494906757764,"Ambient"
"B2",2022-08-18,19.4827429618056,"Ambient"
"B2",2022-08-19,20.7660416770833,"Ambient"
"B2",2022-08-20,21.8507638576389,"Ambient"
"B2",2022-08-21,22.4860417465278,"Ambient"
"B2",2022-08-22,23.0982278987342,"Ambient"
"B2",2022-08-23,23.9810069756944,"Ambient"
"B2",2022-08-24,24.6445486180556,"Ambient"
"B2",2022-08-25,24.5277083368056,"Ambient"
"B2",2022-08-26,22.3717360902778,"Ambient"
"B2",2022-08-27,23.4169444444444,"Ambient"
"B2",2022-08-28,23.8112152673611,"Ambient"
"B2",2022-08-30,23.6642941470588,"Ambient"
"B2",2022-08-31,22.1216667013889,"Ambient"
"B2",2022-09-01,21.7046180173611,"Ambient"
"B2",2022-09-02,21.9633332569444,"Ambient"
"B2",2022-09-03,21.8029860486111,"Ambient"
"B2",2022-09-04,21.6218055659722,"Ambient"
"B2",2022-09-05,21.70430559375,"Ambient"
"B2",2022-09-06,22.6599305625,"Ambient"
"B2",2022-09-07,22.7128471770833,"Ambient"
"B2",2022-09-08,20.9553819583333,"Ambient"
"B2",2022-09-09,19.3329861145833,"Ambient"
"B2",2022-09-10,18.4120833368056,"Ambient"
"B2",2022-09-11,20.3112152951389,"Ambient"
"B2",2022-09-12,20.9471527569444,"Ambient"
"B2",2022-09-13,21.9511458819444,"Ambient"
"B2",2022-09-14,22.1136457604167,"Ambient"
"B2",2022-09-15,21.4825694375,"Ambient"
"B2",2022-09-16,20.1144791423611,"Ambient"
"B2",2022-09-17,19.1876389166667,"Ambient"
"B2",2022-09-18,17.4416319513889,"Ambient"
"B2",2022-09-19,16.78131953125,"Ambient"
"B2",2022-09-20,16.6134374618056,"Ambient"
"B2",2022-09-21,16.7330555729167,"Ambient"
"B2",2022-09-22,16.9481596944444,"Ambient"
"B2",2022-09-23,16.9101042083333,"Ambient"
"B2",2022-09-24,16.4568749861111,"Ambient"
"B2",2022-09-25,14.5833333333333,"Ambient"
"B2",2022-09-26,14.7842014166667,"Ambient"
"B2",2022-09-27,14.3395833333333,"Ambient"
"B2",2022-09-28,14.4721875,"Ambient"
"B2",2022-09-29,14.3701388888889,"Ambient"
"B2",2022-09-30,13.2929513888889,"Ambient"
"B2",2022-10-01,13.3234721805556,"Ambient"
"B2",2022-10-02,15.610868,"Ambient"
"B2",2022-10-03,17.5394097118056,"Ambient"
"B2",2022-10-04,17.2345138611111,"Ambient"
"B2",2022-10-05,16.9921528055556,"Ambient"
"B2",2022-10-06,17.1951042083333,"Ambient"
"B2",2022-10-07,17.4220486111111,"Ambient"
"B2",2022-10-08,17.6703820138889,"Ambient"
"B2",2022-10-09,17.3192361354167,"Ambient"
"B2",2022-10-10,16.7499999895833,"Ambient"
"B2",2022-10-11,16.8898958333333,"Ambient"
"B2",2022-10-12,17.22486115625,"Ambient"
"B2",2022-10-13,17.5032639444444,"Ambient"
"B2",2022-10-14,18.3113887534722,"Ambient"
"B2",2022-10-15,17.4714583020833,"Ambient"
"B2",2022-10-16,17.4152431388889,"Ambient"
"B2",2022-10-17,18.0043056006944,"Ambient"
"B2",2022-10-18,18.0633333680556,"Ambient"
"B2",2022-10-19,17.5005902569444,"Ambient"
"B2",2022-10-20,17.4771874756944,"Ambient"
"B2",2022-10-21,16.4382638784722,"Ambient"
"B2",2022-10-22,16.3195138923611,"Ambient"
"B2",2022-10-23,17.3465624930556,"Ambient"
"B2",2022-10-24,17.2844097743056,"Ambient"
"B2",2022-10-25,15.8855902986111,"Ambient"
"B2",2022-10-26,15.3994097291667,"Ambient"
"B2",2022-10-27,15.4850347048611,"Ambient"
"B2",2022-10-28,16.3174652916667,"Ambient"
"B2",2022-10-29,16.6635416805556,"Ambient"
"B2",2022-10-30,14.66743333,"Ambient"
"B2",2022-10-31,13.3502430555556,"Ambient"
"B2",2022-11-01,14.2036458333333,"Ambient"
"B2",2022-11-02,15.3640625208333,"Ambient"
"B2",2022-11-03,13.1598958333333,"Ambient"
"B2",2022-11-04,10.24375,"Ambient"
"B2",2022-11-05,9.91180555555556,"Ambient"
"B2",2022-11-06,9.35208333333333,"Ambient"
"B2",2022-11-07,9.55440972222222,"Ambient"
"B2",2022-11-08,10.4106597222222,"Ambient"
"B2",2022-11-09,11.0309722222222,"Ambient"
"B2",2022-11-10,11.1164236111111,"Ambient"
"B2",2022-11-11,9.965625,"Ambient"
"B2",2022-11-12,10.7371180555556,"Ambient"
"B2",2022-11-13,11.0656597222222,"Ambient"
"B2",2022-11-14,10.6039236111111,"Ambient"
"B2",2022-11-15,11.0660416666667,"Ambient"
"B2",2022-11-16,11.5612847222222,"Ambient"
"B2",2022-11-17,11.6747916666667,"Ambient"
"B2",2022-11-18,10.9042708333333,"Ambient"
"B2",2022-11-19,9.10961805555556,"Ambient"
"B2",2022-11-20,6.73322916666667,"Ambient"
"B2",2022-11-21,7.32638888888889,"Ambient"
"B2",2022-11-22,6.6134375,"Ambient"
"B2",2022-11-23,7.54131944444444,"Ambient"
"B2",2022-11-24,6.89861111111111,"Ambient"
"B2",2022-11-25,7.36572916666667,"Ambient"
"B2",2022-11-26,6.89652777777778,"Ambient"
"B2",2022-11-27,6.34760416666667,"Ambient"
"B2",2022-11-28,6.63493055555556,"Ambient"
"B2",2022-11-29,6.6359375,"Ambient"
"B2",2022-11-30,6.6771875,"Ambient"
"B2",2022-12-01,5.16625,"Ambient"
"B2",2022-12-02,5.23875,"Ambient"
"B2",2022-12-03,4.88423611111111,"Ambient"
"B2",2022-12-04,3.81128472222222,"Ambient"
"B2",2022-12-05,3.07354166666667,"Ambient"
"B2",2022-12-06,4.3396875,"Ambient"
"B2",2022-12-07,6.89128472222222,"Ambient"
"B2",2022-12-08,7.17809027777778,"Ambient"
"B2",2022-12-09,7.13975694444444,"Ambient"
"B2",2022-12-10,6.89631944444444,"Ambient"
"B2",2022-12-11,3.16034722222222,"Ambient"
"B2",2022-12-12,3.09552083333333,"Ambient"
"B2",2022-12-13,5.46826388888889,"Ambient"
"B2",2022-12-14,8.0175,"Ambient"
"B2",2022-12-15,7.928125,"Ambient"
"B2",2022-12-16,8.31506944444445,"Ambient"
"B2",2022-12-17,7.9953125,"Ambient"
"B2",2022-12-18,6.03663194444444,"Ambient"
"B2",2022-12-19,4.73052083333333,"Ambient"
"B2",2022-12-20,5.85982638888889,"Ambient"
"B2",2022-12-21,8.54618055555556,"Ambient"
"B2",2022-12-22,9.22628472222222,"Ambient"
"B2",2022-12-23,9.86513888888889,"Ambient"
"B2",2022-12-24,9.48034722222222,"Ambient"
"B2",2022-12-25,8.90680555555556,"Ambient"
"B2",2022-12-26,8.60145833333333,"Ambient"
"B2",2022-12-27,8.51652777777778,"Ambient"
"B2",2022-12-28,8.00048611111111,"Ambient"
"B2",2022-12-29,7.58125,"Ambient"
"B2",2022-12-30,8.5253125,"Ambient"
"B2",2022-12-31,9.22194444444444,"Ambient"
"B4",2019-02-01,0,"Ambient"
"B4",2019-02-02,0,"Ambient"
"B4",2019-02-03,0,"Ambient"
"B4",2019-02-04,30.4795584548611,"Ambient"
"B4",2019-02-05,105.751018059028,"Ambient"
"B4",2019-02-06,111.535223065972,"Ambient"
"B4",2019-02-07,108.999575173611,"Ambient"
"B4",2019-02-08,107.070954996528,"Ambient"
"B4",2019-02-09,107.013642010417,"Ambient"
"B4",2019-02-10,106.545385788194,"Ambient"
"B4",2019-02-11,7.34402379636364,"Ambient"
"B4",2019-02-12,4.93166666666667,"Ambient"
"B4",2019-02-13,4.47607638888889,"Ambient"
"B4",2019-02-14,4.69069444444444,"Ambient"
"B4",2019-02-15,5.35979166666667,"Ambient"
"B4",2019-02-16,6.03027777777778,"Ambient"
"B4",2019-02-17,6.26277777777778,"Ambient"
"B4",2019-02-18,5.87204861111111,"Ambient"
"B4",2019-02-19,5.57354166666667,"Ambient"
"B4",2019-02-20,5.71642361111111,"Ambient"
"B4",2019-02-21,6.44427083333333,"Ambient"
"B4",2019-02-22,7.21763888888889,"Ambient"
"B4",2019-02-23,7.92743055555556,"Ambient"
"B4",2019-02-24,8.2675,"Ambient"
"B4",2019-02-25,8.43465277777778,"Ambient"
"B4",2019-02-26,8.98517361111111,"Ambient"
"B4",2019-02-27,9.43125,"Ambient"
"B4",2019-02-28,9.61635416666667,"Ambient"
"B4",2019-03-01,10.264375,"Ambient"
"B4",2019-03-02,10.3661805555556,"Ambient"
"B4",2019-03-03,8.6596875,"Ambient"
"B4",2019-03-04,9.42361111111111,"Ambient"
"B4",2019-03-05,8.53534722222222,"Ambient"
"B4",2019-03-06,9.63236111111111,"Ambient"
"B4",2019-03-07,9.30677083333333,"Ambient"
"B4",2019-03-08,6.03944444410503,"Ambient"
"B4",2019-03-09,9.27291667361111,"Ambient"
"B4",2019-03-10,9.6275,"Ambient"
"B4",2019-03-11,8.06923611111111,"Ambient"
"B4",2019-03-12,7.66357723584111,"Ambient"
"B4",2019-03-13,6.91076388888889,"Ambient"
"B4",2019-03-14,7.8796875,"Ambient"
"B4",2019-03-15,7.95520833333333,"Ambient"
"B4",2019-03-16,8.88777779861111,"Ambient"
"B4",2019-03-17,6.97968749997516,"Ambient"
"B4",2019-03-18,6.29305555555556,"Ambient"
"B4",2019-03-19,5.61631944444444,"Ambient"
"B4",2019-03-20,6.13034722222222,"Ambient"
"B4",2019-03-21,7.50158415824175,"Ambient"
"B4",2019-03-22,7.3203345727566,"Ambient"
"B4",2019-03-23,10.5594444444444,"Ambient"
"B4",2019-03-24,13.2629513819444,"Ambient"
"B4",2019-03-25,9.73909724996689,"Ambient"
"B4",2019-03-26,10.9427347060191,"Ambient"
"B4",2019-03-27,11.4545070375048,"Ambient"
"B4",2019-03-28,10.1116666631944,"Ambient"
"B4",2019-03-29,10.9776736180556,"Ambient"
"B4",2019-03-30,11.8533333680556,"Ambient"
"B4",2019-03-31,12.1908680416667,"Ambient"
"B4",2019-04-01,13.0503124965278,"Ambient"
"B4",2019-04-02,9.51347222222222,"Ambient"
"B4",2019-04-03,6.93288194444444,"Ambient"
"B4",2019-04-04,5.87000000086384,"Ambient"
"B4",2019-04-05,7.13475694444444,"Ambient"
"B4",2019-04-06,7.43388888888889,"Ambient"
"B4",2019-04-07,6.10200000014901,"Ambient"
"B4",2019-04-08,8.18114583333333,"Ambient"
"B4",2019-04-09,10.0429166701389,"Ambient"
"B4",2019-04-10,8.24277777777778,"Ambient"
"B4",2019-04-11,8.05569444444444,"Ambient"
"B4",2019-04-12,9.54326389236111,"Ambient"
"B4",2019-04-13,6.81149305608098,"Ambient"
"B4",2019-04-14,7.67218749652778,"Ambient"
"B4",2019-04-15,11.9083680520833,"Ambient"
"B4",2019-04-16,12.0865972395833,"Ambient"
"B4",2019-04-17,11.3614930729167,"Ambient"
"B4",2019-04-18,11.7011110868056,"Ambient"
"B4",2019-04-19,12.8268403055556,"Ambient"
"B4",2019-04-20,14.5018402638889,"Ambient"
"B4",2019-04-21,11.3769791597222,"Ambient"
"B4",2019-04-22,10.9485416597222,"Ambient"
"B4",2019-04-23,12.9686805520833,"Ambient"
"B4",2019-04-24,12.2274652708333,"Ambient"
"B4",2019-04-25,11.8250694548611,"Ambient"
"B4",2019-04-26,10.9509722291667,"Ambient"
"B4",2019-04-27,10.4230555555556,"Ambient"
"B4",2019-04-28,10.3328472291667,"Ambient"
"B4",2019-04-29,11.8064583472222,"Ambient"
"B4",2019-04-30,13.3964582916667,"Ambient"
"B4",2019-05-01,15.8406944583333,"Ambient"
"B4",2019-05-02,13.4342360902778,"Ambient"
"B4",2019-05-03,9.52826388888889,"Ambient"
"B4",2019-05-04,10.2918750034722,"Ambient"
"B4",2019-05-05,6.71648083641866,"Ambient"
"B4",2019-05-06,8.06113281277736,"Ambient"
"B4",2019-05-07,13.4918749826389,"Ambient"
"B4",2019-05-08,15.0884027777778,"Ambient"
"B4",2019-05-09,11.95802078125,"Ambient"
"B4",2019-05-10,15.3512500381944,"Ambient"
"B4",2019-05-11,13.5099305694444,"Ambient"
"B4",2019-05-12,9.87329861111111,"Ambient"
"B4",2019-05-13,10.3658680625,"Ambient"
"B4",2019-05-14,14.5329166805556,"Ambient"
"B4",2019-05-15,16.6004513611111,"Ambient"
"B4",2019-05-16,17.2120486215278,"Ambient"
"B4",2019-05-17,11.2483333333333,"Ambient"
"B4",2019-05-18,9.64857638541667,"Ambient"
"B4",2019-05-19,10.9023611180556,"Ambient"
"B4",2019-05-20,12.5677778333333,"Ambient"
"B4",2019-05-21,15.8545833541667,"Ambient"
"B4",2019-05-22,18.33086809375,"Ambient"
"B4",2019-05-23,19.5243402326389,"Ambient"
"B4",2019-05-24,12.8042361111111,"Ambient"
"B4",2019-05-25,12.9073263923611,"Ambient"
"B4",2019-05-26,13.8232986180556,"Ambient"
"B4",2019-05-27,14.9488194409722,"Ambient"
"B4",2019-05-28,15.0070139131944,"Ambient"
"B4",2019-05-29,14.3184722361111,"Ambient"
"B4",2019-05-30,18.42548609375,"Ambient"
"B4",2019-05-31,20.8210416215278,"Ambient"
"B4",2019-06-01,23.7805208194444,"Ambient"
"B4",2019-06-02,25.6804529930314,"Ambient"
"B4",2019-06-03,21.2576041631944,"Ambient"
"B4",2019-06-04,22.8723859614035,"Ambient"
"B4",2019-06-05,12.5027777777778,"Ambient"
"B4",2019-06-06,17.2356249965278,"Ambient"
"B4",2019-06-07,15.7246874826389,"Ambient"
"B4",2019-06-08,17.40597225,"Ambient"
"B4",2019-06-09,18.9220833368056,"Ambient"
"B4",2019-06-10,13.0671180451389,"Ambient"
"B4",2019-06-11,11.0601041736111,"Ambient"
"B4",2019-06-12,14.6962717874564,"Ambient"
"B4",2019-06-13,19.1919444479167,"Ambient"
"B4",2019-06-14,16.5382638715278,"Ambient"
"B4",2019-06-15,14.2035069583333,"Ambient"
"B4",2019-06-16,19.4095138888889,"Ambient"
"B4",2019-06-17,22.8072222465278,"Ambient"
"B4",2019-06-18,24.761295028777,"Ambient"
"B4",2019-06-19,24.05281246875,"Ambient"
"B4",2019-06-20,17.3747222256944,"Ambient"
"B4",2019-06-21,15.5345138854167,"Ambient"
"B4",2019-06-22,21.1245486111111,"Ambient"
"B4",2019-06-23,25.312329688172,"Ambient"
"B4",2019-06-24,23.6785069652778,"Ambient"
"B4",2019-06-25,23.5268750034722,"Ambient"
"B4",2019-06-26,27.3193226533865,"Ambient"
"B4",2019-06-27,26.281700035,"Ambient"
"B4",2019-06-28,26.718958375,"Ambient"
"B4",2019-06-29,25.6549754926108,"Ambient"
"B4",2019-06-30,24.7566666701389,"Ambient"
"B4",2019-07-01,21.2962846805556,"Ambient"
"B4",2019-07-02,19.4989930868056,"Ambient"
"B4",2019-07-03,21.2181944444444,"Ambient"
"B4",2019-07-04,22.9079166215278,"Ambient"
"B4",2019-07-05,25.8458679965278,"Ambient"
"B4",2019-07-06,27.0019791944444,"Ambient"
"B4",2019-07-07,27.2194792569444,"Ambient"
"B4",2019-07-08,26.6039236909722,"Ambient"
"B4",2019-07-09,23.6247916597222,"Ambient"
"B4",2019-07-10,22.8197570416667,"Ambient"
"B4",2019-07-11,24.5302430347222,"Ambient"
"B4",2019-07-12,20.262951375,"Ambient"
"B4",2019-07-13,17.6746180625,"Ambient"
"B4",2019-07-14,16.3088888854167,"Ambient"
"B4",2019-07-15,16.0579167013889,"Ambient"
"B4",2019-07-16,16.3497222395833,"Ambient"
"B4",2019-07-17,15.9974652534722,"Ambient"
"B4",2019-07-18,14.8902430590278,"Ambient"
"B4",2019-07-19,16.12871528125,"Ambient"
"B4",2019-07-20,16.3831945069444,"Ambient"
"B4",2019-07-21,16.2086111111111,"Ambient"
"B4",2019-07-22,17.6639930381944,"Ambient"
"B4",2019-07-23,19.4328124340278,"Ambient"
"B4",2019-07-24,19.9271527951389,"Ambient"
"B4",2019-07-25,19.7017361354167,"Ambient"
"B4",2019-07-26,16.4063888923611,"Ambient"
"B4",2019-07-27,13.9377083333333,"Ambient"
"B4",2019-07-28,14.5054513888889,"Ambient"
"B4",2019-07-29,15.7580208159722,"Ambient"
"B4",2019-07-30,14.7758680590278,"Ambient"
"B4",2019-07-31,14.5377083333333,"Ambient"
"B4",2019-08-01,14.8761805451389,"Ambient"
"B4",2019-08-02,15.5093402777778,"Ambient"
"B4",2019-08-03,16.248263875,"Ambient"
"B4",2019-08-04,16.8236805347222,"Ambient"
"B4",2019-08-05,17.3517675302326,"Ambient"
"B4",2019-08-06,20.9219095798611,"Ambient"
"B4",2019-08-07,23.5686806215278,"Ambient"
"B4",2019-08-08,24.7713541875,"Ambient"
"B4",2019-08-09,21.07225696875,"Ambient"
"B4",2019-08-10,16.4755555972222,"Ambient"
"B4",2019-08-11,13.8373611111111,"Ambient"
"B4",2019-08-12,13.8203472222222,"Ambient"
"B4",2019-08-13,14.0190972222222,"Ambient"
"B4",2019-08-14,14.5780902916667,"Ambient"
"B4",2019-08-15,13.9482986111111,"Ambient"
"B4",2019-08-16,15.1861111527778,"Ambient"
"B4",2019-08-17,15.8654861215278,"Ambient"
"B4",2019-08-18,16.0399305902778,"Ambient"
"B4",2019-08-19,17.1527083125,"Ambient"
"B4",2019-08-20,17.6122916041667,"Ambient"
"B4",2019-08-21,18.2824304444444,"Ambient"
"B4",2019-08-22,19.90690975,"Ambient"
"B4",2019-08-23,20.783791802974,"Ambient"
"B4",2019-08-24,22.5023958194444,"Ambient"
"B4",2019-08-25,23.4092013819444,"Ambient"
"B4",2019-08-26,21.9992013680556,"Ambient"
"B4",2019-08-27,16.2119861184669,"Ambient"
"B4",2019-08-28,15.0526041666667,"Ambient"
"B4",2019-08-29,15.5342361319444,"Ambient"
"B4",2019-08-30,15.6553472152778,"Ambient"
"B4",2019-08-31,15.430138875,"Ambient"
"B4",2019-09-01,14.2054166666667,"Ambient"
"B4",2019-09-02,13.8130555555556,"Ambient"
"B4",2019-09-03,13.996875,"Ambient"
"B4",2019-09-04,14.294375,"Ambient"
"B4",2019-09-05,14.1773263888889,"Ambient"
"B4",2019-09-06,13.9592708333333,"Ambient"
"B4",2019-09-07,13.8620486111111,"Ambient"
"B4",2019-09-08,13.9098263888889,"Ambient"
"B4",2019-09-09,13.8082986111111,"Ambient"
"B4",2019-09-10,13.6490277777778,"Ambient"
"B4",2019-09-11,13.4736805555556,"Ambient"
"B4",2019-09-12,13.9872222222222,"Ambient"
"B4",2019-09-13,14.1534027777778,"Ambient"
"B4",2019-09-14,14.4964236111111,"Ambient"
"B4",2019-09-15,14.4202430555556,"Ambient"
"B4",2019-09-16,14.6692361180556,"Ambient"
"B4",2019-09-17,14.6276388888889,"Ambient"
"B4",2019-09-18,14.0396875,"Ambient"
"B4",2019-09-19,14.2644444444444,"Ambient"
"B4",2019-09-20,14.5903125034722,"Ambient"
"B4",2019-09-21,14.0843402777778,"Ambient"
"B4",2019-09-22,13.7202083333333,"Ambient"
"B4",2019-09-23,13.9810763888889,"Ambient"
"B4",2019-09-24,14.1826388888889,"Ambient"
"B4",2019-09-25,14.0751041666667,"Ambient"
"B4",2019-09-26,14.2996180555556,"Ambient"
"B4",2019-09-27,14.1318402777778,"Ambient"
"B4",2019-09-28,14.1842013888889,"Ambient"
"B4",2019-09-29,14.2776736076389,"Ambient"
"B4",2019-09-30,14.5570138888889,"Ambient"
"B4",2019-10-01,15.3543751180556,"Ambient"
"B4",2019-10-02,16.2268402708333,"Ambient"
"B4",2019-10-03,15.3464583368056,"Ambient"
"B4",2019-10-04,13.9511111111111,"Ambient"
"B4",2019-10-05,14.6427777777778,"Ambient"
"B4",2019-10-06,14.4678472222222,"Ambient"
"B4",2019-10-07,13.8934375,"Ambient"
"B4",2019-10-08,14.6448263854167,"Ambient"
"B4",2019-10-09,14.2819444444444,"Ambient"
"B4",2019-10-10,14.2876388888889,"Ambient"
"B4",2019-10-11,13.6215972222222,"Ambient"
"B4",2019-10-12,14.3153819444444,"Ambient"
"B4",2019-10-13,14.8280902916667,"Ambient"
"B4",2019-10-14,14.4532291666667,"Ambient"
"B4",2019-10-15,14.3370138888889,"Ambient"
"B4",2019-10-16,12.6664236111111,"Ambient"
"B4",2019-10-17,13.0847916666667,"Ambient"
"B4",2019-10-18,13.2411458333333,"Ambient"
"B4",2019-10-19,13.6878472222222,"Ambient"
"B4",2019-10-20,13.7769791666667,"Ambient"
"B4",2019-10-21,13.0790972222222,"Ambient"
"B4",2019-10-22,12.0606944444444,"Ambient"
"B4",2019-10-23,11.9860416666667,"Ambient"
"B4",2019-10-24,12.60125,"Ambient"
"B4",2019-10-25,12.4953472222222,"Ambient"
"B4",2019-10-26,12.4872569444444,"Ambient"
"B4",2019-10-27,12.8480902777778,"Ambient"
"B4",2019-10-28,13.3749305555556,"Ambient"
"B4",2019-10-29,13.7851041666667,"Ambient"
"B4",2019-10-30,15.2892360833333,"Ambient"
"B4",2019-10-31,15.6210763506944,"Ambient"
"B4",2019-11-01,13.4337152777778,"Ambient"
"B4",2019-11-02,13.250625,"Ambient"
"B4",2019-11-03,12.2477083333333,"Ambient"
"B4",2019-11-04,11.2727430555556,"Ambient"
"B4",2019-11-05,10.9147222222222,"Ambient"
"B4",2019-11-06,9.43583333333333,"Ambient"
"B4",2019-11-07,7.92649305555556,"Ambient"
"B4",2019-11-08,6.1975,"Ambient"
"B4",2019-11-09,6.63586805555556,"Ambient"
"B4",2019-11-10,7.11434027777778,"Ambient"
"B4",2019-11-11,5.89027777777778,"Ambient"
"B4",2019-11-12,6.50388888888889,"Ambient"
"B4",2019-11-13,6.92788194444444,"Ambient"
"B4",2019-11-14,5.3865625,"Ambient"
"B4",2019-11-15,4.02420138888889,"Ambient"
"B4",2019-11-16,3.8815625,"Ambient"
"B4",2019-11-17,4.54097222222222,"Ambient"
"B4",2019-11-18,5.18722222222222,"Ambient"
"B4",2019-11-19,4.39163194444444,"Ambient"
"B4",2019-11-20,3.87010416666667,"Ambient"
"B4",2019-11-21,3.86954861111111,"Ambient"
"B4",2019-11-22,4.04128472222222,"Ambient"
"B4",2019-11-23,5.11138888888889,"Ambient"
"B4",2019-11-24,5.80527777777778,"Ambient"
"B4",2019-11-25,6.22364583333333,"Ambient"
"B4",2019-11-26,7.13802083333333,"Ambient"
"B4",2019-11-27,8.87194444444444,"Ambient"
"B4",2019-11-28,9.19107638888889,"Ambient"
"B4",2019-11-29,10.0709375,"Ambient"
"B4",2019-11-30,9.03871527777778,"Ambient"
"B4",2019-12-01,8.33097222222222,"Ambient"
"B4",2019-12-02,7.31239583333333,"Ambient"
"B4",2019-12-03,6.85090277777778,"Ambient"
"B4",2019-12-04,5.60510416666667,"Ambient"
"B4",2019-12-05,5.23625,"Ambient"
"B4",2019-12-06,5.68166666666667,"Ambient"
"B4",2019-12-07,5.78527777777778,"Ambient"
"B4",2019-12-08,6.03309027777778,"Ambient"
"B4",2019-12-09,6.84170138888889,"Ambient"
"B4",2019-12-10,6.46059027777778,"Ambient"
"B4",2019-12-11,5.60489583333333,"Ambient"
"B4",2019-12-12,5.66774305555556,"Ambient"
"B4",2019-12-13,8.04059027777778,"Ambient"
"B4",2019-12-14,10.4231597222222,"Ambient"
"B4",2019-12-15,10.2877083333333,"Ambient"
"B4",2019-12-16,9.40930555555556,"Ambient"
"B4",2019-12-17,9.56850694444444,"Ambient"
"B4",2019-12-18,9.89235714285714,"Ambient"
"B4",2019-12-19,8.50315972222222,"Ambient"
"B4",2019-12-20,9.45923611111111,"Ambient"
"B4",2019-12-21,8.83177083333333,"Ambient"
"B4",2019-12-22,8.71166666666667,"Ambient"
"B4",2019-12-23,8.11996527777778,"Ambient"
"B4",2019-12-24,9.27541666666667,"Ambient"
"B4",2019-12-25,9.65364583333333,"Ambient"
"B4",2019-12-26,9.01090277777778,"Ambient"
"B4",2019-12-27,7.7990625,"Ambient"
"B4",2019-12-28,6.30420138888889,"Ambient"
"B4",2019-12-29,5.51173611111111,"Ambient"
"B4",2019-12-30,5.14440972222222,"Ambient"
"B4",2019-12-31,5.0475,"Ambient"
"B4",2020-01-01,5.31114583333333,"Ambient"
"B4",2020-01-02,4.57465277777778,"Ambient"
"B4",2020-01-03,4.90482638888889,"Ambient"
"B4",2020-01-04,5.59489583333333,"Ambient"
"B4",2020-01-05,5.74416666666667,"Ambient"
"B4",2020-01-06,4.72972222222222,"Ambient"
"B4",2020-01-07,4.40177083333333,"Ambient"
"B4",2020-01-08,5.47559027777778,"Ambient"
"B4",2020-01-09,6.93849264705882,"Ambient"
"B4",2020-01-10,7.45767361111111,"Ambient"
"B4",2020-01-11,6.26583333333333,"Ambient"
"B4",2020-01-12,4.40614583333333,"Ambient"
"B4",2020-01-13,3.60642361111111,"Ambient"
"B4",2020-01-14,3.82135416666667,"Ambient"
"B4",2020-01-15,4.47236111111111,"Ambient"
"B4",2020-01-16,4.73142361111111,"Ambient"
"B4",2020-01-17,4.85607638888889,"Ambient"
"B4",2020-01-18,4.22434027777778,"Ambient"
"B4",2020-01-19,4.7634375,"Ambient"
"B4",2020-01-20,4.23989583333333,"Ambient"
"B4",2020-01-21,4.08958333333333,"Ambient"
"B4",2020-01-22,4.72454861111111,"Ambient"
"B4",2020-01-23,6.01288194444444,"Ambient"
"B4",2020-01-24,6.00090277777778,"Ambient"
"B4",2020-01-25,5.60694444444444,"Ambient"
"B4",2020-01-26,5.75434027777778,"Ambient"
"B4",2020-01-27,4.90045138888889,"Ambient"
"B4",2020-01-28,5.51201388888889,"Ambient"
"B4",2020-01-29,5.56027777777778,"Ambient"
"B4",2020-01-30,7.34614583333333,"Ambient"
"B4",2020-01-31,9.56993055555555,"Ambient"
"B4",2020-02-01,9.26246527777778,"Ambient"
"B4",2020-02-02,9.8575,"Ambient"
"B4",2020-02-03,11.2998611111111,"Ambient"
"B4",2020-02-04,11.2845833333333,"Ambient"
"B4",2020-02-05,9.65833333333333,"Ambient"
"B4",2020-02-06,7.09541666666667,"Ambient"
"B4",2020-02-07,6.00857638888889,"Ambient"
"B4",2020-02-08,5.70552083333333,"Ambient"
"B4",2020-02-09,6.8890625,"Ambient"
"B4",2020-02-10,9.85527777777778,"Ambient"
"B4",2020-02-11,11.3903819444444,"Ambient"
"B4",2020-02-12,10.7657291666667,"Ambient"
"B4",2020-02-13,9.80239583333333,"Ambient"
"B4",2020-02-14,11.4520833333333,"Ambient"
"B4",2020-02-15,10.5277430555556,"Ambient"
"B4",2020-02-16,10.4752777777778,"Ambient"
"B4",2020-02-17,9.41739583333333,"Ambient"
"B4",2020-02-18,7.96996527777778,"Ambient"
"B4",2020-02-19,7.86645833333333,"Ambient"
"B4",2020-02-20,7.75645833333333,"Ambient"
"B4",2020-02-21,8.04496527777778,"Ambient"
"B4",2020-02-22,8.47416666666667,"Ambient"
"B4",2020-02-23,9.33159722222222,"Ambient"
"B4",2020-02-24,9.65458333333333,"Ambient"
"B4",2020-02-25,9.15506944444444,"Ambient"
"B4",2020-02-26,8.70947916666667,"Ambient"
"B4",2020-02-27,8.19069444444444,"Ambient"
"B4",2020-02-28,10.1167361111111,"Ambient"
"B4",2020-02-29,10.2430208333333,"Ambient"
"B4",2020-03-01,10.1260763888889,"Ambient"
"B4",2020-03-02,9.76409722222222,"Ambient"
"B4",2020-03-03,7.40142361111111,"Ambient"
"B4",2020-03-04,7.13354166666667,"Ambient"
"B4",2020-03-05,8.44725694444444,"Ambient"
"B4",2020-03-06,7.14770833333333,"Ambient"
"B4",2020-03-07,6.59072916666667,"Ambient"
"B4",2020-03-08,8.10013888888889,"Ambient"
"B4",2020-03-09,8.81113074204947,"Ambient"
"B4",2020-03-10,9.11024305555556,"Ambient"
"B4",2020-03-11,9.60668316831683,"Ambient"
"B4",2020-03-13,11.1007386363636,"Ambient"
"B4",2020-03-14,10.6186111111111,"Ambient"
"B4",2020-03-15,10.2915972222222,"Ambient"
"B4",2020-03-16,11.3289583333333,"Ambient"
"B4",2020-03-17,11.2234027777778,"Ambient"
"B4",2020-03-18,12.0116319444444,"Ambient"
"B4",2020-03-19,13.2271180555556,"Ambient"
"B4",2020-03-20,14.1328125069444,"Ambient"
"B4",2020-03-21,13.8337847222222,"Ambient"
"B4",2020-03-22,13.4845138888889,"Ambient"
"B4",2020-03-23,13.0812847222222,"Ambient"
"B4",2020-03-24,12.2956944444444,"Ambient"
"B4",2020-03-25,11.715625,"Ambient"
"B4",2020-03-26,10.3703472222222,"Ambient"
"B4",2020-03-27,8.22336805555556,"Ambient"
"B4",2020-03-28,9.69333333333333,"Ambient"
"B4",2020-03-29,10.6758333333333,"Ambient"
"B4",2020-03-30,8.9003125,"Ambient"
"B4",2020-03-31,8.11631944444444,"Ambient"
"B4",2020-04-01,10.2874652777778,"Ambient"
"B4",2020-04-02,10.7157986111111,"Ambient"
"B4",2020-04-03,10.9115625,"Ambient"
"B4",2020-04-04,11.4395486111111,"Ambient"
"B4",2020-04-05,12.9882986111111,"Ambient"
"B4",2020-04-06,13.8480555555556,"Ambient"
"B4",2020-04-07,14.3401388888889,"Ambient"
"B4",2020-04-08,14.3148263888889,"Ambient"
"B4",2020-04-09,14.5526041423611,"Ambient"
"B4",2020-04-10,16.046076375,"Ambient"
"B4",2020-04-11,16.0002777951389,"Ambient"
"B4",2020-04-12,15.2159375416667,"Ambient"
"B4",2020-04-13,13.7842361111111,"Ambient"
"B4",2020-04-14,14.4667013993056,"Ambient"
"B4",2020-04-15,15.6357985277778,"Ambient"
"B4",2020-04-16,16.4770138541667,"Ambient"
"B4",2020-04-17,17.0209028055556,"Ambient"
"B4",2020-04-18,17.5491319236111,"Ambient"
"B4",2020-04-19,17.7721525972222,"Ambient"
"B4",2020-04-20,15.8769791805556,"Ambient"
"B4",2020-04-21,14.8257638888889,"Ambient"
"B4",2020-04-22,13.7244097222222,"Ambient"
"B4",2020-04-23,14.0486111111111,"Ambient"
"B4",2020-04-24,15.2115624236111,"Ambient"
"B4",2020-04-25,16.62909721875,"Ambient"
"B4",2020-04-26,17.0447221701389,"Ambient"
"B4",2020-04-27,16.6450347083333,"Ambient"
"B4",2020-04-28,15.1672916701389,"Ambient"
"B4",2020-04-29,14.1969097361111,"Ambient"
"B4",2020-04-30,15.7803818993056,"Ambient"
"B4",2020-05-01,15.6833680277778,"Ambient"
"B4",2020-05-02,17.2062847152778,"Ambient"
"B4",2020-05-03,19.1997917118056,"Ambient"
"B4",2020-05-04,20.7857985555556,"Ambient"
"B4",2020-05-05,22.9845139166667,"Ambient"
"B4",2020-05-06,22.3561458263889,"Ambient"
"B4",2020-05-07,22.0256597395833,"Ambient"
"B4",2020-05-08,21.5856596909722,"Ambient"
"B4",2020-05-09,20.9311805555556,"Ambient"
"B4",2020-05-10,19.0615625381944,"Ambient"
"B4",2020-05-11,15.5900694236111,"Ambient"
"B4",2020-05-12,14.5453819444444,"Ambient"
"B4",2020-05-13,14.7785416666667,"Ambient"
"B4",2020-05-14,15.0806597222222,"Ambient"
"B4",2020-05-15,14.2121180555556,"Ambient"
"B4",2020-05-16,14.0156597222222,"Ambient"
"B4",2020-05-17,15.3796527708333,"Ambient"
"B4",2020-05-18,17.6612500069444,"Ambient"
"B4",2020-05-19,19.0280555763889,"Ambient"
"B4",2020-05-20,20.7715277569444,"Ambient"
"B4",2020-05-21,21.5542707083333,"Ambient"
"B4",2020-05-22,22.7992013993056,"Ambient"
"B4",2020-05-23,22.10965275,"Ambient"
"B4",2020-05-24,19.0359374861111,"Ambient"
"B4",2020-05-25,20.3724305729167,"Ambient"
"B4",2020-05-26,21.5615972430556,"Ambient"
"B4",2020-05-27,22.4871180277778,"Ambient"
"B4",2020-05-28,23.0447917013889,"Ambient"
"B4",2020-05-29,23.0477430833333,"Ambient"
"B4",2020-05-30,23.3360763368056,"Ambient"
"B4",2020-05-31,23.50236109375,"Ambient"
"B4",2020-06-01,22.9848610833333,"Ambient"
"B4",2020-06-02,21.6285763506944,"Ambient"
"B4",2020-06-03,21.0518749513889,"Ambient"
"B4",2020-06-04,18.8304514027778,"Ambient"
"B4",2020-06-05,17.2851389027778,"Ambient"
"B4",2020-06-06,18.5243055208333,"Ambient"
"B4",2020-06-07,17.0096874791667,"Ambient"
"B4",2020-06-08,16.0617013576389,"Ambient"
"B4",2020-06-09,16.1119443715278,"Ambient"
"B4",2020-06-10,16.1518749930556,"Ambient"
"B4",2020-06-11,17.0976042534722,"Ambient"
"B4",2020-06-12,18.1722916979167,"Ambient"
"B4",2020-06-13,19.0306943680556,"Ambient"
"B4",2020-06-14,17.7325694409722,"Ambient"
"B4",2020-06-15,19.4785763506944,"Ambient"
"B4",2020-06-16,18.7449998854167,"Ambient"
"B4",2020-06-17,16.97079871875,"Ambient"
"B4",2020-06-18,16.7195486388889,"Ambient"
"B4",2020-06-19,18.3677429236111,"Ambient"
"B4",2020-06-20,20.4386111319444,"Ambient"
"B4",2020-06-21,21.4155207708333,"Ambient"
"B4",2020-06-22,22.8849652534722,"Ambient"
"B4",2020-06-23,23.4932638472222,"Ambient"
"B4",2020-06-24,24.57930553125,"Ambient"
"B4",2020-06-25,24.3126389965278,"Ambient"
"B4",2020-06-26,23.3942708506944,"Ambient"
"B4",2020-06-27,24.2147916736111,"Ambient"
"B4",2020-06-28,23.9143401458333,"Ambient"
"B4",2020-06-29,20.6451389305556,"Ambient"
"B4",2020-06-30,17.4446180520833,"Ambient"
"B4",2020-07-01,17.1227429861111,"Ambient"
"B4",2020-07-02,16.86826390625,"Ambient"
"B4",2020-07-03,16.7785069027778,"Ambient"
"B4",2020-07-04,16.9360416319444,"Ambient"
"B4",2020-07-05,17.35128471875,"Ambient"
"B4",2020-07-06,16.6028124826389,"Ambient"
"B4",2020-07-07,17.1549653472222,"Ambient"
"B4",2020-07-08,17.2175000625,"Ambient"
"B4",2020-07-09,16.8499652708333,"Ambient"
"B4",2020-07-10,16.3555208229167,"Ambient"
"B4",2020-07-11,16.6887500798611,"Ambient"
"B4",2020-07-12,16.6019097395833,"Ambient"
"B4",2020-07-13,16.7891666875,"Ambient"
"B4",2020-07-14,16.6728472534722,"Ambient"
"B4",2020-07-15,16.7350695694444,"Ambient"
"B4",2020-07-16,16.9148610208333,"Ambient"
"B4",2020-07-17,16.9447918645833,"Ambient"
"B4",2020-07-18,17.4273957395833,"Ambient"
"B4",2020-07-19,17.6571874965278,"Ambient"
"B4",2020-07-20,17.7610069479167,"Ambient"
"B4",2020-07-21,17.6633332638889,"Ambient"
"B4",2020-07-22,17.52649309375,"Ambient"
"B4",2020-07-23,17.5799652673611,"Ambient"
"B4",2020-07-24,17.0681944895833,"Ambient"
"B4",2020-07-25,17.4160763958333,"Ambient"
"B4",2020-07-26,19.0626391006944,"Ambient"
"B4",2020-07-27,21.4315624479167,"Ambient"
"B4",2020-07-28,17.1422568993056,"Ambient"
"B4",2020-07-29,16.79121528125,"Ambient"
"B4",2020-07-30,18.3426040763889,"Ambient"
"B4",2020-07-31,19.1743055486111,"Ambient"
"B4",2020-08-01,16.9063887395833,"Ambient"
"B4",2020-08-02,16.7600693993056,"Ambient"
"B4",2020-08-03,16.9698264166667,"Ambient"
"B4",2020-08-04,16.7844444722222,"Ambient"
"B4",2020-08-05,16.9996873923611,"Ambient"
"B4",2020-08-06,17.5782986805556,"Ambient"
"B4",2020-08-07,18.1204167048611,"Ambient"
"B4",2020-08-08,18.2540277847222,"Ambient"
"B4",2020-08-09,17.365138875,"Ambient"
"B4",2020-08-10,17.0090972916667,"Ambient"
"B4",2020-08-11,17.1477431458333,"Ambient"
"B4",2020-08-12,17.4989583055556,"Ambient"
"B4",2020-08-13,16.72288196875,"Ambient"
"B4",2020-08-14,17.0735069097222,"Ambient"
"B4",2020-08-15,17.3908333159722,"Ambient"
"B4",2020-08-16,16.6397221840278,"Ambient"
"B4",2020-08-17,16.7419096423611,"Ambient"
"B4",2020-08-18,16.8412847534722,"Ambient"
"B4",2020-08-19,18.0113194652778,"Ambient"
"B4",2020-08-20,18.1404513854167,"Ambient"
"B4",2020-08-21,17.8785415729167,"Ambient"
"B4",2020-08-22,16.7692013576389,"Ambient"
"B4",2020-08-23,17.0097570173611,"Ambient"
"B4",2020-08-24,17.1021527638889,"Ambient"
"B4",2020-08-25,17.5698958611111,"Ambient"
"B4",2020-08-26,17.4668750104167,"Ambient"
"B4",2020-08-27,17.6242014618056,"Ambient"
"B4",2020-08-28,16.4346179930556,"Ambient"
"B4",2020-08-29,16.0276389166667,"Ambient"
"B4",2020-08-30,15.4055557118056,"Ambient"
"B4",2020-08-31,15.9026736666667,"Ambient"
"B4",2020-09-01,15.9115277430556,"Ambient"
"B4",2020-09-02,16.9839583090278,"Ambient"
"B4",2020-09-03,16.1070486111111,"Ambient"
"B4",2020-09-04,16.7837152569444,"Ambient"
"B4",2020-09-05,16.8476389166667,"Ambient"
"B4",2020-09-06,16.9602777326389,"Ambient"
"B4",2020-09-07,16.6617013680556,"Ambient"
"B4",2020-09-08,15.9549306319444,"Ambient"
"B4",2020-09-09,16.6157985729167,"Ambient"
"B4",2020-09-10,17.0672917256944,"Ambient"
"B4",2020-09-11,17.1461111041667,"Ambient"
"B4",2020-09-12,17.0723264201389,"Ambient"
"B4",2020-09-13,17.1753124409722,"Ambient"
"B4",2020-09-14,17.3576041145833,"Ambient"
"B4",2020-09-15,16.8301388611111,"Ambient"
"B4",2020-09-16,17.1761458229167,"Ambient"
"B4",2020-09-17,17.1109375555556,"Ambient"
"B4",2020-09-18,16.6653471909722,"Ambient"
"B4",2020-09-19,16.9805208680556,"Ambient"
"B4",2020-09-20,16.9948957951389,"Ambient"
"B4",2020-09-21,17.0681251770833,"Ambient"
"B4",2020-09-22,16.9514236840278,"Ambient"
"B4",2020-09-23,16.2766319201389,"Ambient"
"B4",2020-09-24,16.89409721875,"Ambient"
"B4",2020-09-25,14.08215278125,"Ambient"
"B4",2020-09-26,11.6245138888889,"Ambient"
"B4",2020-09-27,11.0846875,"Ambient"
"B4",2020-09-28,12.2156597222222,"Ambient"
"B4",2020-09-29,15.3276389270833,"Ambient"
"B4",2020-09-30,15.3863888819444,"Ambient"
"B4",2020-10-01,15.10135415625,"Ambient"
"B4",2020-10-02,13.0778819444444,"Ambient"
"B4",2020-10-03,10.2329861111111,"Ambient"
"B4",2020-10-04,10.5277777777778,"Ambient"
"B4",2020-10-05,11.0146875,"Ambient"
"B4",2020-10-06,12.5807986111111,"Ambient"
"B4",2020-10-07,15.0877777916667,"Ambient"
"B4",2020-10-08,15.5647569444444,"Ambient"
"B4",2020-10-09,16.1205208090278,"Ambient"
"B4",2020-10-10,16.44305565625,"Ambient"
"B4",2020-10-11,13.1293402777778,"Ambient"
"B4",2020-10-12,12.0031597222222,"Ambient"
"B4",2020-10-13,11.9707291666667,"Ambient"
"B4",2020-10-14,10.8360763888889,"Ambient"
"B4",2020-10-15,9.24826388888889,"Ambient"
"B4",2020-10-16,8.45034722222222,"Ambient"
"B4",2020-10-17,9.61809027777778,"Ambient"
"B4",2020-10-18,9.42854166666667,"Ambient"
"B4",2020-10-19,9.81614583333333,"Ambient"
"B4",2020-10-20,11.4476736111111,"Ambient"
"B4",2020-10-21,14.9303472118056,"Ambient"
"B4",2020-10-22,15.7093401805556,"Ambient"
"B4",2020-10-23,15.3850694618056,"Ambient"
"B4",2020-10-24,13.3568055555556,"Ambient"
"B4",2020-10-25,11.9310416666667,"Ambient"
"B4",2020-10-26,11.0645833333333,"Ambient"
"B4",2020-10-27,10.2257638888889,"Ambient"
"B4",2020-10-28,11.5294791666667,"Ambient"
"B4",2020-10-29,12.1175694444444,"Ambient"
"B4",2020-10-30,11.8701041666667,"Ambient"
"B4",2020-10-31,11.7101041666667,"Ambient"
"B4",2020-11-01,11.9295486111111,"Ambient"
"B4",2020-11-02,13.0297916666667,"Ambient"
"B4",2020-11-03,13.3664583333333,"Ambient"
"B4",2020-11-04,10.9050694444444,"Ambient"
"B4",2020-11-05,8.99128472222222,"Ambient"
"B4",2020-11-06,10.4415625,"Ambient"
"B4",2020-11-07,12.1433333333333,"Ambient"
"B4",2020-11-08,12.293125,"Ambient"
"B4",2020-11-09,11.1689930555556,"Ambient"
"B4",2020-11-10,11.2856944444444,"Ambient"
"B4",2020-11-11,9.751875,"Ambient"
"B4",2020-11-12,9.91940972222222,"Ambient"
"B4",2020-11-13,10.2085069444444,"Ambient"
"B4",2020-11-14,9.81048611111111,"Ambient"
"B4",2020-11-15,9.98614583333333,"Ambient"
"B4",2020-11-16,11.173125,"Ambient"
"B4",2020-11-17,9.78065972222222,"Ambient"
"B4",2020-11-18,9.98326388888889,"Ambient"
"B4",2020-11-19,10.0632291666667,"Ambient"
"B4",2020-11-20,9.19857638888889,"Ambient"
"B4",2020-11-21,6.8046875,"Ambient"
"B4",2020-11-22,5.17548611111111,"Ambient"
"B4",2020-11-23,5.055,"Ambient"
"B4",2020-11-24,5.16454861111111,"Ambient"
"B4",2020-11-25,5.42600694444444,"Ambient"
"B4",2020-11-26,5.61704861111111,"Ambient"
"B4",2020-11-27,6.83822916666667,"Ambient"
"B4",2020-11-28,7.07777777777778,"Ambient"
"B4",2020-11-29,6.77819444444444,"Ambient"
"B4",2020-11-30,7.07774305555556,"Ambient"
"B4",2020-12-01,6.98902777777778,"Ambient"
"B4",2020-12-02,5.86899305555556,"Ambient"
"B4",2020-12-03,4.41072916666667,"Ambient"
"B4",2020-12-04,4.59649305555556,"Ambient"
"B4",2020-12-05,3.89815972222222,"Ambient"
"B4",2020-12-06,4.10607638888889,"Ambient"
"B4",2020-12-07,4.26579861111111,"Ambient"
"B4",2020-12-08,4.29520833333333,"Ambient"
"B4",2020-12-09,4.26256944444444,"Ambient"
"B4",2020-12-10,4.16114583333333,"Ambient"
"B4",2020-12-11,5.10927083333333,"Ambient"
"B4",2020-12-12,6.56159722222222,"Ambient"
"B4",2020-12-13,6.23392361111111,"Ambient"
"B4",2020-12-14,7.22177083333333,"Ambient"
"B4",2020-12-15,7.56666666666667,"Ambient"
"B4",2020-12-16,5.76048611111111,"Ambient"
"B4",2020-12-17,4.60447916666667,"Ambient"
"B4",2020-12-18,4.44395833333333,"Ambient"
"B4",2020-12-19,5.06614583333333,"Ambient"
"B4",2020-12-20,5.9559375,"Ambient"
"B4",2020-12-21,5.64,"Ambient"
"B4",2020-12-22,7.11590277777778,"Ambient"
"B4",2020-12-23,7.99538194444444,"Ambient"
"B4",2020-12-24,8.41649305555556,"Ambient"
"B4",2020-12-25,5.89388888888889,"Ambient"
"B4",2020-12-26,3.74902777777778,"Ambient"
"B4",2020-12-27,2.52055555555556,"Ambient"
"B4",2020-12-28,2.88149305555556,"Ambient"
"B4",2020-12-29,3.15930555555556,"Ambient"
"B4",2020-12-30,3.46711805555556,"Ambient"
"B4",2020-12-31,3.56215277777778,"Ambient"
"B4",2021-01-01,4.15413194444444,"Ambient"
"B4",2021-01-02,3.98256944444444,"Ambient"
"B4",2021-01-03,3.11451388888889,"Ambient"
"B4",2021-01-04,2.87006944444444,"Ambient"
"B4",2021-01-05,2.82559027777778,"Ambient"
"B4",2021-01-06,2.46680555555556,"Ambient"
"B4",2021-01-07,1.22142360916568,"Ambient"
"B4",2021-01-08,0.245416669873521,"Ambient"
"B4",2021-01-09,0.236145837517041,"Ambient"
"B4",2021-01-10,0.376597226752589,"Ambient"
"B4",2021-01-11,0.440312501253405,"Ambient"
"B4",2021-01-12,0.270729169637586,"Ambient"
"B4",2021-01-13,1.77013889035417,"Ambient"
"B4",2021-01-14,3.62677083333333,"Ambient"
"B4",2021-01-15,4.38788194444444,"Ambient"
"B4",2021-01-16,4.18878472222222,"Ambient"
"B4",2021-01-17,4.52052083333333,"Ambient"
"B4",2021-01-18,4.88833333333333,"Ambient"
"B4",2021-01-19,4.09690972222222,"Ambient"
"B4",2021-01-20,4.54180555555556,"Ambient"
"B4",2021-01-21,5.78350694444444,"Ambient"
"B4",2021-01-22,6.23663194444444,"Ambient"
"B4",2021-01-23,5.16118055555556,"Ambient"
"B4",2021-01-24,5.29579861111111,"Ambient"
"B4",2021-01-25,5.54190972222222,"Ambient"
"B4",2021-01-26,4.93673611111111,"Ambient"
"B4",2021-01-27,6.65826388888889,"Ambient"
"B4",2021-01-28,8.976875,"Ambient"
"B4",2021-01-29,9.40131944444444,"Ambient"
"B4",2021-01-30,8.7790625,"Ambient"
"B4",2021-01-31,8.13305555555556,"Ambient"
"B4",2021-02-01,8.6246875,"Ambient"
"B4",2021-02-02,9.5703125,"Ambient"
"B4",2021-02-03,9.85548611111111,"Ambient"
"B4",2021-02-04,10.2032291666667,"Ambient"
"B4",2021-02-05,10.7575,"Ambient"
"B4",2021-02-06,10.4510416666667,"Ambient"
"B4",2021-02-07,9.32190972222222,"Ambient"
"B4",2021-02-08,7.94368055555556,"Ambient"
"B4",2021-02-09,6.46764940239044,"Ambient"
"B4",2021-02-10,6.156,"Ambient"
"B4",2021-02-13,7.94278195488722,"Ambient"
"B4",2021-02-14,7.44892361111111,"Ambient"
"B4",2021-02-15,7.20930555555556,"Ambient"
"B4",2021-02-16,8.01291666666667,"Ambient"
"B4",2021-02-17,9.43759581881533,"Ambient"
"B4",2021-02-18,9.69770833333333,"Ambient"
"B4",2021-02-19,9.27104166666667,"Ambient"
"B4",2021-02-20,9.21979166666667,"Ambient"
"B4",2021-02-21,9.70465277777778,"Ambient"
"B4",2021-02-22,9.92461805555556,"Ambient"
"B4",2021-02-23,9.69600694444444,"Ambient"
"B4",2021-02-24,10.7080555555556,"Ambient"
"B4",2021-02-25,10.6505208333333,"Ambient"
"B4",2021-02-26,10.6296527777778,"Ambient"
"B4",2021-02-27,11.5270833333333,"Ambient"
"B4",2021-02-28,10.6439930555556,"Ambient"
"B4",2021-03-01,9.61090277777778,"Ambient"
"B4",2021-03-02,9.56607638888889,"Ambient"
"B4",2021-03-03,9.640625,"Ambient"
"B4",2021-03-04,10.1567708333333,"Ambient"
"B4",2021-03-05,11.4045833333333,"Ambient"
"B4",2021-03-06,10.4589236111111,"Ambient"
"B4",2021-03-07,9.02611111111111,"Ambient"
"B4",2021-03-08,8.52368055555556,"Ambient"
"B4",2021-03-09,8.15420138888889,"Ambient"
"B4",2021-03-10,7.17920138888889,"Ambient"
"B4",2021-03-11,9.74211805555556,"Ambient"
"B4",2021-03-12,11.0067013888889,"Ambient"
"B4",2021-03-13,8.75565972222222,"Ambient"
"B4",2021-03-14,8.96079861111111,"Ambient"
"B4",2021-03-15,7.69770833333333,"Ambient"
"B4",2021-03-16,8.47309027777778,"Ambient"
"B4",2021-03-17,9.93024305555556,"Ambient"
"B4",2021-03-18,9.54760416666667,"Ambient"
"B4",2021-03-19,7.15569444444444,"Ambient"
"B4",2021-03-20,5.56302083333333,"Ambient"
"B4",2021-03-21,5.28163194444444,"Ambient"
"B4",2021-03-22,7.7153125,"Ambient"
"B4",2021-03-23,8.97097222222222,"Ambient"
"B4",2021-03-24,9.91472222222222,"Ambient"
"B4",2021-03-25,11.3580555555556,"Ambient"
"B4",2021-03-26,11.3092013888889,"Ambient"
"B4",2021-03-27,11.9042013888889,"Ambient"
"B4",2021-03-28,10.9982986111111,"Ambient"
"B4",2021-03-29,12.9981944444444,"Ambient"
"B4",2021-03-30,14.6174999826389,"Ambient"
"B4",2021-03-31,15.7463541423611,"Ambient"
"B4",2021-04-01,15.8388194166667,"Ambient"
"B4",2021-04-02,15.7784027986111,"Ambient"
"B4",2021-04-03,15.4652430555556,"Ambient"
"B4",2021-04-04,14.0974305555556,"Ambient"
"B4",2021-04-05,13.2809375,"Ambient"
"B4",2021-04-06,13.6194444444444,"Ambient"
"B4",2021-04-07,12.0011111111111,"Ambient"
"B4",2021-04-08,10.7071875,"Ambient"
"B4",2021-04-09,11.8894097222222,"Ambient"
"B4",2021-04-10,11.7073263888889,"Ambient"
"B4",2021-04-11,10.8345833333333,"Ambient"
"B4",2021-04-12,10.0212152777778,"Ambient"
"B4",2021-04-13,10.7711111111111,"Ambient"
"B4",2021-04-14,10.8833680555556,"Ambient"
"B4",2021-04-15,11.3608680555556,"Ambient"
"B4",2021-04-16,11.5308333333333,"Ambient"
"B4",2021-04-17,11.1347222222222,"Ambient"
"B4",2021-04-18,10.7733680555556,"Ambient"
"B4",2021-04-19,11.6668055555556,"Ambient"
"B4",2021-04-20,12.8823263888889,"Ambient"
"B4",2021-04-21,12.8124652777778,"Ambient"
"B4",2021-04-22,13.2923263888889,"Ambient"
"B4",2021-04-23,14.2549305277778,"Ambient"
"B4",2021-04-24,15.9330208194444,"Ambient"
"B4",2021-04-25,16.45111109375,"Ambient"
"B4",2021-04-26,15.0123263923611,"Ambient"
"B4",2021-04-27,14.0235763888889,"Ambient"
"B4",2021-04-28,13.6944097222222,"Ambient"
"B4",2021-04-29,12.4729166666667,"Ambient"
"B4",2021-04-30,11.6289930555556,"Ambient"
"B4",2021-05-01,10.7458680555556,"Ambient"
"B4",2021-05-02,10.7140277777778,"Ambient"
"B4",2021-05-03,11.4603819444444,"Ambient"
"B4",2021-05-04,13.7560763888889,"Ambient"
"B4",2021-05-05,15.9045832569444,"Ambient"
"B4",2021-05-06,15.2275694583333,"Ambient"
"B4",2021-05-07,16.79760421875,"Ambient"
"B4",2021-05-08,18.1138194479167,"Ambient"
"B4",2021-05-09,19.5031944444444,"Ambient"
"B4",2021-05-10,18.1358680277778,"Ambient"
"B4",2021-05-11,15.77746528125,"Ambient"
"B4",2021-05-12,13.5177430555556,"Ambient"
"B4",2021-05-13,13.9913541666667,"Ambient"
"B4",2021-05-14,14.9499999861111,"Ambient"
"B4",2021-05-15,15.1607291666667,"Ambient"
"B4",2021-05-16,15.3343402777778,"Ambient"
"B4",2021-05-17,15.0337847777778,"Ambient"
"B4",2021-05-18,15.6021527881944,"Ambient"
"B4",2021-05-19,16.3086805555556,"Ambient"
"B4",2021-05-20,17.6685069513889,"Ambient"
"B4",2021-05-21,17.965694375,"Ambient"
"B4",2021-05-22,16.5110763958333,"Ambient"
"B4",2021-05-23,14.3377083333333,"Ambient"
"B4",2021-05-24,12.8639930555556,"Ambient"
"B4",2021-05-25,11.8404513888889,"Ambient"
"B4",2021-05-26,13.9214931388889,"Ambient"
"B4",2021-05-27,16.5942709097222,"Ambient"
"B4",2021-05-28,18.5260069409722,"Ambient"
"B4",2021-05-29,18.6122568368056,"Ambient"
"B4",2021-05-30,20.4222916666667,"Ambient"
"B4",2021-05-31,20.8718750069444,"Ambient"
"B4",2021-06-01,21.6852777673611,"Ambient"
"B4",2021-06-02,20.1845834583333,"Ambient"
"B4",2021-06-03,20.7185068854167,"Ambient"
"B4",2021-06-04,20.2588540798611,"Ambient"
"B4",2021-06-05,18.8885764826389,"Ambient"
"B4",2021-06-06,20.3046874930556,"Ambient"
"B4",2021-06-07,19.8215971805556,"Ambient"
"B4",2021-06-08,18.8103819930556,"Ambient"
"B4",2021-06-09,19.2844097881944,"Ambient"
"B4",2021-06-10,19.9472221631944,"Ambient"
"B4",2021-06-11,19.3883334444444,"Ambient"
"B4",2021-06-12,19.3852083888889,"Ambient"
"B4",2021-06-13,19.7365972881944,"Ambient"
"B4",2021-06-14,19.7798958472222,"Ambient"
"B4",2021-06-15,19.6308332361111,"Ambient"
"B4",2021-06-16,19.8020139097222,"Ambient"
"B4",2021-06-17,19.3017015486111,"Ambient"
"B4",2021-06-18,18.9034374861111,"Ambient"
"B4",2021-06-19,19.7251040034722,"Ambient"
"B4",2021-06-20,19.6025347222222,"Ambient"
"B4",2021-06-21,19.0815971493056,"Ambient"
"B4",2021-06-22,18.9592360590278,"Ambient"
"B4",2021-06-23,17.9253819791667,"Ambient"
"B4",2021-06-24,17.2981944236111,"Ambient"
"B4",2021-06-25,19.1869791909722,"Ambient"
"B4",2021-06-26,19.7117013159722,"Ambient"
"B4",2021-06-27,19.3768747881944,"Ambient"
"B4",2021-06-28,18.6273262465278,"Ambient"
"B4",2021-06-29,18.8865971736111,"Ambient"
"B4",2021-06-30,19.5012847534722,"Ambient"
"B4",2021-07-01,19.7614582881944,"Ambient"
"B4",2021-07-02,19.3861110833333,"Ambient"
"B4",2021-07-03,16.8323961215278,"Ambient"
"B4",2021-07-04,16.9499306840278,"Ambient"
"B4",2021-07-05,17.5381945243056,"Ambient"
"B4",2021-07-06,16.9231944756944,"Ambient"
"B4",2021-07-07,17.1895488506944,"Ambient"
"B4",2021-07-08,16.8206943923611,"Ambient"
"B4",2021-07-09,17.4824652881944,"Ambient"
"B4",2021-07-10,16.8947222881944,"Ambient"
"B4",2021-07-11,17.726874875,"Ambient"
"B4",2021-07-12,16.9962847118056,"Ambient"
"B4",2021-07-13,16.3822569930556,"Ambient"
"B4",2021-07-14,16.5960764479167,"Ambient"
"B4",2021-07-15,16.9417707083333,"Ambient"
"B4",2021-07-16,16.4827430243056,"Ambient"
"B4",2021-07-17,17.4039929444444,"Ambient"
"B4",2021-07-18,17.6580208229167,"Ambient"
"B4",2021-07-19,18.0064184078014,"Ambient"
"B4",2021-07-20,17.6582638958333,"Ambient"
"B4",2021-07-21,18.0728819479167,"Ambient"
"B4",2021-07-22,18.4657986319444,"Ambient"
"B4",2021-07-23,18.1444791666667,"Ambient"
"B4",2021-07-24,17.0452082604167,"Ambient"
"B4",2021-07-25,16.9155902465278,"Ambient"
"B4",2021-07-26,17.0651389131944,"Ambient"
"B4",2021-07-27,16.9071528854167,"Ambient"
"B4",2021-07-28,17.0216491614035,"Ambient"
"B4",2021-07-29,17.3073957708333,"Ambient"
"B4",2021-07-30,16.8566668263889,"Ambient"
"B4",2021-07-31,16.9182292291667,"Ambient"
"B4",2021-08-01,16.3938540763889,"Ambient"
"B4",2021-08-02,16.7584374826389,"Ambient"
"B4",2021-08-03,16.9046321360294,"Ambient"
"B4",2021-08-04,17.160520875,"Ambient"
"B4",2021-08-05,17.2920138854167,"Ambient"
"B4",2021-08-06,16.9982638229167,"Ambient"
"B4",2021-08-07,17.0893056354167,"Ambient"
"B4",2021-08-08,16.6768053993056,"Ambient"
"B4",2021-08-09,17.0033679756944,"Ambient"
"B4",2021-08-10,17.9677431111111,"Ambient"
"B4",2021-08-11,18.3967013784722,"Ambient"
"B4",2021-08-12,18.7622569930556,"Ambient"
"B4",2021-08-13,18.2331597986111,"Ambient"
"B4",2021-08-14,18.4694791736111,"Ambient"
"B4",2021-08-15,17.2563890277778,"Ambient"
"B4",2021-08-16,16.9194096319444,"Ambient"
"B4",2021-08-17,16.9927777326389,"Ambient"
"B4",2021-08-18,16.8236805138889,"Ambient"
"B4",2021-08-19,16.6495485902778,"Ambient"
"B4",2021-08-20,17.5289583402778,"Ambient"
"B4",2021-08-21,17.1470485729167,"Ambient"
"B4",2021-08-22,16.6935763576389,"Ambient"
"B4",2021-08-23,16.9113888680556,"Ambient"
"B4",2021-08-24,16.7851040833333,"Ambient"
"B4",2021-08-25,17.04947909375,"Ambient"
"B4",2021-08-26,17.4914235763889,"Ambient"
"B4",2021-08-27,17.3256595972222,"Ambient"
"B4",2021-08-28,16.8691666701389,"Ambient"
"B4",2021-08-29,16.6316666597222,"Ambient"
"B4",2021-08-30,16.5039235902778,"Ambient"
"B4",2021-08-31,16.9901041076389,"Ambient"
"B4",2021-09-01,16.7840278125,"Ambient"
"B4",2021-09-02,16.8507290972222,"Ambient"
"B4",2021-09-03,17.1518749166667,"Ambient"
"B4",2021-09-04,17.7333680625,"Ambient"
"B4",2021-09-05,17.7838541770833,"Ambient"
"B4",2021-09-13,17.6435999828571,"Ambient"
"B4",2021-09-14,17.2530208194444,"Ambient"
"B4",2021-09-15,17.3993057152778,"Ambient"
"B4",2021-09-16,17.3280207222222,"Ambient"
"B4",2021-09-17,17.492430375,"Ambient"
"B4",2021-09-18,17.1733681284722,"Ambient"
"B4",2021-09-19,16.1814930069444,"Ambient"
"B4",2021-09-20,16.9687499444444,"Ambient"
"B4",2021-09-21,14.9670139166667,"Ambient"
"B4",2021-09-22,15.0527430486111,"Ambient"
"B4",2021-09-23,17.2778819027778,"Ambient"
"B4",2021-09-24,17.0382985347222,"Ambient"
"B4",2021-09-25,17.2946179236111,"Ambient"
"B4",2021-09-26,17.0569443402778,"Ambient"
"B4",2021-09-27,16.8911459305556,"Ambient"
"B4",2021-09-28,17.0170487152778,"Ambient"
"B4",2021-09-29,17.1577778645833,"Ambient"
"B4",2021-09-30,17.1095139375,"Ambient"
"B4",2021-10-01,16.0886804722222,"Ambient"
"B4",2021-10-02,16.66045134375,"Ambient"
"B4",2021-10-03,16.7654513784722,"Ambient"
"B4",2021-10-04,15.1680208472222,"Ambient"
"B4",2021-10-05,14.0313194444444,"Ambient"
"B4",2021-10-06,14.6978124305556,"Ambient"
"B4",2021-10-07,15.0168750104167,"Ambient"
"B4",2021-10-08,14.1680555555556,"Ambient"
"B4",2021-10-09,15.2511110833333,"Ambient"
"B4",2021-10-10,16.2462499652778,"Ambient"
"B4",2021-10-11,15.49968753125,"Ambient"
"B4",2021-10-12,13.5256944444444,"Ambient"
"B4",2021-10-13,12.7577083333333,"Ambient"
"B4",2021-10-14,11.9951388888889,"Ambient"
"B4",2021-10-15,11.8309722222222,"Ambient"
"B4",2021-10-16,13.3618402777778,"Ambient"
"B4",2021-10-17,12.6902777777778,"Ambient"
"B4",2021-10-18,12.9591666666667,"Ambient"
"B4",2021-10-19,13.9553819444444,"Ambient"
"B4",2021-10-20,15.1340972083333,"Ambient"
"B4",2021-10-21,15.5898263541667,"Ambient"
"B4",2021-10-22,14.1443055555556,"Ambient"
"B4",2021-10-23,13.7754861111111,"Ambient"
"B4",2021-10-24,11.5879166666667,"Ambient"
"B4",2021-10-25,10.5526736111111,"Ambient"
"B4",2021-10-26,11.2121527777778,"Ambient"
"B4",2021-10-27,11.4040625,"Ambient"
"B4",2021-10-28,11.1120486111111,"Ambient"
"B4",2021-10-29,11.1185069444444,"Ambient"
"B4",2021-10-30,12.4424305555556,"Ambient"
"B4",2021-10-31,13.9189666666667,"Ambient"
"B4",2021-11-01,13.5511458333333,"Ambient"
"B4",2021-11-02,11.6279166666667,"Ambient"
"B4",2021-11-03,10.9237847222222,"Ambient"
"B4",2021-11-04,8.91833333333333,"Ambient"
"B4",2021-11-05,7.92413194444444,"Ambient"
"B4",2021-11-06,6.31350694444444,"Ambient"
"B4",2021-11-07,5.68222222222222,"Ambient"
"B4",2021-11-08,7.77559027777778,"Ambient"
"B4",2021-11-09,8.05680555555556,"Ambient"
"B4",2021-11-10,6.36645833333333,"Ambient"
"B4",2021-11-11,7.17663194444444,"Ambient"
"B4",2021-11-12,8.04732638888889,"Ambient"
"B4",2021-11-13,9.32107638888889,"Ambient"
"B4",2021-11-14,9.59118055555555,"Ambient"
"B4",2021-11-15,8.5034375,"Ambient"
"B4",2021-11-16,8.03288194444444,"Ambient"
"B4",2021-11-17,7.44260416666667,"Ambient"
"B4",2021-11-18,6.87638888888889,"Ambient"
"B4",2021-11-19,6.18083333333333,"Ambient"
"B4",2021-11-20,5.84256944444444,"Ambient"
"B4",2021-11-21,6.67659722222222,"Ambient"
"B4",2021-11-22,7.61048611111111,"Ambient"
"B4",2021-11-23,7.01104166666667,"Ambient"
"B4",2021-11-24,6.6978125,"Ambient"
"B4",2021-11-25,6.93260416666667,"Ambient"
"B4",2021-11-26,6.77336805555556,"Ambient"
"B4",2021-11-27,5.40930555555556,"Ambient"
"B4",2021-11-28,4.13829861111111,"Ambient"
"B4",2021-11-29,3.19770833333333,"Ambient"
"B4",2021-11-30,3.30364583333333,"Ambient"
"B4",2021-12-01,3.65357638888889,"Ambient"
"B4",2021-12-02,4.52076388888889,"Ambient"
"B4",2021-12-03,4.144375,"Ambient"
"B4",2021-12-04,4.86947916666667,"Ambient"
"B4",2021-12-05,4.753125,"Ambient"
"B4",2021-12-13,5.54820224719101,"Ambient"
"B4",2021-12-14,5.21367088607595,"Ambient"
"B4",2021-12-21,5.29383177570093,"Ambient"
"B4",2021-12-22,5.72722222222222,"Ambient"
"B4",2021-12-23,6.34784722222222,"Ambient"
"B4",2021-12-24,7.17868055555556,"Ambient"
"B4",2021-12-25,7.83482638888889,"Ambient"
"B4",2021-12-26,7.48125,"Ambient"
"B4",2021-12-27,8.05659722222222,"Ambient"
"B4",2021-12-28,8.8521875,"Ambient"
"B4",2021-12-29,10.4895138888889,"Ambient"
"B4",2021-12-30,11.1562847222222,"Ambient"
"B4",2021-12-31,9.76395833333333,"Ambient"
"B4",2022-01-01,9.15944444444444,"Ambient"
"B4",2022-01-02,8.81961805555556,"Ambient"
"B4",2022-01-03,8.57548611111111,"Ambient"
"B4",2022-01-04,8.52652777777778,"Ambient"
"B4",2022-01-05,7.81527777777778,"Ambient"
"B4",2022-01-06,5.28767361111111,"Ambient"
"B4",2022-01-07,3.23309027777778,"Ambient"
"B4",2022-01-08,3.95277777777778,"Ambient"
"B4",2022-01-09,5.54322916666667,"Ambient"
"B4",2022-01-18,3.48732142857143,"Ambient"
"B4",2022-01-19,3.35704861111111,"Ambient"
"B4",2022-01-20,3.92850694444444,"Ambient"
"B4",2022-01-21,4.04503472222222,"Ambient"
"B4",2022-01-22,3.23729166666667,"Ambient"
"B4",2022-01-23,3.15461805555556,"Ambient"
"B4",2022-01-24,3.49486111111111,"Ambient"
"B4",2022-01-25,3.84836805555556,"Ambient"
"B4",2022-01-26,4.10104166666667,"Ambient"
"B4",2022-01-27,4.2425,"Ambient"
"B4",2022-01-28,3.85,"Ambient"
"B4",2022-01-29,3.58920138888889,"Ambient"
"B4",2022-01-30,4.12930555555556,"Ambient"
"B4",2022-01-31,4.42715277777778,"Ambient"
"B4",2022-02-01,4.97722222222222,"Ambient"
"B4",2022-02-02,5.38454861111111,"Ambient"
"B4",2022-02-03,5.86579861111111,"Ambient"
"B4",2022-02-04,6.74493055555556,"Ambient"
"B4",2022-02-05,7.59791666666667,"Ambient"
"B4",2022-02-06,6.02625,"Ambient"
"B4",2022-02-07,5.89767361111111,"Ambient"
"B4",2022-02-08,7.58767361111111,"Ambient"
"B4",2022-02-09,7.75482638888889,"Ambient"
"B4",2022-02-10,7.88010416666667,"Ambient"
"B4",2022-02-11,8.17652777777778,"Ambient"
"B4",2022-02-12,7.84899305555556,"Ambient"
"B4",2022-02-13,8.23465277777778,"Ambient"
"B4",2022-02-14,8.77510416666667,"Ambient"
"B4",2022-02-15,7.89524305555556,"Ambient"
"B4",2022-02-16,7.97409722222222,"Ambient"
"B4",2022-02-17,9.13825471698113,"Ambient"
"B4",2022-02-18,11.3609589041096,"Ambient"
"B4",2022-02-19,9.7940625,"Ambient"
"B4",2022-02-20,7.9415625,"Ambient"
"B4",2022-02-21,9.14989583333333,"Ambient"
"B4",2022-02-22,9.21517361111111,"Ambient"
"B4",2022-02-23,8.71881944444444,"Ambient"
"B4",2022-02-24,8.92227272727273,"Ambient"
"B4",2022-02-25,9.02684027777778,"Ambient"
"B4",2022-02-26,7.2475,"Ambient"
"B4",2022-02-27,6.65760416666667,"Ambient"
"B4",2022-02-28,8.51427083333333,"Ambient"
"B4",2022-03-01,8.75621527777778,"Ambient"
"B4",2022-03-02,8.55077519379845,"Ambient"
"B4",2022-03-04,9.28237623762376,"Ambient"
"B4",2022-03-05,8.54649305555555,"Ambient"
"B4",2022-03-06,7.95135416666667,"Ambient"
"B4",2022-03-07,8.30871527777778,"Ambient"
"B4",2022-03-08,7.79236111111111,"Ambient"
"B4",2022-03-09,8.37954861111111,"Ambient"
"B4",2022-03-10,9.18364583333333,"Ambient"
"B4",2022-03-11,9.25753472222222,"Ambient"
"B4",2022-03-12,9.78576388888889,"Ambient"
"B4",2022-03-13,8.3578125,"Ambient"
"B4",2022-03-14,6.78246527777778,"Ambient"
"B4",2022-03-15,8.46190972222222,"Ambient"
"B4",2022-03-16,9.89715277777778,"Ambient"
"B4",2022-03-17,10.6077430555556,"Ambient"
"B4",2022-03-18,9.88711805555556,"Ambient"
"B4",2022-03-19,9.73319444444444,"Ambient"
"B4",2022-03-20,10.9167708333333,"Ambient"
"B4",2022-03-21,12.3098009950249,"Ambient"
"B4",2022-03-22,12.0758333333333,"Ambient"
"B4",2022-03-23,11.8047916666667,"Ambient"
"B4",2022-03-24,11.6060069444444,"Ambient"
"B4",2022-03-25,12.3480555555556,"Ambient"
"B4",2022-03-26,12.8034722222222,"Ambient"
"B4",2022-03-27,12.3967028985507,"Ambient"
"B4",2022-03-28,12.7177777777778,"Ambient"
"B4",2022-03-29,13.0949305555556,"Ambient"
"B4",2022-03-30,12.5049652777778,"Ambient"
"B4",2022-03-31,10.4610416666667,"Ambient"
"B4",2022-04-01,7.51829861111111,"Ambient"
"B4",2022-04-02,4.76100694444444,"Ambient"
"B4",2022-04-03,4.21746527777778,"Ambient"
"B4",2022-04-04,5.71402777777778,"Ambient"
"B4",2022-04-05,7.23239583333333,"Ambient"
"B4",2022-04-06,8.39239583333333,"Ambient"
"B4",2022-04-07,9.72222222222222,"Ambient"
"B4",2022-04-08,12.9907291666667,"Ambient"
"B4",2022-04-09,12.9167361111111,"Ambient"
"B4",2022-04-10,11.9165625,"Ambient"
"B4",2022-04-11,13.2305555555556,"Ambient"
"B4",2022-04-12,13.8021180555556,"Ambient"
"B4",2022-04-13,13.5494097222222,"Ambient"
"B4",2022-04-14,13.6576388819444,"Ambient"
"B4",2022-04-15,15.0494444479167,"Ambient"
"B4",2022-04-16,16.7981597291667,"Ambient"
"B4",2022-04-17,17.0939236284722,"Ambient"
"B4",2022-04-18,17.6486111215278,"Ambient"
"B4",2022-04-19,15.5900346979167,"Ambient"
"B4",2022-04-20,12.0326388888889,"Ambient"
"B4",2022-04-21,11.0889930555556,"Ambient"
"B4",2022-04-22,11.5673611111111,"Ambient"
"B4",2022-04-23,11.9217013888889,"Ambient"
"B4",2022-04-24,11.8452083333333,"Ambient"
"B4",2022-04-25,12.9939583333333,"Ambient"
"B4",2022-04-26,14.6657639097222,"Ambient"
"B4",2022-04-27,15.8535069305556,"Ambient"
"B4",2022-04-28,15.8502083125,"Ambient"
"B4",2022-04-29,16.5397222048611,"Ambient"
"B4",2022-04-30,17.6712847326389,"Ambient"
"B4",2022-05-01,17.0257986145833,"Ambient"
"B4",2022-05-02,16.3297916527778,"Ambient"
"B4",2022-05-03,14.9793055555556,"Ambient"
"B4",2022-05-04,14.0427083333333,"Ambient"
"B4",2022-05-05,13.4643402777778,"Ambient"
"B4",2022-05-06,14.1302430555556,"Ambient"
"B4",2022-05-07,15.8849999652778,"Ambient"
"B4",2022-05-08,17.1656250173611,"Ambient"
"B4",2022-05-09,17.715625,"Ambient"
"B4",2022-05-10,19.4606944236111,"Ambient"
"B4",2022-05-11,20.9531944340278,"Ambient"
"B4",2022-05-12,21.5550347534722,"Ambient"
"B4",2022-05-13,21.55822915625,"Ambient"
"B4",2022-05-14,21.9758333229167,"Ambient"
"B4",2022-05-15,22.8110069201389,"Ambient"
"B4",2022-05-16,23.9397222881944,"Ambient"
"B4",2022-05-17,23.7427082569444,"Ambient"
"B4",2022-05-18,24.9657290902778,"Ambient"
"B4",2022-05-19,24.8553125451389,"Ambient"
"B4",2022-05-20,25.2572570798611,"Ambient"
"B4",2022-05-21,26.1728820138889,"Ambient"
"B4",2022-05-22,24.8996874930556,"Ambient"
"B4",2022-05-23,21.7645754764151,"Ambient"
"B4",2022-05-24,16.6907244492754,"Ambient"
"B4",2022-05-25,15.5525438596491,"Ambient"
"B4",2022-05-26,15.8578472083333,"Ambient"
"B4",2022-05-27,17.8237152361111,"Ambient"
"B4",2022-05-28,20.2980208576389,"Ambient"
"B4",2022-05-29,21.8278124305556,"Ambient"
"B4",2022-05-30,20.7096528020833,"Ambient"
"B4",2022-05-31,21.3484028125,"Ambient"
"B4",2022-06-01,22.2332638541667,"Ambient"
"B4",2022-06-02,24.187279944,"Ambient"
"B4",2022-06-05,21.6066242038217,"Ambient"
"B4",2022-06-06,21.1962153055556,"Ambient"
"B4",2022-06-07,20.92954859375,"Ambient"
"B4",2022-06-08,19.6721179409722,"Ambient"
"B4",2022-06-09,19.6819791770833,"Ambient"
"B4",2022-06-10,20.83395825,"Ambient"
"B4",2022-06-11,22.8220486319444,"Ambient"
"B4",2022-06-12,24.3051389027778,"Ambient"
"B4",2022-06-20,26.7322296689189,"Ambient"
"B4",2022-06-21,25.1612439952153,"Ambient"
"B4",2022-06-22,22.7061308333333,"Ambient"
"B4",2022-06-23,23.0214930520833,"Ambient"
"B4",2022-06-24,22.2967360972222,"Ambient"
"B4",2022-06-25,20.650798625,"Ambient"
"B4",2022-06-26,19.2904513472222,"Ambient"
"B4",2022-06-27,17.10777775,"Ambient"
"B4",2022-06-28,18.0181071107143,"Ambient"
"B4",2022-06-29,22.7066666333333,"Ambient"
"B4",2022-06-30,19.2553332777778,"Ambient"
"B4",2022-07-01,18.7117543473684,"Ambient"
"B4",2022-07-02,20.2878124479167,"Ambient"
"B4",2022-07-03,23.0370833715278,"Ambient"
"B4",2022-07-18,28.0311537948718,"Ambient"
"B4",2022-07-19,26.9718815958188,"Ambient"
"B4",2022-07-20,26.5039930173611,"Ambient"
"B4",2022-07-21,26.7777777881944,"Ambient"
"B4",2022-07-22,25.7942013993056,"Ambient"
"B4",2022-07-23,23.6017709097222,"Ambient"
"B4",2022-07-24,24.2820833090278,"Ambient"
"B4",2022-07-25,25.6487254509804,"Ambient"
"B4",2022-07-26,21.1662498630952,"Ambient"
"B4",2022-07-27,21.8150694375,"Ambient"
"B4",2022-07-28,22.791580875,"Ambient"
"B4",2022-07-29,21.9532986006944,"Ambient"
"B4",2022-07-30,21.5959374965278,"Ambient"
"B4",2022-07-31,24.4223264097222,"Ambient"
"B4",2022-08-01,24.9137324647887,"Ambient"
"B4",2022-08-02,24.5453157315789,"Ambient"
"B4",2022-08-03,25.0693055763889,"Ambient"
"B4",2022-08-04,26.9792361145833,"Ambient"
"B4",2022-08-05,25.3460416701389,"Ambient"
"B4",2022-08-06,26.0086805694444,"Ambient"
"B4",2022-08-07,26.36777775,"Ambient"
"B4",2022-08-08,25.890935352518,"Ambient"
"B4",2022-08-09,25.4769897397959,"Ambient"
"B4",2022-08-10,25.4140277465278,"Ambient"
"B4",2022-08-11,26.2922222569444,"Ambient"
"B4",2022-08-12,26.8010763993056,"Ambient"
"B4",2022-08-13,27.0564930972222,"Ambient"
"B4",2022-08-14,25.3832639305556,"Ambient"
"B4",2022-08-15,24.5192403924051,"Ambient"
"B4",2022-08-16,22.2679041976048,"Ambient"
"B4",2022-08-17,20.9133542546584,"Ambient"
"B4",2022-08-18,19.8679860902778,"Ambient"
"B4",2022-08-19,21.0557290972222,"Ambient"
"B4",2022-08-20,22.0524999652778,"Ambient"
"B4",2022-08-21,22.8489930625,"Ambient"
"B4",2022-08-22,23.4642615232068,"Ambient"
"B4",2022-08-23,24.2991666979167,"Ambient"
"B4",2022-08-24,24.92965278125,"Ambient"
"B4",2022-08-25,24.9613194826389,"Ambient"
"B4",2022-08-26,22.6728819409722,"Ambient"
"B4",2022-08-27,23.7056944236111,"Ambient"
"B4",2022-08-28,24.1213541458333,"Ambient"
"B4",2022-08-30,23.7287647352941,"Ambient"
"B4",2022-08-31,22.5616320138889,"Ambient"
"B4",2022-09-01,21.8989583715278,"Ambient"
"B4",2022-09-02,22.3628471354167,"Ambient"
"B4",2022-09-03,22.1544097013889,"Ambient"
"B4",2022-09-04,21.8471875590278,"Ambient"
"B4",2022-09-05,21.9971875416667,"Ambient"
"B4",2022-09-06,22.9218402951389,"Ambient"
"B4",2022-09-07,23.1093749861111,"Ambient"
"B4",2022-09-08,21.2899306041667,"Ambient"
"B4",2022-09-09,19.7162847013889,"Ambient"
"B4",2022-09-10,18.5473958159722,"Ambient"
"B4",2022-09-11,20.4538194027778,"Ambient"
"B4",2022-09-12,21.2725693784722,"Ambient"
"B4",2022-09-13,22.3379166875,"Ambient"
"B4",2022-09-14,22.4289235798611,"Ambient"
"B4",2022-09-15,21.7830902777778,"Ambient"
"B4",2022-09-16,20.5412846319444,"Ambient"
"B4",2022-09-17,19.5703124895833,"Ambient"
"B4",2022-09-18,17.7160417048611,"Ambient"
"B4",2022-09-19,16.9871527708333,"Ambient"
"B4",2022-09-20,16.7614236805556,"Ambient"
"B4",2022-09-21,16.8845834131944,"Ambient"
"B4",2022-09-22,17.0828819131944,"Ambient"
"B4",2022-09-23,17.0683681145833,"Ambient"
"B4",2022-09-24,16.8545140034722,"Ambient"
"B4",2022-09-25,14.9434722222222,"Ambient"
"B4",2022-09-26,15.0787847256944,"Ambient"
"B4",2022-09-27,14.7504513888889,"Ambient"
"B4",2022-09-28,14.756875,"Ambient"
"B4",2022-09-29,14.7391666666667,"Ambient"
"B4",2022-09-30,13.6408680555556,"Ambient"
"B4",2022-10-01,13.39875,"Ambient"
"B4",2022-10-02,15.6436110729167,"Ambient"
"B4",2022-10-03,17.7364929930556,"Ambient"
"B4",2022-10-04,17.4233680416667,"Ambient"
"B4",2022-10-05,17.1824305972222,"Ambient"
"B4",2022-10-06,17.5886458715278,"Ambient"
"B4",2022-10-07,17.6667709548611,"Ambient"
"B4",2022-10-08,17.9968749756944,"Ambient"
"B4",2022-10-09,17.5447569895833,"Ambient"
"B4",2022-10-10,16.9257986006944,"Ambient"
"B4",2022-10-11,17.1359028055556,"Ambient"
"B4",2022-10-12,17.4756597534722,"Ambient"
"B4",2022-10-13,17.8417708368056,"Ambient"
"B4",2022-10-14,18.6466666979167,"Ambient"
"B4",2022-10-15,17.65708325,"Ambient"
"B4",2022-10-16,17.5507638506944,"Ambient"
"B4",2022-10-17,18.24729175,"Ambient"
"B4",2022-10-18,18.2388541006944,"Ambient"
"B4",2022-10-19,17.8488193611111,"Ambient"
"B4",2022-10-20,17.8579861215278,"Ambient"
"B4",2022-10-21,16.8496874861111,"Ambient"
"B4",2022-10-22,16.5618055590278,"Ambient"
"B4",2022-10-23,17.7146526666667,"Ambient"
"B4",2022-10-24,17.5711805590278,"Ambient"
"B4",2022-10-25,16.2179862361111,"Ambient"
"B4",2022-10-26,15.7022569444444,"Ambient"
"B4",2022-10-27,15.8254513784722,"Ambient"
"B4",2022-10-28,16.5989582465278,"Ambient"
"B4",2022-10-29,16.90406259375,"Ambient"
"B4",2022-10-30,15.0291333366667,"Ambient"
"B4",2022-10-31,13.669375,"Ambient"
"B4",2022-11-01,14.4253472222222,"Ambient"
"B4",2022-11-02,15.5624652916667,"Ambient"
"B4",2022-11-03,13.5052083333333,"Ambient"
"B4",2022-11-04,10.6614930555556,"Ambient"
"B4",2022-11-05,10.0632291666667,"Ambient"
"B4",2022-11-06,9.39444444444444,"Ambient"
"B4",2022-11-07,9.55763888888889,"Ambient"
"B4",2022-11-08,10.5377083333333,"Ambient"
"B4",2022-11-09,11.2627083333333,"Ambient"
"B4",2022-11-10,11.2631597222222,"Ambient"
"B4",2022-11-11,10.0289930555556,"Ambient"
"B4",2022-11-12,10.8055902777778,"Ambient"
"B4",2022-11-13,11.1498263888889,"Ambient"
"B4",2022-11-14,10.8101388888889,"Ambient"
"B4",2022-11-15,11.2729166666667,"Ambient"
"B4",2022-11-16,11.73375,"Ambient"
"B4",2022-11-17,11.8380208333333,"Ambient"
"B4",2022-11-18,11.2667013888889,"Ambient"
"B4",2022-11-19,9.51440972222222,"Ambient"
"B4",2022-11-20,6.93013888888889,"Ambient"
"B4",2022-11-21,7.53263888888889,"Ambient"
"B4",2022-11-22,6.96395833333333,"Ambient"
"B4",2022-11-23,7.78784722222222,"Ambient"
"B4",2022-11-24,7.16458333333333,"Ambient"
"B4",2022-11-25,7.68635416666667,"Ambient"
"B4",2022-11-26,7.06381944444444,"Ambient"
"B4",2022-11-27,6.51708333333333,"Ambient"
"B4",2022-11-28,6.91864583333333,"Ambient"
"B4",2022-11-29,6.95065972222222,"Ambient"
"B4",2022-11-30,6.81138888888889,"Ambient"
"B4",2022-12-01,5.24145833333333,"Ambient"
"B4",2022-12-02,5.34888888888889,"Ambient"
"B4",2022-12-03,5.22038194444444,"Ambient"
"B4",2022-12-04,4.07256944444444,"Ambient"
"B4",2022-12-05,3.38065972222222,"Ambient"
"B4",2022-12-06,4.49430555555556,"Ambient"
"B4",2022-12-07,6.78690972222222,"Ambient"
"B4",2022-12-08,7.37152777777778,"Ambient"
"B4",2022-12-09,7.30225694444444,"Ambient"
"B4",2022-12-10,7.17520833333333,"Ambient"
"B4",2022-12-11,3.72965277777778,"Ambient"
"B4",2022-12-12,3.63854166666667,"Ambient"
"B4",2022-12-13,5.71020833333333,"Ambient"
"B4",2022-12-14,8.26208333333333,"Ambient"
"B4",2022-12-15,8.26128472222222,"Ambient"
"B4",2022-12-16,8.62503472222222,"Ambient"
"B4",2022-12-17,8.25166666666667,"Ambient"
"B4",2022-12-18,6.17270833333333,"Ambient"
"B4",2022-12-19,4.95069444444444,"Ambient"
"B4",2022-12-20,6.01618055555556,"Ambient"
"B4",2022-12-21,8.65461805555556,"Ambient"
"B4",2022-12-22,9.38350694444444,"Ambient"
"B4",2022-12-23,10.0096527777778,"Ambient"
"B4",2022-12-24,9.64111111111111,"Ambient"
"B4",2022-12-25,9.06055555555556,"Ambient"
"B4",2022-12-26,8.70947916666667,"Ambient"
"B4",2022-12-27,8.65444444444444,"Ambient"
"B4",2022-12-28,8.1228125,"Ambient"
"B4",2022-12-29,7.77274305555556,"Ambient"
"B4",2022-12-30,8.73270833333333,"Ambient"
"B4",2022-12-31,9.56711805555556,"Ambient"
"B5",2019-02-01,0,"Warm"
"B5",2019-02-02,0,"Warm"
"B5",2019-02-03,0,"Warm"
"B5",2019-02-04,0,"Warm"
"B5",2019-02-05,0,"Warm"
"B5",2019-02-06,0,"Warm"
"B5",2019-02-07,0,"Warm"
"B5",2019-02-08,0,"Warm"
"B5",2019-02-09,0,"Warm"
"B5",2019-02-10,0,"Warm"
"B5",2019-02-11,5.44330909090909,"Warm"
"B5",2019-02-12,4.56711805555556,"Warm"
"B5",2019-02-13,4.10597222222222,"Warm"
"B5",2019-02-14,4.27934027777778,"Warm"
"B5",2019-02-15,4.79642361111111,"Warm"
"B5",2019-02-16,5.39708333333333,"Warm"
"B5",2019-02-17,5.66166666666667,"Warm"
"B5",2019-02-18,5.19079861111111,"Warm"
"B5",2019-02-19,4.9059375,"Warm"
"B5",2019-02-20,5.01701388888889,"Warm"
"B5",2019-02-21,5.77590277777778,"Warm"
"B5",2019-02-22,6.57288194444444,"Warm"
"B5",2019-02-23,7.27965277777778,"Warm"
"B5",2019-02-24,7.60045138888889,"Warm"
"B5",2019-02-25,7.76378472222222,"Warm"
"B5",2019-02-26,8.31625,"Warm"
"B5",2019-02-27,8.79,"Warm"
"B5",2019-02-28,8.96881944444444,"Warm"
"B5",2019-03-01,9.51788194444444,"Warm"
"B5",2019-03-02,9.72645833333333,"Warm"
"B5",2019-03-03,8.20111111111111,"Warm"
"B5",2019-03-04,9.04472222222222,"Warm"
"B5",2019-03-05,8.12979166666667,"Warm"
"B5",2019-03-06,9.13631944444444,"Warm"
"B5",2019-03-07,8.959375,"Warm"
"B5",2019-03-08,5.72173611104488,"Warm"
"B5",2019-03-09,8.88954861111111,"Warm"
"B5",2019-03-10,9.28048610069444,"Warm"
"B5",2019-03-11,7.58569444444444,"Warm"
"B5",2019-03-12,7.91931818214499,"Warm"
"B5",2019-03-13,6.79399305555556,"Warm"
"B5",2019-03-14,7.62524305555556,"Warm"
"B5",2019-03-15,7.53732638888889,"Warm"
"B5",2019-03-16,8.46465277777778,"Warm"
"B5",2019-03-17,6.74940972222222,"Warm"
"B5",2019-03-18,5.95517361111111,"Warm"
"B5",2019-03-19,5.38673611111111,"Warm"
"B5",2019-03-20,6.09892361111111,"Warm"
"B5",2019-03-21,7.11382352951841,"Warm"
"B5",2019-03-22,6.87611940364117,"Warm"
"B5",2019-03-23,8.29458333333333,"Warm"
"B5",2019-03-24,8.36465278472222,"Warm"
"B5",2019-03-25,6.46128472208977,"Warm"
"B5",2019-03-26,7.27987179506666,"Warm"
"B5",2019-03-27,10.7810377029722,"Warm"
"B5",2019-03-28,8.08677080202538,"Warm"
"B5",2019-03-29,7.35784721875,"Warm"
"B5",2019-03-30,9.76298612152778,"Warm"
"B5",2019-03-31,11.6779166979167,"Warm"
"B5",2019-04-01,12.5149305625,"Warm"
"B5",2019-04-02,9.32347222222222,"Warm"
"B5",2019-04-03,6.84208333333333,"Warm"
"B5",2019-04-04,5.70020833370716,"Warm"
"B5",2019-04-05,7.02034722222222,"Warm"
"B5",2019-04-06,7.393125,"Warm"
"B5",2019-04-07,5.76218750012314,"Warm"
"B5",2019-04-08,7.93614583333333,"Warm"
"B5",2019-04-09,9.8128125,"Warm"
"B5",2019-04-10,8.22857638888889,"Warm"
"B5",2019-04-11,7.97524305555556,"Warm"
"B5",2019-04-12,9.525,"Warm"
"B5",2019-04-13,6.87427083359721,"Warm"
"B5",2019-04-14,7.41559027777778,"Warm"
"B5",2019-04-15,10.1157986111111,"Warm"
"B5",2019-04-16,12.0354860902778,"Warm"
"B5",2019-04-17,11.3575347291667,"Warm"
"B5",2019-04-18,11.6189930347222,"Warm"
"B5",2019-04-19,12.6931249791667,"Warm"
"B5",2019-04-20,11.0885069409722,"Warm"
"B5",2019-04-21,11.0752777777778,"Warm"
"B5",2019-04-22,10.71854165625,"Warm"
"B5",2019-04-23,12.6581250243056,"Warm"
"B5",2019-04-24,12.1011458159722,"Warm"
"B5",2019-04-25,11.5256944652778,"Warm"
"B5",2019-04-26,10.8364930555556,"Warm"
"B5",2019-04-27,10.2173958090278,"Warm"
"B5",2019-04-28,10.2735763923611,"Warm"
"B5",2019-04-29,11.6393402673611,"Warm"
"B5",2019-04-30,10.449375,"Warm"
"B5",2019-05-01,10.66107640625,"Warm"
"B5",2019-05-02,11.9639583368056,"Warm"
"B5",2019-05-03,9.27847222222222,"Warm"
"B5",2019-05-04,10.1543055486111,"Warm"
"B5",2019-05-05,7.64000001408757,"Warm"
"B5",2019-05-06,10.2636742959704,"Warm"
"B5",2019-05-07,13.7193402638889,"Warm"
"B5",2019-05-08,13.7375000138889,"Warm"
"B5",2019-05-09,13.2950694895833,"Warm"
"B5",2019-05-10,15.5372569479167,"Warm"
"B5",2019-05-11,13.8371180520833,"Warm"
"B5",2019-05-12,12.2584028020833,"Warm"
"B5",2019-05-13,13.0623263854167,"Warm"
"B5",2019-05-14,14.119479125,"Warm"
"B5",2019-05-15,16.00434028125,"Warm"
"B5",2019-05-16,16.5874652986111,"Warm"
"B5",2019-05-17,11.1090972222222,"Warm"
"B5",2019-05-18,9.62788194097222,"Warm"
"B5",2019-05-19,10.6911805659722,"Warm"
"B5",2019-05-20,12.3292361076389,"Warm"
"B5",2019-05-21,15.2674999930556,"Warm"
"B5",2019-05-22,17.68250003125,"Warm"
"B5",2019-05-23,18.8403472118056,"Warm"
"B5",2019-05-24,12.5720833333333,"Warm"
"B5",2019-05-25,12.6345138854167,"Warm"
"B5",2019-05-26,13.6333680763889,"Warm"
"B5",2019-05-27,14.6132638993056,"Warm"
"B5",2019-05-28,14.6392361111111,"Warm"
"B5",2019-05-29,13.8061111006944,"Warm"
"B5",2019-05-30,17.7213541909722,"Warm"
"B5",2019-05-31,20.0006596631944,"Warm"
"B5",2019-06-01,22.93298603125,"Warm"
"B5",2019-06-02,25.0007986805556,"Warm"
"B5",2019-06-03,20.7279513645833,"Warm"
"B5",2019-06-04,22.5006944583333,"Warm"
"B5",2019-06-05,12.3257291666667,"Warm"
"B5",2019-06-06,16.7388889236111,"Warm"
"B5",2019-06-07,15.3437500034722,"Warm"
"B5",2019-06-08,16.5267707534722,"Warm"
"B5",2019-06-09,18.1053124861111,"Warm"
"B5",2019-06-10,12.8195833333333,"Warm"
"B5",2019-06-11,10.9134027777778,"Warm"
"B5",2019-06-12,14.0191637839721,"Warm"
"B5",2019-06-13,18.5539930694444,"Warm"
"B5",2019-06-14,16.0201736111111,"Warm"
"B5",2019-06-15,13.8988194479167,"Warm"
"B5",2019-06-16,18.6828471944444,"Warm"
"B5",2019-06-17,21.9114930763889,"Warm"
"B5",2019-06-18,23.6882291354167,"Warm"
"B5",2019-06-19,22.4188889409722,"Warm"
"B5",2019-06-20,16.9799652604167,"Warm"
"B5",2019-06-21,15.3232638888889,"Warm"
"B5",2019-06-22,20.3860416840278,"Warm"
"B5",2019-06-23,25.0160069930556,"Warm"
"B5",2019-06-24,23.1025000347222,"Warm"
"B5",2019-06-25,22.9591319097222,"Warm"
"B5",2019-06-26,27.963465700361,"Warm"
"B5",2019-06-27,28.4310698395062,"Warm"
"B5",2019-06-28,26.1161806041667,"Warm"
"B5",2019-06-29,27.1419913852814,"Warm"
"B5",2019-06-30,24.2948263645833,"Warm"
"B5",2019-07-01,21.0096180729167,"Warm"
"B5",2019-07-02,19.3011805798611,"Warm"
"B5",2019-07-03,21.1709026770833,"Warm"
"B5",2019-07-04,22.9583333159722,"Warm"
"B5",2019-07-05,25.8145137847222,"Warm"
"B5",2019-07-06,26.7398611319444,"Warm"
"B5",2019-07-07,26.7672221770833,"Warm"
"B5",2019-07-08,26.1154166770833,"Warm"
"B5",2019-07-09,23.0423263159722,"Warm"
"B5",2019-07-10,22.6039235972222,"Warm"
"B5",2019-07-11,24.514861125,"Warm"
"B5",2019-07-12,20.79260415625,"Warm"
"B5",2019-07-13,17.5032986284722,"Warm"
"B5",2019-07-14,16.1856597083333,"Warm"
"B5",2019-07-15,15.9183680486111,"Warm"
"B5",2019-07-16,16.2057986284722,"Warm"
"B5",2019-07-17,15.9588194513889,"Warm"
"B5",2019-07-18,14.8691319513889,"Warm"
"B5",2019-07-19,16.1453125416667,"Warm"
"B5",2019-07-20,16.5062499791667,"Warm"
"B5",2019-07-21,16.3878125138889,"Warm"
"B5",2019-07-22,17.8971527326389,"Warm"
"B5",2019-07-23,19.7048958368056,"Warm"
"B5",2019-07-24,20.2508680729167,"Warm"
"B5",2019-07-25,20.0160417152778,"Warm"
"B5",2019-07-26,16.7748264201389,"Warm"
"B5",2019-07-27,14.026875,"Warm"
"B5",2019-07-28,14.4251736111111,"Warm"
"B5",2019-07-29,15.8082986736111,"Warm"
"B5",2019-07-30,15.0059027743056,"Warm"
"B5",2019-07-31,14.55875,"Warm"
"B5",2019-08-01,14.9746180520833,"Warm"
"B5",2019-08-02,15.6865972256944,"Warm"
"B5",2019-08-03,16.5339235763889,"Warm"
"B5",2019-08-04,17.1847916597222,"Warm"
"B5",2019-08-05,17.6433952744186,"Warm"
"B5",2019-08-06,20.8632985868056,"Warm"
"B5",2019-08-07,23.295868,"Warm"
"B5",2019-08-08,24.637638875,"Warm"
"B5",2019-08-09,21.4382986076389,"Warm"
"B5",2019-08-10,17.0286459409722,"Warm"
"B5",2019-08-11,14.0026041666667,"Warm"
"B5",2019-08-12,13.7593055555556,"Warm"
"B5",2019-08-13,13.8822222222222,"Warm"
"B5",2019-08-14,14.5023610902778,"Warm"
"B5",2019-08-15,13.9802777777778,"Warm"
"B5",2019-08-16,15.1645833472222,"Warm"
"B5",2019-08-17,16.0167708541667,"Warm"
"B5",2019-08-18,16.2961110972222,"Warm"
"B5",2019-08-19,17.0933333680556,"Warm"
"B5",2019-08-20,17.3518055451389,"Warm"
"B5",2019-08-21,17.9739236145833,"Warm"
"B5",2019-08-22,19.6014583229167,"Warm"
"B5",2019-08-23,20.4786987881041,"Warm"
"B5",2019-08-24,22.2178471701389,"Warm"
"B5",2019-08-25,23.0552777604167,"Warm"
"B5",2019-08-26,21.6347570208333,"Warm"
"B5",2019-08-27,16.3850174390244,"Warm"
"B5",2019-08-28,16.2927777673611,"Warm"
"B5",2019-08-29,17.0554861527778,"Warm"
"B5",2019-08-30,17.4184375243056,"Warm"
"B5",2019-08-31,17.6980555243056,"Warm"
"B5",2019-09-01,16.5089583819444,"Warm"
"B5",2019-09-02,15.0529513888889,"Warm"
"B5",2019-09-03,14.7177083333333,"Warm"
"B5",2019-09-04,15.2326735972222,"Warm"
"B5",2019-09-05,15.5859722048611,"Warm"
"B5",2019-09-06,14.93625,"Warm"
"B5",2019-09-07,14.6385763923611,"Warm"
"B5",2019-09-08,14.65375,"Warm"
"B5",2019-09-09,14.6248263888889,"Warm"
"B5",2019-09-10,14.0961805555556,"Warm"
"B5",2019-09-11,13.5384375,"Warm"
"B5",2019-09-12,14.3692708298611,"Warm"
"B5",2019-09-13,14.9491319444444,"Warm"
"B5",2019-09-14,15.7176389270833,"Warm"
"B5",2019-09-15,16.1554166388889,"Warm"
"B5",2019-09-16,16.5070486631944,"Warm"
"B5",2019-09-17,16.6544444652778,"Warm"
"B5",2019-09-18,16.2920833576389,"Warm"
"B5",2019-09-19,15.8552777256944,"Warm"
"B5",2019-09-20,16.26569446875,"Warm"
"B5",2019-09-21,15.9671528333333,"Warm"
"B5",2019-09-22,14.8661111111111,"Warm"
"B5",2019-09-23,14.4751041666667,"Warm"
"B5",2019-09-24,14.9318055451389,"Warm"
"B5",2019-09-25,15.2550347152778,"Warm"
"B5",2019-09-26,15.3803472361111,"Warm"
"B5",2019-09-27,15.1385416666667,"Warm"
"B5",2019-09-28,15.3138541423611,"Warm"
"B5",2019-09-29,15.0126388784722,"Warm"
"B5",2019-09-30,15.4461458472222,"Warm"
"B5",2019-10-01,15.9316666388889,"Warm"
"B5",2019-10-02,16.0978819513889,"Warm"
"B5",2019-10-03,15.4010763958333,"Warm"
"B5",2019-10-04,14.2789930555556,"Warm"
"B5",2019-10-05,15.0303125173611,"Warm"
"B5",2019-10-06,15.0969444444444,"Warm"
"B5",2019-10-07,14.0436458333333,"Warm"
"B5",2019-10-08,14.7703819548611,"Warm"
"B5",2019-10-09,14.6695833333333,"Warm"
"B5",2019-10-10,14.1844444444444,"Warm"
"B5",2019-10-11,13.4490625,"Warm"
"B5",2019-10-12,14.3902083333333,"Warm"
"B5",2019-10-13,15.0149652951389,"Warm"
"B5",2019-10-14,14.7400694444444,"Warm"
"B5",2019-10-15,14.3555555555556,"Warm"
"B5",2019-10-16,12.3203125,"Warm"
"B5",2019-10-17,12.6954513888889,"Warm"
"B5",2019-10-18,12.9489930555556,"Warm"
"B5",2019-10-19,13.3402430555556,"Warm"
"B5",2019-10-20,13.4863888888889,"Warm"
"B5",2019-10-21,13.0301388888889,"Warm"
"B5",2019-10-22,13.7781597222222,"Warm"
"B5",2019-10-23,13.2063194444444,"Warm"
"B5",2019-10-24,14.1957986111111,"Warm"
"B5",2019-10-25,15.0899305277778,"Warm"
"B5",2019-10-26,14.8955555451389,"Warm"
"B5",2019-10-27,15.1882986076389,"Warm"
"B5",2019-10-28,15.6658333125,"Warm"
"B5",2019-10-29,15.9733332916667,"Warm"
"B5",2019-10-30,17.5900347256944,"Warm"
"B5",2019-10-31,17.9330902291667,"Warm"
"B5",2019-11-01,15.6210069409722,"Warm"
"B5",2019-11-02,15.3811458333333,"Warm"
"B5",2019-11-03,14.3332291666667,"Warm"
"B5",2019-11-04,13.3918055555556,"Warm"
"B5",2019-11-05,13.0735763888889,"Warm"
"B5",2019-11-06,11.5434375,"Warm"
"B5",2019-11-07,9.99875,"Warm"
"B5",2019-11-08,8.27097222222222,"Warm"
"B5",2019-11-09,8.87159722222222,"Warm"
"B5",2019-11-10,9.31361111111111,"Warm"
"B5",2019-11-11,8.13517361111111,"Warm"
"B5",2019-11-12,8.75135416666667,"Warm"
"B5",2019-11-13,9.48211805555556,"Warm"
"B5",2019-11-14,8.51545138888889,"Warm"
"B5",2019-11-15,7.21996527777778,"Warm"
"B5",2019-11-16,7.04628472222222,"Warm"
"B5",2019-11-17,7.83489583333333,"Warm"
"B5",2019-11-18,8.4278125,"Warm"
"B5",2019-11-19,7.75506944444444,"Warm"
"B5",2019-11-20,7.13826388888889,"Warm"
"B5",2019-11-21,7.16444444444444,"Warm"
"B5",2019-11-22,7.34659722222222,"Warm"
"B5",2019-11-23,8.46850694444444,"Warm"
"B5",2019-11-24,9.10690972222222,"Warm"
"B5",2019-11-25,9.51013888888889,"Warm"
"B5",2019-11-26,10.4849305555556,"Warm"
"B5",2019-11-27,12.2561805555556,"Warm"
"B5",2019-11-28,12.4903819444444,"Warm"
"B5",2019-11-29,13.4179166666667,"Warm"
"B5",2019-11-30,12.3135763888889,"Warm"
"B5",2019-12-01,11.6107986111111,"Warm"
"B5",2019-12-02,10.4689583333333,"Warm"
"B5",2019-12-03,9.95010416666667,"Warm"
"B5",2019-12-04,8.68756944444444,"Warm"
"B5",2019-12-05,8.35951388888889,"Warm"
"B5",2019-12-06,8.99607638888889,"Warm"
"B5",2019-12-07,9.23833333333333,"Warm"
"B5",2019-12-08,9.48565972222222,"Warm"
"B5",2019-12-09,10.1452430555556,"Warm"
"B5",2019-12-10,9.829375,"Warm"
"B5",2019-12-11,8.89409722222222,"Warm"
"B5",2019-12-12,8.88159722222222,"Warm"
"B5",2019-12-13,11.5763194444444,"Warm"
"B5",2019-12-14,13.8566666666667,"Warm"
"B5",2019-12-15,13.8103125,"Warm"
"B5",2019-12-16,12.8303819444444,"Warm"
"B5",2019-12-17,12.8918055555556,"Warm"
"B5",2019-12-18,13.2789285714286,"Warm"
"B5",2019-12-19,11.8575347222222,"Warm"
"B5",2019-12-20,12.7230555555556,"Warm"
"B5",2019-12-21,12.0180208333333,"Warm"
"B5",2019-12-22,11.9013541666667,"Warm"
"B5",2019-12-23,11.2669444444444,"Warm"
"B5",2019-12-24,12.4951388888889,"Warm"
"B5",2019-12-25,12.9958680555556,"Warm"
"B5",2019-12-26,12.3007291666667,"Warm"
"B5",2019-12-27,11.0810416666667,"Warm"
"B5",2019-12-28,9.6534375,"Warm"
"B5",2019-12-29,8.92885416666667,"Warm"
"B5",2019-12-30,8.61513888888889,"Warm"
"B5",2019-12-31,8.50701388888889,"Warm"
"B5",2020-01-01,8.71260416666667,"Warm"
"B5",2020-01-02,7.91680555555556,"Warm"
"B5",2020-01-03,8.15159722222222,"Warm"
"B5",2020-01-04,8.85423611111111,"Warm"
"B5",2020-01-05,9.08791666666667,"Warm"
"B5",2020-01-06,8.12503472222222,"Warm"
"B5",2020-01-07,7.77416666666667,"Warm"
"B5",2020-01-08,8.90440972222222,"Warm"
"B5",2020-01-09,10.4338235294118,"Warm"
"B5",2020-01-10,10.8273958333333,"Warm"
"B5",2020-01-11,9.64555555555556,"Warm"
"B5",2020-01-12,7.87645833333333,"Warm"
"B5",2020-01-13,6.86600694444444,"Warm"
"B5",2020-01-14,7.15114583333333,"Warm"
"B5",2020-01-15,7.87065972222222,"Warm"
"B5",2020-01-16,8.2259375,"Warm"
"B5",2020-01-17,8.23347222222222,"Warm"
"B5",2020-01-18,7.63885416666667,"Warm"
"B5",2020-01-19,8.21472222222222,"Warm"
"B5",2020-01-20,7.62989583333333,"Warm"
"B5",2020-01-21,7.29944444444444,"Warm"
"B5",2020-01-22,7.90454861111111,"Warm"
"B5",2020-01-23,9.23131944444444,"Warm"
"B5",2020-01-24,9.27600694444445,"Warm"
"B5",2020-01-25,8.87760416666667,"Warm"
"B5",2020-01-26,8.95388888888889,"Warm"
"B5",2020-01-27,8.06461805555556,"Warm"
"B5",2020-01-28,8.79576388888889,"Warm"
"B5",2020-01-29,8.92697916666667,"Warm"
"B5",2020-01-30,10.6351736111111,"Warm"
"B5",2020-01-31,12.7975,"Warm"
"B5",2020-02-01,12.4779513888889,"Warm"
"B5",2020-02-02,13.1418055555556,"Warm"
"B5",2020-02-03,14.6506597534722,"Warm"
"B5",2020-02-04,14.6315625,"Warm"
"B5",2020-02-05,12.9639583333333,"Warm"
"B5",2020-02-06,10.4632291666667,"Warm"
"B5",2020-02-07,9.35513888888889,"Warm"
"B5",2020-02-08,9.00253472222222,"Warm"
"B5",2020-02-09,10.1404513888889,"Warm"
"B5",2020-02-10,13.1405208333333,"Warm"
"B5",2020-02-11,14.6833680555556,"Warm"
"B5",2020-02-12,14.0334375,"Warm"
"B5",2020-02-13,13.0295138888889,"Warm"
"B5",2020-02-14,14.6981596805556,"Warm"
"B5",2020-02-15,13.7825,"Warm"
"B5",2020-02-16,13.7292013888889,"Warm"
"B5",2020-02-17,12.5988194444444,"Warm"
"B5",2020-02-18,11.1446875,"Warm"
"B5",2020-02-19,11.0708333333333,"Warm"
"B5",2020-02-20,11.0869444444444,"Warm"
"B5",2020-02-21,11.4446180555556,"Warm"
"B5",2020-02-22,11.8700694444444,"Warm"
"B5",2020-02-23,12.7372222222222,"Warm"
"B5",2020-02-24,13.0610763888889,"Warm"
"B5",2020-02-25,12.5598611111111,"Warm"
"B5",2020-02-26,11.9660763888889,"Warm"
"B5",2020-02-27,11.3811458333333,"Warm"
"B5",2020-02-28,13.2907986111111,"Warm"
"B5",2020-02-29,13.4109722222222,"Warm"
"B5",2020-03-01,13.2451388888889,"Warm"
"B5",2020-03-02,12.9379513888889,"Warm"
"B5",2020-03-03,10.5732638888889,"Warm"
"B5",2020-03-04,10.2696527777778,"Warm"
"B5",2020-03-05,11.5478819444444,"Warm"
"B5",2020-03-06,10.2413541666667,"Warm"
"B5",2020-03-07,9.67763888888889,"Warm"
"B5",2020-03-08,11.2794097222222,"Warm"
"B5",2020-03-09,11.9404946996466,"Warm"
"B5",2020-03-10,12.2601041666667,"Warm"
"B5",2020-03-11,12.7716336633663,"Warm"
"B5",2020-03-13,14.7101704545455,"Warm"
"B5",2020-03-14,13.9454861111111,"Warm"
"B5",2020-03-15,13.6224305555556,"Warm"
"B5",2020-03-16,14.5449652777778,"Warm"
"B5",2020-03-17,14.4190972222222,"Warm"
"B5",2020-03-18,15.2910069375,"Warm"
"B5",2020-03-19,16.6007291805556,"Warm"
"B5",2020-03-20,17.4611458611111,"Warm"
"B5",2020-03-21,17.1845485868056,"Warm"
"B5",2020-03-22,16.8017013958333,"Warm"
"B5",2020-03-23,16.3083332673611,"Warm"
"B5",2020-03-24,15.5287846979167,"Warm"
"B5",2020-03-25,14.9186805520833,"Warm"
"B5",2020-03-26,13.5515277777778,"Warm"
"B5",2020-03-27,11.4917361111111,"Warm"
"B5",2020-03-28,13.1497222222222,"Warm"
"B5",2020-03-29,14.0326388888889,"Warm"
"B5",2020-03-30,12.1573958333333,"Warm"
"B5",2020-03-31,11.5418402777778,"Warm"
"B5",2020-04-01,13.8386458333333,"Warm"
"B5",2020-04-02,13.9819444444444,"Warm"
"B5",2020-04-03,14.3403125625,"Warm"
"B5",2020-04-04,14.9270833402778,"Warm"
"B5",2020-04-05,16.4949305694444,"Warm"
"B5",2020-04-06,17.1784721527778,"Warm"
"B5",2020-04-07,17.7003819791667,"Warm"
"B5",2020-04-08,17.6524653993056,"Warm"
"B5",2020-04-09,17.9146875138889,"Warm"
"B5",2020-04-10,19.2763542152778,"Warm"
"B5",2020-04-11,19.3205902326389,"Warm"
"B5",2020-04-12,18.502118,"Warm"
"B5",2020-04-13,16.9695486319444,"Warm"
"B5",2020-04-14,17.7495139340278,"Warm"
"B5",2020-04-15,18.9268750763889,"Warm"
"B5",2020-04-16,19.7281249236111,"Warm"
"B5",2020-04-17,20.3095833229167,"Warm"
"B5",2020-04-18,20.7869444583333,"Warm"
"B5",2020-04-19,21.0552083159722,"Warm"
"B5",2020-04-20,19.0920139027778,"Warm"
"B5",2020-04-21,17.9804166666667,"Warm"
"B5",2020-04-22,16.8547222395833,"Warm"
"B5",2020-04-23,17.1855208020833,"Warm"
"B5",2020-04-24,18.3995832638889,"Warm"
"B5",2020-04-25,19.8309028298611,"Warm"
"B5",2020-04-26,20.16847225,"Warm"
"B5",2020-04-27,19.7622222569444,"Warm"
"B5",2020-04-28,18.2741666979167,"Warm"
"B5",2020-04-29,17.3776042152778,"Warm"
"B5",2020-04-30,18.9525693993056,"Warm"
"B5",2020-05-01,18.8400695,"Warm"
"B5",2020-05-02,20.3503819513889,"Warm"
"B5",2020-05-03,22.4135764479167,"Warm"
"B5",2020-05-04,23.9812152638889,"Warm"
"B5",2020-05-05,26.2362500069444,"Warm"
"B5",2020-05-06,25.5144791215278,"Warm"
"B5",2020-05-07,25.1554514270833,"Warm"
"B5",2020-05-08,24.7646180416667,"Warm"
"B5",2020-05-09,24.2010418125,"Warm"
"B5",2020-05-10,22.213090375,"Warm"
"B5",2020-05-11,18.6939236979167,"Warm"
"B5",2020-05-12,17.6859721944444,"Warm"
"B5",2020-05-13,17.9662846770833,"Warm"
"B5",2020-05-14,18.2389583020833,"Warm"
"B5",2020-05-15,17.3132292222222,"Warm"
"B5",2020-05-16,17.1449306388889,"Warm"
"B5",2020-05-17,18.5913542048611,"Warm"
"B5",2020-05-18,20.9355902326389,"Warm"
"B5",2020-05-19,22.3680555243056,"Warm"
"B5",2020-05-20,24.1543402847222,"Warm"
"B5",2020-05-21,24.8457291388889,"Warm"
"B5",2020-05-22,26.1303820173611,"Warm"
"B5",2020-05-23,25.3515972465278,"Warm"
"B5",2020-05-24,22.2608680104167,"Warm"
"B5",2020-05-25,23.73138884375,"Warm"
"B5",2020-05-26,24.8174306458333,"Warm"
"B5",2020-05-27,25.7461111388889,"Warm"
"B5",2020-05-28,26.2998610104167,"Warm"
"B5",2020-05-29,26.2931597534722,"Warm"
"B5",2020-05-30,26.5676736770833,"Warm"
"B5",2020-05-31,26.6865972395833,"Warm"
"B5",2020-06-01,26.0848263159722,"Warm"
"B5",2020-06-02,24.8337499861111,"Warm"
"B5",2020-06-03,24.1639235347222,"Warm"
"B5",2020-06-04,21.9725695729167,"Warm"
"B5",2020-06-05,20.4033333611111,"Warm"
"B5",2020-06-06,21.7646876041667,"Warm"
"B5",2020-06-07,20.1776041666667,"Warm"
"B5",2020-06-08,19.2829166909722,"Warm"
"B5",2020-06-09,19.3135068784722,"Warm"
"B5",2020-06-10,19.3510068194444,"Warm"
"B5",2020-06-11,20.3227777673611,"Warm"
"B5",2020-06-12,21.3834722361111,"Warm"
"B5",2020-06-13,22.1242708229167,"Warm"
"B5",2020-06-14,20.8918056493056,"Warm"
"B5",2020-06-15,22.6537846736111,"Warm"
"B5",2020-06-16,21.77024296875,"Warm"
"B5",2020-06-17,20.0304513819444,"Warm"
"B5",2020-06-18,19.9573957951389,"Warm"
"B5",2020-06-19,21.6746180833333,"Warm"
"B5",2020-06-20,23.6567361006944,"Warm"
"B5",2020-06-21,24.6666666284722,"Warm"
"B5",2020-06-22,26.1213193888889,"Warm"
"B5",2020-06-23,26.58142365625,"Warm"
"B5",2020-06-24,27.7475347534722,"Warm"
"B5",2020-06-25,27.409375,"Warm"
"B5",2020-06-26,26.4424306770833,"Warm"
"B5",2020-06-27,27.3617707326389,"Warm"
"B5",2020-06-28,27.0245486076389,"Warm"
"B5",2020-06-29,23.39739584375,"Warm"
"B5",2020-06-30,20.4632291319444,"Warm"
"B5",2020-07-01,20.5052083576389,"Warm"
"B5",2020-07-02,20.2389582743056,"Warm"
"B5",2020-07-03,19.9336457743056,"Warm"
"B5",2020-07-04,20.3239930173611,"Warm"
"B5",2020-07-05,20.8461805833333,"Warm"
"B5",2020-07-06,20.2796527638889,"Warm"
"B5",2020-07-07,20.7624305763889,"Warm"
"B5",2020-07-08,20.7958680833333,"Warm"
"B5",2020-07-09,20.6788193506944,"Warm"
"B5",2020-07-10,20.0228472256944,"Warm"
"B5",2020-07-11,20.1757986701389,"Warm"
"B5",2020-07-12,20.0463194131944,"Warm"
"B5",2020-07-13,20.3328124965278,"Warm"
"B5",2020-07-14,20.1464582708333,"Warm"
"B5",2020-07-15,20.1472220868056,"Warm"
"B5",2020-07-16,20.1497917743056,"Warm"
"B5",2020-07-17,20.2521528194444,"Warm"
"B5",2020-07-18,20.9593402395833,"Warm"
"B5",2020-07-19,21.4337846527778,"Warm"
"B5",2020-07-20,21.6627083611111,"Warm"
"B5",2020-07-21,21.6743055972222,"Warm"
"B5",2020-07-22,21.6894791736111,"Warm"
"B5",2020-07-23,21.3939236354167,"Warm"
"B5",2020-07-24,20.9408332222222,"Warm"
"B5",2020-07-25,21.2758333125,"Warm"
"B5",2020-07-26,22.8400347881944,"Warm"
"B5",2020-07-27,25.0712152395833,"Warm"
"B5",2020-07-28,21.2692014375,"Warm"
"B5",2020-07-29,20.6107986631944,"Warm"
"B5",2020-07-30,22.0464235381944,"Warm"
"B5",2020-07-31,22.2509028194444,"Warm"
"B5",2020-08-01,20.0127778263889,"Warm"
"B5",2020-08-02,19.8701736076389,"Warm"
"B5",2020-08-03,20.0200346770833,"Warm"
"B5",2020-08-04,20.0060764201389,"Warm"
"B5",2020-08-05,20.0818055520833,"Warm"
"B5",2020-08-06,20.7126042013889,"Warm"
"B5",2020-08-07,21.5130903506944,"Warm"
"B5",2020-08-08,21.7220139270833,"Warm"
"B5",2020-08-09,20.6594791736111,"Warm"
"B5",2020-08-10,20.2492360972222,"Warm"
"B5",2020-08-11,20.4424305555556,"Warm"
"B5",2020-08-12,20.8149999618056,"Warm"
"B5",2020-08-13,19.8315624652778,"Warm"
"B5",2020-08-14,20.2568402743056,"Warm"
"B5",2020-08-15,20.5217014722222,"Warm"
"B5",2020-08-16,19.8293054965278,"Warm"
"B5",2020-08-17,19.8303124305556,"Warm"
"B5",2020-08-18,20.101770875,"Warm"
"B5",2020-08-19,21.17496528125,"Warm"
"B5",2020-08-20,21.5137152847222,"Warm"
"B5",2020-08-21,21.2034722048611,"Warm"
"B5",2020-08-22,19.9750346076389,"Warm"
"B5",2020-08-23,20.2121526944444,"Warm"
"B5",2020-08-24,20.3738194166667,"Warm"
"B5",2020-08-25,20.6922222326389,"Warm"
"B5",2020-08-26,20.6622569027778,"Warm"
"B5",2020-08-27,20.836632125,"Warm"
"B5",2020-08-28,19.5615624965278,"Warm"
"B5",2020-08-29,18.8123263680556,"Warm"
"B5",2020-08-30,18.2413542361111,"Warm"
"B5",2020-08-31,18.9368402708333,"Warm"
"B5",2020-09-01,18.9569791423611,"Warm"
"B5",2020-09-02,20.0602083020833,"Warm"
"B5",2020-09-03,19.1649652708333,"Warm"
"B5",2020-09-04,19.8870138819444,"Warm"
"B5",2020-09-05,19.9695833298611,"Warm"
"B5",2020-09-06,20.0050694479167,"Warm"
"B5",2020-09-07,19.5426736319444,"Warm"
"B5",2020-09-08,18.9895486979167,"Warm"
"B5",2020-09-09,19.5012845902778,"Warm"
"B5",2020-09-10,20.1060069201389,"Warm"
"B5",2020-09-11,20.2557639131944,"Warm"
"B5",2020-09-12,20.1988541701389,"Warm"
"B5",2020-09-13,20.3294792048611,"Warm"
"B5",2020-09-14,20.5851042638889,"Warm"
"B5",2020-09-15,20.0722916875,"Warm"
"B5",2020-09-16,20.4023264826389,"Warm"
"B5",2020-09-17,20.4345485555556,"Warm"
"B5",2020-09-18,19.8251042534722,"Warm"
"B5",2020-09-19,20.0103819479167,"Warm"
"B5",2020-09-20,20.198055625,"Warm"
"B5",2020-09-21,20.0634721701389,"Warm"
"B5",2020-09-22,19.9275000520833,"Warm"
"B5",2020-09-23,19.3393055173611,"Warm"
"B5",2020-09-24,19.9860416423611,"Warm"
"B5",2020-09-25,16.7809028090278,"Warm"
"B5",2020-09-26,14.3834722222222,"Warm"
"B5",2020-09-27,13.8759027777778,"Warm"
"B5",2020-09-28,15.0659027881944,"Warm"
"B5",2020-09-29,18.1845833541667,"Warm"
"B5",2020-09-30,18.2893054965278,"Warm"
"B5",2020-10-01,17.7857291423611,"Warm"
"B5",2020-10-02,15.74739578125,"Warm"
"B5",2020-10-03,12.9769097222222,"Warm"
"B5",2020-10-04,13.2870833333333,"Warm"
"B5",2020-10-05,13.8532986527778,"Warm"
"B5",2020-10-06,15.3840972326389,"Warm"
"B5",2020-10-07,17.8562496840278,"Warm"
"B5",2020-10-08,18.4513195034722,"Warm"
"B5",2020-10-09,18.9803124305556,"Warm"
"B5",2020-10-10,19.13888896875,"Warm"
"B5",2020-10-11,15.7685416666667,"Warm"
"B5",2020-10-12,14.7506597118056,"Warm"
"B5",2020-10-13,14.7514930555556,"Warm"
"B5",2020-10-14,13.6379166666667,"Warm"
"B5",2020-10-15,11.9890972222222,"Warm"
"B5",2020-10-16,11.4502083333333,"Warm"
"B5",2020-10-17,12.7773611111111,"Warm"
"B5",2020-10-18,12.5759375,"Warm"
"B5",2020-10-19,12.9497916666667,"Warm"
"B5",2020-10-20,14.4725000243056,"Warm"
"B5",2020-10-21,18.2209027534722,"Warm"
"B5",2020-10-22,18.6605902430556,"Warm"
"B5",2020-10-23,18.1406598368056,"Warm"
"B5",2020-10-24,16.3184027569444,"Warm"
"B5",2020-10-25,14.8634375,"Warm"
"B5",2020-10-26,13.8453472222222,"Warm"
"B5",2020-10-27,13.1590625,"Warm"
"B5",2020-10-28,14.4836458333333,"Warm"
"B5",2020-10-29,15.1836805208333,"Warm"
"B5",2020-10-30,15.0462500590278,"Warm"
"B5",2020-10-31,14.9406944513889,"Warm"
"B5",2020-11-01,15.2103124652778,"Warm"
"B5",2020-11-02,16.3705209097222,"Warm"
"B5",2020-11-03,16.4033333333333,"Warm"
"B5",2020-11-04,13.7628125,"Warm"
"B5",2020-11-05,12.1396527777778,"Warm"
"B5",2020-11-06,13.6957638888889,"Warm"
"B5",2020-11-07,15.2895486354167,"Warm"
"B5",2020-11-08,15.4011459166667,"Warm"
"B5",2020-11-09,14.3340972222222,"Warm"
"B5",2020-11-10,14.2204513888889,"Warm"
"B5",2020-11-11,12.8884027777778,"Warm"
"B5",2020-11-12,13.1319444444444,"Warm"
"B5",2020-11-13,13.3684027777778,"Warm"
"B5",2020-11-14,13.0465625,"Warm"
"B5",2020-11-15,13.2314930555556,"Warm"
"B5",2020-11-16,14.2489583333333,"Warm"
"B5",2020-11-17,12.8778819444444,"Warm"
"B5",2020-11-18,13.2087152777778,"Warm"
"B5",2020-11-19,13.0009722222222,"Warm"
"B5",2020-11-20,12.2621180555556,"Warm"
"B5",2020-11-21,9.95954861111111,"Warm"
"B5",2020-11-22,8.50017361111111,"Warm"
"B5",2020-11-23,8.34135416666667,"Warm"
"B5",2020-11-24,8.45090277777778,"Warm"
"B5",2020-11-25,8.72868055555556,"Warm"
"B5",2020-11-26,8.91045138888889,"Warm"
"B5",2020-11-27,10.0424652777778,"Warm"
"B5",2020-11-28,10.0110069444444,"Warm"
"B5",2020-11-29,9.95743055555556,"Warm"
"B5",2020-11-30,10.3579861111111,"Warm"
"B5",2020-12-01,9.98680555555556,"Warm"
"B5",2020-12-02,8.70243055555556,"Warm"
"B5",2020-12-03,7.48538194444444,"Warm"
"B5",2020-12-04,7.53708333333333,"Warm"
"B5",2020-12-05,6.77020833333333,"Warm"
"B5",2020-12-06,6.93135416666667,"Warm"
"B5",2020-12-07,6.95420138888889,"Warm"
"B5",2020-12-08,7.0946875,"Warm"
"B5",2020-12-09,7.08920138888889,"Warm"
"B5",2020-12-10,7.17486111111111,"Warm"
"B5",2020-12-11,8.179375,"Warm"
"B5",2020-12-12,9.55194444444444,"Warm"
"B5",2020-12-13,9.13350694444444,"Warm"
"B5",2020-12-14,10.2399305555556,"Warm"
"B5",2020-12-15,10.4418055555556,"Warm"
"B5",2020-12-16,8.62972222222222,"Warm"
"B5",2020-12-17,7.55774305555556,"Warm"
"B5",2020-12-18,7.61239583333333,"Warm"
"B5",2020-12-19,8.13986111111111,"Warm"
"B5",2020-12-20,9.00079861111111,"Warm"
"B5",2020-12-21,8.59684027777778,"Warm"
"B5",2020-12-22,10.3039583333333,"Warm"
"B5",2020-12-23,11.0044444444444,"Warm"
"B5",2020-12-24,11.3184027777778,"Warm"
"B5",2020-12-25,8.68006944444445,"Warm"
"B5",2020-12-26,6.45756944444444,"Warm"
"B5",2020-12-27,4.96177083333333,"Warm"
"B5",2020-12-28,5.43493055555556,"Warm"
"B5",2020-12-29,5.77916666666667,"Warm"
"B5",2020-12-30,6.13576388888889,"Warm"
"B5",2020-12-31,6.34142361111111,"Warm"
"B5",2021-01-01,7.1990625,"Warm"
"B5",2021-01-02,6.69930555555556,"Warm"
"B5",2021-01-03,5.61600694444444,"Warm"
"B5",2021-01-04,5.41038194444444,"Warm"
"B5",2021-01-05,5.32430555555556,"Warm"
"B5",2021-01-06,4.93916666666667,"Warm"
"B5",2021-01-07,7.22302083333333,"Warm"
"B5",2021-01-08,11.2941666666667,"Warm"
"B5",2021-01-09,4.58420138888889,"Warm"
"B5",2021-01-10,3.01854166666667,"Warm"
"B5",2021-01-11,3.01475694444444,"Warm"
"B5",2021-01-12,3.18111111111111,"Warm"
"B5",2021-01-13,3.53444444444444,"Warm"
"B5",2021-01-14,5.1109375,"Warm"
"B5",2021-01-15,7.55392361111111,"Warm"
"B5",2021-01-16,7.12753472222222,"Warm"
"B5",2021-01-17,7.53524305555556,"Warm"
"B5",2021-01-18,8.18722222222222,"Warm"
"B5",2021-01-19,7.20777777777778,"Warm"
"B5",2021-01-20,7.67194444444444,"Warm"
"B5",2021-01-21,8.92659722222222,"Warm"
"B5",2021-01-22,9.11142361111111,"Warm"
"B5",2021-01-23,8.06121527777778,"Warm"
"B5",2021-01-24,8.24923611111111,"Warm"
"B5",2021-01-25,8.40371527777778,"Warm"
"B5",2021-01-26,8.02350694444444,"Warm"
"B5",2021-01-27,9.9359375,"Warm"
"B5",2021-01-28,12.3229166666667,"Warm"
"B5",2021-01-29,12.3361111111111,"Warm"
"B5",2021-01-30,11.5746875,"Warm"
"B5",2021-01-31,11.0186458333333,"Warm"
"B5",2021-02-01,11.5094791666667,"Warm"
"B5",2021-02-02,12.7912152777778,"Warm"
"B5",2021-02-03,13.1321527777778,"Warm"
"B5",2021-02-04,13.4108333333333,"Warm"
"B5",2021-02-05,13.9671527777778,"Warm"
"B5",2021-02-06,13.3196180555556,"Warm"
"B5",2021-02-07,12.3285069444444,"Warm"
"B5",2021-02-08,10.685,"Warm"
"B5",2021-02-09,9.73868525896414,"Warm"
"B5",2021-02-10,9.03994594594595,"Warm"
"B5",2021-02-13,10.9730827067669,"Warm"
"B5",2021-02-14,10.6517361111111,"Warm"
"B5",2021-02-15,10.4291666666667,"Warm"
"B5",2021-02-16,11.2927430555556,"Warm"
"B5",2021-02-17,12.8860278745645,"Warm"
"B5",2021-02-18,12.8410069444444,"Warm"
"B5",2021-02-19,12.5932986111111,"Warm"
"B5",2021-02-20,12.5774305555556,"Warm"
"B5",2021-02-21,12.8408333333333,"Warm"
"B5",2021-02-22,12.7554166666667,"Warm"
"B5",2021-02-23,12.9211458333333,"Warm"
"B5",2021-02-24,14.0189582916667,"Warm"
"B5",2021-02-25,13.8787847222222,"Warm"
"B5",2021-02-26,13.8699305555556,"Warm"
"B5",2021-02-27,14.6439930555556,"Warm"
"B5",2021-02-28,13.8812847222222,"Warm"
"B5",2021-03-01,12.7867361111111,"Warm"
"B5",2021-03-02,12.629375,"Warm"
"B5",2021-03-03,12.5993055555556,"Warm"
"B5",2021-03-04,13.3379513888889,"Warm"
"B5",2021-03-05,14.4219097222222,"Warm"
"B5",2021-03-06,13.2536458333333,"Warm"
"B5",2021-03-07,11.8494444444444,"Warm"
"B5",2021-03-08,11.5185416666667,"Warm"
"B5",2021-03-09,10.9359027777778,"Warm"
"B5",2021-03-10,10.4411458333333,"Warm"
"B5",2021-03-11,13.0814930555556,"Warm"
"B5",2021-03-12,14.011875,"Warm"
"B5",2021-03-13,11.9890972222222,"Warm"
"B5",2021-03-14,11.8609375,"Warm"
"B5",2021-03-15,10.6403819444444,"Warm"
"B5",2021-03-16,11.5263194444444,"Warm"
"B5",2021-03-17,12.9206944444444,"Warm"
"B5",2021-03-18,12.4129166666667,"Warm"
"B5",2021-03-19,9.94357638888889,"Warm"
"B5",2021-03-20,8.53454861111111,"Warm"
"B5",2021-03-21,8.37923611111111,"Warm"
"B5",2021-03-22,11.0362152777778,"Warm"
"B5",2021-03-23,12.3287847222222,"Warm"
"B5",2021-03-24,13.2761805625,"Warm"
"B5",2021-03-25,14.4686805347222,"Warm"
"B5",2021-03-26,14.4635416701389,"Warm"
"B5",2021-03-27,14.8739236111111,"Warm"
"B5",2021-03-28,14.2703471666667,"Warm"
"B5",2021-03-29,16.2559722708333,"Warm"
"B5",2021-03-30,17.8112847326389,"Warm"
"B5",2021-03-31,18.8595833402778,"Warm"
"B5",2021-04-01,18.93152778125,"Warm"
"B5",2021-04-02,18.8131944513889,"Warm"
"B5",2021-04-03,18.3307639479167,"Warm"
"B5",2021-04-04,17.1079862013889,"Warm"
"B5",2021-04-05,16.4214583576389,"Warm"
"B5",2021-04-06,16.4885416701389,"Warm"
"B5",2021-04-07,14.9308333194444,"Warm"
"B5",2021-04-08,13.9226388888889,"Warm"
"B5",2021-04-09,14.9308681180556,"Warm"
"B5",2021-04-10,14.7411805277778,"Warm"
"B5",2021-04-11,13.6037152777778,"Warm"
"B5",2021-04-12,13.1603472222222,"Warm"
"B5",2021-04-13,13.9259028125,"Warm"
"B5",2021-04-14,14.0974999791667,"Warm"
"B5",2021-04-15,14.5410416840278,"Warm"
"B5",2021-04-16,14.5722568888889,"Warm"
"B5",2021-04-17,14.0347916666667,"Warm"
"B5",2021-04-18,13.8852777777778,"Warm"
"B5",2021-04-19,14.9130208680556,"Warm"
"B5",2021-04-20,15.9322569270833,"Warm"
"B5",2021-04-21,15.7821180520833,"Warm"
"B5",2021-04-22,16.4926041631944,"Warm"
"B5",2021-04-23,17.3462499722222,"Warm"
"B5",2021-04-24,19.0631250138889,"Warm"
"B5",2021-04-25,19.3027777222222,"Warm"
"B5",2021-04-26,17.7872570138889,"Warm"
"B5",2021-04-27,16.9114583194444,"Warm"
"B5",2021-04-28,16.4462846875,"Warm"
"B5",2021-04-29,15.2573611041667,"Warm"
"B5",2021-04-30,14.3771527777778,"Warm"
"B5",2021-05-01,13.563125,"Warm"
"B5",2021-05-02,13.6547916666667,"Warm"
"B5",2021-05-03,14.6521874895833,"Warm"
"B5",2021-05-04,16.9498610173611,"Warm"
"B5",2021-05-05,18.8642361423611,"Warm"
"B5",2021-05-06,18.3281597326389,"Warm"
"B5",2021-05-07,19.7947569722222,"Warm"
"B5",2021-05-08,21.3459722118056,"Warm"
"B5",2021-05-09,22.4404514305556,"Warm"
"B5",2021-05-10,21.0188193888889,"Warm"
"B5",2021-05-11,18.5291666388889,"Warm"
"B5",2021-05-12,16.5427431111111,"Warm"
"B5",2021-05-13,17.079826375,"Warm"
"B5",2021-05-14,17.9353819722222,"Warm"
"B5",2021-05-15,18.0989583333333,"Warm"
"B5",2021-05-16,18.3197222013889,"Warm"
"B5",2021-05-17,18.0201388958333,"Warm"
"B5",2021-05-18,18.6373610555556,"Warm"
"B5",2021-05-19,19.31291671875,"Warm"
"B5",2021-05-20,20.78420140625,"Warm"
"B5",2021-05-21,20.9257985868056,"Warm"
"B5",2021-05-22,19.3878125069444,"Warm"
"B5",2021-05-23,17.1927776527778,"Warm"
"B5",2021-05-24,15.8287846805556,"Warm"
"B5",2021-05-25,14.9077430555556,"Warm"
"B5",2021-05-26,17.1621874479167,"Warm"
"B5",2021-05-27,19.8357986597222,"Warm"
"B5",2021-05-28,21.5903472256944,"Warm"
"B5",2021-05-29,21.7038194513889,"Warm"
"B5",2021-05-30,23.4968403541667,"Warm"
"B5",2021-05-31,23.9770486076389,"Warm"
"B5",2021-06-01,24.5329861319444,"Warm"
"B5",2021-06-02,23.1454166388889,"Warm"
"B5",2021-06-03,23.7163889895833,"Warm"
"B5",2021-06-04,23.053923625,"Warm"
"B5",2021-06-05,21.8833333333333,"Warm"
"B5",2021-06-06,23.3131598645833,"Warm"
"B5",2021-06-07,23.4079513819444,"Warm"
"B5",2021-06-08,22.5980555069444,"Warm"
"B5",2021-06-09,22.8026388194444,"Warm"
"B5",2021-06-10,23.6721527430556,"Warm"
"B5",2021-06-11,22.8208332881944,"Warm"
"B5",2021-06-12,23.1020485138889,"Warm"
"B5",2021-06-13,23.9527430763889,"Warm"
"B5",2021-06-14,23.7941319513889,"Warm"
"B5",2021-06-15,23.5308680208333,"Warm"
"B5",2021-06-16,23.4112846701389,"Warm"
"B5",2021-06-17,22.4364583576389,"Warm"
"B5",2021-06-18,22.1305556041667,"Warm"
"B5",2021-06-19,23.1848958229167,"Warm"
"B5",2021-06-20,22.9558680972222,"Warm"
"B5",2021-06-21,22.2341319340278,"Warm"
"B5",2021-06-22,21.9092707569444,"Warm"
"B5",2021-06-23,20.5739930069444,"Warm"
"B5",2021-06-24,20.0482638645833,"Warm"
"B5",2021-06-25,22.2802430381944,"Warm"
"B5",2021-06-26,23.0067360868056,"Warm"
"B5",2021-06-27,22.2026734513889,"Warm"
"B5",2021-06-28,21.3825694965278,"Warm"
"B5",2021-06-29,21.57017359375,"Warm"
"B5",2021-06-30,22.2944445104167,"Warm"
"B5",2021-07-01,22.9602083402778,"Warm"
"B5",2021-07-02,23.0741319131944,"Warm"
"B5",2021-07-03,20.79263890625,"Warm"
"B5",2021-07-04,20.2479860138889,"Warm"
"B5",2021-07-05,21.13770840625,"Warm"
"B5",2021-07-06,20.5136805590278,"Warm"
"B5",2021-07-07,20.2375346666667,"Warm"
"B5",2021-07-08,19.8590625590278,"Warm"
"B5",2021-07-09,20.9183679965278,"Warm"
"B5",2021-07-10,20.1339235659722,"Warm"
"B5",2021-07-11,21.0342013194444,"Warm"
"B5",2021-07-12,20.1965625486111,"Warm"
"B5",2021-07-13,19.0569444444444,"Warm"
"B5",2021-07-14,19.64059015625,"Warm"
"B5",2021-07-15,19.9522917916667,"Warm"
"B5",2021-07-16,19.7715277708333,"Warm"
"B5",2021-07-17,20.83222221875,"Warm"
"B5",2021-07-18,21.0837152881944,"Warm"
"B5",2021-07-19,21.6074821843972,"Warm"
"B5",2021-07-20,21.3459027534722,"Warm"
"B5",2021-07-21,21.3233681076389,"Warm"
"B5",2021-07-22,21.9914930208333,"Warm"
"B5",2021-07-23,21.6541320520833,"Warm"
"B5",2021-07-24,20.17906246875,"Warm"
"B5",2021-07-25,20.0111805833333,"Warm"
"B5",2021-07-26,20.1088195520833,"Warm"
"B5",2021-07-27,20.0561806145833,"Warm"
"B5",2021-07-28,20.1263158070175,"Warm"
"B5",2021-07-29,20.6790277777778,"Warm"
"B5",2021-07-30,20.0806596909722,"Warm"
"B5",2021-07-31,19.6965625208333,"Warm"
"B5",2021-08-01,19.3660416006944,"Warm"
"B5",2021-08-02,19.9071526944444,"Warm"
"B5",2021-08-03,20.0469852867647,"Warm"
"B5",2021-08-04,20.3439236979167,"Warm"
"B5",2021-08-05,20.5247223159722,"Warm"
"B5",2021-08-06,20.1338541006944,"Warm"
"B5",2021-08-07,19.9581945034722,"Warm"
"B5",2021-08-08,19.6888542395833,"Warm"
"B5",2021-08-09,20.2238194583333,"Warm"
"B5",2021-08-10,21.3726735972222,"Warm"
"B5",2021-08-11,22.0948610798611,"Warm"
"B5",2021-08-12,22.36340278125,"Warm"
"B5",2021-08-13,21.6353818645833,"Warm"
"B5",2021-08-14,21.8152082638889,"Warm"
"B5",2021-08-15,20.6380556076389,"Warm"
"B5",2021-08-16,19.9877777361111,"Warm"
"B5",2021-08-17,19.9395833645833,"Warm"
"B5",2021-08-18,19.8431249097222,"Warm"
"B5",2021-08-19,19.8594097569444,"Warm"
"B5",2021-08-20,20.89770821875,"Warm"
"B5",2021-08-21,20.4011804861111,"Warm"
"B5",2021-08-22,19.9171526006944,"Warm"
"B5",2021-08-23,20.13440975,"Warm"
"B5",2021-08-24,20.0549999201389,"Warm"
"B5",2021-08-25,20.2759374305556,"Warm"
"B5",2021-08-26,20.8264236180556,"Warm"
"B5",2021-08-27,20.75465275,"Warm"
"B5",2021-08-28,20.0744096805556,"Warm"
"B5",2021-08-29,19.83607634375,"Warm"
"B5",2021-08-30,19.6945486527778,"Warm"
"B5",2021-08-31,20.30777775,"Warm"
"B5",2021-09-01,19.8449654409722,"Warm"
"B5",2021-09-02,19.8143403680556,"Warm"
"B5",2021-09-03,20.2673264409722,"Warm"
"B5",2021-09-04,20.6417361388889,"Warm"
"B5",2021-09-05,20.7656250798611,"Warm"
"B5",2021-09-13,20.6803999885714,"Warm"
"B5",2021-09-14,20.0952431180556,"Warm"
"B5",2021-09-15,20.2612847673611,"Warm"
"B5",2021-09-16,20.0720138298611,"Warm"
"B5",2021-09-17,20.2968750104167,"Warm"
"B5",2021-09-18,19.8579860451389,"Warm"
"B5",2021-09-19,18.9031596180556,"Warm"
"B5",2021-09-20,19.6230556493056,"Warm"
"B5",2021-09-21,17.6046179548611,"Warm"
"B5",2021-09-22,17.7271181458333,"Warm"
"B5",2021-09-23,20.05697915625,"Warm"
"B5",2021-09-24,19.8322222881944,"Warm"
"B5",2021-09-25,20.0378819513889,"Warm"
"B5",2021-09-26,19.8164583819444,"Warm"
"B5",2021-09-27,19.6318055729167,"Warm"
"B5",2021-09-28,19.75194440625,"Warm"
"B5",2021-09-29,19.9112846979167,"Warm"
"B5",2021-09-30,19.8290277951389,"Warm"
"B5",2021-10-01,18.8285070138889,"Warm"
"B5",2021-10-02,19.4393749548611,"Warm"
"B5",2021-10-03,19.4602081840278,"Warm"
"B5",2021-10-04,17.8289235347222,"Warm"
"B5",2021-10-05,16.7050347152778,"Warm"
"B5",2021-10-06,17.3856944583333,"Warm"
"B5",2021-10-07,17.7679860798611,"Warm"
"B5",2021-10-08,17.0065624826389,"Warm"
"B5",2021-10-09,18.0772222291667,"Warm"
"B5",2021-10-10,19.0164235902778,"Warm"
"B5",2021-10-11,18.2907638958333,"Warm"
"B5",2021-10-12,16.3880555,"Warm"
"B5",2021-10-13,15.6468749722222,"Warm"
"B5",2021-10-14,14.9427430763889,"Warm"
"B5",2021-10-15,14.8002430833333,"Warm"
"B5",2021-10-16,16.3721527916667,"Warm"
"B5",2021-10-17,15.7017013506944,"Warm"
"B5",2021-10-18,15.9572916770833,"Warm"
"B5",2021-10-19,16.9463194895833,"Warm"
"B5",2021-10-20,18.08888878125,"Warm"
"B5",2021-10-21,18.57840271875,"Warm"
"B5",2021-10-22,17.0103820034722,"Warm"
"B5",2021-10-23,16.6809028194444,"Warm"
"B5",2021-10-24,14.5467361006944,"Warm"
"B5",2021-10-25,13.5099305555556,"Warm"
"B5",2021-10-26,14.1946875,"Warm"
"B5",2021-10-27,14.3034027777778,"Warm"
"B5",2021-10-28,14.0456597222222,"Warm"
"B5",2021-10-29,14.0786458333333,"Warm"
"B5",2021-10-30,15.2898611215278,"Warm"
"B5",2021-10-31,16.7067332966667,"Warm"
"B5",2021-11-01,16.3400346215278,"Warm"
"B5",2021-11-02,14.5462152777778,"Warm"
"B5",2021-11-03,13.763125,"Warm"
"B5",2021-11-04,11.8048958333333,"Warm"
"B5",2021-11-05,10.7526388888889,"Warm"
"B5",2021-11-06,9.25076388888889,"Warm"
"B5",2021-11-07,8.65409722222222,"Warm"
"B5",2021-11-08,10.7470138888889,"Warm"
"B5",2021-11-09,10.9929861111111,"Warm"
"B5",2021-11-10,9.33319444444444,"Warm"
"B5",2021-11-11,9.98635416666667,"Warm"
"B5",2021-11-12,10.8380902777778,"Warm"
"B5",2021-11-13,12.0880208333333,"Warm"
"B5",2021-11-14,12.2910069444444,"Warm"
"B5",2021-11-15,11.1848611111111,"Warm"
"B5",2021-11-16,10.7114930555556,"Warm"
"B5",2021-11-17,10.1702777777778,"Warm"
"B5",2021-11-18,9.76934027777778,"Warm"
"B5",2021-11-19,9.14125,"Warm"
"B5",2021-11-20,8.74628472222222,"Warm"
"B5",2021-11-21,9.46465277777778,"Warm"
"B5",2021-11-22,10.3785763888889,"Warm"
"B5",2021-11-23,9.77666666666667,"Warm"
"B5",2021-11-24,9.44121527777778,"Warm"
"B5",2021-11-25,9.7259375,"Warm"
"B5",2021-11-26,9.52236111111111,"Warm"
"B5",2021-11-27,8.21576388888889,"Warm"
"B5",2021-11-28,6.93236111111111,"Warm"
"B5",2021-11-29,5.92958333333333,"Warm"
"B5",2021-11-30,6.12857638888889,"Warm"
"B5",2021-12-01,6.47541666666667,"Warm"
"B5",2021-12-02,7.28628472222222,"Warm"
"B5",2021-12-03,6.85680555555556,"Warm"
"B5",2021-12-04,7.62663194444444,"Warm"
"B5",2021-12-05,7.45895833333333,"Warm"
"B5",2021-12-13,8.70230337078652,"Warm"
"B5",2021-12-14,8.13139240506329,"Warm"
"B5",2021-12-21,6.91271028037383,"Warm"
"B5",2021-12-22,8.65961805555555,"Warm"
"B5",2021-12-23,9.25673611111111,"Warm"
"B5",2021-12-24,10.0035416666667,"Warm"
"B5",2021-12-25,10.5918402777778,"Warm"
"B5",2021-12-26,10.3710763888889,"Warm"
"B5",2021-12-27,10.8876388888889,"Warm"
"B5",2021-12-28,11.58125,"Warm"
"B5",2021-12-29,13.2635416666667,"Warm"
"B5",2021-12-30,13.9504861111111,"Warm"
"B5",2021-12-31,12.6519791666667,"Warm"
"B5",2022-01-01,12.0698958333333,"Warm"
"B5",2022-01-02,11.8001041666667,"Warm"
"B5",2022-01-03,11.4489583333333,"Warm"
"B5",2022-01-04,11.4151041666667,"Warm"
"B5",2022-01-05,10.6882986111111,"Warm"
"B5",2022-01-06,8.18256944444444,"Warm"
"B5",2022-01-07,6.06444444444444,"Warm"
"B5",2022-01-08,6.73993055555556,"Warm"
"B5",2022-01-09,8.31993055555556,"Warm"
"B5",2022-01-18,6.86464285714286,"Warm"
"B5",2022-01-19,5.98864583333333,"Warm"
"B5",2022-01-20,6.65319444444444,"Warm"
"B5",2022-01-21,6.76267361111111,"Warm"
"B5",2022-01-22,5.91409722222222,"Warm"
"B5",2022-01-23,5.85524305555556,"Warm"
"B5",2022-01-24,6.30663194444444,"Warm"
"B5",2022-01-25,6.73333333333333,"Warm"
"B5",2022-01-26,7.045625,"Warm"
"B5",2022-01-27,7.12104166666667,"Warm"
"B5",2022-01-28,6.67545138888889,"Warm"
"B5",2022-01-29,6.44076388888889,"Warm"
"B5",2022-01-30,7.07770833333333,"Warm"
"B5",2022-01-31,7.33371527777778,"Warm"
"B5",2022-02-01,7.87520833333333,"Warm"
"B5",2022-02-02,8.33447916666667,"Warm"
"B5",2022-02-03,8.85774305555556,"Warm"
"B5",2022-02-04,9.65354166666667,"Warm"
"B5",2022-02-05,10.46,"Warm"
"B5",2022-02-06,9.01107638888889,"Warm"
"B5",2022-02-07,8.83427083333333,"Warm"
"B5",2022-02-08,10.5879513888889,"Warm"
"B5",2022-02-09,10.7424652777778,"Warm"
"B5",2022-02-10,10.9259375,"Warm"
"B5",2022-02-11,11.0651041666667,"Warm"
"B5",2022-02-12,10.8122569444444,"Warm"
"B5",2022-02-13,11.1867361111111,"Warm"
"B5",2022-02-14,11.6384375,"Warm"
"B5",2022-02-15,10.7178125,"Warm"
"B5",2022-02-16,10.7776736111111,"Warm"
"B5",2022-02-17,11.9044339622642,"Warm"
"B5",2022-02-18,14.9546575342466,"Warm"
"B5",2022-02-19,12.7407986111111,"Warm"
"B5",2022-02-20,10.925625,"Warm"
"B5",2022-02-21,12.0340625,"Warm"
"B5",2022-02-22,12.1795486111111,"Warm"
"B5",2022-02-23,11.7314930555556,"Warm"
"B5",2022-02-24,11.9767132867133,"Warm"
"B5",2022-02-25,11.9853819444444,"Warm"
"B5",2022-02-26,10.1900694444444,"Warm"
"B5",2022-02-27,9.68920138888889,"Warm"
"B5",2022-02-28,11.5394444444444,"Warm"
"B5",2022-03-01,11.7189236111111,"Warm"
"B5",2022-03-02,11.4548837209302,"Warm"
"B5",2022-03-04,12.1939603960396,"Warm"
"B5",2022-03-05,11.3302083333333,"Warm"
"B5",2022-03-06,10.7416666666667,"Warm"
"B5",2022-03-07,11.2093402777778,"Warm"
"B5",2022-03-08,10.7220486111111,"Warm"
"B5",2022-03-09,11.2509375,"Warm"
"B5",2022-03-10,12.0969791666667,"Warm"
"B5",2022-03-11,12.0657291666667,"Warm"
"B5",2022-03-12,12.6546875,"Warm"
"B5",2022-03-13,11.3322222222222,"Warm"
"B5",2022-03-14,9.66927083333333,"Warm"
"B5",2022-03-15,11.3540972222222,"Warm"
"B5",2022-03-16,12.7895833333333,"Warm"
"B5",2022-03-17,13.4407638888889,"Warm"
"B5",2022-03-18,12.6844097222222,"Warm"
"B5",2022-03-19,12.5777430555556,"Warm"
"B5",2022-03-20,13.7751736111111,"Warm"
"B5",2022-03-21,15.5416418308458,"Warm"
"B5",2022-03-22,14.9268749826389,"Warm"
"B5",2022-03-23,14.6696180763889,"Warm"
"B5",2022-03-24,14.5143402916667,"Warm"
"B5",2022-03-25,15.2211805833333,"Warm"
"B5",2022-03-26,15.6471180416667,"Warm"
"B5",2022-03-27,15.3319202608696,"Warm"
"B5",2022-03-28,15.5584027951389,"Warm"
"B5",2022-03-29,15.9824999826389,"Warm"
"B5",2022-03-30,15.4383680625,"Warm"
"B5",2022-03-31,13.3921180555556,"Warm"
"B5",2022-04-01,10.3843055555556,"Warm"
"B5",2022-04-02,7.63697916666667,"Warm"
"B5",2022-04-03,7.20875,"Warm"
"B5",2022-04-04,8.81597222222222,"Warm"
"B5",2022-04-05,10.2277777777778,"Warm"
"B5",2022-04-06,11.3048263888889,"Warm"
"B5",2022-04-07,12.7320486111111,"Warm"
"B5",2022-04-08,15.8012500486111,"Warm"
"B5",2022-04-09,15.8267708472222,"Warm"
"B5",2022-04-10,14.7776041111111,"Warm"
"B5",2022-04-11,16.1289583611111,"Warm"
"B5",2022-04-12,16.6384374895833,"Warm"
"B5",2022-04-13,16.4285763680556,"Warm"
"B5",2022-04-14,16.5124305416667,"Warm"
"B5",2022-04-15,17.9903472118056,"Warm"
"B5",2022-04-16,19.7254514097222,"Warm"
"B5",2022-04-17,19.8845486319444,"Warm"
"B5",2022-04-18,20.4329861736111,"Warm"
"B5",2022-04-19,18.4029514166667,"Warm"
"B5",2022-04-20,14.9376041597222,"Warm"
"B5",2022-04-21,14.0934722222222,"Warm"
"B5",2022-04-22,14.4684722847222,"Warm"
"B5",2022-04-23,14.8377777777778,"Warm"
"B5",2022-04-24,14.8491319756944,"Warm"
"B5",2022-04-25,15.9809722534722,"Warm"
"B5",2022-04-26,17.6951042465278,"Warm"
"B5",2022-04-27,18.7482292534722,"Warm"
"B5",2022-04-28,18.6747221388889,"Warm"
"B5",2022-04-29,19.4264583263889,"Warm"
"B5",2022-04-30,20.5005903611111,"Warm"
"B5",2022-05-01,19.8338541527778,"Warm"
"B5",2022-05-02,19.1087498923611,"Warm"
"B5",2022-05-03,17.7814582534722,"Warm"
"B5",2022-05-04,16.8680207291667,"Warm"
"B5",2022-05-05,16.4166320069444,"Warm"
"B5",2022-05-06,17.0790624791667,"Warm"
"B5",2022-05-07,18.7763195659722,"Warm"
"B5",2022-05-08,19.9833679236111,"Warm"
"B5",2022-05-09,20.4857638854167,"Warm"
"B5",2022-05-10,22.2363541701389,"Warm"
"B5",2022-05-11,23.7895486076389,"Warm"
"B5",2022-05-12,24.3428820173611,"Warm"
"B5",2022-05-13,24.4196182430556,"Warm"
"B5",2022-05-14,24.8026389340278,"Warm"
"B5",2022-05-15,25.5632291979167,"Warm"
"B5",2022-05-16,26.6875694618056,"Warm"
"B5",2022-05-17,26.5138541805556,"Warm"
"B5",2022-05-18,27.6965277881944,"Warm"
"B5",2022-05-19,27.5742707465278,"Warm"
"B5",2022-05-20,27.9630556354167,"Warm"
"B5",2022-05-21,28.9446875,"Warm"
"B5",2022-05-22,27.6316665763889,"Warm"
"B5",2022-05-23,24.4802356556604,"Warm"
"B5",2022-05-24,21.6249273768116,"Warm"
"B5",2022-05-25,18.9236841315789,"Warm"
"B5",2022-05-26,18.6910416493056,"Warm"
"B5",2022-05-27,20.7182291180556,"Warm"
"B5",2022-05-28,23.0853472013889,"Warm"
"B5",2022-05-29,24.5938195347222,"Warm"
"B5",2022-05-30,23.5384375208333,"Warm"
"B5",2022-05-31,24.1194444583333,"Warm"
"B5",2022-06-01,24.9774306388889,"Warm"
"B5",2022-06-02,26.91092002,"Warm"
"B5",2022-06-05,26.4203821019108,"Warm"
"B5",2022-06-06,23.9620485833333,"Warm"
"B5",2022-06-07,23.7021874270833,"Warm"
"B5",2022-06-08,22.4079860347222,"Warm"
"B5",2022-06-09,22.4224653368056,"Warm"
"B5",2022-06-10,23.5956597291667,"Warm"
"B5",2022-06-11,25.5853125104167,"Warm"
"B5",2022-06-12,27.01586803125,"Warm"
"B5",2022-06-20,31.5068243445946,"Warm"
"B5",2022-06-21,27.886602923445,"Warm"
"B5",2022-06-22,27.032976125,"Warm"
"B5",2022-06-23,25.7246527430556,"Warm"
"B5",2022-06-24,25.0121527430556,"Warm"
"B5",2022-06-25,23.4115971666667,"Warm"
"B5",2022-06-26,21.9961110243056,"Warm"
"B5",2022-06-27,19.8707987048611,"Warm"
"B5",2022-06-28,20.9414999821429,"Warm"
"B5",2022-06-29,26.7826665666667,"Warm"
"B5",2022-06-30,24.2625556222222,"Warm"
"B5",2022-07-01,21.652385922807,"Warm"
"B5",2022-07-02,23.0463541979167,"Warm"
"B5",2022-07-03,25.7800695034722,"Warm"
"B5",2022-07-18,30.8941024935897,"Warm"
"B5",2022-07-19,28.6995818606272,"Warm"
"B5",2022-07-20,28.1896526631944,"Warm"
"B5",2022-07-21,28.4948264097222,"Warm"
"B5",2022-07-22,27.48055559375,"Warm"
"B5",2022-07-23,25.3758333506944,"Warm"
"B5",2022-07-24,26.04083334375,"Warm"
"B5",2022-07-25,27.2302940784314,"Warm"
"B5",2022-07-26,24.5947023690476,"Warm"
"B5",2022-07-27,23.6297917465278,"Warm"
"B5",2022-07-28,24.5743015147059,"Warm"
"B5",2022-07-29,23.7536111770833,"Warm"
"B5",2022-07-30,22.5878464479167,"Warm"
"B5",2022-07-31,26.8635410138889,"Warm"
"B5",2022-08-01,28.0072951229508,"Warm"
"B5",2022-08-02,26.5229161215278,"Warm"
"B5",2022-08-03,26.7602769097222,"Warm"
"B5",2022-08-04,28.6726393993056,"Warm"
"B5",2022-08-05,28.2710069270833,"Warm"
"B5",2022-08-06,28.4373263993056,"Warm"
"B5",2022-08-07,28.1457291840278,"Warm"
"B5",2022-08-08,28.1960176725664,"Warm"
"B5",2022-08-09,27.2777041173469,"Warm"
"B5",2022-08-10,28.1153472361111,"Warm"
"B5",2022-08-11,28.0167708854167,"Warm"
"B5",2022-08-12,28.6071875486111,"Warm"
"B5",2022-08-13,28.8314930243056,"Warm"
"B5",2022-08-14,27.1371180798611,"Warm"
"B5",2022-08-15,25.9230379620253,"Warm"
"B5",2022-08-16,24.0662275508982,"Warm"
"B5",2022-08-17,22.9253415962733,"Warm"
"B5",2022-08-18,21.2565972534722,"Warm"
"B5",2022-08-19,22.8747221527778,"Warm"
"B5",2022-08-20,23.8196527604167,"Warm"
"B5",2022-08-21,24.6518403611111,"Warm"
"B5",2022-08-22,24.9831222953587,"Warm"
"B5",2022-08-23,26.1709722430556,"Warm"
"B5",2022-08-24,26.7062500069444,"Warm"
"B5",2022-08-25,27.2412499826389,"Warm"
"B5",2022-08-26,24.3825346597222,"Warm"
"B5",2022-08-27,24.2629167048611,"Warm"
"B5",2022-08-28,25.5067708506944,"Warm"
"B5",2022-08-30,25.4072352941176,"Warm"
"B5",2022-08-31,24.3651042395833,"Warm"
"B5",2022-09-01,23.7036458923611,"Warm"
"B5",2022-09-02,24.1418749513889,"Warm"
"B5",2022-09-03,23.8904514305556,"Warm"
"B5",2022-09-04,23.5929166180556,"Warm"
"B5",2022-09-05,23.7026388333333,"Warm"
"B5",2022-09-06,24.6716319027778,"Warm"
"B5",2022-09-07,24.8697917118056,"Warm"
"B5",2022-09-08,23.0905207638889,"Warm"
"B5",2022-09-09,21.5634374756944,"Warm"
"B5",2022-09-10,20.3633333333333,"Warm"
"B5",2022-09-11,22.2874652986111,"Warm"
"B5",2022-09-12,23.0349305694444,"Warm"
"B5",2022-09-13,24.0841666180556,"Warm"
"B5",2022-09-14,24.1441666319444,"Warm"
"B5",2022-09-15,23.5394791736111,"Warm"
"B5",2022-09-16,22.2904165486111,"Warm"
"B5",2022-09-17,21.3771873993056,"Warm"
"B5",2022-09-18,19.5536111111111,"Warm"
"B5",2022-09-19,19.3135069131944,"Warm"
"B5",2022-09-20,19.6331944479167,"Warm"
"B5",2022-09-21,19.7630208576389,"Warm"
"B5",2022-09-22,19.9675694305556,"Warm"
"B5",2022-09-23,19.9017361840278,"Warm"
"B5",2022-09-24,19.7844097118056,"Warm"
"B5",2022-09-25,17.7840625173611,"Warm"
"B5",2022-09-26,17.876006875,"Warm"
"B5",2022-09-27,17.5504166631944,"Warm"
"B5",2022-09-28,17.5557638715278,"Warm"
"B5",2022-09-29,17.6120833263889,"Warm"
"B5",2022-09-30,16.4644792430556,"Warm"
"B5",2022-10-01,16.2661458020833,"Warm"
"B5",2022-10-02,18.4290624236111,"Warm"
"B5",2022-10-03,20.5499305659722,"Warm"
"B5",2022-10-04,20.2118055173611,"Warm"
"B5",2022-10-05,19.9827776666667,"Warm"
"B5",2022-10-06,20.4103125763889,"Warm"
"B5",2022-10-07,20.5234027777778,"Warm"
"B5",2022-10-08,20.7664582881944,"Warm"
"B5",2022-10-09,20.3336805694444,"Warm"
"B5",2022-10-10,19.7148958402778,"Warm"
"B5",2022-10-11,20.0379165520833,"Warm"
"B5",2022-10-12,20.3034722013889,"Warm"
"B5",2022-10-13,20.78857653125,"Warm"
"B5",2022-10-14,21.4818055173611,"Warm"
"B5",2022-10-15,20.5028819340278,"Warm"
"B5",2022-10-16,20.4344443923611,"Warm"
"B5",2022-10-17,21.0862845902778,"Warm"
"B5",2022-10-18,21.1378125243056,"Warm"
"B5",2022-10-19,20.6676389097222,"Warm"
"B5",2022-10-20,20.6736458159722,"Warm"
"B5",2022-10-21,19.5636805902778,"Warm"
"B5",2022-10-22,19.4580557534722,"Warm"
"B5",2022-10-23,20.5629165868056,"Warm"
"B5",2022-10-24,20.4062499409722,"Warm"
"B5",2022-10-25,19.0582640729167,"Warm"
"B5",2022-10-26,18.4726041354167,"Warm"
"B5",2022-10-27,18.6391319791667,"Warm"
"B5",2022-10-28,19.3200348263889,"Warm"
"B5",2022-10-29,19.6865625451389,"Warm"
"B5",2022-10-30,17.8239667166667,"Warm"
"B5",2022-10-31,16.5982291631944,"Warm"
"B5",2022-11-01,17.4310763576389,"Warm"
"B5",2022-11-02,18.5348265,"Warm"
"B5",2022-11-03,16.3434375347222,"Warm"
"B5",2022-11-04,13.4290972222222,"Warm"
"B5",2022-11-05,13.0119791666667,"Warm"
"B5",2022-11-06,12.4247916666667,"Warm"
"B5",2022-11-07,12.5617708333333,"Warm"
"B5",2022-11-08,13.5106597222222,"Warm"
"B5",2022-11-09,14.1538194444444,"Warm"
"B5",2022-11-10,14.1656597222222,"Warm"
"B5",2022-11-11,13.0800694444444,"Warm"
"B5",2022-11-12,13.8073611111111,"Warm"
"B5",2022-11-13,14.1212847222222,"Warm"
"B5",2022-11-14,13.7612847222222,"Warm"
"B5",2022-11-15,14.1361805555556,"Warm"
"B5",2022-11-16,14.6894791666667,"Warm"
"B5",2022-11-17,14.8733680451389,"Warm"
"B5",2022-11-18,14.2617361111111,"Warm"
"B5",2022-11-19,12.3507291666667,"Warm"
"B5",2022-11-20,9.79791666666667,"Warm"
"B5",2022-11-21,10.3520833333333,"Warm"
"B5",2022-11-22,9.78114583333333,"Warm"
"B5",2022-11-23,10.5021180555556,"Warm"
"B5",2022-11-24,10.0867361111111,"Warm"
"B5",2022-11-25,10.4359027777778,"Warm"
"B5",2022-11-26,9.95836805555555,"Warm"
"B5",2022-11-27,9.39902777777778,"Warm"
"B5",2022-11-28,9.69958333333333,"Warm"
"B5",2022-11-29,9.67548611111111,"Warm"
"B5",2022-11-30,9.63239583333333,"Warm"
"B5",2022-12-01,8.19340277777778,"Warm"
"B5",2022-12-02,8.29427083333333,"Warm"
"B5",2022-12-03,8.07427083333333,"Warm"
"B5",2022-12-04,6.92097222222222,"Warm"
"B5",2022-12-05,6.32236111111111,"Warm"
"B5",2022-12-06,7.36208333333333,"Warm"
"B5",2022-12-07,9.65784722222222,"Warm"
"B5",2022-12-08,10.2297569444444,"Warm"
"B5",2022-12-09,10.2063888888889,"Warm"
"B5",2022-12-10,9.99954861111111,"Warm"
"B5",2022-12-11,6.62246527777778,"Warm"
"B5",2022-12-12,6.48270833333333,"Warm"
"B5",2022-12-13,8.2959375,"Warm"
"B5",2022-12-14,10.8379513888889,"Warm"
"B5",2022-12-15,10.9712152777778,"Warm"
"B5",2022-12-16,11.3477083333333,"Warm"
"B5",2022-12-17,11.0591666666667,"Warm"
"B5",2022-12-18,9.14805555555555,"Warm"
"B5",2022-12-19,8.1165625,"Warm"
"B5",2022-12-20,8.82461805555556,"Warm"
"B5",2022-12-21,11.2977083333333,"Warm"
"B5",2022-12-22,12.1503472222222,"Warm"
"B5",2022-12-23,12.8024652777778,"Warm"
"B5",2022-12-24,12.6196527777778,"Warm"
"B5",2022-12-25,11.9611111111111,"Warm"
"B5",2022-12-26,11.7008680555556,"Warm"
"B5",2022-12-27,11.6938888888889,"Warm"
"B5",2022-12-28,11.1376388888889,"Warm"
"B5",2022-12-29,10.6574652777778,"Warm"
"B5",2022-12-30,11.4750347222222,"Warm"
"B5",2022-12-31,12.2770833333333,"Warm"
"B6",2019-02-01,0,"Ambient"
"B6",2019-02-02,0,"Ambient"
"B6",2019-02-03,0,"Ambient"
"B6",2019-02-04,34.3455685520833,"Ambient"
"B6",2019-02-05,117.391782173611,"Ambient"
"B6",2019-02-06,123.207284364583,"Ambient"
"B6",2019-02-07,122.823249597222,"Ambient"
"B6",2019-02-08,120.343047079861,"Ambient"
"B6",2019-02-09,120.498682586806,"Ambient"
"B6",2019-02-10,119.636591881944,"Ambient"
"B6",2019-02-11,7.64123733818182,"Ambient"
"B6",2019-02-12,5.06920138888889,"Ambient"
"B6",2019-02-13,4.60961805555556,"Ambient"
"B6",2019-02-14,4.80829861111111,"Ambient"
"B6",2019-02-15,5.45802083333333,"Ambient"
"B6",2019-02-16,6.108125,"Ambient"
"B6",2019-02-17,6.36989583333333,"Ambient"
"B6",2019-02-18,6.0115625,"Ambient"
"B6",2019-02-19,5.71298611111111,"Ambient"
"B6",2019-02-20,5.80927083333333,"Ambient"
"B6",2019-02-21,6.51743055555556,"Ambient"
"B6",2019-02-22,7.28913194444444,"Ambient"
"B6",2019-02-23,7.99430555555556,"Ambient"
"B6",2019-02-24,8.34590277777778,"Ambient"
"B6",2019-02-25,8.48263888888889,"Ambient"
"B6",2019-02-26,9.02381944444444,"Ambient"
"B6",2019-02-27,9.4596875,"Ambient"
"B6",2019-02-28,9.676875,"Ambient"
"B6",2019-03-01,10.2269097222222,"Ambient"
"B6",2019-03-02,10.4161805555556,"Ambient"
"B6",2019-03-03,8.76923611111111,"Ambient"
"B6",2019-03-04,9.50322916666667,"Ambient"
"B6",2019-03-05,8.62798611111111,"Ambient"
"B6",2019-03-06,9.69197916666667,"Ambient"
"B6",2019-03-07,9.3021875,"Ambient"
"B6",2019-03-08,6.25961805521614,"Ambient"
"B6",2019-03-09,9.46784722222222,"Ambient"
"B6",2019-03-10,9.76677084722222,"Ambient"
"B6",2019-03-11,7.92489583335817,"Ambient"
"B6",2019-03-12,9.25411764324971,"Ambient"
"B6",2019-03-13,6.91715277777778,"Ambient"
"B6",2019-03-14,7.76302083333333,"Ambient"
"B6",2019-03-15,7.92857638888889,"Ambient"
"B6",2019-03-16,9.88524306263245,"Ambient"
"B6",2019-03-17,7.14781249998344,"Ambient"
"B6",2019-03-18,6.18770833333333,"Ambient"
"B6",2019-03-19,5.65145833333333,"Ambient"
"B6",2019-03-20,5.93451388880611,"Ambient"
"B6",2019-03-21,7.86211055323444,"Ambient"
"B6",2019-03-22,8.27018798916128,"Ambient"
"B6",2019-03-23,11.4261458298611,"Ambient"
"B6",2019-03-24,12.6763889375,"Ambient"
"B6",2019-03-25,9.56197914583333,"Ambient"
"B6",2019-03-26,10.6705349835072,"Ambient"
"B6",2019-03-27,11.1811848480662,"Ambient"
"B6",2019-03-28,9.85288197556199,"Ambient"
"B6",2019-03-29,10.8081249722222,"Ambient"
"B6",2019-03-30,11.5376736319444,"Ambient"
"B6",2019-03-31,12.0716319826389,"Ambient"
"B6",2019-04-01,12.9073958368056,"Ambient"
"B6",2019-04-02,9.49989583333333,"Ambient"
"B6",2019-04-03,6.90993055555556,"Ambient"
"B6",2019-04-04,5.5958422942254,"Ambient"
"B6",2019-04-05,7.20493055555556,"Ambient"
"B6",2019-04-06,7.32857638888889,"Ambient"
"B6",2019-04-07,6.15781362018972,"Ambient"
"B6",2019-04-08,8.24118055555556,"Ambient"
"B6",2019-04-09,9.58767361111111,"Ambient"
"B6",2019-04-10,8.26111111111111,"Ambient"
"B6",2019-04-11,8.11975694444445,"Ambient"
"B6",2019-04-12,9.29420138888889,"Ambient"
"B6",2019-04-13,6.84127208525479,"Ambient"
"B6",2019-04-14,7.81947916319444,"Ambient"
"B6",2019-04-15,12.0538194479167,"Ambient"
"B6",2019-04-16,12.1435764131944,"Ambient"
"B6",2019-04-17,11.2979166736111,"Ambient"
"B6",2019-04-18,11.7288889027778,"Ambient"
"B6",2019-04-19,13.0456249826389,"Ambient"
"B6",2019-04-20,13.8514236180556,"Ambient"
"B6",2019-04-21,11.2498958368056,"Ambient"
"B6",2019-04-22,11.0333333368056,"Ambient"
"B6",2019-04-23,12.9381250381944,"Ambient"
"B6",2019-04-24,11.8287152847222,"Ambient"
"B6",2019-04-25,11.4939236284722,"Ambient"
"B6",2019-04-26,10.8398958298611,"Ambient"
"B6",2019-04-27,10.4799305486111,"Ambient"
"B6",2019-04-28,10.4528125,"Ambient"
"B6",2019-04-29,12.0338194409722,"Ambient"
"B6",2019-04-30,13.0260764340278,"Ambient"
"B6",2019-05-01,15.3021874618056,"Ambient"
"B6",2019-05-02,13.7404513958333,"Ambient"
"B6",2019-05-03,9.61586805555556,"Ambient"
"B6",2019-05-04,10.3780555520833,"Ambient"
"B6",2019-05-05,6.75993055594257,"Ambient"
"B6",2019-05-06,8.36762845882314,"Ambient"
"B6",2019-05-07,12.66826390625,"Ambient"
"B6",2019-05-08,14.2740625069444,"Ambient"
"B6",2019-05-09,12.0465625381944,"Ambient"
"B6",2019-05-10,15.4763541493056,"Ambient"
"B6",2019-05-11,13.3537152569444,"Ambient"
"B6",2019-05-12,10.0254166701389,"Ambient"
"B6",2019-05-13,9.79763888888889,"Ambient"
"B6",2019-05-14,12.7466319652778,"Ambient"
"B6",2019-05-15,16.3695486111111,"Ambient"
"B6",2019-05-16,16.9783681006944,"Ambient"
"B6",2019-05-17,11.4315972222222,"Ambient"
"B6",2019-05-18,10.0289930625,"Ambient"
"B6",2019-05-19,11.1998263888889,"Ambient"
"B6",2019-05-20,12.7464236180556,"Ambient"
"B6",2019-05-21,15.6596180729167,"Ambient"
"B6",2019-05-22,17.8795833229167,"Ambient"
"B6",2019-05-23,18.9568403090278,"Ambient"
"B6",2019-05-24,12.9311805555556,"Ambient"
"B6",2019-05-25,12.9377083263889,"Ambient"
"B6",2019-05-26,13.8831944513889,"Ambient"
"B6",2019-05-27,14.9668749722222,"Ambient"
"B6",2019-05-28,14.90315971875,"Ambient"
"B6",2019-05-29,14.2738889027778,"Ambient"
"B6",2019-05-30,18.0619097326389,"Ambient"
"B6",2019-05-31,20.1786805104167,"Ambient"
"B6",2019-06-01,22.8184721840278,"Ambient"
"B6",2019-06-02,24.7430902569444,"Ambient"
"B6",2019-06-03,21.3271874861111,"Ambient"
"B6",2019-06-04,22.6272823484321,"Ambient"
"B6",2019-06-05,12.6833680555556,"Ambient"
"B6",2019-06-06,17.1398958506944,"Ambient"
"B6",2019-06-07,15.677048625,"Ambient"
"B6",2019-06-08,17.2823610590278,"Ambient"
"B6",2019-06-09,18.7835069722222,"Ambient"
"B6",2019-06-10,13.0842708229167,"Ambient"
"B6",2019-06-11,11.1896875,"Ambient"
"B6",2019-06-12,14.5756794285714,"Ambient"
"B6",2019-06-13,18.9970833194444,"Ambient"
"B6",2019-06-14,16.5135416597222,"Ambient"
"B6",2019-06-15,14.2111805763889,"Ambient"
"B6",2019-06-16,19.2318402916667,"Ambient"
"B6",2019-06-17,23.0507987465278,"Ambient"
"B6",2019-06-18,25.176263316726,"Ambient"
"B6",2019-06-19,24.0631944861111,"Ambient"
"B6",2019-06-20,17.4863888993056,"Ambient"
"B6",2019-06-21,15.6076041215278,"Ambient"
"B6",2019-06-22,21.0707986215278,"Ambient"
"B6",2019-06-23,25.5434145958188,"Ambient"
"B6",2019-06-24,23.58163190625,"Ambient"
"B6",2019-06-25,23.4852430277778,"Ambient"
"B6",2019-06-26,27.580154996124,"Ambient"
"B6",2019-06-27,26.0872864974874,"Ambient"
"B6",2019-06-28,26.6220832708333,"Ambient"
"B6",2019-06-29,25.5516256453202,"Ambient"
"B6",2019-06-30,24.8031597777778,"Ambient"
"B6",2019-07-01,21.7283680763889,"Ambient"
"B6",2019-07-02,20.9281249618056,"Ambient"
"B6",2019-07-03,21.3959721701389,"Ambient"
"B6",2019-07-04,22.8871874409722,"Ambient"
"B6",2019-07-05,25.8204513819444,"Ambient"
"B6",2019-07-06,26.9618750625,"Ambient"
"B6",2019-07-07,27.1328125277778,"Ambient"
"B6",2019-07-08,26.5160417673611,"Ambient"
"B6",2019-07-09,23.5537499548611,"Ambient"
"B6",2019-07-10,22.7220833611111,"Ambient"
"B6",2019-07-11,24.3087846597222,"Ambient"
"B6",2019-07-12,19.4893402430556,"Ambient"
"B6",2019-07-13,17.2857985729167,"Ambient"
"B6",2019-07-14,16.0188195451389,"Ambient"
"B6",2019-07-15,15.7524305416667,"Ambient"
"B6",2019-07-16,16.0217708125,"Ambient"
"B6",2019-07-17,15.69527775,"Ambient"
"B6",2019-07-18,14.7075347222222,"Ambient"
"B6",2019-07-19,15.9156597152778,"Ambient"
"B6",2019-07-20,16.2502430729167,"Ambient"
"B6",2019-07-21,16.19559025,"Ambient"
"B6",2019-07-22,17.59982640625,"Ambient"
"B6",2019-07-23,19.4420833645833,"Ambient"
"B6",2019-07-24,19.9413541770833,"Ambient"
"B6",2019-07-25,19.7236111006944,"Ambient"
"B6",2019-07-26,16.5217361527778,"Ambient"
"B6",2019-07-27,13.9951736111111,"Ambient"
"B6",2019-07-28,14.4542361111111,"Ambient"
"B6",2019-07-29,15.6325346840278,"Ambient"
"B6",2019-07-30,14.7733680694444,"Ambient"
"B6",2019-07-31,14.4835069444444,"Ambient"
"B6",2019-08-01,14.8145138923611,"Ambient"
"B6",2019-08-02,15.4605555520833,"Ambient"
"B6",2019-08-03,16.2062499756944,"Ambient"
"B6",2019-08-04,16.8495485972222,"Ambient"
"B6",2019-08-05,17.3244650651163,"Ambient"
"B6",2019-08-06,20.72093759375,"Ambient"
"B6",2019-08-07,23.5212499930556,"Ambient"
"B6",2019-08-08,24.6784722743056,"Ambient"
"B6",2019-08-09,21.04055553125,"Ambient"
"B6",2019-08-10,16.7368402986111,"Ambient"
"B6",2019-08-11,13.8673611111111,"Ambient"
"B6",2019-08-12,13.7965277777778,"Ambient"
"B6",2019-08-13,13.9519097222222,"Ambient"
"B6",2019-08-14,14.4435763819444,"Ambient"
"B6",2019-08-15,13.8504513888889,"Ambient"
"B6",2019-08-16,15.0561805520833,"Ambient"
"B6",2019-08-17,15.8312500381944,"Ambient"
"B6",2019-08-18,16.1294096875,"Ambient"
"B6",2019-08-19,17.2013542083333,"Ambient"
"B6",2019-08-20,17.6362500138889,"Ambient"
"B6",2019-08-21,18.2111805208333,"Ambient"
"B6",2019-08-22,19.8094097083333,"Ambient"
"B6",2019-08-23,20.6521561747212,"Ambient"
"B6",2019-08-24,22.3919791770833,"Ambient"
"B6",2019-08-25,23.2982638576389,"Ambient"
"B6",2019-08-26,21.9668055,"Ambient"
"B6",2019-08-27,16.448989543554,"Ambient"
"B6",2019-08-28,15.0150347326389,"Ambient"
"B6",2019-08-29,15.4889583402778,"Ambient"
"B6",2019-08-30,15.5864930694444,"Ambient"
"B6",2019-08-31,15.3467361076389,"Ambient"
"B6",2019-09-01,14.1964930590278,"Ambient"
"B6",2019-09-02,13.7341666666667,"Ambient"
"B6",2019-09-03,13.8418055555556,"Ambient"
"B6",2019-09-04,14.0853472222222,"Ambient"
"B6",2019-09-05,13.9234375,"Ambient"
"B6",2019-09-06,13.7507638888889,"Ambient"
"B6",2019-09-07,13.6601388888889,"Ambient"
"B6",2019-09-08,13.7078819444444,"Ambient"
"B6",2019-09-09,13.58625,"Ambient"
"B6",2019-09-10,13.5380902777778,"Ambient"
"B6",2019-09-11,13.3623263888889,"Ambient"
"B6",2019-09-12,13.7477430555556,"Ambient"
"B6",2019-09-13,13.8988194444444,"Ambient"
"B6",2019-09-14,14.2273611111111,"Ambient"
"B6",2019-09-15,14.1542708333333,"Ambient"
"B6",2019-09-16,14.4183333298611,"Ambient"
"B6",2019-09-17,14.3801388888889,"Ambient"
"B6",2019-09-18,13.8266666666667,"Ambient"
"B6",2019-09-19,14.0223263888889,"Ambient"
"B6",2019-09-20,14.3365277916667,"Ambient"
"B6",2019-09-21,13.8786111111111,"Ambient"
"B6",2019-09-22,13.5919444444444,"Ambient"
"B6",2019-09-23,13.8313541666667,"Ambient"
"B6",2019-09-24,13.9889930555556,"Ambient"
"B6",2019-09-25,13.8828472222222,"Ambient"
"B6",2019-09-26,14.1036111111111,"Ambient"
"B6",2019-09-27,13.9596527777778,"Ambient"
"B6",2019-09-28,14.0195138888889,"Ambient"
"B6",2019-09-29,14.0916666666667,"Ambient"
"B6",2019-09-30,14.3109722222222,"Ambient"
"B6",2019-10-01,15.15211803125,"Ambient"
"B6",2019-10-02,16.2239237395833,"Ambient"
"B6",2019-10-03,15.1480208472222,"Ambient"
"B6",2019-10-04,13.7527083333333,"Ambient"
"B6",2019-10-05,14.3127777777778,"Ambient"
"B6",2019-10-06,14.1216666666667,"Ambient"
"B6",2019-10-07,13.5876388888889,"Ambient"
"B6",2019-10-08,14.2178125,"Ambient"
"B6",2019-10-09,13.92,"Ambient"
"B6",2019-10-10,13.9546527777778,"Ambient"
"B6",2019-10-11,13.2471875,"Ambient"
"B6",2019-10-12,13.8557291666667,"Ambient"
"B6",2019-10-13,14.2876041666667,"Ambient"
"B6",2019-10-14,14.0068055555556,"Ambient"
"B6",2019-10-15,14.2094444444444,"Ambient"
"B6",2019-10-16,12.5116319444444,"Ambient"
"B6",2019-10-17,12.9190277777778,"Ambient"
"B6",2019-10-18,13.1542708333333,"Ambient"
"B6",2019-10-19,13.479375,"Ambient"
"B6",2019-10-20,13.6827083333333,"Ambient"
"B6",2019-10-21,13.0280555555556,"Ambient"
"B6",2019-10-22,12.0898958333333,"Ambient"
"B6",2019-10-23,11.8921875,"Ambient"
"B6",2019-10-24,12.5317708333333,"Ambient"
"B6",2019-10-25,12.4996875,"Ambient"
"B6",2019-10-26,12.5084375,"Ambient"
"B6",2019-10-27,12.8203472222222,"Ambient"
"B6",2019-10-28,13.3498611111111,"Ambient"
"B6",2019-10-29,13.7264930555556,"Ambient"
"B6",2019-10-30,15.1536805451389,"Ambient"
"B6",2019-10-31,15.5715277743056,"Ambient"
"B6",2019-11-01,13.5267708333333,"Ambient"
"B6",2019-11-02,13.3185763888889,"Ambient"
"B6",2019-11-03,12.338125,"Ambient"
"B6",2019-11-04,11.3136111111111,"Ambient"
"B6",2019-11-05,10.9292361111111,"Ambient"
"B6",2019-11-06,9.51034722222222,"Ambient"
"B6",2019-11-07,8.05920138888889,"Ambient"
"B6",2019-11-08,6.35649305555556,"Ambient"
"B6",2019-11-09,6.72423611111111,"Ambient"
"B6",2019-11-10,7.19423611111111,"Ambient"
"B6",2019-11-11,5.93184027777778,"Ambient"
"B6",2019-11-12,6.53121527777778,"Ambient"
"B6",2019-11-13,6.97642361111111,"Ambient"
"B6",2019-11-14,5.50586805555556,"Ambient"
"B6",2019-11-15,4.13930555555556,"Ambient"
"B6",2019-11-16,3.9578125,"Ambient"
"B6",2019-11-17,4.60920138888889,"Ambient"
"B6",2019-11-18,5.22145833333333,"Ambient"
"B6",2019-11-19,4.42809027777778,"Ambient"
"B6",2019-11-20,3.94840277777778,"Ambient"
"B6",2019-11-21,3.91684027777778,"Ambient"
"B6",2019-11-22,4.10576388888889,"Ambient"
"B6",2019-11-23,5.0978125,"Ambient"
"B6",2019-11-24,5.76972222222222,"Ambient"
"B6",2019-11-25,6.1903125,"Ambient"
"B6",2019-11-26,6.98559027777778,"Ambient"
"B6",2019-11-27,8.6590625,"Ambient"
"B6",2019-11-28,9.06395833333333,"Ambient"
"B6",2019-11-29,9.94302083333333,"Ambient"
"B6",2019-11-30,8.96038194444444,"Ambient"
"B6",2019-12-01,8.29048611111111,"Ambient"
"B6",2019-12-02,7.31989583333333,"Ambient"
"B6",2019-12-03,6.87440972222222,"Ambient"
"B6",2019-12-04,5.68548611111111,"Ambient"
"B6",2019-12-05,5.31947916666667,"Ambient"
"B6",2019-12-06,5.68739583333333,"Ambient"
"B6",2019-12-07,5.71888888888889,"Ambient"
"B6",2019-12-08,5.93128472222222,"Ambient"
"B6",2019-12-09,6.77934027777778,"Ambient"
"B6",2019-12-10,6.40572916666667,"Ambient"
"B6",2019-12-11,5.62430555555556,"Ambient"
"B6",2019-12-12,5.67940972222222,"Ambient"
"B6",2019-12-13,7.92763888888889,"Ambient"
"B6",2019-12-14,10.324375,"Ambient"
"B6",2019-12-15,10.2176736111111,"Ambient"
"B6",2019-12-16,9.36649305555556,"Ambient"
"B6",2019-12-17,9.52013888888889,"Ambient"
"B6",2019-12-18,9.83864285714286,"Ambient"
"B6",2019-12-19,8.50447916666667,"Ambient"
"B6",2019-12-20,9.46899305555556,"Ambient"
"B6",2019-12-21,8.83107638888889,"Ambient"
"B6",2019-12-22,8.72986111111111,"Ambient"
"B6",2019-12-23,8.1640625,"Ambient"
"B6",2019-12-24,9.26027777777778,"Ambient"
"B6",2019-12-25,9.60934027777778,"Ambient"
"B6",2019-12-26,9.01274305555556,"Ambient"
"B6",2019-12-27,7.80083333333333,"Ambient"
"B6",2019-12-28,6.30256944444444,"Ambient"
"B6",2019-12-29,5.49006944444444,"Ambient"
"B6",2019-12-30,5.11611111111111,"Ambient"
"B6",2019-12-31,5.03045138888889,"Ambient"
"B6",2020-01-01,5.31625,"Ambient"
"B6",2020-01-02,4.66809027777778,"Ambient"
"B6",2020-01-03,4.95732638888889,"Ambient"
"B6",2020-01-04,5.60628472222222,"Ambient"
"B6",2020-01-05,5.71277777777778,"Ambient"
"B6",2020-01-06,4.75791666666667,"Ambient"
"B6",2020-01-07,4.48645833333333,"Ambient"
"B6",2020-01-08,5.49350694444444,"Ambient"
"B6",2020-01-09,6.92408088235294,"Ambient"
"B6",2020-01-10,7.45621527777778,"Ambient"
"B6",2020-01-11,6.27392361111111,"Ambient"
"B6",2020-01-12,4.43340277777778,"Ambient"
"B6",2020-01-13,3.68767361111111,"Ambient"
"B6",2020-01-14,4.02260416666667,"Ambient"
"B6",2020-01-15,4.52173611111111,"Ambient"
"B6",2020-01-16,4.80795138888889,"Ambient"
"B6",2020-01-17,4.92909722222222,"Ambient"
"B6",2020-01-18,4.45447916666667,"Ambient"
"B6",2020-01-19,4.92347222222222,"Ambient"
"B6",2020-01-20,4.3465625,"Ambient"
"B6",2020-01-21,4.14402777777778,"Ambient"
"B6",2020-01-22,4.74430555555556,"Ambient"
"B6",2020-01-23,6.01746527777778,"Ambient"
"B6",2020-01-24,5.99243055555556,"Ambient"
"B6",2020-01-25,5.61559027777778,"Ambient"
"B6",2020-01-26,5.77340277777778,"Ambient"
"B6",2020-01-27,4.96836805555556,"Ambient"
"B6",2020-01-28,5.56916666666667,"Ambient"
"B6",2020-01-29,5.5825,"Ambient"
"B6",2020-01-30,7.33638888888889,"Ambient"
"B6",2020-01-31,9.56541666666667,"Ambient"
"B6",2020-02-01,9.30663194444444,"Ambient"
"B6",2020-02-02,9.89454861111111,"Ambient"
"B6",2020-02-03,11.3026736111111,"Ambient"
"B6",2020-02-04,11.3172569444444,"Ambient"
"B6",2020-02-05,9.68197916666667,"Ambient"
"B6",2020-02-06,7.13086805555556,"Ambient"
"B6",2020-02-07,6.04954861111111,"Ambient"
"B6",2020-02-08,5.72472222222222,"Ambient"
"B6",2020-02-09,6.85774305555556,"Ambient"
"B6",2020-02-10,9.7453125,"Ambient"
"B6",2020-02-11,11.3367361111111,"Ambient"
"B6",2020-02-12,10.7510763888889,"Ambient"
"B6",2020-02-13,9.805625,"Ambient"
"B6",2020-02-14,11.4342361111111,"Ambient"
"B6",2020-02-15,10.5298263888889,"Ambient"
"B6",2020-02-16,10.4833333333333,"Ambient"
"B6",2020-02-17,9.46232638888889,"Ambient"
"B6",2020-02-18,8.02201388888889,"Ambient"
"B6",2020-02-19,7.9209375,"Ambient"
"B6",2020-02-20,7.8284375,"Ambient"
"B6",2020-02-21,8.11350694444444,"Ambient"
"B6",2020-02-22,8.54138888888889,"Ambient"
"B6",2020-02-23,9.40506944444444,"Ambient"
"B6",2020-02-24,9.73545138888889,"Ambient"
"B6",2020-02-25,9.23625,"Ambient"
"B6",2020-02-26,8.78361111111111,"Ambient"
"B6",2020-02-27,8.25611111111111,"Ambient"
"B6",2020-02-28,10.1476388888889,"Ambient"
"B6",2020-02-29,10.2968055555556,"Ambient"
"B6",2020-03-01,10.1635069444444,"Ambient"
"B6",2020-03-02,9.82065972222222,"Ambient"
"B6",2020-03-03,7.48017361111111,"Ambient"
"B6",2020-03-04,7.22180555555556,"Ambient"
"B6",2020-03-05,8.53788194444444,"Ambient"
"B6",2020-03-06,7.22350694444444,"Ambient"
"B6",2020-03-07,6.67791666666667,"Ambient"
"B6",2020-03-08,8.20038194444444,"Ambient"
"B6",2020-03-09,8.88109540636042,"Ambient"
"B6",2020-03-10,9.21083333333333,"Ambient"
"B6",2020-03-11,9.68589108910891,"Ambient"
"B6",2020-03-13,11.1692045454545,"Ambient"
"B6",2020-03-14,10.7009375,"Ambient"
"B6",2020-03-15,10.5182291666667,"Ambient"
"B6",2020-03-16,11.4214236111111,"Ambient"
"B6",2020-03-17,11.3223958333333,"Ambient"
"B6",2020-03-18,12.1846180555556,"Ambient"
"B6",2020-03-19,13.4219097222222,"Ambient"
"B6",2020-03-20,14.2621527604167,"Ambient"
"B6",2020-03-21,13.9417708333333,"Ambient"
"B6",2020-03-22,13.5976041666667,"Ambient"
"B6",2020-03-23,13.1337847222222,"Ambient"
"B6",2020-03-24,12.4336111111111,"Ambient"
"B6",2020-03-25,11.7881944444444,"Ambient"
"B6",2020-03-26,10.4116319444444,"Ambient"
"B6",2020-03-27,8.41510416666667,"Ambient"
"B6",2020-03-28,9.9371875,"Ambient"
"B6",2020-03-29,10.8521875,"Ambient"
"B6",2020-03-30,8.95079861111111,"Ambient"
"B6",2020-03-31,8.31930555555556,"Ambient"
"B6",2020-04-01,10.5355208333333,"Ambient"
"B6",2020-04-02,10.7858680555556,"Ambient"
"B6",2020-04-03,11.0917708333333,"Ambient"
"B6",2020-04-04,11.6974305555556,"Ambient"
"B6",2020-04-05,13.2328819444444,"Ambient"
"B6",2020-04-06,14.0269791666667,"Ambient"
"B6",2020-04-07,14.4451736111111,"Ambient"
"B6",2020-04-08,14.5002777604167,"Ambient"
"B6",2020-04-09,14.8089930104167,"Ambient"
"B6",2020-04-10,16.1759374965278,"Ambient"
"B6",2020-04-11,16.1775694097222,"Ambient"
"B6",2020-04-12,15.3965277708333,"Ambient"
"B6",2020-04-13,13.8939583333333,"Ambient"
"B6",2020-04-14,14.69572915625,"Ambient"
"B6",2020-04-15,15.8793749861111,"Ambient"
"B6",2020-04-16,16.6801042083333,"Ambient"
"B6",2020-04-17,17.1401041805556,"Ambient"
"B6",2020-04-18,17.6656249791667,"Ambient"
"B6",2020-04-19,17.7877776527778,"Ambient"
"B6",2020-04-20,15.9237500069444,"Ambient"
"B6",2020-04-21,14.8727777777778,"Ambient"
"B6",2020-04-22,13.7905208333333,"Ambient"
"B6",2020-04-23,14.1669097222222,"Ambient"
"B6",2020-04-24,15.4153473020833,"Ambient"
"B6",2020-04-25,16.7887500034722,"Ambient"
"B6",2020-04-26,17.1885416979167,"Ambient"
"B6",2020-04-27,16.77253471875,"Ambient"
"B6",2020-04-28,15.2863541631944,"Ambient"
"B6",2020-04-29,14.46635415625,"Ambient"
"B6",2020-04-30,15.879791625,"Ambient"
"B6",2020-05-01,15.76833334375,"Ambient"
"B6",2020-05-02,17.3106597256944,"Ambient"
"B6",2020-05-03,19.3100347118056,"Ambient"
"B6",2020-05-04,20.9314235972222,"Ambient"
"B6",2020-05-05,23.0472221840278,"Ambient"
"B6",2020-05-06,22.4819444131944,"Ambient"
"B6",2020-05-07,22.2158680069444,"Ambient"
"B6",2020-05-08,21.7862846631944,"Ambient"
"B6",2020-05-09,21.1118402361111,"Ambient"
"B6",2020-05-10,19.1819444340278,"Ambient"
"B6",2020-05-11,15.75927084375,"Ambient"
"B6",2020-05-12,14.653125,"Ambient"
"B6",2020-05-13,14.9121527777778,"Ambient"
"B6",2020-05-14,15.1722569444444,"Ambient"
"B6",2020-05-15,14.3415625,"Ambient"
"B6",2020-05-16,14.13,"Ambient"
"B6",2020-05-17,15.5359374826389,"Ambient"
"B6",2020-05-18,17.7799305798611,"Ambient"
"B6",2020-05-19,19.2219097743056,"Ambient"
"B6",2020-05-20,20.9937499861111,"Ambient"
"B6",2020-05-21,21.7778472534722,"Ambient"
"B6",2020-05-22,23.0353124548611,"Ambient"
"B6",2020-05-23,22.1588193958333,"Ambient"
"B6",2020-05-24,19.1523263715278,"Ambient"
"B6",2020-05-25,20.5491666944444,"Ambient"
"B6",2020-05-26,21.7083680034722,"Ambient"
"B6",2020-05-27,22.6825000104167,"Ambient"
"B6",2020-05-28,23.2800694618056,"Ambient"
"B6",2020-05-29,23.2951388402778,"Ambient"
"B6",2020-05-30,23.5290278298611,"Ambient"
"B6",2020-05-31,23.7253125277778,"Ambient"
"B6",2020-06-01,23.1371875416667,"Ambient"
"B6",2020-06-02,21.9204513402778,"Ambient"
"B6",2020-06-03,21.2327430694444,"Ambient"
"B6",2020-06-04,18.9786458923611,"Ambient"
"B6",2020-06-05,17.4285068263889,"Ambient"
"B6",2020-06-06,18.7092014027778,"Ambient"
"B6",2020-06-07,17.0864234027778,"Ambient"
"B6",2020-06-08,16.2571875486111,"Ambient"
"B6",2020-06-09,16.2214582881944,"Ambient"
"B6",2020-06-10,16.3441319305556,"Ambient"
"B6",2020-06-11,17.3237153055556,"Ambient"
"B6",2020-06-12,18.3903472430556,"Ambient"
"B6",2020-06-13,19.1738541979167,"Ambient"
"B6",2020-06-14,17.9584375729167,"Ambient"
"B6",2020-06-15,19.6683680243056,"Ambient"
"B6",2020-06-16,18.8216319097222,"Ambient"
"B6",2020-06-17,17.0763194027778,"Ambient"
"B6",2020-06-18,16.8516666875,"Ambient"
"B6",2020-06-19,18.5539932118056,"Ambient"
"B6",2020-06-20,20.6350347465278,"Ambient"
"B6",2020-06-21,21.5620833611111,"Ambient"
"B6",2020-06-22,22.9311110625,"Ambient"
"B6",2020-06-23,23.5844791979167,"Ambient"
"B6",2020-06-24,24.7717708090278,"Ambient"
"B6",2020-06-25,24.5990972152778,"Ambient"
"B6",2020-06-26,23.6443750138889,"Ambient"
"B6",2020-06-27,24.3479861041667,"Ambient"
"B6",2020-06-28,24.0041666701389,"Ambient"
"B6",2020-06-29,20.5709722222222,"Ambient"
"B6",2020-06-30,17.6325694166667,"Ambient"
"B6",2020-07-01,17.50670140625,"Ambient"
"B6",2020-07-02,17.2424305381944,"Ambient"
"B6",2020-07-03,16.9426041736111,"Ambient"
"B6",2020-07-04,17.1837846736111,"Ambient"
"B6",2020-07-05,17.7035068993056,"Ambient"
"B6",2020-07-06,17.0350347152778,"Ambient"
"B6",2020-07-07,17.6069096909722,"Ambient"
"B6",2020-07-08,17.63965284375,"Ambient"
"B6",2020-07-09,17.3959027430556,"Ambient"
"B6",2020-07-10,16.932395875,"Ambient"
"B6",2020-07-11,17.1556249895833,"Ambient"
"B6",2020-07-12,17.0261804756944,"Ambient"
"B6",2020-07-13,17.2913542777778,"Ambient"
"B6",2020-07-14,17.1275,"Ambient"
"B6",2020-07-15,17.1582985243056,"Ambient"
"B6",2020-07-16,17.1574306388889,"Ambient"
"B6",2020-07-17,17.25114596875,"Ambient"
"B6",2020-07-18,17.8913887951389,"Ambient"
"B6",2020-07-19,18.1621179652778,"Ambient"
"B6",2020-07-20,18.3729513888889,"Ambient"
"B6",2020-07-21,18.4234721631944,"Ambient"
"B6",2020-07-22,18.3263193472222,"Ambient"
"B6",2020-07-23,18.2520833888889,"Ambient"
"B6",2020-07-24,17.9090624513889,"Ambient"
"B6",2020-07-25,18.1917013923611,"Ambient"
"B6",2020-07-26,19.6695833715278,"Ambient"
"B6",2020-07-27,21.8938194409722,"Ambient"
"B6",2020-07-28,18.0305207152778,"Ambient"
"B6",2020-07-29,17.5527430763889,"Ambient"
"B6",2020-07-30,19.1655901736111,"Ambient"
"B6",2020-07-31,20.1268403368056,"Ambient"
"B6",2020-08-01,17.8820833333333,"Ambient"
"B6",2020-08-02,17.3515624444444,"Ambient"
"B6",2020-08-03,17.4379513715278,"Ambient"
"B6",2020-08-04,17.4521179826389,"Ambient"
"B6",2020-08-05,17.517395875,"Ambient"
"B6",2020-08-06,18.1682291770833,"Ambient"
"B6",2020-08-07,18.9080555659722,"Ambient"
"B6",2020-08-08,19.2647222395833,"Ambient"
"B6",2020-08-09,18.4221527951389,"Ambient"
"B6",2020-08-10,17.9038541145833,"Ambient"
"B6",2020-08-11,17.97743046875,"Ambient"
"B6",2020-08-12,18.4176388333333,"Ambient"
"B6",2020-08-13,17.4430554722222,"Ambient"
"B6",2020-08-14,17.7042360659722,"Ambient"
"B6",2020-08-15,18.0272917083333,"Ambient"
"B6",2020-08-16,17.3366665555556,"Ambient"
"B6",2020-08-17,17.2540624479167,"Ambient"
"B6",2020-08-18,17.5395832708333,"Ambient"
"B6",2020-08-19,18.6373958541667,"Ambient"
"B6",2020-08-20,18.9357986319444,"Ambient"
"B6",2020-08-21,18.7754165833333,"Ambient"
"B6",2020-08-22,17.6145486284722,"Ambient"
"B6",2020-08-23,17.6871874479167,"Ambient"
"B6",2020-08-24,17.8121875486111,"Ambient"
"B6",2020-08-25,18.1350693541667,"Ambient"
"B6",2020-08-26,18.2773263854167,"Ambient"
"B6",2020-08-27,18.6202429548611,"Ambient"
"B6",2020-08-28,17.2479513298611,"Ambient"
"B6",2020-08-29,16.23385421875,"Ambient"
"B6",2020-08-30,15.6687152986111,"Ambient"
"B6",2020-08-31,16.3646874965278,"Ambient"
"B6",2020-09-01,16.4332986180556,"Ambient"
"B6",2020-09-02,17.5459375138889,"Ambient"
"B6",2020-09-03,16.6721180416667,"Ambient"
"B6",2020-09-04,17.3787500173611,"Ambient"
"B6",2020-09-05,17.5381944236111,"Ambient"
"B6",2020-09-06,17.4916320034722,"Ambient"
"B6",2020-09-07,16.9578123958333,"Ambient"
"B6",2020-09-08,16.4029861006944,"Ambient"
"B6",2020-09-09,16.90395828125,"Ambient"
"B6",2020-09-10,17.5337499895833,"Ambient"
"B6",2020-09-11,17.7705555555556,"Ambient"
"B6",2020-09-12,17.7168055416667,"Ambient"
"B6",2020-09-13,17.81645840625,"Ambient"
"B6",2020-09-14,18.0314930486111,"Ambient"
"B6",2020-09-15,17.5151042222222,"Ambient"
"B6",2020-09-16,17.77652775,"Ambient"
"B6",2020-09-17,17.7888194131944,"Ambient"
"B6",2020-09-18,17.2423959375,"Ambient"
"B6",2020-09-19,17.4239236701389,"Ambient"
"B6",2020-09-20,17.6176388402778,"Ambient"
"B6",2020-09-21,17.4989583958333,"Ambient"
"B6",2020-09-22,17.3520485868056,"Ambient"
"B6",2020-09-23,16.6969792256944,"Ambient"
"B6",2020-09-24,17.3595485729167,"Ambient"
"B6",2020-09-25,14.1652083368056,"Ambient"
"B6",2020-09-26,11.6948958333333,"Ambient"
"B6",2020-09-27,11.2088194444444,"Ambient"
"B6",2020-09-28,12.4095486111111,"Ambient"
"B6",2020-09-29,15.4631250555556,"Ambient"
"B6",2020-09-30,15.6123611041667,"Ambient"
"B6",2020-10-01,15.1411805833333,"Ambient"
"B6",2020-10-02,13.0984027777778,"Ambient"
"B6",2020-10-03,10.3106944444444,"Ambient"
"B6",2020-10-04,10.5987847222222,"Ambient"
"B6",2020-10-05,11.1601041666667,"Ambient"
"B6",2020-10-06,12.6986805555556,"Ambient"
"B6",2020-10-07,15.1261111006944,"Ambient"
"B6",2020-10-08,15.7020833020833,"Ambient"
"B6",2020-10-09,16.2934374791667,"Ambient"
"B6",2020-10-10,16.4659374375,"Ambient"
"B6",2020-10-11,13.1861111111111,"Ambient"
"B6",2020-10-12,12.0869097222222,"Ambient"
"B6",2020-10-13,12.0641319444444,"Ambient"
"B6",2020-10-14,10.9563888888889,"Ambient"
"B6",2020-10-15,9.39572916666667,"Ambient"
"B6",2020-10-16,8.82385416666667,"Ambient"
"B6",2020-10-17,10.0505555555556,"Ambient"
"B6",2020-10-18,9.76649305555556,"Ambient"
"B6",2020-10-19,10.1210763888889,"Ambient"
"B6",2020-10-20,11.6579166666667,"Ambient"
"B6",2020-10-21,15.2142013819444,"Ambient"
"B6",2020-10-22,15.8286458125,"Ambient"
"B6",2020-10-23,15.4228125173611,"Ambient"
"B6",2020-10-24,13.5361111111111,"Ambient"
"B6",2020-10-25,12.0963194444444,"Ambient"
"B6",2020-10-26,11.1519444444444,"Ambient"
"B6",2020-10-27,10.4532638888889,"Ambient"
"B6",2020-10-28,11.7647222222222,"Ambient"
"B6",2020-10-29,12.3164236111111,"Ambient"
"B6",2020-10-30,12.0387847222222,"Ambient"
"B6",2020-10-31,11.8451736111111,"Ambient"
"B6",2020-11-01,12.1067013888889,"Ambient"
"B6",2020-11-02,13.2342361111111,"Ambient"
"B6",2020-11-03,13.4429861111111,"Ambient"
"B6",2020-11-04,10.9689930555556,"Ambient"
"B6",2020-11-05,9.28284722222222,"Ambient"
"B6",2020-11-06,10.7284722222222,"Ambient"
"B6",2020-11-07,12.3637152777778,"Ambient"
"B6",2020-11-08,12.4250347222222,"Ambient"
"B6",2020-11-09,11.3702083333333,"Ambient"
"B6",2020-11-10,11.3831597222222,"Ambient"
"B6",2020-11-11,10.0367361111111,"Ambient"
"B6",2020-11-12,10.1682986111111,"Ambient"
"B6",2020-11-13,10.4143402777778,"Ambient"
"B6",2020-11-14,10.0785416666667,"Ambient"
"B6",2020-11-15,10.1952430555556,"Ambient"
"B6",2020-11-16,11.3526041666667,"Ambient"
"B6",2020-11-17,10.0161458333333,"Ambient"
"B6",2020-11-18,10.2436458333333,"Ambient"
"B6",2020-11-19,10.1509722222222,"Ambient"
"B6",2020-11-20,9.35711805555556,"Ambient"
"B6",2020-11-21,7.01753472222222,"Ambient"
"B6",2020-11-22,5.46947916666667,"Ambient"
"B6",2020-11-23,5.31524305555556,"Ambient"
"B6",2020-11-24,5.41083333333333,"Ambient"
"B6",2020-11-25,5.67746527777778,"Ambient"
"B6",2020-11-26,5.79982638888889,"Ambient"
"B6",2020-11-27,7.07958333333333,"Ambient"
"B6",2020-11-28,7.20930555555556,"Ambient"
"B6",2020-11-29,7.05684027777778,"Ambient"
"B6",2020-11-30,7.36322916666667,"Ambient"
"B6",2020-12-01,7.126875,"Ambient"
"B6",2020-12-02,5.96361111111111,"Ambient"
"B6",2020-12-03,4.66420138888889,"Ambient"
"B6",2020-12-04,4.72715277777778,"Ambient"
"B6",2020-12-05,3.92465277777778,"Ambient"
"B6",2020-12-06,4.19878472222222,"Ambient"
"B6",2020-12-07,4.39055555555556,"Ambient"
"B6",2020-12-08,4.50204861111111,"Ambient"
"B6",2020-12-09,4.36822916666667,"Ambient"
"B6",2020-12-10,4.40177083333333,"Ambient"
"B6",2020-12-11,5.42659722222222,"Ambient"
"B6",2020-12-12,6.81131944444444,"Ambient"
"B6",2020-12-13,6.41732638888889,"Ambient"
"B6",2020-12-14,7.49583333333333,"Ambient"
"B6",2020-12-15,7.71138888888889,"Ambient"
"B6",2020-12-16,5.93729166666667,"Ambient"
"B6",2020-12-17,4.85635416666667,"Ambient"
"B6",2020-12-18,4.79420138888889,"Ambient"
"B6",2020-12-19,5.32920138888889,"Ambient"
"B6",2020-12-20,6.21645833333333,"Ambient"
"B6",2020-12-21,5.8403125,"Ambient"
"B6",2020-12-22,7.44145833333333,"Ambient"
"B6",2020-12-23,8.181875,"Ambient"
"B6",2020-12-24,8.54614583333333,"Ambient"
"B6",2020-12-25,5.99100694444444,"Ambient"
"B6",2020-12-26,3.73260416666667,"Ambient"
"B6",2020-12-27,2.23722222222222,"Ambient"
"B6",2020-12-28,2.70934027777778,"Ambient"
"B6",2020-12-29,3.02319444444444,"Ambient"
"B6",2020-12-30,3.33989583333333,"Ambient"
"B6",2020-12-31,3.55072916666667,"Ambient"
"B6",2021-01-01,4.33354166666667,"Ambient"
"B6",2021-01-02,3.88559027777778,"Ambient"
"B6",2021-01-03,2.76090277777778,"Ambient"
"B6",2021-01-04,2.46229166666667,"Ambient"
"B6",2021-01-05,2.43246527777778,"Ambient"
"B6",2021-01-06,2.07621527777778,"Ambient"
"B6",2021-01-07,0.82239583440125,"Ambient"
"B6",2021-01-08,0.168611112800944,"Ambient"
"B6",2021-01-09,0.123159723227016,"Ambient"
"B6",2021-01-10,0.179201391422086,"Ambient"
"B6",2021-01-11,0.208854168640553,"Ambient"
"B6",2021-01-12,0.174965279435532,"Ambient"
"B6",2021-01-13,1.11888889005097,"Ambient"
"B6",2021-01-14,3.25663194444444,"Ambient"
"B6",2021-01-15,4.39420138888889,"Ambient"
"B6",2021-01-16,4.17579861111111,"Ambient"
"B6",2021-01-17,4.67194444444444,"Ambient"
"B6",2021-01-18,5.2003125,"Ambient"
"B6",2021-01-19,4.38131944444444,"Ambient"
"B6",2021-01-20,4.85871527777778,"Ambient"
"B6",2021-01-21,6.13201388888889,"Ambient"
"B6",2021-01-22,6.38034722222222,"Ambient"
"B6",2021-01-23,5.35392361111111,"Ambient"
"B6",2021-01-24,5.513125,"Ambient"
"B6",2021-01-25,5.67131944444444,"Ambient"
"B6",2021-01-26,5.21909722222222,"Ambient"
"B6",2021-01-27,7.0915625,"Ambient"
"B6",2021-01-28,9.46486111111111,"Ambient"
"B6",2021-01-29,9.5734375,"Ambient"
"B6",2021-01-30,8.860625,"Ambient"
"B6",2021-01-31,8.30402777777778,"Ambient"
"B6",2021-02-01,8.79118055555556,"Ambient"
"B6",2021-02-02,9.92045138888889,"Ambient"
"B6",2021-02-03,10.1319791666667,"Ambient"
"B6",2021-02-04,10.4554513888889,"Ambient"
"B6",2021-02-05,10.9655555555556,"Ambient"
"B6",2021-02-06,10.4663541666667,"Ambient"
"B6",2021-02-07,9.41739583333333,"Ambient"
"B6",2021-02-08,7.92409722222222,"Ambient"
"B6",2021-02-09,6.66760956175299,"Ambient"
"B6",2021-02-10,6.28902702702703,"Ambient"
"B6",2021-02-13,8.19165413533835,"Ambient"
"B6",2021-02-14,7.78569444444444,"Ambient"
"B6",2021-02-15,7.54079861111111,"Ambient"
"B6",2021-02-16,8.36284722222222,"Ambient"
"B6",2021-02-17,9.86425087108014,"Ambient"
"B6",2021-02-18,9.94326388888889,"Ambient"
"B6",2021-02-19,9.6625,"Ambient"
"B6",2021-02-20,9.62888888888889,"Ambient"
"B6",2021-02-21,9.95638888888889,"Ambient"
"B6",2021-02-22,10.0207291666667,"Ambient"
"B6",2021-02-23,10.0284027777778,"Ambient"
"B6",2021-02-24,11.100625,"Ambient"
"B6",2021-02-25,10.9827083333333,"Ambient"
"B6",2021-02-26,10.9533680555556,"Ambient"
"B6",2021-02-27,11.734375,"Ambient"
"B6",2021-02-28,10.9270486111111,"Ambient"
"B6",2021-03-01,9.90284722222222,"Ambient"
"B6",2021-03-02,9.75576388888889,"Ambient"
"B6",2021-03-03,9.83496527777778,"Ambient"
"B6",2021-03-04,10.4834027777778,"Ambient"
"B6",2021-03-05,11.6126736111111,"Ambient"
"B6",2021-03-06,10.5417708333333,"Ambient"
"B6",2021-03-07,9.11513888888889,"Ambient"
"B6",2021-03-08,8.71420138888889,"Ambient"
"B6",2021-03-09,8.27791666666667,"Ambient"
"B6",2021-03-10,7.61944444444444,"Ambient"
"B6",2021-03-11,10.1588194444444,"Ambient"
"B6",2021-03-12,11.2027777777778,"Ambient"
"B6",2021-03-13,9.14777777777778,"Ambient"
"B6",2021-03-14,9.13489583333333,"Ambient"
"B6",2021-03-15,7.89392361111111,"Ambient"
"B6",2021-03-16,8.73454861111111,"Ambient"
"B6",2021-03-17,10.173125,"Ambient"
"B6",2021-03-18,9.67875,"Ambient"
"B6",2021-03-19,7.29798611111111,"Ambient"
"B6",2021-03-20,5.83246527777778,"Ambient"
"B6",2021-03-21,5.6278125,"Ambient"
"B6",2021-03-22,8.13131944444445,"Ambient"
"B6",2021-03-23,9.356875,"Ambient"
"B6",2021-03-24,10.2913541666667,"Ambient"
"B6",2021-03-25,11.5711805555556,"Ambient"
"B6",2021-03-26,11.5987152777778,"Ambient"
"B6",2021-03-27,12.0484722222222,"Ambient"
"B6",2021-03-28,11.4332986111111,"Ambient"
"B6",2021-03-29,13.4192708402778,"Ambient"
"B6",2021-03-30,14.9948263958333,"Ambient"
"B6",2021-03-31,16.0604513680556,"Ambient"
"B6",2021-04-01,16.1550000902778,"Ambient"
"B6",2021-04-02,16.0401388958333,"Ambient"
"B6",2021-04-03,15.5639236076389,"Ambient"
"B6",2021-04-04,14.3370138888889,"Ambient"
"B6",2021-04-05,13.6315625,"Ambient"
"B6",2021-04-06,13.7232986111111,"Ambient"
"B6",2021-04-07,12.2135069444444,"Ambient"
"B6",2021-04-08,11.1495833333333,"Ambient"
"B6",2021-04-09,12.1901736111111,"Ambient"
"B6",2021-04-10,11.9773958333333,"Ambient"
"B6",2021-04-11,10.9336111111111,"Ambient"
"B6",2021-04-12,10.4113888888889,"Ambient"
"B6",2021-04-13,11.1264583333333,"Ambient"
"B6",2021-04-14,11.3205902777778,"Ambient"
"B6",2021-04-15,11.7576041666667,"Ambient"
"B6",2021-04-16,11.7708333333333,"Ambient"
"B6",2021-04-17,11.2978125,"Ambient"
"B6",2021-04-18,11.0303819444444,"Ambient"
"B6",2021-04-19,12.0666666666667,"Ambient"
"B6",2021-04-20,13.0853472222222,"Ambient"
"B6",2021-04-21,13.0517708333333,"Ambient"
"B6",2021-04-22,13.6813541666667,"Ambient"
"B6",2021-04-23,14.5748958645833,"Ambient"
"B6",2021-04-24,16.3159722847222,"Ambient"
"B6",2021-04-25,16.6385069444444,"Ambient"
"B6",2021-04-26,15.1212152916667,"Ambient"
"B6",2021-04-27,14.2244097222222,"Ambient"
"B6",2021-04-28,13.7976388888889,"Ambient"
"B6",2021-04-29,12.5903125,"Ambient"
"B6",2021-04-30,11.7096180555556,"Ambient"
"B6",2021-05-01,10.8678125,"Ambient"
"B6",2021-05-02,10.9373263888889,"Ambient"
"B6",2021-05-03,11.8877083333333,"Ambient"
"B6",2021-05-04,14.18413190625,"Ambient"
"B6",2021-05-05,16.1631597430556,"Ambient"
"B6",2021-05-06,15.6416321006944,"Ambient"
"B6",2021-05-07,17.0462499930556,"Ambient"
"B6",2021-05-08,18.5342360625,"Ambient"
"B6",2021-05-09,19.7052430694444,"Ambient"
"B6",2021-05-10,18.2873957881944,"Ambient"
"B6",2021-05-11,15.9089583194444,"Ambient"
"B6",2021-05-12,13.8726388888889,"Ambient"
"B6",2021-05-13,14.4189236215278,"Ambient"
"B6",2021-05-14,15.2450694444444,"Ambient"
"B6",2021-05-15,15.3782638854167,"Ambient"
"B6",2021-05-16,15.4836111111111,"Ambient"
"B6",2021-05-17,15.2623263680556,"Ambient"
"B6",2021-05-18,15.90829859375,"Ambient"
"B6",2021-05-19,16.5407291875,"Ambient"
"B6",2021-05-20,17.9475000208333,"Ambient"
"B6",2021-05-21,18.1591320034722,"Ambient"
"B6",2021-05-22,16.6534027708333,"Ambient"
"B6",2021-05-23,14.4852430555556,"Ambient"
"B6",2021-05-24,13.1342361111111,"Ambient"
"B6",2021-05-25,12.2384027777778,"Ambient"
"B6",2021-05-26,14.3744791180556,"Ambient"
"B6",2021-05-27,16.9995137951389,"Ambient"
"B6",2021-05-28,18.7531596527778,"Ambient"
"B6",2021-05-29,18.8791319305556,"Ambient"
"B6",2021-05-30,20.6712499791667,"Ambient"
"B6",2021-05-31,21.2519444270833,"Ambient"
"B6",2021-06-01,21.8772569479167,"Ambient"
"B6",2021-06-02,20.5161459652778,"Ambient"
"B6",2021-06-03,20.9916319895833,"Ambient"
"B6",2021-06-04,20.3330208055556,"Ambient"
"B6",2021-06-05,19.0837153125,"Ambient"
"B6",2021-06-06,20.4580208125,"Ambient"
"B6",2021-06-07,20.1629513819444,"Ambient"
"B6",2021-06-08,19.2515972013889,"Ambient"
"B6",2021-06-09,19.73288190625,"Ambient"
"B6",2021-06-10,20.5139236701389,"Ambient"
"B6",2021-06-11,19.8710070902778,"Ambient"
"B6",2021-06-12,19.8660763715278,"Ambient"
"B6",2021-06-13,20.3213542638889,"Ambient"
"B6",2021-06-14,20.3472222152778,"Ambient"
"B6",2021-06-15,20.1494097604167,"Ambient"
"B6",2021-06-16,20.2992013576389,"Ambient"
"B6",2021-06-17,19.7415973159722,"Ambient"
"B6",2021-06-18,19.3683680833333,"Ambient"
"B6",2021-06-19,20.2729512743056,"Ambient"
"B6",2021-06-20,20.0438194131944,"Ambient"
"B6",2021-06-21,19.5287499201389,"Ambient"
"B6",2021-06-22,19.2432986180556,"Ambient"
"B6",2021-06-23,17.99326371875,"Ambient"
"B6",2021-06-24,17.4573958229167,"Ambient"
"B6",2021-06-25,19.5894097152778,"Ambient"
"B6",2021-06-26,20.2154861041667,"Ambient"
"B6",2021-06-27,19.6377084375,"Ambient"
"B6",2021-06-28,18.7514582604167,"Ambient"
"B6",2021-06-29,18.9970138993056,"Ambient"
"B6",2021-06-30,19.6585416805556,"Ambient"
"B6",2021-07-01,20.1496180694444,"Ambient"
"B6",2021-07-02,20.0036458090278,"Ambient"
"B6",2021-07-03,17.6184722083333,"Ambient"
"B6",2021-07-04,17.5450347638889,"Ambient"
"B6",2021-07-05,18.17284721875,"Ambient"
"B6",2021-07-06,17.6416665868056,"Ambient"
"B6",2021-07-07,17.576250125,"Ambient"
"B6",2021-07-08,17.1908680451389,"Ambient"
"B6",2021-07-09,18.0644097152778,"Ambient"
"B6",2021-07-10,17.6114582604167,"Ambient"
"B6",2021-07-11,18.4804514236111,"Ambient"
"B6",2021-07-12,17.6924305763889,"Ambient"
"B6",2021-07-13,16.5052778506944,"Ambient"
"B6",2021-07-14,17.0300346388889,"Ambient"
"B6",2021-07-15,17.3280555277778,"Ambient"
"B6",2021-07-16,17.0471874618056,"Ambient"
"B6",2021-07-17,18.2419443888889,"Ambient"
"B6",2021-07-18,18.5607986354167,"Ambient"
"B6",2021-07-19,18.9832270212766,"Ambient"
"B6",2021-07-20,18.6439930694444,"Ambient"
"B6",2021-07-21,18.9436804722222,"Ambient"
"B6",2021-07-22,19.60152778125,"Ambient"
"B6",2021-07-23,19.1746527361111,"Ambient"
"B6",2021-07-24,17.7895834479167,"Ambient"
"B6",2021-07-25,17.5031944027778,"Ambient"
"B6",2021-07-26,17.6560411701389,"Ambient"
"B6",2021-07-27,17.4531944375,"Ambient"
"B6",2021-07-28,17.6471229052632,"Ambient"
"B6",2021-07-29,18.0399653055556,"Ambient"
"B6",2021-07-30,17.5422916597222,"Ambient"
"B6",2021-07-31,17.1313194548611,"Ambient"
"B6",2021-08-01,16.7329166388889,"Ambient"
"B6",2021-08-02,17.2805208020833,"Ambient"
"B6",2021-08-03,17.5279780735294,"Ambient"
"B6",2021-08-04,17.8355903194444,"Ambient"
"B6",2021-08-05,17.961354125,"Ambient"
"B6",2021-08-06,17.6271528923611,"Ambient"
"B6",2021-08-07,17.4119792222222,"Ambient"
"B6",2021-08-08,17.0710070138889,"Ambient"
"B6",2021-08-09,17.5984027430556,"Ambient"
"B6",2021-08-10,18.8817707465278,"Ambient"
"B6",2021-08-11,19.4410416666667,"Ambient"
"B6",2021-08-12,19.9337847395833,"Ambient"
"B6",2021-08-13,19.35378478125,"Ambient"
"B6",2021-08-14,19.4942361458333,"Ambient"
"B6",2021-08-15,18.2577431284722,"Ambient"
"B6",2021-08-16,17.5726736840278,"Ambient"
"B6",2021-08-17,17.3833679791667,"Ambient"
"B6",2021-08-18,17.2219097743056,"Ambient"
"B6",2021-08-19,17.2348959895833,"Ambient"
"B6",2021-08-20,18.2199652916667,"Ambient"
"B6",2021-08-21,17.8306249166667,"Ambient"
"B6",2021-08-22,17.4515971736111,"Ambient"
"B6",2021-08-23,17.6381596805556,"Ambient"
"B6",2021-08-24,17.5292360243056,"Ambient"
"B6",2021-08-25,17.70034725,"Ambient"
"B6",2021-08-26,18.2205208923611,"Ambient"
"B6",2021-08-27,18.0955207951389,"Ambient"
"B6",2021-08-28,17.5326389513889,"Ambient"
"B6",2021-08-29,17.2820486979167,"Ambient"
"B6",2021-08-30,17.1013888368056,"Ambient"
"B6",2021-08-31,17.6848263854167,"Ambient"
"B6",2021-09-01,17.3228125972222,"Ambient"
"B6",2021-09-02,17.2592014444444,"Ambient"
"B6",2021-09-03,17.7506945729167,"Ambient"
"B6",2021-09-04,18.0582986493056,"Ambient"
"B6",2021-09-05,18.1401735902778,"Ambient"
"B6",2021-09-13,18.03160004,"Ambient"
"B6",2021-09-14,17.5872916458333,"Ambient"
"B6",2021-09-15,17.73798615625,"Ambient"
"B6",2021-09-16,17.5994445277778,"Ambient"
"B6",2021-09-17,17.7237499826389,"Ambient"
"B6",2021-09-18,17.3021180590278,"Ambient"
"B6",2021-09-19,16.2911806458333,"Ambient"
"B6",2021-09-20,17.0468055208333,"Ambient"
"B6",2021-09-21,15.0426736180556,"Ambient"
"B6",2021-09-22,15.1137152743056,"Ambient"
"B6",2021-09-23,17.3710416805556,"Ambient"
"B6",2021-09-24,17.1903818993056,"Ambient"
"B6",2021-09-25,17.4637500590278,"Ambient"
"B6",2021-09-26,17.2373957986111,"Ambient"
"B6",2021-09-27,17.0476734826389,"Ambient"
"B6",2021-09-28,17.1401387743056,"Ambient"
"B6",2021-09-29,17.2794792013889,"Ambient"
"B6",2021-09-30,17.20541665625,"Ambient"
"B6",2021-10-01,16.2169791527778,"Ambient"
"B6",2021-10-02,16.8015971701389,"Ambient"
"B6",2021-10-03,16.87288196875,"Ambient"
"B6",2021-10-04,15.23409721875,"Ambient"
"B6",2021-10-05,14.1098958333333,"Ambient"
"B6",2021-10-06,14.7814235659722,"Ambient"
"B6",2021-10-07,15.0736805763889,"Ambient"
"B6",2021-10-08,14.2027777777778,"Ambient"
"B6",2021-10-09,15.2641666631944,"Ambient"
"B6",2021-10-10,16.2385070069444,"Ambient"
"B6",2021-10-11,15.5216666979167,"Ambient"
"B6",2021-10-12,13.5989583333333,"Ambient"
"B6",2021-10-13,12.7921875,"Ambient"
"B6",2021-10-14,12.0643402777778,"Ambient"
"B6",2021-10-15,11.9334722222222,"Ambient"
"B6",2021-10-16,13.4352083333333,"Ambient"
"B6",2021-10-17,12.8144444444444,"Ambient"
"B6",2021-10-18,13.0808333333333,"Ambient"
"B6",2021-10-19,14.0563194444444,"Ambient"
"B6",2021-10-20,15.1966319166667,"Ambient"
"B6",2021-10-21,15.6455208263889,"Ambient"
"B6",2021-10-22,14.2272222222222,"Ambient"
"B6",2021-10-23,13.8277083333333,"Ambient"
"B6",2021-10-24,11.6796527777778,"Ambient"
"B6",2021-10-25,10.5984722222222,"Ambient"
"B6",2021-10-26,11.1753472222222,"Ambient"
"B6",2021-10-27,11.33,"Ambient"
"B6",2021-10-28,11.0298263888889,"Ambient"
"B6",2021-10-29,11.1111111111111,"Ambient"
"B6",2021-10-30,12.4632638888889,"Ambient"
"B6",2021-10-31,13.8793333333333,"Ambient"
"B6",2021-11-01,13.5164236111111,"Ambient"
"B6",2021-11-02,11.6513888888889,"Ambient"
"B6",2021-11-03,10.9449652777778,"Ambient"
"B6",2021-11-04,9.01819444444445,"Ambient"
"B6",2021-11-05,8.0396875,"Ambient"
"B6",2021-11-06,6.42368055555556,"Ambient"
"B6",2021-11-07,5.78201388888889,"Ambient"
"B6",2021-11-08,7.82107638888889,"Ambient"
"B6",2021-11-09,8.12489583333333,"Ambient"
"B6",2021-11-10,6.46333333333333,"Ambient"
"B6",2021-11-11,7.25555555555556,"Ambient"
"B6",2021-11-12,8.13274305555556,"Ambient"
"B6",2021-11-13,9.40479166666667,"Ambient"
"B6",2021-11-14,9.66225694444444,"Ambient"
"B6",2021-11-15,8.60597222222222,"Ambient"
"B6",2021-11-16,8.12604166666667,"Ambient"
"B6",2021-11-17,7.53329861111111,"Ambient"
"B6",2021-11-18,6.95868055555556,"Ambient"
"B6",2021-11-19,6.23545138888889,"Ambient"
"B6",2021-11-20,5.8653125,"Ambient"
"B6",2021-11-21,6.69659722222222,"Ambient"
"B6",2021-11-22,7.64482638888889,"Ambient"
"B6",2021-11-23,7.05045138888889,"Ambient"
"B6",2021-11-24,6.75982638888889,"Ambient"
"B6",2021-11-25,6.96267361111111,"Ambient"
"B6",2021-11-26,6.79284722222222,"Ambient"
"B6",2021-11-27,5.48211805555556,"Ambient"
"B6",2021-11-28,4.25972222222222,"Ambient"
"B6",2021-11-29,3.32472222222222,"Ambient"
"B6",2021-11-30,3.41298611111111,"Ambient"
"B6",2021-12-01,3.82375,"Ambient"
"B6",2021-12-02,4.63052083333333,"Ambient"
"B6",2021-12-03,4.27586805555556,"Ambient"
"B6",2021-12-04,4.92982638888889,"Ambient"
"B6",2021-12-05,4.85114583333333,"Ambient"
"B6",2021-12-13,5.57887640449438,"Ambient"
"B6",2021-12-14,5.22759493670886,"Ambient"
"B6",2021-12-21,5.39168224299065,"Ambient"
"B6",2021-12-22,5.78909722222222,"Ambient"
"B6",2021-12-23,6.38236111111111,"Ambient"
"B6",2021-12-24,7.20222222222222,"Ambient"
"B6",2021-12-25,7.85361111111111,"Ambient"
"B6",2021-12-26,7.48579861111111,"Ambient"
"B6",2021-12-27,8.06802083333333,"Ambient"
"B6",2021-12-28,8.90020833333333,"Ambient"
"B6",2021-12-29,10.5303819444444,"Ambient"
"B6",2021-12-30,11.1859722222222,"Ambient"
"B6",2021-12-31,9.8034375,"Ambient"
"B6",2022-01-01,9.18854166666667,"Ambient"
"B6",2022-01-02,8.85263888888889,"Ambient"
"B6",2022-01-03,8.62357638888889,"Ambient"
"B6",2022-01-04,8.58861111111111,"Ambient"
"B6",2022-01-05,7.8884375,"Ambient"
"B6",2022-01-06,5.39611111111111,"Ambient"
"B6",2022-01-07,3.39385416666667,"Ambient"
"B6",2022-01-08,4.06857638888889,"Ambient"
"B6",2022-01-09,5.61447916666667,"Ambient"
"B6",2022-01-18,3.44071428571429,"Ambient"
"B6",2022-01-19,3.27267361111111,"Ambient"
"B6",2022-01-20,3.92274305555556,"Ambient"
"B6",2022-01-21,4.07663194444444,"Ambient"
"B6",2022-01-22,3.16972222222222,"Ambient"
"B6",2022-01-23,3.078125,"Ambient"
"B6",2022-01-24,3.42420138888889,"Ambient"
"B6",2022-01-25,3.90215277777778,"Ambient"
"B6",2022-01-26,4.2184375,"Ambient"
"B6",2022-01-27,4.40475694444444,"Ambient"
"B6",2022-01-28,3.96802083333333,"Ambient"
"B6",2022-01-29,3.67663194444444,"Ambient"
"B6",2022-01-30,4.28461805555556,"Ambient"
"B6",2022-01-31,4.52885416666667,"Ambient"
"B6",2022-02-01,5.05590277777778,"Ambient"
"B6",2022-02-02,5.494375,"Ambient"
"B6",2022-02-03,5.97583333333333,"Ambient"
"B6",2022-02-04,6.80888888888889,"Ambient"
"B6",2022-02-05,7.66930555555556,"Ambient"
"B6",2022-02-06,6.0971875,"Ambient"
"B6",2022-02-07,6.00427083333333,"Ambient"
"B6",2022-02-08,7.71006944444444,"Ambient"
"B6",2022-02-09,7.82902777777778,"Ambient"
"B6",2022-02-10,7.93555555555556,"Ambient"
"B6",2022-02-11,8.201875,"Ambient"
"B6",2022-02-12,7.89409722222222,"Ambient"
"B6",2022-02-13,8.28538194444444,"Ambient"
"B6",2022-02-14,8.80802083333333,"Ambient"
"B6",2022-02-15,7.99090277777778,"Ambient"
"B6",2022-02-16,8.05663194444444,"Ambient"
"B6",2022-02-17,9.20679245283019,"Ambient"
"B6",2022-02-18,11.4243150684932,"Ambient"
"B6",2022-02-19,9.86295138888889,"Ambient"
"B6",2022-02-20,8.09597222222222,"Ambient"
"B6",2022-02-21,9.27163194444444,"Ambient"
"B6",2022-02-22,9.34826388888889,"Ambient"
"B6",2022-02-23,8.87375,"Ambient"
"B6",2022-02-24,9.05346153846154,"Ambient"
"B6",2022-02-25,9.12184027777778,"Ambient"
"B6",2022-02-26,7.38586805555556,"Ambient"
"B6",2022-02-27,6.79916666666667,"Ambient"
"B6",2022-02-28,8.60027777777778,"Ambient"
"B6",2022-03-01,8.83090277777778,"Ambient"
"B6",2022-03-02,8.62248062015504,"Ambient"
"B6",2022-03-04,9.33039603960396,"Ambient"
"B6",2022-03-05,8.62177083333333,"Ambient"
"B6",2022-03-06,8.04868055555556,"Ambient"
"B6",2022-03-07,8.38722222222222,"Ambient"
"B6",2022-03-08,7.89072916666667,"Ambient"
"B6",2022-03-09,8.49270833333333,"Ambient"
"B6",2022-03-10,9.27909722222222,"Ambient"
"B6",2022-03-11,9.35979166666667,"Ambient"
"B6",2022-03-12,9.88048611111111,"Ambient"
"B6",2022-03-13,8.4821875,"Ambient"
"B6",2022-03-14,6.92815972222222,"Ambient"
"B6",2022-03-15,8.56079861111111,"Ambient"
"B6",2022-03-16,9.98638888888889,"Ambient"
"B6",2022-03-17,10.6836458333333,"Ambient"
"B6",2022-03-18,9.95236111111111,"Ambient"
"B6",2022-03-19,9.81791666666667,"Ambient"
"B6",2022-03-20,11.0003125,"Ambient"
"B6",2022-03-21,12.3706965174129,"Ambient"
"B6",2022-03-22,12.1380555555556,"Ambient"
"B6",2022-03-23,11.8625,"Ambient"
"B6",2022-03-24,11.6635763888889,"Ambient"
"B6",2022-03-25,12.3976736111111,"Ambient"
"B6",2022-03-26,12.8492013888889,"Ambient"
"B6",2022-03-27,12.4811956521739,"Ambient"
"B6",2022-03-28,12.8178472222222,"Ambient"
"B6",2022-03-29,13.1842361111111,"Ambient"
"B6",2022-03-30,12.5769097222222,"Ambient"
"B6",2022-03-31,10.5479861111111,"Ambient"
"B6",2022-04-01,7.62930555555556,"Ambient"
"B6",2022-04-02,4.8815625,"Ambient"
"B6",2022-04-03,4.27305555555556,"Ambient"
"B6",2022-04-04,5.79038194444444,"Ambient"
"B6",2022-04-05,7.33260416666667,"Ambient"
"B6",2022-04-06,8.45118055555556,"Ambient"
"B6",2022-04-07,9.81524305555556,"Ambient"
"B6",2022-04-08,13.0838194444444,"Ambient"
"B6",2022-04-09,12.9779513888889,"Ambient"
"B6",2022-04-10,12.0497916666667,"Ambient"
"B6",2022-04-11,13.3310763888889,"Ambient"
"B6",2022-04-12,13.8559722222222,"Ambient"
"B6",2022-04-13,13.6041666666667,"Ambient"
"B6",2022-04-14,13.7557639409722,"Ambient"
"B6",2022-04-15,15.1522917743056,"Ambient"
"B6",2022-04-16,16.8525694583333,"Ambient"
"B6",2022-04-17,17.1801735694444,"Ambient"
"B6",2022-04-18,17.6881597222222,"Ambient"
"B6",2022-04-19,15.6513541145833,"Ambient"
"B6",2022-04-20,12.1370486111111,"Ambient"
"B6",2022-04-21,11.1911111111111,"Ambient"
"B6",2022-04-22,11.6896180555556,"Ambient"
"B6",2022-04-23,11.9994444444444,"Ambient"
"B6",2022-04-24,11.9350347222222,"Ambient"
"B6",2022-04-25,13.0749305555556,"Ambient"
"B6",2022-04-26,14.7444443819444,"Ambient"
"B6",2022-04-27,15.9372223645833,"Ambient"
"B6",2022-04-28,15.9059027743056,"Ambient"
"B6",2022-04-29,16.5877777916667,"Ambient"
"B6",2022-04-30,17.6768750520833,"Ambient"
"B6",2022-05-01,17.0959375451389,"Ambient"
"B6",2022-05-02,16.3770138611111,"Ambient"
"B6",2022-05-03,15.0563541666667,"Ambient"
"B6",2022-05-04,14.1625347222222,"Ambient"
"B6",2022-05-05,13.5870833333333,"Ambient"
"B6",2022-05-06,14.2398263888889,"Ambient"
"B6",2022-05-07,15.95843753125,"Ambient"
"B6",2022-05-08,17.2357986805556,"Ambient"
"B6",2022-05-09,17.8485416944444,"Ambient"
"B6",2022-05-10,19.5501388715278,"Ambient"
"B6",2022-05-11,21.052257,"Ambient"
"B6",2022-05-12,21.5563889375,"Ambient"
"B6",2022-05-13,21.5537500277778,"Ambient"
"B6",2022-05-14,22.0308680347222,"Ambient"
"B6",2022-05-15,22.8932638645833,"Ambient"
"B6",2022-05-16,23.95010415625,"Ambient"
"B6",2022-05-17,23.8503472326389,"Ambient"
"B6",2022-05-18,25.0687847430556,"Ambient"
"B6",2022-05-19,24.9124653194444,"Ambient"
"B6",2022-05-20,25.2793403576389,"Ambient"
"B6",2022-05-21,26.1959027743056,"Ambient"
"B6",2022-05-22,24.9880902777778,"Ambient"
"B6",2022-05-23,21.8792924622642,"Ambient"
"B6",2022-05-24,16.8252174202899,"Ambient"
"B6",2022-05-25,15.7249999824561,"Ambient"
"B6",2022-05-26,15.9661458229167,"Ambient"
"B6",2022-05-27,17.9046875208333,"Ambient"
"B6",2022-05-28,20.3469791597222,"Ambient"
"B6",2022-05-29,21.8062499375,"Ambient"
"B6",2022-05-30,20.7473611041667,"Ambient"
"B6",2022-05-31,21.37920140625,"Ambient"
"B6",2022-06-01,22.2696180034722,"Ambient"
"B6",2022-06-02,24.163879892,"Ambient"
"B6",2022-06-05,21.6468789044586,"Ambient"
"B6",2022-06-06,21.2928125868056,"Ambient"
"B6",2022-06-07,20.9901736354167,"Ambient"
"B6",2022-06-08,19.7528819513889,"Ambient"
"B6",2022-06-09,19.7091667569444,"Ambient"
"B6",2022-06-10,20.8473263333333,"Ambient"
"B6",2022-06-11,22.8105207847222,"Ambient"
"B6",2022-06-12,24.2764236076389,"Ambient"
"B6",2022-06-20,26.7077701418919,"Ambient"
"B6",2022-06-21,25.1334449138756,"Ambient"
"B6",2022-06-22,22.7422024166667,"Ambient"
"B6",2022-06-23,23.0279166493056,"Ambient"
"B6",2022-06-24,22.32468753125,"Ambient"
"B6",2022-06-25,20.7615277881944,"Ambient"
"B6",2022-06-26,19.3495138125,"Ambient"
"B6",2022-06-27,17.1763540763889,"Ambient"
"B6",2022-06-28,18.0742144428571,"Ambient"
"B6",2022-06-29,22.6203333,"Ambient"
"B6",2022-06-30,19.2508888333333,"Ambient"
"B6",2022-07-01,18.7205965473684,"Ambient"
"B6",2022-07-02,20.2887500625,"Ambient"
"B6",2022-07-03,22.9903818993056,"Ambient"
"B6",2022-07-18,28.1387179230769,"Ambient"
"B6",2022-07-19,27.0543554808362,"Ambient"
"B6",2022-07-20,26.5260069479167,"Ambient"
"B6",2022-07-21,26.7691319756944,"Ambient"
"B6",2022-07-22,25.8452083541667,"Ambient"
"B6",2022-07-23,23.6574652152778,"Ambient"
"B6",2022-07-24,24.3093403333333,"Ambient"
"B6",2022-07-25,25.5921568823529,"Ambient"
"B6",2022-07-26,21.2426190892857,"Ambient"
"B6",2022-07-27,21.8735417326389,"Ambient"
"B6",2022-07-28,22.7631617573529,"Ambient"
"B6",2022-07-29,21.9581596388889,"Ambient"
"B6",2022-07-30,21.6439235416667,"Ambient"
"B6",2022-07-31,24.3938195069444,"Ambient"
"B6",2022-08-01,24.8920422464789,"Ambient"
"B6",2022-08-02,24.6616307263158,"Ambient"
"B6",2022-08-03,25.1695824548611,"Ambient"
"B6",2022-08-04,27.0527782708333,"Ambient"
"B6",2022-08-05,25.4386458819444,"Ambient"
"B6",2022-08-06,26.0330902256944,"Ambient"
"B6",2022-08-07,26.4149306041667,"Ambient"
"B6",2022-08-08,26.5423893716814,"Ambient"
"B6",2022-08-09,25.6103061479592,"Ambient"
"B6",2022-08-10,25.5616666701389,"Ambient"
"B6",2022-08-11,26.4310763958333,"Ambient"
"B6",2022-08-12,26.9146527673611,"Ambient"
"B6",2022-08-13,27.1061111423611,"Ambient"
"B6",2022-08-14,26.1427771284722,"Ambient"
"B6",2022-08-15,24.539873278481,"Ambient"
"B6",2022-08-16,22.3652095748503,"Ambient"
"B6",2022-08-17,20.9711801987578,"Ambient"
"B6",2022-08-18,19.9593403298611,"Ambient"
"B6",2022-08-19,21.1222917256944,"Ambient"
"B6",2022-08-20,22.1351735590278,"Ambient"
"B6",2022-08-21,22.8889235868056,"Ambient"
"B6",2022-08-22,23.4832911097046,"Ambient"
"B6",2022-08-23,24.2947916631944,"Ambient"
"B6",2022-08-24,24.9773958472222,"Ambient"
"B6",2022-08-25,25.0413193888889,"Ambient"
"B6",2022-08-26,22.8088542013889,"Ambient"
"B6",2022-08-27,23.8032638645833,"Ambient"
"B6",2022-08-28,24.2636458819444,"Ambient"
"B6",2022-08-30,23.8625294470588,"Ambient"
"B6",2022-08-31,22.6940623854167,"Ambient"
"B6",2022-09-01,22.0302083888889,"Ambient"
"B6",2022-09-02,22.4698610868056,"Ambient"
"B6",2022-09-03,22.2378471527778,"Ambient"
"B6",2022-09-04,21.9921527534722,"Ambient"
"B6",2022-09-05,22.1550695104167,"Ambient"
"B6",2022-09-06,23.0269097569444,"Ambient"
"B6",2022-09-07,23.1757639409722,"Ambient"
"B6",2022-09-08,21.3827778194444,"Ambient"
"B6",2022-09-09,19.8156944305556,"Ambient"
"B6",2022-09-10,18.6833333611111,"Ambient"
"B6",2022-09-11,20.5679166840278,"Ambient"
"B6",2022-09-12,21.39996528125,"Ambient"
"B6",2022-09-13,22.4154513993056,"Ambient"
"B6",2022-09-14,22.5131597152778,"Ambient"
"B6",2022-09-15,21.8881945069444,"Ambient"
"B6",2022-09-16,20.6706944791667,"Ambient"
"B6",2022-09-17,19.6485069201389,"Ambient"
"B6",2022-09-18,17.8470833368056,"Ambient"
"B6",2022-09-19,17.1199653229167,"Ambient"
"B6",2022-09-20,16.8879513715278,"Ambient"
"B6",2022-09-21,16.9795833958333,"Ambient"
"B6",2022-09-22,17.1765971840278,"Ambient"
"B6",2022-09-23,17.15142353125,"Ambient"
"B6",2022-09-24,16.9280208993056,"Ambient"
"B6",2022-09-25,15.0628125,"Ambient"
"B6",2022-09-26,15.1966667256944,"Ambient"
"B6",2022-09-27,14.8586111111111,"Ambient"
"B6",2022-09-28,14.8578819513889,"Ambient"
"B6",2022-09-29,14.8307291666667,"Ambient"
"B6",2022-09-30,13.7900347222222,"Ambient"
"B6",2022-10-01,13.5808680486111,"Ambient"
"B6",2022-10-02,15.7760763854167,"Ambient"
"B6",2022-10-03,17.8311457951389,"Ambient"
"B6",2022-10-04,17.5424305486111,"Ambient"
"B6",2022-10-05,17.2809028298611,"Ambient"
"B6",2022-10-06,17.6356250034722,"Ambient"
"B6",2022-10-07,17.7101389826389,"Ambient"
"B6",2022-10-08,18.0600694375,"Ambient"
"B6",2022-10-09,17.6237846458333,"Ambient"
"B6",2022-10-10,16.9932638611111,"Ambient"
"B6",2022-10-11,17.1448263888889,"Ambient"
"B6",2022-10-12,17.4780555729167,"Ambient"
"B6",2022-10-13,17.86444446875,"Ambient"
"B6",2022-10-14,18.6917707534722,"Ambient"
"B6",2022-10-15,17.7831944409722,"Ambient"
"B6",2022-10-16,17.6890972326389,"Ambient"
"B6",2022-10-17,18.3738194618056,"Ambient"
"B6",2022-10-18,18.3934721909722,"Ambient"
"B6",2022-10-19,17.9885763854167,"Ambient"
"B6",2022-10-20,17.9803124375,"Ambient"
"B6",2022-10-21,16.9690973090278,"Ambient"
"B6",2022-10-22,16.6769791284722,"Ambient"
"B6",2022-10-23,17.7730555798611,"Ambient"
"B6",2022-10-24,17.5998610694444,"Ambient"
"B6",2022-10-25,16.2943402118056,"Ambient"
"B6",2022-10-26,15.8010069375,"Ambient"
"B6",2022-10-27,15.9136110868056,"Ambient"
"B6",2022-10-28,16.6843402916667,"Ambient"
"B6",2022-10-29,16.9578126041667,"Ambient"
"B6",2022-10-30,15.1146999866667,"Ambient"
"B6",2022-10-31,13.7667013888889,"Ambient"
"B6",2022-11-01,14.4511805555556,"Ambient"
"B6",2022-11-02,15.5447569548611,"Ambient"
"B6",2022-11-03,13.5869097222222,"Ambient"
"B6",2022-11-04,10.7887847222222,"Ambient"
"B6",2022-11-05,10.1713194444444,"Ambient"
"B6",2022-11-06,9.49552083333333,"Ambient"
"B6",2022-11-07,9.62743055555556,"Ambient"
"B6",2022-11-08,10.5340277777778,"Ambient"
"B6",2022-11-09,11.2649305555556,"Ambient"
"B6",2022-11-10,11.3044097222222,"Ambient"
"B6",2022-11-11,10.0914236111111,"Ambient"
"B6",2022-11-12,10.8385069444444,"Ambient"
"B6",2022-11-13,11.1789930555556,"Ambient"
"B6",2022-11-14,10.8542013888889,"Ambient"
"B6",2022-11-15,11.3285763888889,"Ambient"
"B6",2022-11-16,11.7589236111111,"Ambient"
"B6",2022-11-17,11.836875,"Ambient"
"B6",2022-11-18,11.2890972222222,"Ambient"
"B6",2022-11-19,9.58732638888889,"Ambient"
"B6",2022-11-20,7.03923611111111,"Ambient"
"B6",2022-11-21,7.59475694444444,"Ambient"
"B6",2022-11-22,7.04347222222222,"Ambient"
"B6",2022-11-23,7.85888888888889,"Ambient"
"B6",2022-11-24,7.27534722222222,"Ambient"
"B6",2022-11-25,7.77395833333333,"Ambient"
"B6",2022-11-26,7.16708333333333,"Ambient"
"B6",2022-11-27,6.61333333333333,"Ambient"
"B6",2022-11-28,6.96920138888889,"Ambient"
"B6",2022-11-29,7.04027777777778,"Ambient"
"B6",2022-11-30,6.90458333333333,"Ambient"
"B6",2022-12-01,5.39388888888889,"Ambient"
"B6",2022-12-02,5.48920138888889,"Ambient"
"B6",2022-12-03,5.35010416666667,"Ambient"
"B6",2022-12-04,4.27305555555556,"Ambient"
"B6",2022-12-05,3.71701388888889,"Ambient"
"B6",2022-12-06,4.71708333333333,"Ambient"
"B6",2022-12-07,6.86111111111111,"Ambient"
"B6",2022-12-08,7.44361111111111,"Ambient"
"B6",2022-12-09,7.37041666666667,"Ambient"
"B6",2022-12-10,7.24798611111111,"Ambient"
"B6",2022-12-11,4.02326388888889,"Ambient"
"B6",2022-12-12,3.93326388888889,"Ambient"
"B6",2022-12-13,5.591875,"Ambient"
"B6",2022-12-14,8.03694444444444,"Ambient"
"B6",2022-12-15,8.25163194444444,"Ambient"
"B6",2022-12-16,8.62385416666667,"Ambient"
"B6",2022-12-17,8.325,"Ambient"
"B6",2022-12-18,6.34097222222222,"Ambient"
"B6",2022-12-19,5.19260416666667,"Ambient"
"B6",2022-12-20,6.01621527777778,"Ambient"
"B6",2022-12-21,8.48118055555556,"Ambient"
"B6",2022-12-22,9.35274305555556,"Ambient"
"B6",2022-12-23,9.97670138888889,"Ambient"
"B6",2022-12-24,9.70486111111111,"Ambient"
"B6",2022-12-25,9.15677083333333,"Ambient"
"B6",2022-12-26,8.81354166666667,"Ambient"
"B6",2022-12-27,8.73506944444444,"Ambient"
"B6",2022-12-28,8.20513888888889,"Ambient"
"B6",2022-12-29,7.87423611111111,"Ambient"
"B6",2022-12-30,8.76288194444444,"Ambient"
"B6",2022-12-31,9.64069444444444,"Ambient"
"B7",2019-02-01,0,"Warm"
"B7",2019-02-02,0,"Warm"
"B7",2019-02-03,0,"Warm"
"B7",2019-02-04,0,"Warm"
"B7",2019-02-05,0,"Warm"
"B7",2019-02-06,0,"Warm"
"B7",2019-02-07,0,"Warm"
"B7",2019-02-08,0,"Warm"
"B7",2019-02-09,0,"Warm"
"B7",2019-02-10,0,"Warm"
"B7",2019-02-11,5.65716363636364,"Warm"
"B7",2019-02-12,4.80111111111111,"Warm"
"B7",2019-02-13,4.32822916666667,"Warm"
"B7",2019-02-14,4.51322916666667,"Warm"
"B7",2019-02-15,5.16048611111111,"Warm"
"B7",2019-02-16,5.80583333333333,"Warm"
"B7",2019-02-17,6.07232638888889,"Warm"
"B7",2019-02-18,5.68333333333333,"Warm"
"B7",2019-02-19,5.37913194444444,"Warm"
"B7",2019-02-20,5.51923611111111,"Warm"
"B7",2019-02-21,6.26930555555556,"Warm"
"B7",2019-02-22,7.07538194444444,"Warm"
"B7",2019-02-23,7.77947916666667,"Warm"
"B7",2019-02-24,8.13986111111111,"Warm"
"B7",2019-02-25,8.28996527777778,"Warm"
"B7",2019-02-26,8.83559027777778,"Warm"
"B7",2019-02-27,9.27086805555555,"Warm"
"B7",2019-02-28,9.46982638888889,"Warm"
"B7",2019-03-01,10.0078472222222,"Warm"
"B7",2019-03-02,10.2039930555556,"Warm"
"B7",2019-03-03,8.5821875,"Warm"
"B7",2019-03-04,9.308125,"Warm"
"B7",2019-03-05,8.41399305555556,"Warm"
"B7",2019-03-06,9.51805555555556,"Warm"
"B7",2019-03-07,8.83114583333333,"Warm"
"B7",2019-03-08,7.0307291662693,"Warm"
"B7",2019-03-09,11.1651388888889,"Warm"
"B7",2019-03-10,10.8886805243056,"Warm"
"B7",2019-03-11,9.01090280546656,"Warm"
"B7",2019-03-12,12.3535593396609,"Warm"
"B7",2019-03-13,6.66982638888889,"Warm"
"B7",2019-03-14,8.86263890972222,"Warm"
"B7",2019-03-15,9.53045139236939,"Warm"
"B7",2019-03-16,12.5636458436093,"Warm"
"B7",2019-03-17,7.60451389229488,"Warm"
"B7",2019-03-18,7.85399307638889,"Warm"
"B7",2019-03-19,5.16402777777778,"Warm"
"B7",2019-03-20,7.54277779524651,"Warm"
"B7",2019-03-21,9.73146015907182,"Warm"
"B7",2019-03-22,9.78566435377677,"Warm"
"B7",2019-03-23,12.0854513854167,"Warm"
"B7",2019-03-24,12.5327430555556,"Warm"
"B7",2019-03-25,9.2306597010412,"Warm"
"B7",2019-03-26,10.1654545908882,"Warm"
"B7",2019-03-27,10.8605339801543,"Warm"
"B7",2019-03-28,9.40350693068801,"Warm"
"B7",2019-03-29,10.3579166354167,"Warm"
"B7",2019-03-30,11.0778819826389,"Warm"
"B7",2019-03-31,11.4873263854167,"Warm"
"B7",2019-04-01,12.2879513229167,"Warm"
"B7",2019-04-02,9.13298611111111,"Warm"
"B7",2019-04-03,6.20086805555556,"Warm"
"B7",2019-04-04,6.71288002005722,"Warm"
"B7",2019-04-05,9.36857642013889,"Warm"
"B7",2019-04-06,6.82940972222222,"Warm"
"B7",2019-04-07,5.90717472129706,"Warm"
"B7",2019-04-08,7.60034722222222,"Warm"
"B7",2019-04-09,8.9428125,"Warm"
"B7",2019-04-10,7.71881944428715,"Warm"
"B7",2019-04-11,7.67861111111111,"Warm"
"B7",2019-04-12,8.57552083333333,"Warm"
"B7",2019-04-13,9.64734544746996,"Warm"
"B7",2019-04-14,10.3013889097222,"Warm"
"B7",2019-04-15,12.9968403402778,"Warm"
"B7",2019-04-16,11.1677430555556,"Warm"
"B7",2019-04-17,11.7417014131944,"Warm"
"B7",2019-04-18,12.9977083298611,"Warm"
"B7",2019-04-19,15.8366666388889,"Warm"
"B7",2019-04-20,14.6289930243056,"Warm"
"B7",2019-04-21,10.7670486076389,"Warm"
"B7",2019-04-22,10.3795833229167,"Warm"
"B7",2019-04-23,12.9361805625,"Warm"
"B7",2019-04-24,11.1951735972222,"Warm"
"B7",2019-04-25,10.5995486111111,"Warm"
"B7",2019-04-26,9.05177083333333,"Warm"
"B7",2019-04-27,9.77503471180555,"Warm"
"B7",2019-04-28,11.3567361423611,"Warm"
"B7",2019-04-29,14.3702777708333,"Warm"
"B7",2019-04-30,13.8177778194444,"Warm"
"B7",2019-05-01,15.1890972256944,"Warm"
"B7",2019-05-02,13.6863194826389,"Warm"
"B7",2019-05-03,9.14635416666667,"Warm"
"B7",2019-05-04,9.80065972222222,"Warm"
"B7",2019-05-05,6.97029738707909,"Warm"
"B7",2019-05-06,9.78898785441661,"Warm"
"B7",2019-05-07,13.6064583368056,"Warm"
"B7",2019-05-08,15.9226736111111,"Warm"
"B7",2019-05-09,15.05246525,"Warm"
"B7",2019-05-10,16.3518402361111,"Warm"
"B7",2019-05-11,16.7736805416667,"Warm"
"B7",2019-05-12,15.7363194930556,"Warm"
"B7",2019-05-13,15.9827777986111,"Warm"
"B7",2019-05-14,15.5621875104167,"Warm"
"B7",2019-05-15,14.9372222222222,"Warm"
"B7",2019-05-16,14.8716666840278,"Warm"
"B7",2019-05-17,14.3725694444444,"Warm"
"B7",2019-05-18,11.7381597222222,"Warm"
"B7",2019-05-19,11.4353125,"Warm"
"B7",2019-05-20,12.5237152777778,"Warm"
"B7",2019-05-21,14.5713889097222,"Warm"
"B7",2019-05-22,16.0321527465278,"Warm"
"B7",2019-05-23,16.7213888680556,"Warm"
"B7",2019-05-24,15.4756944375,"Warm"
"B7",2019-05-25,13.6489930555556,"Warm"
"B7",2019-05-26,13.6134375,"Warm"
"B7",2019-05-27,14.3562847222222,"Warm"
"B7",2019-05-28,14.9895833645833,"Warm"
"B7",2019-05-29,14.7521180729167,"Warm"
"B7",2019-05-30,16.1141319131944,"Warm"
"B7",2019-05-31,18.5748611354167,"Warm"
"B7",2019-06-01,22.6857986736111,"Warm"
"B7",2019-06-02,24.5014930034722,"Warm"
"B7",2019-06-03,20.96798615625,"Warm"
"B7",2019-06-04,22.1327777847222,"Warm"
"B7",2019-06-05,12.2108680555556,"Warm"
"B7",2019-06-06,16.9421875069444,"Warm"
"B7",2019-06-07,15.6108680520833,"Warm"
"B7",2019-06-08,17.0779513576389,"Warm"
"B7",2019-06-09,18.3695833194444,"Warm"
"B7",2019-06-10,12.7243055590278,"Warm"
"B7",2019-06-11,10.7170138854167,"Warm"
"B7",2019-06-12,14.2218466829268,"Warm"
"B7",2019-06-13,18.8603819444444,"Warm"
"B7",2019-06-14,16.1625347673611,"Warm"
"B7",2019-06-15,13.9957291701389,"Warm"
"B7",2019-06-16,19.0543402395833,"Warm"
"B7",2019-06-17,22.887187625,"Warm"
"B7",2019-06-18,25.2567014097222,"Warm"
"B7",2019-06-19,23.6121528263889,"Warm"
"B7",2019-06-20,17.1914583368056,"Warm"
"B7",2019-06-21,15.3474305277778,"Warm"
"B7",2019-06-22,20.90194434375,"Warm"
"B7",2019-06-23,25.5726736145833,"Warm"
"B7",2019-06-24,23.3675347708333,"Warm"
"B7",2019-06-25,23.1209027638889,"Warm"
"B7",2019-06-26,27.9585714578755,"Warm"
"B7",2019-06-27,27.4973333777778,"Warm"
"B7",2019-06-28,26.2205555138889,"Warm"
"B7",2019-06-29,26.1413022046512,"Warm"
"B7",2019-06-30,24.3674999479167,"Warm"
"B7",2019-07-01,21.2814236006944,"Warm"
"B7",2019-07-02,20.6037152534722,"Warm"
"B7",2019-07-03,21.3013194236111,"Warm"
"B7",2019-07-04,22.9267013819444,"Warm"
"B7",2019-07-05,25.9084721805556,"Warm"
"B7",2019-07-06,27.0159028368056,"Warm"
"B7",2019-07-07,27.0627430729167,"Warm"
"B7",2019-07-08,26.4132291319444,"Warm"
"B7",2019-07-09,23.4513193506944,"Warm"
"B7",2019-07-10,22.6450694652778,"Warm"
"B7",2019-07-11,24.4557986423611,"Warm"
"B7",2019-07-12,20.3371875729167,"Warm"
"B7",2019-07-13,18.13513884375,"Warm"
"B7",2019-07-14,16.8468402708333,"Warm"
"B7",2019-07-15,16.5059028159722,"Warm"
"B7",2019-07-16,16.7012846979167,"Warm"
"B7",2019-07-17,16.4667361180556,"Warm"
"B7",2019-07-18,15.4122569583333,"Warm"
"B7",2019-07-19,16.5943403055556,"Warm"
"B7",2019-07-20,17.0552777638889,"Warm"
"B7",2019-07-21,16.9147916423611,"Warm"
"B7",2019-07-22,18.3869444930556,"Warm"
"B7",2019-07-23,20.2907291597222,"Warm"
"B7",2019-07-24,20.8729513784722,"Warm"
"B7",2019-07-25,20.7051388715278,"Warm"
"B7",2019-07-26,17.5945833020833,"Warm"
"B7",2019-07-27,14.6523611111111,"Warm"
"B7",2019-07-28,14.8483333333333,"Warm"
"B7",2019-07-29,16.2348264409722,"Warm"
"B7",2019-07-30,15.6568055347222,"Warm"
"B7",2019-07-31,15.1147569409722,"Warm"
"B7",2019-08-01,15.5473958854167,"Warm"
"B7",2019-08-02,16.3120485868056,"Warm"
"B7",2019-08-03,17.2402430138889,"Warm"
"B7",2019-08-04,18.01079859375,"Warm"
"B7",2019-08-05,18.4266046790698,"Warm"
"B7",2019-08-06,21.3196527222222,"Warm"
"B7",2019-08-07,23.703194375,"Warm"
"B7",2019-08-08,24.9134027604167,"Warm"
"B7",2019-08-09,22.4186458611111,"Warm"
"B7",2019-08-10,18.2259721527778,"Warm"
"B7",2019-08-11,14.9057986111111,"Warm"
"B7",2019-08-12,14.3496180555556,"Warm"
"B7",2019-08-13,14.3457638888889,"Warm"
"B7",2019-08-14,14.9711458333333,"Warm"
"B7",2019-08-15,14.6756944444444,"Warm"
"B7",2019-08-16,15.7298958402778,"Warm"
"B7",2019-08-17,16.8266319618056,"Warm"
"B7",2019-08-18,17.2234722013889,"Warm"
"B7",2019-08-19,17.8383333298611,"Warm"
"B7",2019-08-20,17.7844443958333,"Warm"
"B7",2019-08-21,18.2847222881944,"Warm"
"B7",2019-08-22,19.8671528055556,"Warm"
"B7",2019-08-23,20.751933063197,"Warm"
"B7",2019-08-24,22.5030902604167,"Warm"
"B7",2019-08-25,23.3747916666667,"Warm"
"B7",2019-08-26,22.13277778125,"Warm"
"B7",2019-08-27,17.23794428223,"Warm"
"B7",2019-08-28,17.3315971979167,"Warm"
"B7",2019-08-29,18.2378125347222,"Warm"
"B7",2019-08-30,18.5625347916667,"Warm"
"B7",2019-08-31,18.7406250902778,"Warm"
"B7",2019-09-01,17.5186112013889,"Warm"
"B7",2019-09-02,15.7844791597222,"Warm"
"B7",2019-09-03,15.1553472361111,"Warm"
"B7",2019-09-04,15.6603819375,"Warm"
"B7",2019-09-05,16.11829865625,"Warm"
"B7",2019-09-06,15.3957986006944,"Warm"
"B7",2019-09-07,15.0384374756944,"Warm"
"B7",2019-09-08,15.0504166701389,"Warm"
"B7",2019-09-09,15.0203819444444,"Warm"
"B7",2019-09-10,14.4240972222222,"Warm"
"B7",2019-09-11,13.7595138888889,"Warm"
"B7",2019-09-12,14.63284721875,"Warm"
"B7",2019-09-13,15.2660069479167,"Warm"
"B7",2019-09-14,16.0915277638889,"Warm"
"B7",2019-09-15,16.64413196875,"Warm"
"B7",2019-09-16,17.0204166631944,"Warm"
"B7",2019-09-17,17.2419097291667,"Warm"
"B7",2019-09-18,16.7705209375,"Warm"
"B7",2019-09-19,16.2291666527778,"Warm"
"B7",2019-09-20,16.67684028125,"Warm"
"B7",2019-09-21,16.3743402881944,"Warm"
"B7",2019-09-22,15.2094097222222,"Warm"
"B7",2019-09-23,14.7154861076389,"Warm"
"B7",2019-09-24,15.2036458576389,"Warm"
"B7",2019-09-25,15.6123611145833,"Warm"
"B7",2019-09-26,15.7605555486111,"Warm"
"B7",2019-09-27,15.5346875694444,"Warm"
"B7",2019-09-28,15.7822568715278,"Warm"
"B7",2019-09-29,15.40267359375,"Warm"
"B7",2019-09-30,15.9325347361111,"Warm"
"B7",2019-10-01,16.3221180208333,"Warm"
"B7",2019-10-02,16.3739583402778,"Warm"
"B7",2019-10-03,15.7269097013889,"Warm"
"B7",2019-10-04,14.7211111111111,"Warm"
"B7",2019-10-05,15.5512152569444,"Warm"
"B7",2019-10-06,15.7036458923611,"Warm"
"B7",2019-10-07,14.4875694444444,"Warm"
"B7",2019-10-08,15.2367013854167,"Warm"
"B7",2019-10-09,15.2269097256944,"Warm"
"B7",2019-10-10,14.6002083402778,"Warm"
"B7",2019-10-11,13.9081944444444,"Warm"
"B7",2019-10-12,14.8425,"Warm"
"B7",2019-10-13,15.4859375277778,"Warm"
"B7",2019-10-14,15.2369791840278,"Warm"
"B7",2019-10-15,14.6986805555556,"Warm"
"B7",2019-10-16,12.6330555555556,"Warm"
"B7",2019-10-17,12.9772222222222,"Warm"
"B7",2019-10-18,13.1994444444444,"Warm"
"B7",2019-10-19,13.6024652777778,"Warm"
"B7",2019-10-20,13.8392708333333,"Warm"
"B7",2019-10-21,13.1971180555556,"Warm"
"B7",2019-10-22,13.6844791666667,"Warm"
"B7",2019-10-23,12.8949652777778,"Warm"
"B7",2019-10-24,13.8531944444444,"Warm"
"B7",2019-10-25,14.8952083194444,"Warm"
"B7",2019-10-26,14.3524653020833,"Warm"
"B7",2019-10-27,14.6101041666667,"Warm"
"B7",2019-10-28,15.0897569444444,"Warm"
"B7",2019-10-29,15.5047223784722,"Warm"
"B7",2019-10-30,16.9835763333333,"Warm"
"B7",2019-10-31,17.3945139375,"Warm"
"B7",2019-11-01,15.2249652569444,"Warm"
"B7",2019-11-02,15.0221875,"Warm"
"B7",2019-11-03,14.0259722222222,"Warm"
"B7",2019-11-04,13.0215625,"Warm"
"B7",2019-11-05,12.6438541666667,"Warm"
"B7",2019-11-06,11.18875,"Warm"
"B7",2019-11-07,9.64607638888889,"Warm"
"B7",2019-11-08,7.9503125,"Warm"
"B7",2019-11-09,8.43684027777778,"Warm"
"B7",2019-11-10,8.8834375,"Warm"
"B7",2019-11-11,7.63996527777778,"Warm"
"B7",2019-11-12,8.24458333333333,"Warm"
"B7",2019-11-13,9.02204861111111,"Warm"
"B7",2019-11-14,8.14579861111111,"Warm"
"B7",2019-11-15,6.86697916666667,"Warm"
"B7",2019-11-16,6.65208333333333,"Warm"
"B7",2019-11-17,7.34569444444444,"Warm"
"B7",2019-11-18,7.92972222222222,"Warm"
"B7",2019-11-19,7.25770833333333,"Warm"
"B7",2019-11-20,6.69069444444444,"Warm"
"B7",2019-11-21,6.64770833333333,"Warm"
"B7",2019-11-22,6.84756944444444,"Warm"
"B7",2019-11-23,7.91982638888889,"Warm"
"B7",2019-11-24,8.60079861111111,"Warm"
"B7",2019-11-25,9.0403125,"Warm"
"B7",2019-11-26,9.92673611111111,"Warm"
"B7",2019-11-27,11.6137847222222,"Warm"
"B7",2019-11-28,11.9221527777778,"Warm"
"B7",2019-11-29,12.8434375,"Warm"
"B7",2019-11-30,11.8229861111111,"Warm"
"B7",2019-12-01,11.0106597222222,"Warm"
"B7",2019-12-02,9.93541666666667,"Warm"
"B7",2019-12-03,9.4865625,"Warm"
"B7",2019-12-04,8.25336805555555,"Warm"
"B7",2019-12-05,7.91597222222222,"Warm"
"B7",2019-12-06,8.44430555555556,"Warm"
"B7",2019-12-07,8.61517361111111,"Warm"
"B7",2019-12-08,8.83302083333333,"Warm"
"B7",2019-12-09,9.56166666666667,"Warm"
"B7",2019-12-10,9.23295138888889,"Warm"
"B7",2019-12-11,8.40142361111111,"Warm"
"B7",2019-12-12,8.44465277777778,"Warm"
"B7",2019-12-13,11.2091319444444,"Warm"
"B7",2019-12-14,13.4747916666667,"Warm"
"B7",2019-12-15,13.2526041666667,"Warm"
"B7",2019-12-16,12.2397569444444,"Warm"
"B7",2019-12-17,12.3569791666667,"Warm"
"B7",2019-12-18,12.7363928571429,"Warm"
"B7",2019-12-19,11.4157638888889,"Warm"
"B7",2019-12-20,12.2661458333333,"Warm"
"B7",2019-12-21,11.6369444444444,"Warm"
"B7",2019-12-22,11.4837152777778,"Warm"
"B7",2019-12-23,10.8492361111111,"Warm"
"B7",2019-12-24,12.1473263888889,"Warm"
"B7",2019-12-25,12.5829861111111,"Warm"
"B7",2019-12-26,11.8392708333333,"Warm"
"B7",2019-12-27,10.6680555555556,"Warm"
"B7",2019-12-28,9.19909722222222,"Warm"
"B7",2019-12-29,8.44197916666667,"Warm"
"B7",2019-12-30,8.09100694444444,"Warm"
"B7",2019-12-31,7.98951388888889,"Warm"
"B7",2020-01-01,8.14534722222222,"Warm"
"B7",2020-01-02,7.4184375,"Warm"
"B7",2020-01-03,7.6984375,"Warm"
"B7",2020-01-04,8.393125,"Warm"
"B7",2020-01-05,8.58930555555555,"Warm"
"B7",2020-01-06,7.64420138888889,"Warm"
"B7",2020-01-07,7.37409722222222,"Warm"
"B7",2020-01-08,8.53715277777778,"Warm"
"B7",2020-01-09,9.98477941176471,"Warm"
"B7",2020-01-10,10.3510763888889,"Warm"
"B7",2020-01-11,9.16975694444444,"Warm"
"B7",2020-01-12,7.36125,"Warm"
"B7",2020-01-13,6.40666666666667,"Warm"
"B7",2020-01-14,6.73805555555556,"Warm"
"B7",2020-01-15,7.48569444444444,"Warm"
"B7",2020-01-16,7.77940972222222,"Warm"
"B7",2020-01-17,7.77517361111111,"Warm"
"B7",2020-01-18,7.25527777777778,"Warm"
"B7",2020-01-19,7.82329861111111,"Warm"
"B7",2020-01-20,7.17440972222222,"Warm"
"B7",2020-01-21,6.90003472222222,"Warm"
"B7",2020-01-22,7.52868055555556,"Warm"
"B7",2020-01-23,8.87631944444444,"Warm"
"B7",2020-01-24,8.87385416666667,"Warm"
"B7",2020-01-25,8.46652777777778,"Warm"
"B7",2020-01-26,8.51142361111111,"Warm"
"B7",2020-01-27,7.73177083333333,"Warm"
"B7",2020-01-28,8.48392361111111,"Warm"
"B7",2020-01-29,8.55427083333333,"Warm"
"B7",2020-01-30,10.3334375,"Warm"
"B7",2020-01-31,12.5239236111111,"Warm"
"B7",2020-02-01,12.1411111111111,"Warm"
"B7",2020-02-02,12.8872569444444,"Warm"
"B7",2020-02-03,14.3208680555556,"Warm"
"B7",2020-02-04,14.3025694444444,"Warm"
"B7",2020-02-05,12.5911458333333,"Warm"
"B7",2020-02-06,10.0253472222222,"Warm"
"B7",2020-02-07,8.90267361111111,"Warm"
"B7",2020-02-08,8.5940625,"Warm"
"B7",2020-02-09,9.73454861111111,"Warm"
"B7",2020-02-10,12.7525694444444,"Warm"
"B7",2020-02-11,14.2163541666667,"Warm"
"B7",2020-02-12,13.6678125,"Warm"
"B7",2020-02-13,12.7442708333333,"Warm"
"B7",2020-02-14,14.3313194409722,"Warm"
"B7",2020-02-15,13.4186111111111,"Warm"
"B7",2020-02-16,13.2663541666667,"Warm"
"B7",2020-02-17,12.0961111111111,"Warm"
"B7",2020-02-18,10.6350347222222,"Warm"
"B7",2020-02-19,10.6230208333333,"Warm"
"B7",2020-02-20,10.6546180555556,"Warm"
"B7",2020-02-21,10.9778819444444,"Warm"
"B7",2020-02-22,11.4209375,"Warm"
"B7",2020-02-23,12.2707986111111,"Warm"
"B7",2020-02-24,12.5787152777778,"Warm"
"B7",2020-02-25,12.0317708333333,"Warm"
"B7",2020-02-26,11.4885069444444,"Warm"
"B7",2020-02-27,11.0509722222222,"Warm"
"B7",2020-02-28,13.0211458333333,"Warm"
"B7",2020-02-29,13.0589583333333,"Warm"
"B7",2020-03-01,12.9385069444444,"Warm"
"B7",2020-03-02,12.5776388888889,"Warm"
"B7",2020-03-03,10.174375,"Warm"
"B7",2020-03-04,9.92909722222222,"Warm"
"B7",2020-03-05,11.2680208333333,"Warm"
"B7",2020-03-06,9.89996527777778,"Warm"
"B7",2020-03-07,9.38697916666667,"Warm"
"B7",2020-03-08,10.9620833333333,"Warm"
"B7",2020-03-09,11.531519434629,"Warm"
"B7",2020-03-10,11.938125,"Warm"
"B7",2020-03-11,12.4290099009901,"Warm"
"B7",2020-03-13,14.3276136363636,"Warm"
"B7",2020-03-14,13.485625,"Warm"
"B7",2020-03-15,13.2927430555556,"Warm"
"B7",2020-03-16,14.1037847222222,"Warm"
"B7",2020-03-17,14.0091666666667,"Warm"
"B7",2020-03-18,14.9337499930556,"Warm"
"B7",2020-03-19,16.1948611736111,"Warm"
"B7",2020-03-20,17.0554166111111,"Warm"
"B7",2020-03-21,16.69961803125,"Warm"
"B7",2020-03-22,16.2932639131944,"Warm"
"B7",2020-03-23,15.8000694340278,"Warm"
"B7",2020-03-24,15.1491667604167,"Warm"
"B7",2020-03-25,14.4810069444444,"Warm"
"B7",2020-03-26,13.0897916666667,"Warm"
"B7",2020-03-27,11.1532986111111,"Warm"
"B7",2020-03-28,12.7001736111111,"Warm"
"B7",2020-03-29,13.6407291666667,"Warm"
"B7",2020-03-30,11.6729166666667,"Warm"
"B7",2020-03-31,11.0476388888889,"Warm"
"B7",2020-04-01,13.2679166666667,"Warm"
"B7",2020-04-02,13.5614930555556,"Warm"
"B7",2020-04-03,13.8360416631944,"Warm"
"B7",2020-04-04,14.5036111041667,"Warm"
"B7",2020-04-05,16.0492708090278,"Warm"
"B7",2020-04-06,16.8390972534722,"Warm"
"B7",2020-04-07,17.1717360451389,"Warm"
"B7",2020-04-08,17.1912847291667,"Warm"
"B7",2020-04-09,17.661423625,"Warm"
"B7",2020-04-10,19.0957638611111,"Warm"
"B7",2020-04-11,18.8954167326389,"Warm"
"B7",2020-04-12,18.1016318611111,"Warm"
"B7",2020-04-13,16.5564237013889,"Warm"
"B7",2020-04-14,17.47444446875,"Warm"
"B7",2020-04-15,18.7140625,"Warm"
"B7",2020-04-16,19.4760764375,"Warm"
"B7",2020-04-17,19.9610416111111,"Warm"
"B7",2020-04-18,20.4624306527778,"Warm"
"B7",2020-04-19,20.6020138715278,"Warm"
"B7",2020-04-20,18.6052430590278,"Warm"
"B7",2020-04-21,17.5788194618056,"Warm"
"B7",2020-04-22,16.4453472430556,"Warm"
"B7",2020-04-23,16.8222223611111,"Warm"
"B7",2020-04-24,18.0897222465278,"Warm"
"B7",2020-04-25,19.4479861041667,"Warm"
"B7",2020-04-26,19.8462153090278,"Warm"
"B7",2020-04-27,19.4203125381944,"Warm"
"B7",2020-04-28,17.995451375,"Warm"
"B7",2020-04-29,17.1760417326389,"Warm"
"B7",2020-04-30,18.5940278020833,"Warm"
"B7",2020-05-01,18.5689929722222,"Warm"
"B7",2020-05-02,20.0702776805556,"Warm"
"B7",2020-05-03,22.15326390625,"Warm"
"B7",2020-05-04,23.78229165625,"Warm"
"B7",2020-05-05,25.8281944965278,"Warm"
"B7",2020-05-06,25.1075001041667,"Warm"
"B7",2020-05-07,24.84437509375,"Warm"
"B7",2020-05-08,24.5563194722222,"Warm"
"B7",2020-05-09,23.8560069201389,"Warm"
"B7",2020-05-10,21.83336809375,"Warm"
"B7",2020-05-11,18.4253470659722,"Warm"
"B7",2020-05-12,17.5023611215278,"Warm"
"B7",2020-05-13,17.6616666215278,"Warm"
"B7",2020-05-14,17.8041666388889,"Warm"
"B7",2020-05-15,17.0275694201389,"Warm"
"B7",2020-05-16,16.7876735520833,"Warm"
"B7",2020-05-17,18.2799305833333,"Warm"
"B7",2020-05-18,20.7121528715278,"Warm"
"B7",2020-05-19,22.1923264756944,"Warm"
"B7",2020-05-20,23.9493749513889,"Warm"
"B7",2020-05-21,24.6871874444444,"Warm"
"B7",2020-05-22,25.8534028055556,"Warm"
"B7",2020-05-23,24.9526043055556,"Warm"
"B7",2020-05-24,21.94590278125,"Warm"
"B7",2020-05-25,23.3482639131944,"Warm"
"B7",2020-05-26,24.5564930763889,"Warm"
"B7",2020-05-27,25.54809025,"Warm"
"B7",2020-05-28,26.1557292569444,"Warm"
"B7",2020-05-29,26.1394791805556,"Warm"
"B7",2020-05-30,26.3079514756944,"Warm"
"B7",2020-05-31,26.5419096423611,"Warm"
"B7",2020-06-01,25.8209374722222,"Warm"
"B7",2020-06-02,24.8276735590278,"Warm"
"B7",2020-06-03,23.9762152708333,"Warm"
"B7",2020-06-04,21.6971873576389,"Warm"
"B7",2020-06-05,20.1116320277778,"Warm"
"B7",2020-06-06,21.4787154027778,"Warm"
"B7",2020-06-07,19.7523958541667,"Warm"
"B7",2020-06-08,18.9132638854167,"Warm"
"B7",2020-06-09,18.8718750347222,"Warm"
"B7",2020-06-10,18.9336111458333,"Warm"
"B7",2020-06-11,19.8617361909722,"Warm"
"B7",2020-06-12,20.9997222430556,"Warm"
"B7",2020-06-13,21.6834375451389,"Warm"
"B7",2020-06-14,20.5182639375,"Warm"
"B7",2020-06-15,22.2040624756944,"Warm"
"B7",2020-06-16,21.3779166145833,"Warm"
"B7",2020-06-17,19.8437152916667,"Warm"
"B7",2020-06-18,19.6426389166667,"Warm"
"B7",2020-06-19,21.3545139444444,"Warm"
"B7",2020-06-20,23.3757292048611,"Warm"
"B7",2020-06-21,24.3651736493056,"Warm"
"B7",2020-06-22,25.7242707847222,"Warm"
"B7",2020-06-23,26.4150001215278,"Warm"
"B7",2020-06-24,27.7185416701389,"Warm"
"B7",2020-06-25,27.2869791770833,"Warm"
"B7",2020-06-26,26.2696181145833,"Warm"
"B7",2020-06-27,27.0212152326389,"Warm"
"B7",2020-06-28,26.6375346944444,"Warm"
"B7",2020-06-29,24.1400694722222,"Warm"
"B7",2020-06-30,21.2674304375,"Warm"
"B7",2020-07-01,21.3142707951389,"Warm"
"B7",2020-07-02,20.2317015208333,"Warm"
"B7",2020-07-03,19.6949304722222,"Warm"
"B7",2020-07-04,20.5959722118056,"Warm"
"B7",2020-07-05,21.2347221944444,"Warm"
"B7",2020-07-06,20.8664582881944,"Warm"
"B7",2020-07-07,21.19305559375,"Warm"
"B7",2020-07-08,21.1849305694444,"Warm"
"B7",2020-07-09,21.4379513368056,"Warm"
"B7",2020-07-10,20.2200695034722,"Warm"
"B7",2020-07-11,20.1893053854167,"Warm"
"B7",2020-07-12,20.0571527361111,"Warm"
"B7",2020-07-13,20.5915623506944,"Warm"
"B7",2020-07-14,20.4894444548611,"Warm"
"B7",2020-07-15,20.0829166319444,"Warm"
"B7",2020-07-16,19.9377431458333,"Warm"
"B7",2020-07-17,20.175729125,"Warm"
"B7",2020-07-18,21.1353471944444,"Warm"
"B7",2020-07-19,21.6816667465278,"Warm"
"B7",2020-07-20,22.0317708368056,"Warm"
"B7",2020-07-21,22.1622222326389,"Warm"
"B7",2020-07-22,22.3522569930556,"Warm"
"B7",2020-07-23,21.8112500034722,"Warm"
"B7",2020-07-24,21.1429166770833,"Warm"
"B7",2020-07-25,21.5244444340278,"Warm"
"B7",2020-07-26,22.7569097465278,"Warm"
"B7",2020-07-27,24.9240972152778,"Warm"
"B7",2020-07-28,21.3109027881944,"Warm"
"B7",2020-07-29,20.5515624409722,"Warm"
"B7",2020-07-30,22.236666625,"Warm"
"B7",2020-07-31,23.2265972083333,"Warm"
"B7",2020-08-01,20.9364930659722,"Warm"
"B7",2020-08-02,19.9036805451389,"Warm"
"B7",2020-08-03,20.3197222118056,"Warm"
"B7",2020-08-04,20.3340624513889,"Warm"
"B7",2020-08-05,20.37847228125,"Warm"
"B7",2020-08-06,21.041701375,"Warm"
"B7",2020-08-07,22.05732634375,"Warm"
"B7",2020-08-08,22.7223958541667,"Warm"
"B7",2020-08-09,21.8431250347222,"Warm"
"B7",2020-08-10,20.82885425,"Warm"
"B7",2020-08-11,20.9425347222222,"Warm"
"B7",2020-08-12,21.4596180104167,"Warm"
"B7",2020-08-13,20.1119445277778,"Warm"
"B7",2020-08-14,20.5479167395833,"Warm"
"B7",2020-08-15,20.8909374340278,"Warm"
"B7",2020-08-16,20.0798612118056,"Warm"
"B7",2020-08-17,20.1371875486111,"Warm"
"B7",2020-08-18,20.4393055243056,"Warm"
"B7",2020-08-19,21.4455555763889,"Warm"
"B7",2020-08-20,22.0923957951389,"Warm"
"B7",2020-08-21,21.8598957986111,"Warm"
"B7",2020-08-22,20.6164930451389,"Warm"
"B7",2020-08-23,20.6240624097222,"Warm"
"B7",2020-08-24,20.8077777708333,"Warm"
"B7",2020-08-25,21.0334027986111,"Warm"
"B7",2020-08-26,21.3486458541667,"Warm"
"B7",2020-08-27,21.7533333888889,"Warm"
"B7",2020-08-28,20.1708680069444,"Warm"
"B7",2020-08-29,18.8288889097222,"Warm"
"B7",2020-08-30,18.2580208194444,"Warm"
"B7",2020-08-31,19.1347222777778,"Warm"
"B7",2020-09-01,19.0270138784722,"Warm"
"B7",2020-09-02,20.2682985104167,"Warm"
"B7",2020-09-03,19.2902778680556,"Warm"
"B7",2020-09-04,20.2044444131944,"Warm"
"B7",2020-09-05,20.3864582395833,"Warm"
"B7",2020-09-06,20.0389583993056,"Warm"
"B7",2020-09-07,19.6096179479167,"Warm"
"B7",2020-09-08,19.0762846979167,"Warm"
"B7",2020-09-09,19.5288193784722,"Warm"
"B7",2020-09-10,20.3583333506944,"Warm"
"B7",2020-09-11,20.7446874826389,"Warm"
"B7",2020-09-12,20.6672917013889,"Warm"
"B7",2020-09-13,20.7038542013889,"Warm"
"B7",2020-09-14,21.0492361111111,"Warm"
"B7",2020-09-15,20.4253819930556,"Warm"
"B7",2020-09-16,20.7169791909722,"Warm"
"B7",2020-09-17,20.8339235729167,"Warm"
"B7",2020-09-18,20.0181248125,"Warm"
"B7",2020-09-19,20.0812500034722,"Warm"
"B7",2020-09-20,20.5662152986111,"Warm"
"B7",2020-09-21,20.1630555034722,"Warm"
"B7",2020-09-22,20.0138542673611,"Warm"
"B7",2020-09-23,19.41631953125,"Warm"
"B7",2020-09-24,20.0226388854167,"Warm"
"B7",2020-09-25,16.7899305486111,"Warm"
"B7",2020-09-26,14.3799652777778,"Warm"
"B7",2020-09-27,13.906875,"Warm"
"B7",2020-09-28,15.0747916527778,"Warm"
"B7",2020-09-29,18.1880208645833,"Warm"
"B7",2020-09-30,18.2979513229167,"Warm"
"B7",2020-10-01,17.7864235173611,"Warm"
"B7",2020-10-02,15.7462846909722,"Warm"
"B7",2020-10-03,12.9742361111111,"Warm"
"B7",2020-10-04,13.2894097222222,"Warm"
"B7",2020-10-05,13.8540972847222,"Warm"
"B7",2020-10-06,15.3839236631944,"Warm"
"B7",2020-10-07,17.8556593611111,"Warm"
"B7",2020-10-08,18.4496875868056,"Warm"
"B7",2020-10-09,18.9885416840278,"Warm"
"B7",2020-10-10,19.1385417256944,"Warm"
"B7",2020-10-11,15.7777430520833,"Warm"
"B7",2020-10-12,14.7552430520833,"Warm"
"B7",2020-10-13,14.746875,"Warm"
"B7",2020-10-14,13.6277430555556,"Warm"
"B7",2020-10-15,11.9707986111111,"Warm"
"B7",2020-10-16,11.4932291666667,"Warm"
"B7",2020-10-17,12.7888194444444,"Warm"
"B7",2020-10-18,12.5730902777778,"Warm"
"B7",2020-10-19,12.9602430555556,"Warm"
"B7",2020-10-20,14.4645486215278,"Warm"
"B7",2020-10-21,18.17124996875,"Warm"
"B7",2020-10-22,18.67079859375,"Warm"
"B7",2020-10-23,18.1822221805556,"Warm"
"B7",2020-10-24,16.2744097291667,"Warm"
"B7",2020-10-25,14.8980208402778,"Warm"
"B7",2020-10-26,13.8392013888889,"Warm"
"B7",2020-10-27,13.1388888888889,"Warm"
"B7",2020-10-28,14.4876736111111,"Warm"
"B7",2020-10-29,15.1897569722222,"Warm"
"B7",2020-10-30,15.0519792152778,"Warm"
"B7",2020-10-31,14.9657639201389,"Warm"
"B7",2020-11-01,15.2168749861111,"Warm"
"B7",2020-11-02,16.3844445277778,"Warm"
"B7",2020-11-03,16.4104166354167,"Warm"
"B7",2020-11-04,13.8585416666667,"Warm"
"B7",2020-11-05,12.1665972222222,"Warm"
"B7",2020-11-06,13.6769097222222,"Warm"
"B7",2020-11-07,15.2856249826389,"Warm"
"B7",2020-11-08,15.3610763854167,"Warm"
"B7",2020-11-09,14.3284027777778,"Warm"
"B7",2020-11-10,14.2180208333333,"Warm"
"B7",2020-11-11,12.9059375,"Warm"
"B7",2020-11-12,13.1602083333333,"Warm"
"B7",2020-11-13,13.3699652777778,"Warm"
"B7",2020-11-14,13.0728125,"Warm"
"B7",2020-11-15,13.2327083333333,"Warm"
"B7",2020-11-16,14.2483333333333,"Warm"
"B7",2020-11-17,12.9159375,"Warm"
"B7",2020-11-18,13.2169097222222,"Warm"
"B7",2020-11-19,13.0003472222222,"Warm"
"B7",2020-11-20,12.2431597222222,"Warm"
"B7",2020-11-21,9.98229166666667,"Warm"
"B7",2020-11-22,8.48628472222222,"Warm"
"B7",2020-11-23,8.37350694444445,"Warm"
"B7",2020-11-24,8.46951388888889,"Warm"
"B7",2020-11-25,8.76430555555556,"Warm"
"B7",2020-11-26,8.84638888888889,"Warm"
"B7",2020-11-27,10.0368055555556,"Warm"
"B7",2020-11-28,10.0140972222222,"Warm"
"B7",2020-11-29,9.95229166666667,"Warm"
"B7",2020-11-30,10.3660069444444,"Warm"
"B7",2020-12-01,9.98583333333333,"Warm"
"B7",2020-12-02,8.70118055555556,"Warm"
"B7",2020-12-03,7.51208333333333,"Warm"
"B7",2020-12-04,7.53454861111111,"Warm"
"B7",2020-12-05,6.78236111111111,"Warm"
"B7",2020-12-06,6.92684027777778,"Warm"
"B7",2020-12-07,6.95385416666667,"Warm"
"B7",2020-12-08,7.09614583333333,"Warm"
"B7",2020-12-09,7.09385416666667,"Warm"
"B7",2020-12-10,7.1746875,"Warm"
"B7",2020-12-11,8.18701388888889,"Warm"
"B7",2020-12-12,9.60305555555555,"Warm"
"B7",2020-12-13,9.1346875,"Warm"
"B7",2020-12-14,10.2417708333333,"Warm"
"B7",2020-12-15,10.4392708333333,"Warm"
"B7",2020-12-16,8.63822916666667,"Warm"
"B7",2020-12-17,7.55805555555556,"Warm"
"B7",2020-12-18,7.63413194444444,"Warm"
"B7",2020-12-19,8.14024305555555,"Warm"
"B7",2020-12-20,8.99972222222222,"Warm"
"B7",2020-12-21,8.59489583333333,"Warm"
"B7",2020-12-22,10.3066666666667,"Warm"
"B7",2020-12-23,11.0091666666667,"Warm"
"B7",2020-12-24,11.3189583333333,"Warm"
"B7",2020-12-25,8.6746875,"Warm"
"B7",2020-12-26,6.55111111111111,"Warm"
"B7",2020-12-27,4.97260416666667,"Warm"
"B7",2020-12-28,5.43774305555556,"Warm"
"B7",2020-12-29,5.783125,"Warm"
"B7",2020-12-30,6.13576388888889,"Warm"
"B7",2020-12-31,6.35173611111111,"Warm"
"B7",2021-01-01,7.19413194444444,"Warm"
"B7",2021-01-02,6.696875,"Warm"
"B7",2021-01-03,5.62770833333333,"Warm"
"B7",2021-01-04,5.44440972222222,"Warm"
"B7",2021-01-05,5.32236111111111,"Warm"
"B7",2021-01-06,5.01024305555556,"Warm"
"B7",2021-01-07,7.15375,"Warm"
"B7",2021-01-08,11.6179166666667,"Warm"
"B7",2021-01-09,5.09177083333333,"Warm"
"B7",2021-01-10,3.13434027777778,"Warm"
"B7",2021-01-11,3.12135416666667,"Warm"
"B7",2021-01-12,3.27774305555556,"Warm"
"B7",2021-01-13,3.76173611111111,"Warm"
"B7",2021-01-14,5.55052083333333,"Warm"
"B7",2021-01-15,7.55423611111111,"Warm"
"B7",2021-01-16,7.13326388888889,"Warm"
"B7",2021-01-17,7.52920138888889,"Warm"
"B7",2021-01-18,8.18204861111111,"Warm"
"B7",2021-01-19,7.24121527777778,"Warm"
"B7",2021-01-20,7.67392361111111,"Warm"
"B7",2021-01-21,8.92395833333333,"Warm"
"B7",2021-01-22,9.11329861111111,"Warm"
"B7",2021-01-23,8.05756944444444,"Warm"
"B7",2021-01-24,8.2546875,"Warm"
"B7",2021-01-25,8.40239583333333,"Warm"
"B7",2021-01-26,8.03333333333333,"Warm"
"B7",2021-01-27,9.92940972222222,"Warm"
"B7",2021-01-28,12.3199305555556,"Warm"
"B7",2021-01-29,12.3287152777778,"Warm"
"B7",2021-01-30,11.5703472222222,"Warm"
"B7",2021-01-31,11.0132638888889,"Warm"
"B7",2021-02-01,11.5146875,"Warm"
"B7",2021-02-02,12.783125,"Warm"
"B7",2021-02-03,13.0546180555556,"Warm"
"B7",2021-02-04,13.4071875,"Warm"
"B7",2021-02-05,13.885625,"Warm"
"B7",2021-02-06,13.3119097222222,"Warm"
"B7",2021-02-07,12.2745833333333,"Warm"
"B7",2021-02-08,10.6828125,"Warm"
"B7",2021-02-09,9.69924302788845,"Warm"
"B7",2021-02-10,9.03724324324324,"Warm"
"B7",2021-02-13,10.9836842105263,"Warm"
"B7",2021-02-14,10.6047222222222,"Warm"
"B7",2021-02-15,10.404375,"Warm"
"B7",2021-02-16,11.2751736111111,"Warm"
"B7",2021-02-17,12.8391289198606,"Warm"
"B7",2021-02-18,12.856875,"Warm"
"B7",2021-02-19,12.5742708333333,"Warm"
"B7",2021-02-20,12.5640625,"Warm"
"B7",2021-02-21,12.7985069444444,"Warm"
"B7",2021-02-22,12.7447916666667,"Warm"
"B7",2021-02-23,12.8971875,"Warm"
"B7",2021-02-24,14.0221528611111,"Warm"
"B7",2021-02-25,13.8946180555556,"Warm"
"B7",2021-02-26,13.8926388888889,"Warm"
"B7",2021-02-27,14.5928819444444,"Warm"
"B7",2021-02-28,13.8553125,"Warm"
"B7",2021-03-01,12.8347569444444,"Warm"
"B7",2021-03-02,12.5976736111111,"Warm"
"B7",2021-03-03,12.6038194444444,"Warm"
"B7",2021-03-04,13.3465972222222,"Warm"
"B7",2021-03-05,14.3925,"Warm"
"B7",2021-03-06,13.2572916666667,"Warm"
"B7",2021-03-07,11.84375,"Warm"
"B7",2021-03-08,11.5059375,"Warm"
"B7",2021-03-09,10.9203472222222,"Warm"
"B7",2021-03-10,10.4150347222222,"Warm"
"B7",2021-03-11,13.0550347222222,"Warm"
"B7",2021-03-12,14.0652083333333,"Warm"
"B7",2021-03-13,11.98875,"Warm"
"B7",2021-03-14,11.8464930555556,"Warm"
"B7",2021-03-15,10.6560763888889,"Warm"
"B7",2021-03-16,11.5221527777778,"Warm"
"B7",2021-03-17,12.9179166666667,"Warm"
"B7",2021-03-18,12.361875,"Warm"
"B7",2021-03-19,9.90190972222222,"Warm"
"B7",2021-03-20,8.5309375,"Warm"
"B7",2021-03-21,8.40350694444444,"Warm"
"B7",2021-03-22,11.0220486111111,"Warm"
"B7",2021-03-23,12.339375,"Warm"
"B7",2021-03-24,13.2775347118056,"Warm"
"B7",2021-03-25,14.4776389027778,"Warm"
"B7",2021-03-26,14.4836805520833,"Warm"
"B7",2021-03-27,14.8124652777778,"Warm"
"B7",2021-03-28,14.2673263333333,"Warm"
"B7",2021-03-29,16.2700347569444,"Warm"
"B7",2021-03-30,17.8188194513889,"Warm"
"B7",2021-03-31,18.8754166354167,"Warm"
"B7",2021-04-01,18.9432292118056,"Warm"
"B7",2021-04-02,18.9032985868056,"Warm"
"B7",2021-04-03,18.4040278125,"Warm"
"B7",2021-04-04,17.1288194652778,"Warm"
"B7",2021-04-05,16.44618053125,"Warm"
"B7",2021-04-06,16.4635763888889,"Warm"
"B7",2021-04-07,15.0005555277778,"Warm"
"B7",2021-04-08,13.9549999722222,"Warm"
"B7",2021-04-09,14.9564930729167,"Warm"
"B7",2021-04-10,14.7512499756944,"Warm"
"B7",2021-04-11,13.5946527777778,"Warm"
"B7",2021-04-12,13.1707986111111,"Warm"
"B7",2021-04-13,13.9368055555556,"Warm"
"B7",2021-04-14,14.1294444513889,"Warm"
"B7",2021-04-15,14.5556249965278,"Warm"
"B7",2021-04-16,14.6159375659722,"Warm"
"B7",2021-04-17,14.0714583333333,"Warm"
"B7",2021-04-18,13.8754166666667,"Warm"
"B7",2021-04-19,14.9367708715278,"Warm"
"B7",2021-04-20,15.8896875173611,"Warm"
"B7",2021-04-21,15.7671874618056,"Warm"
"B7",2021-04-22,16.5123264027778,"Warm"
"B7",2021-04-23,17.3736805798611,"Warm"
"B7",2021-04-24,19.0979167048611,"Warm"
"B7",2021-04-25,19.3215277569444,"Warm"
"B7",2021-04-26,17.7918056111111,"Warm"
"B7",2021-04-27,16.9088194861111,"Warm"
"B7",2021-04-28,16.4615972430556,"Warm"
"B7",2021-04-29,15.2569444479167,"Warm"
"B7",2021-04-30,14.3708333333333,"Warm"
"B7",2021-05-01,13.5548958333333,"Warm"
"B7",2021-05-02,13.6493402777778,"Warm"
"B7",2021-05-03,14.6720833020833,"Warm"
"B7",2021-05-04,16.9447222013889,"Warm"
"B7",2021-05-05,18.8624304826389,"Warm"
"B7",2021-05-06,18.3581596527778,"Warm"
"B7",2021-05-07,19.7780902430556,"Warm"
"B7",2021-05-08,21.3538888611111,"Warm"
"B7",2021-05-09,22.4131250868056,"Warm"
"B7",2021-05-10,20.9705207916667,"Warm"
"B7",2021-05-11,18.5353472986111,"Warm"
"B7",2021-05-12,16.5476736145833,"Warm"
"B7",2021-05-13,17.0647916388889,"Warm"
"B7",2021-05-14,17.9344097465278,"Warm"
"B7",2021-05-15,18.0248959340278,"Warm"
"B7",2021-05-16,18.1823959270833,"Warm"
"B7",2021-05-17,18.0802431909722,"Warm"
"B7",2021-05-18,18.5942708680556,"Warm"
"B7",2021-05-19,19.2920833194444,"Warm"
"B7",2021-05-20,20.8161457604167,"Warm"
"B7",2021-05-21,20.9581944340278,"Warm"
"B7",2021-05-22,19.3886804548611,"Warm"
"B7",2021-05-23,17.1506250138889,"Warm"
"B7",2021-05-24,15.8324653159722,"Warm"
"B7",2021-05-25,14.9043402777778,"Warm"
"B7",2021-05-26,17.1473610694444,"Warm"
"B7",2021-05-27,19.8462152743056,"Warm"
"B7",2021-05-28,21.5351736354167,"Warm"
"B7",2021-05-29,21.6946527534722,"Warm"
"B7",2021-05-30,23.5059028194444,"Warm"
"B7",2021-05-31,24.0015625034722,"Warm"
"B7",2021-06-01,24.5504166875,"Warm"
"B7",2021-06-02,23.1838194618056,"Warm"
"B7",2021-06-03,23.7050000520833,"Warm"
"B7",2021-06-04,23.0893749479167,"Warm"
"B7",2021-06-05,21.9620138854167,"Warm"
"B7",2021-06-06,23.3560069826389,"Warm"
"B7",2021-06-07,23.2373263125,"Warm"
"B7",2021-06-08,22.2125694236111,"Warm"
"B7",2021-06-09,22.5528819201389,"Warm"
"B7",2021-06-10,23.5796181076389,"Warm"
"B7",2021-06-11,22.7625347361111,"Warm"
"B7",2021-06-12,22.8743055,"Warm"
"B7",2021-06-13,23.6976041493056,"Warm"
"B7",2021-06-14,23.4155902222222,"Warm"
"B7",2021-06-15,23.1579861041667,"Warm"
"B7",2021-06-16,23.2709721180556,"Warm"
"B7",2021-06-17,22.4077777118056,"Warm"
"B7",2021-06-18,22.0453819270833,"Warm"
"B7",2021-06-19,23.0925347430556,"Warm"
"B7",2021-06-20,22.8293402256944,"Warm"
"B7",2021-06-21,22.2167013784722,"Warm"
"B7",2021-06-22,21.8795138402778,"Warm"
"B7",2021-06-23,20.5687152083333,"Warm"
"B7",2021-06-24,20.0535068819444,"Warm"
"B7",2021-06-25,22.2479166909722,"Warm"
"B7",2021-06-26,22.9779514097222,"Warm"
"B7",2021-06-27,22.2056943125,"Warm"
"B7",2021-06-28,21.3790625277778,"Warm"
"B7",2021-06-29,21.5757987534722,"Warm"
"B7",2021-06-30,22.2974652708333,"Warm"
"B7",2021-07-01,23.0098611319444,"Warm"
"B7",2021-07-02,23.1242708298611,"Warm"
"B7",2021-07-03,20.7176041979167,"Warm"
"B7",2021-07-04,20.2482985520833,"Warm"
"B7",2021-07-05,21.1028820520833,"Warm"
"B7",2021-07-06,20.4649305972222,"Warm"
"B7",2021-07-07,20.2626389895833,"Warm"
"B7",2021-07-08,19.8481944444444,"Warm"
"B7",2021-07-09,21.0197222083333,"Warm"
"B7",2021-07-10,20.2831943923611,"Warm"
"B7",2021-07-11,21.3334375347222,"Warm"
"B7",2021-07-12,20.4522569965278,"Warm"
"B7",2021-07-13,19.0488541631944,"Warm"
"B7",2021-07-14,19.6604860347222,"Warm"
"B7",2021-07-15,19.9479514756944,"Warm"
"B7",2021-07-16,19.8811110520833,"Warm"
"B7",2021-07-17,21.0526388506944,"Warm"
"B7",2021-07-18,21.4936458194444,"Warm"
"B7",2021-07-19,22.0580850815603,"Warm"
"B7",2021-07-20,21.6498610208333,"Warm"
"B7",2021-07-21,21.6373957222222,"Warm"
"B7",2021-07-22,22.5923958541667,"Warm"
"B7",2021-07-23,22.1668403159722,"Warm"
"B7",2021-07-24,20.4114582673611,"Warm"
"B7",2021-07-25,20.0906597361111,"Warm"
"B7",2021-07-26,20.1643408472222,"Warm"
"B7",2021-07-27,20.2652431631944,"Warm"
"B7",2021-07-28,20.1756491578947,"Warm"
"B7",2021-07-29,20.7986457881944,"Warm"
"B7",2021-07-30,20.1803472083333,"Warm"
"B7",2021-07-31,19.6960417326389,"Warm"
"B7",2021-08-01,19.3920832604167,"Warm"
"B7",2021-08-02,20.0413542256944,"Warm"
"B7",2021-08-03,20.1239337977941,"Warm"
"B7",2021-08-04,20.5457988020833,"Warm"
"B7",2021-08-05,20.7609722465278,"Warm"
"B7",2021-08-06,20.3170138784722,"Warm"
"B7",2021-08-07,19.9637499166667,"Warm"
"B7",2021-08-08,19.7009724097222,"Warm"
"B7",2021-08-09,20.3996875625,"Warm"
"B7",2021-08-10,21.8103124930556,"Warm"
"B7",2021-08-11,22.5019444479167,"Warm"
"B7",2021-08-12,23.0043750034722,"Warm"
"B7",2021-08-13,22.0155208541667,"Warm"
"B7",2021-08-14,22.0355554791667,"Warm"
"B7",2021-08-15,20.8298958020833,"Warm"
"B7",2021-08-16,20.0058680902778,"Warm"
"B7",2021-08-17,19.9308332916667,"Warm"
"B7",2021-08-18,19.8601387708333,"Warm"
"B7",2021-08-19,19.9042361840278,"Warm"
"B7",2021-08-20,20.9496180034722,"Warm"
"B7",2021-08-21,20.4670138576389,"Warm"
"B7",2021-08-22,19.9118746875,"Warm"
"B7",2021-08-23,20.1686805486111,"Warm"
"B7",2021-08-24,20.0426041284722,"Warm"
"B7",2021-08-25,20.3261805208333,"Warm"
"B7",2021-08-26,20.8724652777778,"Warm"
"B7",2021-08-27,20.7438194166667,"Warm"
"B7",2021-08-28,20.1054513993056,"Warm"
"B7",2021-08-29,19.8158333125,"Warm"
"B7",2021-08-30,19.7465972986111,"Warm"
"B7",2021-08-31,20.3353819513889,"Warm"
"B7",2021-09-01,19.8704515,"Warm"
"B7",2021-09-02,19.82708340625,"Warm"
"B7",2021-09-03,20.3088194236111,"Warm"
"B7",2021-09-04,20.7246181006944,"Warm"
"B7",2021-09-05,20.8248263993056,"Warm"
"B7",2021-09-13,20.8392000228571,"Warm"
"B7",2021-09-14,20.1197917395833,"Warm"
"B7",2021-09-15,20.3676736388889,"Warm"
"B7",2021-09-16,20.0719792395833,"Warm"
"B7",2021-09-17,20.3576736354167,"Warm"
"B7",2021-09-18,19.8689235729167,"Warm"
"B7",2021-09-19,18.9384027569444,"Warm"
"B7",2021-09-20,19.6366666423611,"Warm"
"B7",2021-09-21,17.6239931076389,"Warm"
"B7",2021-09-22,17.7278125347222,"Warm"
"B7",2021-09-23,20.0599306006944,"Warm"
"B7",2021-09-24,19.8321875625,"Warm"
"B7",2021-09-25,20.0641319340278,"Warm"
"B7",2021-09-26,19.8242014131944,"Warm"
"B7",2021-09-27,19.6393055451389,"Warm"
"B7",2021-09-28,19.7608681527778,"Warm"
"B7",2021-09-29,19.9390277118056,"Warm"
"B7",2021-09-30,19.8369097395833,"Warm"
"B7",2021-10-01,18.84739590625,"Warm"
"B7",2021-10-02,19.4536458402778,"Warm"
"B7",2021-10-03,19.4536457326389,"Warm"
"B7",2021-10-04,17.8427777916667,"Warm"
"B7",2021-10-05,16.7143055625,"Warm"
"B7",2021-10-06,17.3936110833333,"Warm"
"B7",2021-10-07,17.8051041458333,"Warm"
"B7",2021-10-08,17.0285763472222,"Warm"
"B7",2021-10-09,18.0639236423611,"Warm"
"B7",2021-10-10,19.0505555833333,"Warm"
"B7",2021-10-11,18.3835764201389,"Warm"
"B7",2021-10-12,16.4734722569444,"Warm"
"B7",2021-10-13,15.6938193854167,"Warm"
"B7",2021-10-14,14.9770486493056,"Warm"
"B7",2021-10-15,14.8448611319444,"Warm"
"B7",2021-10-16,16.3448611041667,"Warm"
"B7",2021-10-17,15.6987153680556,"Warm"
"B7",2021-10-18,15.9907985520833,"Warm"
"B7",2021-10-19,16.9598264097222,"Warm"
"B7",2021-10-20,18.1575347847222,"Warm"
"B7",2021-10-21,18.5759374513889,"Warm"
"B7",2021-10-22,17.0192708680556,"Warm"
"B7",2021-10-23,16.6808333854167,"Warm"
"B7",2021-10-24,14.5270833229167,"Warm"
"B7",2021-10-25,13.560625,"Warm"
"B7",2021-10-26,14.1772222222222,"Warm"
"B7",2021-10-27,14.3386111111111,"Warm"
"B7",2021-10-28,14.0849652777778,"Warm"
"B7",2021-10-29,14.0119097222222,"Warm"
"B7",2021-10-30,15.2723263576389,"Warm"
"B7",2021-10-31,16.7039333433333,"Warm"
"B7",2021-11-01,16.3789930381944,"Warm"
"B7",2021-11-02,14.5722222222222,"Warm"
"B7",2021-11-03,13.9531597222222,"Warm"
"B7",2021-11-04,11.8661458333333,"Warm"
"B7",2021-11-05,10.8943402777778,"Warm"
"B7",2021-11-06,9.23645833333333,"Warm"
"B7",2021-11-07,8.67274305555556,"Warm"
"B7",2021-11-08,10.739375,"Warm"
"B7",2021-11-09,11.0547222222222,"Warm"
"B7",2021-11-10,9.34170138888889,"Warm"
"B7",2021-11-11,10.0459027777778,"Warm"
"B7",2021-11-12,10.840625,"Warm"
"B7",2021-11-13,12.0930208333333,"Warm"
"B7",2021-11-14,12.3022222222222,"Warm"
"B7",2021-11-15,11.2135416666667,"Warm"
"B7",2021-11-16,10.7417013888889,"Warm"
"B7",2021-11-17,10.2276388888889,"Warm"
"B7",2021-11-18,9.83506944444444,"Warm"
"B7",2021-11-19,9.18875,"Warm"
"B7",2021-11-20,8.85510416666667,"Warm"
"B7",2021-11-21,9.47083333333333,"Warm"
"B7",2021-11-22,10.3758333333333,"Warm"
"B7",2021-11-23,9.79840277777778,"Warm"
"B7",2021-11-24,9.4409375,"Warm"
"B7",2021-11-25,9.70368055555556,"Warm"
"B7",2021-11-26,9.51475694444444,"Warm"
"B7",2021-11-27,8.26618055555556,"Warm"
"B7",2021-11-28,6.94677083333333,"Warm"
"B7",2021-11-29,5.97902777777778,"Warm"
"B7",2021-11-30,6.16677083333333,"Warm"
"B7",2021-12-01,6.47170138888889,"Warm"
"B7",2021-12-02,7.28243055555556,"Warm"
"B7",2021-12-03,6.87291666666667,"Warm"
"B7",2021-12-04,7.63072916666667,"Warm"
"B7",2021-12-05,7.44934027777778,"Warm"
"B7",2021-12-13,8.70134831460674,"Warm"
"B7",2021-12-14,8.11746835443038,"Warm"
"B7",2021-12-21,7.18981308411215,"Warm"
"B7",2021-12-22,8.66402777777778,"Warm"
"B7",2021-12-23,9.23295138888889,"Warm"
"B7",2021-12-24,9.99836805555556,"Warm"
"B7",2021-12-25,10.5950694444444,"Warm"
"B7",2021-12-26,10.2762847222222,"Warm"
"B7",2021-12-27,10.8232638888889,"Warm"
"B7",2021-12-28,11.5906597222222,"Warm"
"B7",2021-12-29,13.2468402777778,"Warm"
"B7",2021-12-30,13.9510069444444,"Warm"
"B7",2021-12-31,12.6844444444444,"Warm"
"B7",2022-01-01,12.0930902777778,"Warm"
"B7",2022-01-02,11.7089236111111,"Warm"
"B7",2022-01-03,11.4657986111111,"Warm"
"B7",2022-01-04,11.403125,"Warm"
"B7",2022-01-05,10.6190972222222,"Warm"
"B7",2022-01-06,8.19204861111111,"Warm"
"B7",2022-01-07,5.99670138888889,"Warm"
"B7",2022-01-08,6.73631944444444,"Warm"
"B7",2022-01-09,8.3125,"Warm"
"B7",2022-01-18,7.17833333333333,"Warm"
"B7",2022-01-19,5.96579861111111,"Warm"
"B7",2022-01-20,6.656875,"Warm"
"B7",2022-01-21,6.77076388888889,"Warm"
"B7",2022-01-22,5.9765625,"Warm"
"B7",2022-01-23,5.95798611111111,"Warm"
"B7",2022-01-24,6.31920138888889,"Warm"
"B7",2022-01-25,6.77621527777778,"Warm"
"B7",2022-01-26,7.11440972222222,"Warm"
"B7",2022-01-27,7.14590277777778,"Warm"
"B7",2022-01-28,6.68614583333333,"Warm"
"B7",2022-01-29,6.48868055555556,"Warm"
"B7",2022-01-30,7.08586805555556,"Warm"
"B7",2022-01-31,7.35232638888889,"Warm"
"B7",2022-02-01,7.85378472222222,"Warm"
"B7",2022-02-02,8.39652777777778,"Warm"
"B7",2022-02-03,8.86725694444444,"Warm"
"B7",2022-02-04,9.68868055555556,"Warm"
"B7",2022-02-05,10.4546527777778,"Warm"
"B7",2022-02-06,8.96399305555556,"Warm"
"B7",2022-02-07,8.97447916666667,"Warm"
"B7",2022-02-08,10.5653472222222,"Warm"
"B7",2022-02-09,10.7914583333333,"Warm"
"B7",2022-02-10,10.9446875,"Warm"
"B7",2022-02-11,11.0786111111111,"Warm"
"B7",2022-02-12,10.7311805555556,"Warm"
"B7",2022-02-13,11.1820833333333,"Warm"
"B7",2022-02-14,11.6598958333333,"Warm"
"B7",2022-02-15,10.7160416666667,"Warm"
"B7",2022-02-16,10.7878472222222,"Warm"
"B7",2022-02-17,11.9090094339623,"Warm"
"B7",2022-02-18,15.2018493150685,"Warm"
"B7",2022-02-19,12.7121527777778,"Warm"
"B7",2022-02-20,10.8894444444444,"Warm"
"B7",2022-02-21,12.0609027777778,"Warm"
"B7",2022-02-22,12.2135416666667,"Warm"
"B7",2022-02-23,11.7720138888889,"Warm"
"B7",2022-02-24,11.937027972028,"Warm"
"B7",2022-02-25,11.9159027777778,"Warm"
"B7",2022-02-26,10.2327777777778,"Warm"
"B7",2022-02-27,9.625,"Warm"
"B7",2022-02-28,11.5198611111111,"Warm"
"B7",2022-03-01,11.7505555555556,"Warm"
"B7",2022-03-02,11.483023255814,"Warm"
"B7",2022-03-04,11.7925742574257,"Warm"
"B7",2022-03-05,11.3648958333333,"Warm"
"B7",2022-03-06,10.6814930555556,"Warm"
"B7",2022-03-07,11.2085416666667,"Warm"
"B7",2022-03-08,10.6428125,"Warm"
"B7",2022-03-09,11.2713541666667,"Warm"
"B7",2022-03-10,12.0707291666667,"Warm"
"B7",2022-03-11,12.0783680555556,"Warm"
"B7",2022-03-12,12.6745138888889,"Warm"
"B7",2022-03-13,11.3208333333333,"Warm"
"B7",2022-03-14,9.6615625,"Warm"
"B7",2022-03-15,11.3358333333333,"Warm"
"B7",2022-03-16,12.6871875,"Warm"
"B7",2022-03-17,13.4040625,"Warm"
"B7",2022-03-18,12.6470833333333,"Warm"
"B7",2022-03-19,12.6098611111111,"Warm"
"B7",2022-03-20,13.7443402777778,"Warm"
"B7",2022-03-21,15.3959701940299,"Warm"
"B7",2022-03-22,14.9184027777778,"Warm"
"B7",2022-03-23,14.6611111215278,"Warm"
"B7",2022-03-24,14.5322569791667,"Warm"
"B7",2022-03-25,15.2672222048611,"Warm"
"B7",2022-03-26,15.6406597569444,"Warm"
"B7",2022-03-27,15.311847884058,"Warm"
"B7",2022-03-28,15.5447917326389,"Warm"
"B7",2022-03-29,15.9185764583333,"Warm"
"B7",2022-03-30,15.4120138402778,"Warm"
"B7",2022-03-31,13.2649305555556,"Warm"
"B7",2022-04-01,10.3078819444444,"Warm"
"B7",2022-04-02,7.54416666666667,"Warm"
"B7",2022-04-03,7.03715277777778,"Warm"
"B7",2022-04-04,8.57777777777778,"Warm"
"B7",2022-04-05,10.1207291666667,"Warm"
"B7",2022-04-06,11.2424305555556,"Warm"
"B7",2022-04-07,12.6420138888889,"Warm"
"B7",2022-04-08,15.79829859375,"Warm"
"B7",2022-04-09,15.7729861006944,"Warm"
"B7",2022-04-10,14.7705208090278,"Warm"
"B7",2022-04-11,16.0122569270833,"Warm"
"B7",2022-04-12,16.6042013576389,"Warm"
"B7",2022-04-13,16.5060764236111,"Warm"
"B7",2022-04-14,16.5249652916667,"Warm"
"B7",2022-04-15,17.8862847083333,"Warm"
"B7",2022-04-16,19.6562499618056,"Warm"
"B7",2022-04-17,19.9132986145833,"Warm"
"B7",2022-04-18,20.4291666388889,"Warm"
"B7",2022-04-19,18.3361110798611,"Warm"
"B7",2022-04-20,14.7674652777778,"Warm"
"B7",2022-04-21,13.9209027777778,"Warm"
"B7",2022-04-22,14.4921181006944,"Warm"
"B7",2022-04-23,14.8228472222222,"Warm"
"B7",2022-04-24,14.6420833333333,"Warm"
"B7",2022-04-25,15.7950694270833,"Warm"
"B7",2022-04-26,17.4803472361111,"Warm"
"B7",2022-04-27,18.6876736076389,"Warm"
"B7",2022-04-28,18.7471181319444,"Warm"
"B7",2022-04-29,19.3303820868056,"Warm"
"B7",2022-04-30,20.50711815625,"Warm"
"B7",2022-05-01,19.8022570243056,"Warm"
"B7",2022-05-02,19.0417014201389,"Warm"
"B7",2022-05-03,17.76020828125,"Warm"
"B7",2022-05-04,16.7551039618056,"Warm"
"B7",2022-05-05,16.2236111805556,"Warm"
"B7",2022-05-06,17.0398958333333,"Warm"
"B7",2022-05-07,18.7102777569444,"Warm"
"B7",2022-05-08,19.9238194131944,"Warm"
"B7",2022-05-09,20.4982986215278,"Warm"
"B7",2022-05-10,22.30503475,"Warm"
"B7",2022-05-11,23.7871527777778,"Warm"
"B7",2022-05-12,24.3498958576389,"Warm"
"B7",2022-05-13,24.3909027152778,"Warm"
"B7",2022-05-14,24.8311459444444,"Warm"
"B7",2022-05-15,25.5512499930556,"Warm"
"B7",2022-05-16,26.690729125,"Warm"
"B7",2022-05-17,26.4763541909722,"Warm"
"B7",2022-05-18,27.6932291944444,"Warm"
"B7",2022-05-19,27.5764236388889,"Warm"
"B7",2022-05-20,27.9847917013889,"Warm"
"B7",2022-05-21,28.9811110972222,"Warm"
"B7",2022-05-22,27.6946527291667,"Warm"
"B7",2022-05-23,24.4904244009434,"Warm"
"B7",2022-05-24,21.9005795942029,"Warm"
"B7",2022-05-25,19.3688595789474,"Warm"
"B7",2022-05-26,18.7160763090278,"Warm"
"B7",2022-05-27,20.62597221875,"Warm"
"B7",2022-05-28,23.0910416770833,"Warm"
"B7",2022-05-29,24.5930208090278,"Warm"
"B7",2022-05-30,23.4677083125,"Warm"
"B7",2022-05-31,24.1812153402778,"Warm"
"B7",2022-06-01,25.0130208472222,"Warm"
"B7",2022-06-02,26.992880044,"Warm"
"B7",2022-06-05,26.7699363566879,"Warm"
"B7",2022-06-06,24.0547569826389,"Warm"
"B7",2022-06-07,23.69958325,"Warm"
"B7",2022-06-08,22.4181248854167,"Warm"
"B7",2022-06-09,22.3966319340278,"Warm"
"B7",2022-06-10,23.5957291840278,"Warm"
"B7",2022-06-11,25.603125,"Warm"
"B7",2022-06-12,27.00812496875,"Warm"
"B7",2022-06-20,31.9447297635135,"Warm"
"B7",2022-06-21,27.9890431100478,"Warm"
"B7",2022-06-22,27.3265476904762,"Warm"
"B7",2022-06-23,25.7685764375,"Warm"
"B7",2022-06-24,24.9700000972222,"Warm"
"B7",2022-06-25,23.3902084027778,"Warm"
"B7",2022-06-26,22.0386459166667,"Warm"
"B7",2022-06-27,19.8411804479167,"Warm"
"B7",2022-06-28,20.8537858107143,"Warm"
"B7",2022-06-29,26.8176667666667,"Warm"
"B7",2022-06-30,24.1856667,"Warm"
"B7",2022-07-01,21.7108070175439,"Warm"
"B7",2022-07-02,23.0900001215278,"Warm"
"B7",2022-07-03,25.8619096944444,"Warm"
"B7",2022-07-18,31.4226922948718,"Warm"
"B7",2022-07-19,28.8756794947735,"Warm"
"B7",2022-07-20,28.2439235972222,"Warm"
"B7",2022-07-21,28.5433681041667,"Warm"
"B7",2022-07-22,27.4652082777778,"Warm"
"B7",2022-07-23,25.3664582951389,"Warm"
"B7",2022-07-24,26.0000347291667,"Warm"
"B7",2022-07-25,27.2471568431373,"Warm"
"B7",2022-07-26,24.6296429642857,"Warm"
"B7",2022-07-27,23.6514931145833,"Warm"
"B7",2022-07-28,24.5348897022059,"Warm"
"B7",2022-07-29,23.7127777638889,"Warm"
"B7",2022-07-30,23.4099651701389,"Warm"
"B7",2022-07-31,26.2574652986111,"Warm"
"B7",2022-08-01,26.9064085352113,"Warm"
"B7",2022-08-02,26.1934728789474,"Warm"
"B7",2022-08-03,26.6981935590278,"Warm"
"B7",2022-08-04,28.67399359375,"Warm"
"B7",2022-08-05,27.1062500520833,"Warm"
"B7",2022-08-06,27.7934721840278,"Warm"
"B7",2022-08-07,28.1409375173611,"Warm"
"B7",2022-08-08,28.1859292831858,"Warm"
"B7",2022-08-09,27.4148468877551,"Warm"
"B7",2022-08-10,27.2521529027778,"Warm"
"B7",2022-08-11,29.9128824930556,"Warm"
"B7",2022-08-12,28.6459027048611,"Warm"
"B7",2022-08-13,28.8776737013889,"Warm"
"B7",2022-08-14,27.1184375486111,"Warm"
"B7",2022-08-15,26.0089871139241,"Warm"
"B7",2022-08-16,24.1033533652695,"Warm"
"B7",2022-08-17,22.9333540310559,"Warm"
"B7",2022-08-18,21.6867708020833,"Warm"
"B7",2022-08-19,22.8720139097222,"Warm"
"B7",2022-08-20,23.8804860798611,"Warm"
"B7",2022-08-21,24.6806944027778,"Warm"
"B7",2022-08-22,25.3086920253165,"Warm"
"B7",2022-08-23,26.3731944270833,"Warm"
"B7",2022-08-24,26.6713541597222,"Warm"
"B7",2022-08-25,26.7030208993056,"Warm"
"B7",2022-08-26,24.3850000173611,"Warm"
"B7",2022-08-27,25.4857986423611,"Warm"
"B7",2022-08-28,25.8721527916667,"Warm"
"B7",2022-08-30,25.4724117176471,"Warm"
"B7",2022-08-31,24.3393056180556,"Warm"
"B7",2022-09-01,23.7092359409722,"Warm"
"B7",2022-09-02,24.0673611006944,"Warm"
"B7",2022-09-03,23.9403126319444,"Warm"
"B7",2022-09-04,23.5932639131944,"Warm"
"B7",2022-09-05,23.7374653020833,"Warm"
"B7",2022-09-06,24.7237152465278,"Warm"
"B7",2022-09-07,24.8865971666667,"Warm"
"B7",2022-09-08,23.1006250069444,"Warm"
"B7",2022-09-09,21.51288215625,"Warm"
"B7",2022-09-10,20.4145487083333,"Warm"
"B7",2022-09-11,22.3479166423611,"Warm"
"B7",2022-09-12,23.0637500902778,"Warm"
"B7",2022-09-13,24.19149309375,"Warm"
"B7",2022-09-14,24.2077430208333,"Warm"
"B7",2022-09-15,23.6204513715278,"Warm"
"B7",2022-09-16,22.3039235694444,"Warm"
"B7",2022-09-17,21.3803818541667,"Warm"
"B7",2022-09-18,19.5945486909722,"Warm"
"B7",2022-09-19,19.3580208506944,"Warm"
"B7",2022-09-20,19.62607634375,"Warm"
"B7",2022-09-21,19.7692012847222,"Warm"
"B7",2022-09-22,20.0008680416667,"Warm"
"B7",2022-09-23,19.9008680034722,"Warm"
"B7",2022-09-24,19.7670489027778,"Warm"
"B7",2022-09-25,17.8159027743056,"Warm"
"B7",2022-09-26,17.8699653020833,"Warm"
"B7",2022-09-27,17.4361109131944,"Warm"
"B7",2022-09-28,17.6406249722222,"Warm"
"B7",2022-09-29,17.5728471284722,"Warm"
"B7",2022-09-30,16.4845139027778,"Warm"
"B7",2022-10-01,16.2167013715278,"Warm"
"B7",2022-10-02,18.50652778125,"Warm"
"B7",2022-10-03,20.5137153298611,"Warm"
"B7",2022-10-04,20.2486110902778,"Warm"
"B7",2022-10-05,20.0262846909722,"Warm"
"B7",2022-10-06,20.3797915625,"Warm"
"B7",2022-10-07,20.4542359930556,"Warm"
"B7",2022-10-08,20.8522221215278,"Warm"
"B7",2022-10-09,20.3935069097222,"Warm"
"B7",2022-10-10,19.7651735659722,"Warm"
"B7",2022-10-11,20.0512847048611,"Warm"
"B7",2022-10-12,20.2811457986111,"Warm"
"B7",2022-10-13,20.7876042465278,"Warm"
"B7",2022-10-14,21.4710069965278,"Warm"
"B7",2022-10-15,20.5382638611111,"Warm"
"B7",2022-10-16,20.5100347534722,"Warm"
"B7",2022-10-17,21.1566667361111,"Warm"
"B7",2022-10-18,21.1499652986111,"Warm"
"B7",2022-10-19,20.6621874930556,"Warm"
"B7",2022-10-20,20.6913888645833,"Warm"
"B7",2022-10-21,19.5674654270833,"Warm"
"B7",2022-10-22,19.35677084375,"Warm"
"B7",2022-10-23,20.5662846909722,"Warm"
"B7",2022-10-24,20.3989931076389,"Warm"
"B7",2022-10-25,19.1202777951389,"Warm"
"B7",2022-10-26,18.4177083368056,"Warm"
"B7",2022-10-27,18.6127083263889,"Warm"
"B7",2022-10-28,19.3662153819444,"Warm"
"B7",2022-10-29,19.7026736493056,"Warm"
"B7",2022-10-30,17.8684001366667,"Warm"
"B7",2022-10-31,16.5388194618056,"Warm"
"B7",2022-11-01,17.2982985520833,"Warm"
"B7",2022-11-02,18.5427776840278,"Warm"
"B7",2022-11-03,16.3835763923611,"Warm"
"B7",2022-11-04,13.468125,"Warm"
"B7",2022-11-05,12.9519097222222,"Warm"
"B7",2022-11-06,12.4099652777778,"Warm"
"B7",2022-11-07,12.6448263888889,"Warm"
"B7",2022-11-08,13.5756944444444,"Warm"
"B7",2022-11-09,14.1663888888889,"Warm"
"B7",2022-11-10,14.2584375,"Warm"
"B7",2022-11-11,13.0989930555556,"Warm"
"B7",2022-11-12,13.8203472222222,"Warm"
"B7",2022-11-13,14.1648958333333,"Warm"
"B7",2022-11-14,13.8137152777778,"Warm"
"B7",2022-11-15,14.0920486111111,"Warm"
"B7",2022-11-16,14.6640277777778,"Warm"
"B7",2022-11-17,14.8199652777778,"Warm"
"B7",2022-11-18,14.1294791666667,"Warm"
"B7",2022-11-19,12.4352777777778,"Warm"
"B7",2022-11-20,9.76246527777778,"Warm"
"B7",2022-11-21,10.3016666666667,"Warm"
"B7",2022-11-22,9.78350694444444,"Warm"
"B7",2022-11-23,10.5288888888889,"Warm"
"B7",2022-11-24,9.94829861111111,"Warm"
"B7",2022-11-25,10.4031597222222,"Warm"
"B7",2022-11-26,9.873125,"Warm"
"B7",2022-11-27,9.42170138888889,"Warm"
"B7",2022-11-28,9.67361111111111,"Warm"
"B7",2022-11-29,9.67100694444444,"Warm"
"B7",2022-11-30,9.64854166666667,"Warm"
"B7",2022-12-01,8.16572916666667,"Warm"
"B7",2022-12-02,8.20763888888889,"Warm"
"B7",2022-12-03,7.96829861111111,"Warm"
"B7",2022-12-04,6.99048611111111,"Warm"
"B7",2022-12-05,6.42236111111111,"Warm"
"B7",2022-12-06,7.3565625,"Warm"
"B7",2022-12-07,9.65930555555556,"Warm"
"B7",2022-12-08,10.154375,"Warm"
"B7",2022-12-09,10.1035763888889,"Warm"
"B7",2022-12-10,9.97503472222222,"Warm"
"B7",2022-12-11,6.5175,"Warm"
"B7",2022-12-12,6.42892361111111,"Warm"
"B7",2022-12-13,8.28899305555556,"Warm"
"B7",2022-12-14,10.8230555555556,"Warm"
"B7",2022-12-15,10.9561805555556,"Warm"
"B7",2022-12-16,11.3744444444444,"Warm"
"B7",2022-12-17,11.0419791666667,"Warm"
"B7",2022-12-18,9.08913194444444,"Warm"
"B7",2022-12-19,7.85951388888889,"Warm"
"B7",2022-12-20,8.70729166666667,"Warm"
"B7",2022-12-21,11.2639583333333,"Warm"
"B7",2022-12-22,12.1550347222222,"Warm"
"B7",2022-12-23,12.7871180555556,"Warm"
"B7",2022-12-24,12.5278472222222,"Warm"
"B7",2022-12-25,11.9436805555556,"Warm"
"B7",2022-12-26,11.6279861111111,"Warm"
"B7",2022-12-27,11.5817361111111,"Warm"
"B7",2022-12-28,11.0386805555556,"Warm"
"B7",2022-12-29,10.6693055555556,"Warm"
"B7",2022-12-30,11.4704513888889,"Warm"
"B7",2022-12-31,12.3689930555556,"Warm"
"B9",2019-02-01,0,"Warm"
"B9",2019-02-02,0,"Warm"
"B9",2019-02-03,0,"Warm"
"B9",2019-02-04,0,"Warm"
"B9",2019-02-05,0,"Warm"
"B9",2019-02-06,0,"Warm"
"B9",2019-02-07,0,"Warm"
"B9",2019-02-08,0,"Warm"
"B9",2019-02-09,0,"Warm"
"B9",2019-02-10,0,"Warm"
"B9",2019-02-11,5.64741818181818,"Warm"
"B9",2019-02-12,4.75725694444444,"Warm"
"B9",2019-02-13,4.29371527777778,"Warm"
"B9",2019-02-14,4.49,"Warm"
"B9",2019-02-15,5.11086805555556,"Warm"
"B9",2019-02-16,5.68010416666667,"Warm"
"B9",2019-02-17,5.90927083333333,"Warm"
"B9",2019-02-18,5.52951388888889,"Warm"
"B9",2019-02-19,5.22861111111111,"Warm"
"B9",2019-02-20,5.35854166666667,"Warm"
"B9",2019-02-21,6.06107638888889,"Warm"
"B9",2019-02-22,6.82555555555556,"Warm"
"B9",2019-02-23,7.51055555555556,"Warm"
"B9",2019-02-24,7.83902777777778,"Warm"
"B9",2019-02-25,8.01770833333333,"Warm"
"B9",2019-02-26,8.56868055555556,"Warm"
"B9",2019-02-27,9.03486111111111,"Warm"
"B9",2019-02-28,9.20715277777778,"Warm"
"B9",2019-03-01,9.76989583333333,"Warm"
"B9",2019-03-02,9.94520833333333,"Warm"
"B9",2019-03-03,8.42565972222222,"Warm"
"B9",2019-03-04,9.19204861111111,"Warm"
"B9",2019-03-05,8.28361111111111,"Warm"
"B9",2019-03-06,9.47027777777778,"Warm"
"B9",2019-03-07,8.97677083333333,"Warm"
"B9",2019-03-08,5.82885416561531,"Warm"
"B9",2019-03-09,8.85555555555556,"Warm"
"B9",2019-03-10,9.26510417708333,"Warm"
"B9",2019-03-11,7.50138888897167,"Warm"
"B9",2019-03-12,7.97468181818114,"Warm"
"B9",2019-03-13,6.49784722222222,"Warm"
"B9",2019-03-14,7.54527777777778,"Warm"
"B9",2019-03-15,7.2521180556549,"Warm"
"B9",2019-03-16,9.96336803836001,"Warm"
"B9",2019-03-17,7.20388889231972,"Warm"
"B9",2019-03-18,5.97673611111111,"Warm"
"B9",2019-03-19,5.22892361111111,"Warm"
"B9",2019-03-20,5.30638888847911,"Warm"
"B9",2019-03-21,8.06237837850121,"Warm"
"B9",2019-03-22,9.27052042016132,"Warm"
"B9",2019-03-23,11.4157291875,"Warm"
"B9",2019-03-24,12.1103125034722,"Warm"
"B9",2019-03-25,9.08451387118008,"Warm"
"B9",2019-03-26,9.95609958133455,"Warm"
"B9",2019-03-27,10.6700487756446,"Warm"
"B9",2019-03-28,9.22076389551875,"Warm"
"B9",2019-03-29,10.0698264409722,"Warm"
"B9",2019-03-30,10.8836805381944,"Warm"
"B9",2019-03-31,11.3270138923611,"Warm"
"B9",2019-04-01,12.1982639305556,"Warm"
"B9",2019-04-02,9.15350694444444,"Warm"
"B9",2019-04-03,6.24739583333333,"Warm"
"B9",2019-04-04,5.45453125091532,"Warm"
"B9",2019-04-05,7.36256944384012,"Warm"
"B9",2019-04-06,6.78954861111111,"Warm"
"B9",2019-04-07,5.86143911436585,"Warm"
"B9",2019-04-08,7.96458333333333,"Warm"
"B9",2019-04-09,10.6623958333333,"Warm"
"B9",2019-04-10,11.6861805555556,"Warm"
"B9",2019-04-11,11.3609027777778,"Warm"
"B9",2019-04-12,10.6182986111111,"Warm"
"B9",2019-04-13,10.99375,"Warm"
"B9",2019-04-14,11.0594097222222,"Warm"
"B9",2019-04-15,10.6611111111111,"Warm"
"B9",2019-04-16,12.9139236111111,"Warm"
"B9",2019-04-17,12.8490972222222,"Warm"
"B9",2019-04-18,14.134375,"Warm"
"B9",2019-04-19,14.7936111388889,"Warm"
"B9",2019-04-20,15.7928819340278,"Warm"
"B9",2019-04-21,14.8772569444444,"Warm"
"B9",2019-04-22,13.0748958333333,"Warm"
"B9",2019-04-23,14.0749305555556,"Warm"
"B9",2019-04-24,14.6672917534722,"Warm"
"B9",2019-04-25,14.8222569444444,"Warm"
"B9",2019-04-26,13.9033333333333,"Warm"
"B9",2019-04-27,11.8373611111111,"Warm"
"B9",2019-04-28,12.9239930555556,"Warm"
"B9",2019-04-29,14.3253819305556,"Warm"
"B9",2019-04-30,15.3556250034722,"Warm"
"B9",2019-05-01,15.3171528125,"Warm"
"B9",2019-05-02,15.9104166458333,"Warm"
"B9",2019-05-03,13.07375,"Warm"
"B9",2019-05-04,11.5694444444444,"Warm"
"B9",2019-05-05,11.2121875,"Warm"
"B9",2019-05-06,12.0963194444444,"Warm"
"B9",2019-05-07,13.6214236041667,"Warm"
"B9",2019-05-08,15.8485417013889,"Warm"
"B9",2019-05-09,14.9299305243056,"Warm"
"B9",2019-05-10,16.1958680347222,"Warm"
"B9",2019-05-11,16.6245138715278,"Warm"
"B9",2019-05-12,15.5829166597222,"Warm"
"B9",2019-05-13,15.83274303125,"Warm"
"B9",2019-05-14,15.6358332986111,"Warm"
"B9",2019-05-15,15.1239930416667,"Warm"
"B9",2019-05-16,15.0462847291667,"Warm"
"B9",2019-05-17,14.4370486215278,"Warm"
"B9",2019-05-18,11.7140625,"Warm"
"B9",2019-05-19,11.3602777777778,"Warm"
"B9",2019-05-20,12.4092708333333,"Warm"
"B9",2019-05-21,14.4318055243056,"Warm"
"B9",2019-05-22,15.9916666840278,"Warm"
"B9",2019-05-23,16.8008333576389,"Warm"
"B9",2019-05-24,15.5510763784722,"Warm"
"B9",2019-05-25,13.6201041666667,"Warm"
"B9",2019-05-26,13.5262847222222,"Warm"
"B9",2019-05-27,14.2678472222222,"Warm"
"B9",2019-05-28,14.8944097604167,"Warm"
"B9",2019-05-29,14.6636805173611,"Warm"
"B9",2019-05-30,16.0952778298611,"Warm"
"B9",2019-05-31,18.6239930451389,"Warm"
"B9",2019-06-01,21.7920485763889,"Warm"
"B9",2019-06-02,23.7406597743056,"Warm"
"B9",2019-06-03,20.4695486423611,"Warm"
"B9",2019-06-04,22.1520833229167,"Warm"
"B9",2019-06-05,12.1910416666667,"Warm"
"B9",2019-06-06,16.3731944583333,"Warm"
"B9",2019-06-07,15.3533680590278,"Warm"
"B9",2019-06-08,16.5214583020833,"Warm"
"B9",2019-06-09,17.9407291875,"Warm"
"B9",2019-06-10,12.7647569479167,"Warm"
"B9",2019-06-11,10.6751736111111,"Warm"
"B9",2019-06-12,13.7994076515679,"Warm"
"B9",2019-06-13,17.33381953125,"Warm"
"B9",2019-06-14,18.7291666423611,"Warm"
"B9",2019-06-15,17.2596526805556,"Warm"
"B9",2019-06-16,16.9853818888889,"Warm"
"B9",2019-06-17,20.420625,"Warm"
"B9",2019-06-18,23.798611,"Warm"
"B9",2019-06-19,22.7999652604167,"Warm"
"B9",2019-06-20,17.0609721805556,"Warm"
"B9",2019-06-21,15.1960764027778,"Warm"
"B9",2019-06-22,19.8564930590278,"Warm"
"B9",2019-06-23,24.8520138576389,"Warm"
"B9",2019-06-24,22.9450000347222,"Warm"
"B9",2019-06-25,22.7826041458333,"Warm"
"B9",2019-06-26,27.7343508350877,"Warm"
"B9",2019-06-27,28.3835658953488,"Warm"
"B9",2019-06-28,25.4870833923611,"Warm"
"B9",2019-06-29,27.040576090535,"Warm"
"B9",2019-06-30,24.0393402430556,"Warm"
"B9",2019-07-01,20.8919443229167,"Warm"
"B9",2019-07-02,20.3963542430556,"Warm"
"B9",2019-07-03,21.1924653159722,"Warm"
"B9",2019-07-04,22.8436458333333,"Warm"
"B9",2019-07-05,25.8428819479167,"Warm"
"B9",2019-07-06,26.88072915625,"Warm"
"B9",2019-07-07,26.7628125729167,"Warm"
"B9",2019-07-08,26.1071875763889,"Warm"
"B9",2019-07-09,23.1748263472222,"Warm"
"B9",2019-07-10,22.42569440625,"Warm"
"B9",2019-07-11,24.3322222083333,"Warm"
"B9",2019-07-12,20.4031249479167,"Warm"
"B9",2019-07-13,18.4003472638889,"Warm"
"B9",2019-07-14,17.2386805208333,"Warm"
"B9",2019-07-15,16.8559722152778,"Warm"
"B9",2019-07-16,16.9511458263889,"Warm"
"B9",2019-07-17,16.7833681527778,"Warm"
"B9",2019-07-18,15.7778819895833,"Warm"
"B9",2019-07-19,16.8777082916667,"Warm"
"B9",2019-07-20,17.46982634375,"Warm"
"B9",2019-07-21,17.4372222048611,"Warm"
"B9",2019-07-22,18.8863541597222,"Warm"
"B9",2019-07-23,20.7621180659722,"Warm"
"B9",2019-07-24,21.1955555868056,"Warm"
"B9",2019-07-25,20.9360764166667,"Warm"
"B9",2019-07-26,17.7547569305556,"Warm"
"B9",2019-07-27,14.7742361111111,"Warm"
"B9",2019-07-28,14.8343402777778,"Warm"
"B9",2019-07-29,16.2055208055556,"Warm"
"B9",2019-07-30,15.6852430381944,"Warm"
"B9",2019-07-31,15.1105555277778,"Warm"
"B9",2019-08-01,15.5726736006944,"Warm"
"B9",2019-08-02,16.3941666736111,"Warm"
"B9",2019-08-03,17.3715278090278,"Warm"
"B9",2019-08-04,18.2018056076389,"Warm"
"B9",2019-08-05,18.6283256465116,"Warm"
"B9",2019-08-06,21.3883333576389,"Warm"
"B9",2019-08-07,23.6206945034722,"Warm"
"B9",2019-08-08,24.8532986284722,"Warm"
"B9",2019-08-09,22.4296874722222,"Warm"
"B9",2019-08-10,18.2919097638889,"Warm"
"B9",2019-08-11,14.9956597222222,"Warm"
"B9",2019-08-12,14.4015972222222,"Warm"
"B9",2019-08-13,14.3248263888889,"Warm"
"B9",2019-08-14,14.9360069340278,"Warm"
"B9",2019-08-15,14.6811111111111,"Warm"
"B9",2019-08-16,15.77864584375,"Warm"
"B9",2019-08-17,16.9679166875,"Warm"
"B9",2019-08-18,17.4802430659722,"Warm"
"B9",2019-08-19,18.0258333854167,"Warm"
"B9",2019-08-20,17.8017361076389,"Warm"
"B9",2019-08-21,18.2764584236111,"Warm"
"B9",2019-08-22,19.8394097256944,"Warm"
"B9",2019-08-23,20.7778810074349,"Warm"
"B9",2019-08-24,22.5513888611111,"Warm"
"B9",2019-08-25,23.4141667291667,"Warm"
"B9",2019-08-26,22.2836805902778,"Warm"
"B9",2019-08-27,17.4693728850174,"Warm"
"B9",2019-08-28,16.93416665625,"Warm"
"B9",2019-08-29,17.6359375416667,"Warm"
"B9",2019-08-30,18.0714236041667,"Warm"
"B9",2019-08-31,18.7161458576389,"Warm"
"B9",2019-09-01,17.5323958506944,"Warm"
"B9",2019-09-02,15.6795833680556,"Warm"
"B9",2019-09-03,15.0966666840278,"Warm"
"B9",2019-09-04,15.6870138715278,"Warm"
"B9",2019-09-05,16.1338888993056,"Warm"
"B9",2019-09-06,15.3733333229167,"Warm"
"B9",2019-09-07,15.04913196875,"Warm"
"B9",2019-09-08,15.0732291597222,"Warm"
"B9",2019-09-09,15.0251041631944,"Warm"
"B9",2019-09-10,14.3666666666667,"Warm"
"B9",2019-09-11,13.6946527777778,"Warm"
"B9",2019-09-12,14.5458680625,"Warm"
"B9",2019-09-13,15.1623958368056,"Warm"
"B9",2019-09-14,16.0731597256944,"Warm"
"B9",2019-09-15,16.7538194513889,"Warm"
"B9",2019-09-16,17.1890972395833,"Warm"
"B9",2019-09-17,17.465173625,"Warm"
"B9",2019-09-18,17.0844096770833,"Warm"
"B9",2019-09-19,16.3424999583333,"Warm"
"B9",2019-09-20,16.8291666527778,"Warm"
"B9",2019-09-21,16.6955555520833,"Warm"
"B9",2019-09-22,15.5138194201389,"Warm"
"B9",2019-09-23,14.8117361493056,"Warm"
"B9",2019-09-24,15.3347222986111,"Warm"
"B9",2019-09-25,15.8767014270833,"Warm"
"B9",2019-09-26,15.9704513715278,"Warm"
"B9",2019-09-27,15.6846874305556,"Warm"
"B9",2019-09-28,15.9738889131944,"Warm"
"B9",2019-09-29,15.5202083402778,"Warm"
"B9",2019-09-30,16.0503125104167,"Warm"
"B9",2019-10-01,16.3478124756944,"Warm"
"B9",2019-10-02,16.2652084479167,"Warm"
"B9",2019-10-03,15.6173611493056,"Warm"
"B9",2019-10-04,14.7027083333333,"Warm"
"B9",2019-10-05,15.5698958263889,"Warm"
"B9",2019-10-06,15.7322570243056,"Warm"
"B9",2019-10-07,14.4320486111111,"Warm"
"B9",2019-10-08,15.2137152291667,"Warm"
"B9",2019-10-09,15.2069444618056,"Warm"
"B9",2019-10-10,14.4941319409722,"Warm"
"B9",2019-10-11,13.8340972222222,"Warm"
"B9",2019-10-12,14.9145486111111,"Warm"
"B9",2019-10-13,15.5536805347222,"Warm"
"B9",2019-10-14,15.3197569375,"Warm"
"B9",2019-10-15,14.6270138888889,"Warm"
"B9",2019-10-16,12.4222569444444,"Warm"
"B9",2019-10-17,12.7960416666667,"Warm"
"B9",2019-10-18,13.1050347222222,"Warm"
"B9",2019-10-19,13.4233680555556,"Warm"
"B9",2019-10-20,13.6691319444444,"Warm"
"B9",2019-10-21,12.9175694444444,"Warm"
"B9",2019-10-22,13.9527083333333,"Warm"
"B9",2019-10-23,12.7452083333333,"Warm"
"B9",2019-10-24,13.7120486111111,"Warm"
"B9",2019-10-25,14.7631597222222,"Warm"
"B9",2019-10-26,14.1320486111111,"Warm"
"B9",2019-10-27,14.3654861111111,"Warm"
"B9",2019-10-28,14.9266666666667,"Warm"
"B9",2019-10-29,15.3434372881944,"Warm"
"B9",2019-10-30,16.7110070590278,"Warm"
"B9",2019-10-31,17.2298611319444,"Warm"
"B9",2019-11-01,15.3746875069444,"Warm"
"B9",2019-11-02,15.0686111111111,"Warm"
"B9",2019-11-03,14.0553819444444,"Warm"
"B9",2019-11-04,12.8972916666667,"Warm"
"B9",2019-11-05,12.5514930555556,"Warm"
"B9",2019-11-06,11.2335416666667,"Warm"
"B9",2019-11-07,9.82600694444444,"Warm"
"B9",2019-11-08,8.11493055555556,"Warm"
"B9",2019-11-09,8.48815972222222,"Warm"
"B9",2019-11-10,8.87756944444445,"Warm"
"B9",2019-11-11,7.70163194444444,"Warm"
"B9",2019-11-12,8.11038194444444,"Warm"
"B9",2019-11-13,8.9178125,"Warm"
"B9",2019-11-14,8.28652777777778,"Warm"
"B9",2019-11-15,6.92684027777778,"Warm"
"B9",2019-11-16,6.74274305555556,"Warm"
"B9",2019-11-17,7.31746527777778,"Warm"
"B9",2019-11-18,7.87770833333333,"Warm"
"B9",2019-11-19,7.34350694444444,"Warm"
"B9",2019-11-20,6.75847222222222,"Warm"
"B9",2019-11-21,6.70864583333333,"Warm"
"B9",2019-11-22,6.89184027777778,"Warm"
"B9",2019-11-23,7.85680555555556,"Warm"
"B9",2019-11-24,8.53559027777778,"Warm"
"B9",2019-11-25,8.99770833333333,"Warm"
"B9",2019-11-26,9.78239583333333,"Warm"
"B9",2019-11-27,11.303125,"Warm"
"B9",2019-11-28,11.6901388888889,"Warm"
"B9",2019-11-29,12.5876736111111,"Warm"
"B9",2019-11-30,11.5864236111111,"Warm"
"B9",2019-12-01,10.8696527777778,"Warm"
"B9",2019-12-02,9.88902777777778,"Warm"
"B9",2019-12-03,9.45666666666667,"Warm"
"B9",2019-12-04,8.31663194444444,"Warm"
"B9",2019-12-05,7.99375,"Warm"
"B9",2019-12-06,8.40052083333333,"Warm"
"B9",2019-12-07,8.51305555555555,"Warm"
"B9",2019-12-08,8.67555555555556,"Warm"
"B9",2019-12-09,9.42819444444445,"Warm"
"B9",2019-12-10,9.14038194444444,"Warm"
"B9",2019-12-11,8.41479166666667,"Warm"
"B9",2019-12-12,8.42538194444444,"Warm"
"B9",2019-12-13,11.1447916666667,"Warm"
"B9",2019-12-14,13.391875,"Warm"
"B9",2019-12-15,13.1985763888889,"Warm"
"B9",2019-12-16,12.4085069444444,"Warm"
"B9",2019-12-17,12.2454513888889,"Warm"
"B9",2019-12-18,12.5967142857143,"Warm"
"B9",2019-12-19,11.4982638888889,"Warm"
"B9",2019-12-20,12.3417013888889,"Warm"
"B9",2019-12-21,11.6854166666667,"Warm"
"B9",2019-12-22,11.5076388888889,"Warm"
"B9",2019-12-23,10.8757638888889,"Warm"
"B9",2019-12-24,12.1780208333333,"Warm"
"B9",2019-12-25,12.5401736111111,"Warm"
"B9",2019-12-26,11.9656944444444,"Warm"
"B9",2019-12-27,10.6901736111111,"Warm"
"B9",2019-12-28,9.24638888888889,"Warm"
"B9",2019-12-29,8.47038194444444,"Warm"
"B9",2019-12-30,8.16291666666667,"Warm"
"B9",2019-12-31,8.03798611111111,"Warm"
"B9",2020-01-01,8.12440972222222,"Warm"
"B9",2020-01-02,7.48621527777778,"Warm"
"B9",2020-01-03,7.78993055555556,"Warm"
"B9",2020-01-04,8.44048611111111,"Warm"
"B9",2020-01-05,8.54652777777778,"Warm"
"B9",2020-01-06,7.62302083333333,"Warm"
"B9",2020-01-07,7.3990625,"Warm"
"B9",2020-01-08,8.57069444444445,"Warm"
"B9",2020-01-09,9.97441176470588,"Warm"
"B9",2020-01-10,10.2588194444444,"Warm"
"B9",2020-01-11,9.15663194444445,"Warm"
"B9",2020-01-12,7.264375,"Warm"
"B9",2020-01-13,6.3515625,"Warm"
"B9",2020-01-14,6.84631944444444,"Warm"
"B9",2020-01-15,7.54482638888889,"Warm"
"B9",2020-01-16,7.80628472222222,"Warm"
"B9",2020-01-17,7.77152777777778,"Warm"
"B9",2020-01-18,7.39274305555556,"Warm"
"B9",2020-01-19,7.85954861111111,"Warm"
"B9",2020-01-20,7.17847222222222,"Warm"
"B9",2020-01-21,6.86180555555556,"Warm"
"B9",2020-01-22,7.51423611111111,"Warm"
"B9",2020-01-23,8.88020833333333,"Warm"
"B9",2020-01-24,8.86902777777778,"Warm"
"B9",2020-01-25,8.41947916666667,"Warm"
"B9",2020-01-26,8.49722222222222,"Warm"
"B9",2020-01-27,7.82482638888889,"Warm"
"B9",2020-01-28,8.53375,"Warm"
"B9",2020-01-29,8.65947916666667,"Warm"
"B9",2020-01-30,10.3183680555556,"Warm"
"B9",2020-01-31,12.5647916666667,"Warm"
"B9",2020-02-01,12.1658333333333,"Warm"
"B9",2020-02-02,12.9957986111111,"Warm"
"B9",2020-02-03,14.3395486111111,"Warm"
"B9",2020-02-04,14.1356597222222,"Warm"
"B9",2020-02-05,12.5322916666667,"Warm"
"B9",2020-02-06,10.0732638888889,"Warm"
"B9",2020-02-07,8.92791666666667,"Warm"
"B9",2020-02-08,8.71784722222222,"Warm"
"B9",2020-02-09,9.83333333333333,"Warm"
"B9",2020-02-10,12.8336111111111,"Warm"
"B9",2020-02-11,14.1946180555556,"Warm"
"B9",2020-02-12,13.5773611111111,"Warm"
"B9",2020-02-13,12.7856944444444,"Warm"
"B9",2020-02-14,14.3422222569444,"Warm"
"B9",2020-02-15,13.4447569444444,"Warm"
"B9",2020-02-16,13.2285416666667,"Warm"
"B9",2020-02-17,12.0822222222222,"Warm"
"B9",2020-02-18,10.6198263888889,"Warm"
"B9",2020-02-19,10.5573611111111,"Warm"
"B9",2020-02-20,10.6221180555556,"Warm"
"B9",2020-02-21,10.9053472222222,"Warm"
"B9",2020-02-22,11.3592361111111,"Warm"
"B9",2020-02-23,12.2330902777778,"Warm"
"B9",2020-02-24,12.6469097222222,"Warm"
"B9",2020-02-25,12.0104166666667,"Warm"
"B9",2020-02-26,11.5307291666667,"Warm"
"B9",2020-02-27,11.1538194444444,"Warm"
"B9",2020-02-28,13.1065625,"Warm"
"B9",2020-02-29,13.1675347222222,"Warm"
"B9",2020-03-01,13.1219097222222,"Warm"
"B9",2020-03-02,12.610625,"Warm"
"B9",2020-03-03,10.2476388888889,"Warm"
"B9",2020-03-04,10.1416319444444,"Warm"
"B9",2020-03-05,11.4104166666667,"Warm"
"B9",2020-03-06,9.94295138888889,"Warm"
"B9",2020-03-07,9.63975694444444,"Warm"
"B9",2020-03-08,11.1347569444444,"Warm"
"B9",2020-03-09,11.5618021201413,"Warm"
"B9",2020-03-10,12.1035763888889,"Warm"
"B9",2020-03-11,12.5123267326733,"Warm"
"B9",2020-03-13,14.4110795454545,"Warm"
"B9",2020-03-14,13.4087152777778,"Warm"
"B9",2020-03-15,13.3981944444444,"Warm"
"B9",2020-03-16,14.1504166666667,"Warm"
"B9",2020-03-17,14.0187152777778,"Warm"
"B9",2020-03-18,15.0285763784722,"Warm"
"B9",2020-03-19,16.37628471875,"Warm"
"B9",2020-03-20,17.0801041597222,"Warm"
"B9",2020-03-21,16.64468753125,"Warm"
"B9",2020-03-22,16.3437499652778,"Warm"
"B9",2020-03-23,15.8409027708333,"Warm"
"B9",2020-03-24,15.1476736041667,"Warm"
"B9",2020-03-25,14.4241319444444,"Warm"
"B9",2020-03-26,13.0063541666667,"Warm"
"B9",2020-03-27,11.2781944444444,"Warm"
"B9",2020-03-28,12.7364236111111,"Warm"
"B9",2020-03-29,13.5689583333333,"Warm"
"B9",2020-03-30,11.5010069444444,"Warm"
"B9",2020-03-31,11.0620486111111,"Warm"
"B9",2020-04-01,13.3113541666667,"Warm"
"B9",2020-04-02,13.4067013888889,"Warm"
"B9",2020-04-03,13.9495833611111,"Warm"
"B9",2020-04-04,14.6301388715278,"Warm"
"B9",2020-04-05,16.1551388923611,"Warm"
"B9",2020-04-06,16.8932291631944,"Warm"
"B9",2020-04-07,17.1511806076389,"Warm"
"B9",2020-04-08,17.3218403402778,"Warm"
"B9",2020-04-09,17.7655208020833,"Warm"
"B9",2020-04-10,19.0044792048611,"Warm"
"B9",2020-04-11,19.0127083993056,"Warm"
"B9",2020-04-12,18.2573611180556,"Warm"
"B9",2020-04-13,16.6802082777778,"Warm"
"B9",2020-04-14,17.5769443923611,"Warm"
"B9",2020-04-15,18.8034027986111,"Warm"
"B9",2020-04-16,19.5638888506944,"Warm"
"B9",2020-04-17,19.9801041423611,"Warm"
"B9",2020-04-18,20.5203125,"Warm"
"B9",2020-04-19,20.4406944236111,"Warm"
"B9",2020-04-20,18.5978125729167,"Warm"
"B9",2020-04-21,17.5716319791667,"Warm"
"B9",2020-04-22,16.4338889930556,"Warm"
"B9",2020-04-23,16.8112501840278,"Warm"
"B9",2020-04-24,18.2150694513889,"Warm"
"B9",2020-04-25,19.5463194375,"Warm"
"B9",2020-04-26,19.9303820173611,"Warm"
"B9",2020-04-27,19.5572569618056,"Warm"
"B9",2020-04-28,18.0717361770833,"Warm"
"B9",2020-04-29,17.3149999479167,"Warm"
"B9",2020-04-30,18.7198957951389,"Warm"
"B9",2020-05-01,18.6573958645833,"Warm"
"B9",2020-05-02,20.0800694305556,"Warm"
"B9",2020-05-03,22.2289930729167,"Warm"
"B9",2020-05-04,23.9333680763889,"Warm"
"B9",2020-05-05,25.8216666597222,"Warm"
"B9",2020-05-06,25.1287847743056,"Warm"
"B9",2020-05-07,24.9383333333333,"Warm"
"B9",2020-05-08,24.5620833159722,"Warm"
"B9",2020-05-09,23.95340284375,"Warm"
"B9",2020-05-10,21.9078124583333,"Warm"
"B9",2020-05-11,18.5702429861111,"Warm"
"B9",2020-05-12,17.3797569791667,"Warm"
"B9",2020-05-13,17.7568402048611,"Warm"
"B9",2020-05-14,17.8920139791667,"Warm"
"B9",2020-05-15,17.0237847604167,"Warm"
"B9",2020-05-16,16.8241319131944,"Warm"
"B9",2020-05-17,18.3735416979167,"Warm"
"B9",2020-05-18,20.7642361111111,"Warm"
"B9",2020-05-19,22.1541666701389,"Warm"
"B9",2020-05-20,23.9628818854167,"Warm"
"B9",2020-05-21,24.8249305173611,"Warm"
"B9",2020-05-22,26.0017013958333,"Warm"
"B9",2020-05-23,24.8192360208333,"Warm"
"B9",2020-05-24,21.8881250659722,"Warm"
"B9",2020-05-25,23.4298610590278,"Warm"
"B9",2020-05-26,24.5990971909722,"Warm"
"B9",2020-05-27,25.6010416805556,"Warm"
"B9",2020-05-28,26.2682985763889,"Warm"
"B9",2020-05-29,26.3298611145833,"Warm"
"B9",2020-05-30,26.5330207847222,"Warm"
"B9",2020-05-31,26.6842361180556,"Warm"
"B9",2020-06-01,25.9490972465278,"Warm"
"B9",2020-06-02,24.8903125,"Warm"
"B9",2020-06-03,24.0768748680556,"Warm"
"B9",2020-06-04,21.7895833576389,"Warm"
"B9",2020-06-05,20.2180208472222,"Warm"
"B9",2020-06-06,21.4726389236111,"Warm"
"B9",2020-06-07,19.6920832361111,"Warm"
"B9",2020-06-08,18.91624996875,"Warm"
"B9",2020-06-09,18.9386806493056,"Warm"
"B9",2020-06-10,19.0301736666667,"Warm"
"B9",2020-06-11,19.9586805659722,"Warm"
"B9",2020-06-12,21.0332986458333,"Warm"
"B9",2020-06-13,21.7482987048611,"Warm"
"B9",2020-06-14,20.6336457951389,"Warm"
"B9",2020-06-15,22.3319444583333,"Warm"
"B9",2020-06-16,21.4179166284722,"Warm"
"B9",2020-06-17,19.78267371875,"Warm"
"B9",2020-06-18,19.6579514201389,"Warm"
"B9",2020-06-19,21.3914236145833,"Warm"
"B9",2020-06-20,23.4623263298611,"Warm"
"B9",2020-06-21,24.3238889583333,"Warm"
"B9",2020-06-22,25.7125694270833,"Warm"
"B9",2020-06-23,26.40326396875,"Warm"
"B9",2020-06-24,27.7319790902778,"Warm"
"B9",2020-06-25,27.3852083194444,"Warm"
"B9",2020-06-26,26.4161458888889,"Warm"
"B9",2020-06-27,27.0119097708333,"Warm"
"B9",2020-06-28,26.6785763888889,"Warm"
"B9",2020-06-29,24.2361111284722,"Warm"
"B9",2020-06-30,21.2281597326389,"Warm"
"B9",2020-07-01,20.93986109375,"Warm"
"B9",2020-07-02,20.2364236597222,"Warm"
"B9",2020-07-03,19.7183333333333,"Warm"
"B9",2020-07-04,20.4398958576389,"Warm"
"B9",2020-07-05,21.0983680069444,"Warm"
"B9",2020-07-06,20.5752430416667,"Warm"
"B9",2020-07-07,21.1385415729167,"Warm"
"B9",2020-07-08,21.1030555416667,"Warm"
"B9",2020-07-09,21.2114236840278,"Warm"
"B9",2020-07-10,20.2670833506944,"Warm"
"B9",2020-07-11,20.2695833020833,"Warm"
"B9",2020-07-12,20.1916318715278,"Warm"
"B9",2020-07-13,20.6435069305556,"Warm"
"B9",2020-07-14,20.4554862222222,"Warm"
"B9",2020-07-15,20.3101387847222,"Warm"
"B9",2020-07-16,20.1054513680556,"Warm"
"B9",2020-07-17,20.2420137222222,"Warm"
"B9",2020-07-18,21.2641318854167,"Warm"
"B9",2020-07-19,21.8478471840278,"Warm"
"B9",2020-07-20,22.1044445,"Warm"
"B9",2020-07-21,22.32982640625,"Warm"
"B9",2020-07-22,22.3693403715278,"Warm"
"B9",2020-07-23,21.92628475,"Warm"
"B9",2020-07-24,21.2862152708333,"Warm"
"B9",2020-07-25,21.4370138125,"Warm"
"B9",2020-07-26,22.8247917291667,"Warm"
"B9",2020-07-27,25.1944096875,"Warm"
"B9",2020-07-28,21.3611457986111,"Warm"
"B9",2020-07-29,20.8741318333333,"Warm"
"B9",2020-07-30,22.5731597326389,"Warm"
"B9",2020-07-31,22.9893403298611,"Warm"
"B9",2020-08-01,20.4165277951389,"Warm"
"B9",2020-08-02,19.8868402395833,"Warm"
"B9",2020-08-03,20.1435762916667,"Warm"
"B9",2020-08-04,20.1271526840278,"Warm"
"B9",2020-08-05,20.2908333194444,"Warm"
"B9",2020-08-06,20.9774653020833,"Warm"
"B9",2020-08-07,21.9147916597222,"Warm"
"B9",2020-08-08,22.2444791805556,"Warm"
"B9",2020-08-09,21.3141666875,"Warm"
"B9",2020-08-10,20.5650346944444,"Warm"
"B9",2020-08-11,20.7281249965278,"Warm"
"B9",2020-08-12,21.1959027118056,"Warm"
"B9",2020-08-13,19.90184028125,"Warm"
"B9",2020-08-14,20.4036806041667,"Warm"
"B9",2020-08-15,20.7575695277778,"Warm"
"B9",2020-08-16,19.8883333055556,"Warm"
"B9",2020-08-17,20.0308680694444,"Warm"
"B9",2020-08-18,20.2660069791667,"Warm"
"B9",2020-08-19,21.4501041180556,"Warm"
"B9",2020-08-20,21.9599304826389,"Warm"
"B9",2020-08-21,21.7610763402778,"Warm"
"B9",2020-08-22,20.2258333159722,"Warm"
"B9",2020-08-23,20.4096526875,"Warm"
"B9",2020-08-24,20.5779165902778,"Warm"
"B9",2020-08-25,20.9278819305556,"Warm"
"B9",2020-08-26,20.9962152777778,"Warm"
"B9",2020-08-27,21.3044098090278,"Warm"
"B9",2020-08-28,19.7342707465278,"Warm"
"B9",2020-08-29,18.8209722013889,"Warm"
"B9",2020-08-30,18.2579513680556,"Warm"
"B9",2020-08-31,19.0168402777778,"Warm"
"B9",2020-09-01,19.0012152569444,"Warm"
"B9",2020-09-02,20.1948263159722,"Warm"
"B9",2020-09-03,19.3241666666667,"Warm"
"B9",2020-09-04,20.15503478125,"Warm"
"B9",2020-09-05,20.1852083368056,"Warm"
"B9",2020-09-06,20.0107986597222,"Warm"
"B9",2020-09-07,19.5670139444444,"Warm"
"B9",2020-09-08,19.0528472152778,"Warm"
"B9",2020-09-09,19.5088887743056,"Warm"
"B9",2020-09-10,20.2127083958333,"Warm"
"B9",2020-09-11,20.4892014409722,"Warm"
"B9",2020-09-12,20.4319097395833,"Warm"
"B9",2020-09-13,20.6252082881944,"Warm"
"B9",2020-09-14,20.8999653159722,"Warm"
"B9",2020-09-15,20.2601389131944,"Warm"
"B9",2020-09-16,20.6199305520833,"Warm"
"B9",2020-09-17,20.54399303125,"Warm"
"B9",2020-09-18,19.8845834548611,"Warm"
"B9",2020-09-19,20.0454514548611,"Warm"
"B9",2020-09-20,20.3065277916667,"Warm"
"B9",2020-09-21,20.0822221597222,"Warm"
"B9",2020-09-22,19.9339584375,"Warm"
"B9",2020-09-23,19.3715625104167,"Warm"
"B9",2020-09-24,20.0073610868056,"Warm"
"B9",2020-09-25,16.7872569513889,"Warm"
"B9",2020-09-26,14.3949652743056,"Warm"
"B9",2020-09-27,13.9041666666667,"Warm"
"B9",2020-09-28,15.0760763576389,"Warm"
"B9",2020-09-29,18.1871874965278,"Warm"
"B9",2020-09-30,18.3026735520833,"Warm"
"B9",2020-10-01,17.7927083645833,"Warm"
"B9",2020-10-02,15.7530902534722,"Warm"
"B9",2020-10-03,12.9798263888889,"Warm"
"B9",2020-10-04,13.2933333333333,"Warm"
"B9",2020-10-05,13.8608680972222,"Warm"
"B9",2020-10-06,15.3905208958333,"Warm"
"B9",2020-10-07,17.8637845069444,"Warm"
"B9",2020-10-08,18.4529513993056,"Warm"
"B9",2020-10-09,18.9786458472222,"Warm"
"B9",2020-10-10,19.1418055590278,"Warm"
"B9",2020-10-11,15.7718749756944,"Warm"
"B9",2020-10-12,14.7605555555556,"Warm"
"B9",2020-10-13,14.7479513888889,"Warm"
"B9",2020-10-14,13.5935416666667,"Warm"
"B9",2020-10-15,11.9838541666667,"Warm"
"B9",2020-10-16,11.4900694444444,"Warm"
"B9",2020-10-17,12.8160763888889,"Warm"
"B9",2020-10-18,12.6502430555556,"Warm"
"B9",2020-10-19,13.0811805555556,"Warm"
"B9",2020-10-20,14.4768055972222,"Warm"
"B9",2020-10-21,18.1727431666667,"Warm"
"B9",2020-10-22,18.7297917083333,"Warm"
"B9",2020-10-23,18.2330555173611,"Warm"
"B9",2020-10-24,16.3402083055556,"Warm"
"B9",2020-10-25,14.9090277881944,"Warm"
"B9",2020-10-26,13.8211458333333,"Warm"
"B9",2020-10-27,13.1621180555556,"Warm"
"B9",2020-10-28,14.4879166666667,"Warm"
"B9",2020-10-29,15.2652777673611,"Warm"
"B9",2020-10-30,15.0679166354167,"Warm"
"B9",2020-10-31,15.0110069166667,"Warm"
"B9",2020-11-01,15.2895138506944,"Warm"
"B9",2020-11-02,16.41954859375,"Warm"
"B9",2020-11-03,16.4021180277778,"Warm"
"B9",2020-11-04,13.7945833333333,"Warm"
"B9",2020-11-05,12.2253125,"Warm"
"B9",2020-11-06,13.7015277777778,"Warm"
"B9",2020-11-07,15.2881944444444,"Warm"
"B9",2020-11-08,15.3758680972222,"Warm"
"B9",2020-11-09,14.3570138888889,"Warm"
"B9",2020-11-10,14.2187152777778,"Warm"
"B9",2020-11-11,12.9738888888889,"Warm"
"B9",2020-11-12,13.1860416666667,"Warm"
"B9",2020-11-13,13.3802083333333,"Warm"
"B9",2020-11-14,13.0964236111111,"Warm"
"B9",2020-11-15,13.2426736111111,"Warm"
"B9",2020-11-16,14.2530902777778,"Warm"
"B9",2020-11-17,12.9565277777778,"Warm"
"B9",2020-11-18,13.2832291666667,"Warm"
"B9",2020-11-19,13.0282638888889,"Warm"
"B9",2020-11-20,12.2456944444444,"Warm"
"B9",2020-11-21,10.0207638888889,"Warm"
"B9",2020-11-22,8.55555555555556,"Warm"
"B9",2020-11-23,8.45065972222222,"Warm"
"B9",2020-11-24,8.54,"Warm"
"B9",2020-11-25,8.83052083333333,"Warm"
"B9",2020-11-26,8.84520833333333,"Warm"
"B9",2020-11-27,10.0332638888889,"Warm"
"B9",2020-11-28,10.0134722222222,"Warm"
"B9",2020-11-29,9.96763888888889,"Warm"
"B9",2020-11-30,10.3607291666667,"Warm"
"B9",2020-12-01,9.98291666666667,"Warm"
"B9",2020-12-02,8.70923611111111,"Warm"
"B9",2020-12-03,7.48222222222222,"Warm"
"B9",2020-12-04,7.54638888888889,"Warm"
"B9",2020-12-05,6.80767361111111,"Warm"
"B9",2020-12-06,6.93347222222222,"Warm"
"B9",2020-12-07,6.95434027777778,"Warm"
"B9",2020-12-08,7.09972222222222,"Warm"
"B9",2020-12-09,7.09722222222222,"Warm"
"B9",2020-12-10,7.17972222222222,"Warm"
"B9",2020-12-11,8.21798611111111,"Warm"
"B9",2020-12-12,9.56805555555555,"Warm"
"B9",2020-12-13,9.13277777777778,"Warm"
"B9",2020-12-14,10.2410763888889,"Warm"
"B9",2020-12-15,10.4442013888889,"Warm"
"B9",2020-12-16,8.63378472222222,"Warm"
"B9",2020-12-17,7.56725694444444,"Warm"
"B9",2020-12-18,7.68989583333333,"Warm"
"B9",2020-12-19,8.14309027777778,"Warm"
"B9",2020-12-20,8.99871527777778,"Warm"
"B9",2020-12-21,8.59826388888889,"Warm"
"B9",2020-12-22,10.3054166666667,"Warm"
"B9",2020-12-23,11.0072222222222,"Warm"
"B9",2020-12-24,11.3173958333333,"Warm"
"B9",2020-12-25,8.68916666666667,"Warm"
"B9",2020-12-26,6.55152777777778,"Warm"
"B9",2020-12-27,4.95267361111111,"Warm"
"B9",2020-12-28,5.42913194444444,"Warm"
"B9",2020-12-29,5.78236111111111,"Warm"
"B9",2020-12-30,6.14045138888889,"Warm"
"B9",2020-12-31,6.37552083333333,"Warm"
"B9",2021-01-01,7.19152777777778,"Warm"
"B9",2021-01-02,6.70440972222222,"Warm"
"B9",2021-01-03,5.63059027777778,"Warm"
"B9",2021-01-04,5.40267361111111,"Warm"
"B9",2021-01-05,5.32586805555556,"Warm"
"B9",2021-01-06,4.97586805555556,"Warm"
"B9",2021-01-07,7.7034375,"Warm"
"B9",2021-01-08,11.9816666666667,"Warm"
"B9",2021-01-09,4.71003472222222,"Warm"
"B9",2021-01-10,3.00815972222222,"Warm"
"B9",2021-01-11,3.15375,"Warm"
"B9",2021-01-12,3.22322916666667,"Warm"
"B9",2021-01-13,3.71802083333333,"Warm"
"B9",2021-01-14,5.50586805555556,"Warm"
"B9",2021-01-15,7.54597222222222,"Warm"
"B9",2021-01-16,7.12559027777778,"Warm"
"B9",2021-01-17,7.53618055555556,"Warm"
"B9",2021-01-18,8.19395833333333,"Warm"
"B9",2021-01-19,7.29614583333333,"Warm"
"B9",2021-01-20,7.68194444444444,"Warm"
"B9",2021-01-21,8.92368055555555,"Warm"
"B9",2021-01-22,9.11909722222222,"Warm"
"B9",2021-01-23,8.0628125,"Warm"
"B9",2021-01-24,8.255625,"Warm"
"B9",2021-01-25,8.40763888888889,"Warm"
"B9",2021-01-26,8.05923611111111,"Warm"
"B9",2021-01-27,9.94152777777778,"Warm"
"B9",2021-01-28,12.3148611111111,"Warm"
"B9",2021-01-29,12.3308333333333,"Warm"
"B9",2021-01-30,11.5740277777778,"Warm"
"B9",2021-01-31,11.0160416666667,"Warm"
"B9",2021-02-01,11.5254513888889,"Warm"
"B9",2021-02-02,12.7626041666667,"Warm"
"B9",2021-02-03,13.0598958333333,"Warm"
"B9",2021-02-04,13.4315972222222,"Warm"
"B9",2021-02-05,13.905625,"Warm"
"B9",2021-02-06,13.3094791666667,"Warm"
"B9",2021-02-07,12.2532638888889,"Warm"
"B9",2021-02-08,10.6819097222222,"Warm"
"B9",2021-02-09,9.63322709163347,"Warm"
"B9",2021-02-10,9.03351351351351,"Warm"
"B9",2021-02-13,10.9756390977444,"Warm"
"B9",2021-02-14,10.6331944444444,"Warm"
"B9",2021-02-15,10.4642361111111,"Warm"
"B9",2021-02-16,11.3077083333333,"Warm"
"B9",2021-02-17,12.8456097560976,"Warm"
"B9",2021-02-18,12.8102430555556,"Warm"
"B9",2021-02-19,12.5954861111111,"Warm"
"B9",2021-02-20,12.5771527777778,"Warm"
"B9",2021-02-21,12.8529166666667,"Warm"
"B9",2021-02-22,12.7545486111111,"Warm"
"B9",2021-02-23,12.8910069444444,"Warm"
"B9",2021-02-24,14.0554513888889,"Warm"
"B9",2021-02-25,13.9609027777778,"Warm"
"B9",2021-02-26,13.9329861111111,"Warm"
"B9",2021-02-27,14.5955902777778,"Warm"
"B9",2021-02-28,13.8985069444444,"Warm"
"B9",2021-03-01,12.8931597222222,"Warm"
"B9",2021-03-02,12.6522569444444,"Warm"
"B9",2021-03-03,12.6194097222222,"Warm"
"B9",2021-03-04,13.3879861111111,"Warm"
"B9",2021-03-05,14.48625,"Warm"
"B9",2021-03-06,13.3043055555556,"Warm"
"B9",2021-03-07,11.8653819444444,"Warm"
"B9",2021-03-08,11.4895138888889,"Warm"
"B9",2021-03-09,10.9253819444444,"Warm"
"B9",2021-03-10,10.4734375,"Warm"
"B9",2021-03-11,13.0780902777778,"Warm"
"B9",2021-03-12,13.9982291666667,"Warm"
"B9",2021-03-13,12.0417361111111,"Warm"
"B9",2021-03-14,11.8790972222222,"Warm"
"B9",2021-03-15,10.6666319444444,"Warm"
"B9",2021-03-16,11.5576388888889,"Warm"
"B9",2021-03-17,12.9499305555556,"Warm"
"B9",2021-03-18,12.4053125,"Warm"
"B9",2021-03-19,9.93354166666667,"Warm"
"B9",2021-03-20,8.5575,"Warm"
"B9",2021-03-21,8.42635416666667,"Warm"
"B9",2021-03-22,11.0378125,"Warm"
"B9",2021-03-23,12.3165972222222,"Warm"
"B9",2021-03-24,13.2876388854167,"Warm"
"B9",2021-03-25,14.4755208263889,"Warm"
"B9",2021-03-26,14.4938889201389,"Warm"
"B9",2021-03-27,14.8192708333333,"Warm"
"B9",2021-03-28,14.3223263680556,"Warm"
"B9",2021-03-29,16.3072916388889,"Warm"
"B9",2021-03-30,17.8079166736111,"Warm"
"B9",2021-03-31,18.8563541180556,"Warm"
"B9",2021-04-01,18.936076375,"Warm"
"B9",2021-04-02,18.9230902048611,"Warm"
"B9",2021-04-03,18.2956596770833,"Warm"
"B9",2021-04-04,17.1521875069444,"Warm"
"B9",2021-04-05,16.4732291631944,"Warm"
"B9",2021-04-06,16.4761111909722,"Warm"
"B9",2021-04-07,14.9761458541667,"Warm"
"B9",2021-04-08,13.9686805625,"Warm"
"B9",2021-04-09,15.0210764409722,"Warm"
"B9",2021-04-10,14.8366665694444,"Warm"
"B9",2021-04-11,13.6668055486111,"Warm"
"B9",2021-04-12,13.1564583333333,"Warm"
"B9",2021-04-13,13.9095138888889,"Warm"
"B9",2021-04-14,14.1329861041667,"Warm"
"B9",2021-04-15,14.5639235694444,"Warm"
"B9",2021-04-16,14.5384027881944,"Warm"
"B9",2021-04-17,14.0802777777778,"Warm"
"B9",2021-04-18,13.9032291666667,"Warm"
"B9",2021-04-19,14.9106597534722,"Warm"
"B9",2021-04-20,15.8937847048611,"Warm"
"B9",2021-04-21,15.8462152083333,"Warm"
"B9",2021-04-22,16.5669097048611,"Warm"
"B9",2021-04-23,17.3916666180556,"Warm"
"B9",2021-04-24,19.1085763715278,"Warm"
"B9",2021-04-25,19.3801389895833,"Warm"
"B9",2021-04-26,17.7900346284722,"Warm"
"B9",2021-04-27,16.9099304965278,"Warm"
"B9",2021-04-28,16.459548625,"Warm"
"B9",2021-04-29,15.2785763923611,"Warm"
"B9",2021-04-30,14.3771527777778,"Warm"
"B9",2021-05-01,13.5809722222222,"Warm"
"B9",2021-05-02,13.6565625,"Warm"
"B9",2021-05-03,14.6992013576389,"Warm"
"B9",2021-05-04,16.9579860347222,"Warm"
"B9",2021-05-05,18.9121526875,"Warm"
"B9",2021-05-06,18.4299306388889,"Warm"
"B9",2021-05-07,19.8081597118056,"Warm"
"B9",2021-05-08,21.3746874930556,"Warm"
"B9",2021-05-09,22.3602777361111,"Warm"
"B9",2021-05-10,21.0310068333333,"Warm"
"B9",2021-05-11,18.5401389270833,"Warm"
"B9",2021-05-12,16.5338888819444,"Warm"
"B9",2021-05-13,17.1094443819444,"Warm"
"B9",2021-05-14,17.9938195277778,"Warm"
"B9",2021-05-15,18.1121180381944,"Warm"
"B9",2021-05-16,18.2329166666667,"Warm"
"B9",2021-05-17,18.0637498611111,"Warm"
"B9",2021-05-18,18.661007,"Warm"
"B9",2021-05-19,19.3072916354167,"Warm"
"B9",2021-05-20,20.7762152847222,"Warm"
"B9",2021-05-21,20.8914583125,"Warm"
"B9",2021-05-22,19.3669097048611,"Warm"
"B9",2021-05-23,17.1969096527778,"Warm"
"B9",2021-05-24,15.7758334444444,"Warm"
"B9",2021-05-25,15.0184027152778,"Warm"
"B9",2021-05-26,17.2249653298611,"Warm"
"B9",2021-05-27,19.9332290902778,"Warm"
"B9",2021-05-28,21.5219444027778,"Warm"
"B9",2021-05-29,21.7165278506944,"Warm"
"B9",2021-05-30,23.4535417013889,"Warm"
"B9",2021-05-31,24.0455207291667,"Warm"
"B9",2021-06-01,24.5487499513889,"Warm"
"B9",2021-06-02,23.2101735798611,"Warm"
"B9",2021-06-03,23.7339930243056,"Warm"
"B9",2021-06-04,23.0982291076389,"Warm"
"B9",2021-06-05,21.9635416215278,"Warm"
"B9",2021-06-06,23.2862151527778,"Warm"
"B9",2021-06-07,23.0322570034722,"Warm"
"B9",2021-06-08,22.5430208229167,"Warm"
"B9",2021-06-09,22.64187503125,"Warm"
"B9",2021-06-10,23.9906597534722,"Warm"
"B9",2021-06-11,23.0108333368056,"Warm"
"B9",2021-06-12,23.2284374965278,"Warm"
"B9",2021-06-13,24.2389583541667,"Warm"
"B9",2021-06-14,23.9090972256944,"Warm"
"B9",2021-06-15,23.6960417638889,"Warm"
"B9",2021-06-16,23.6923611909722,"Warm"
"B9",2021-06-17,22.52857640625,"Warm"
"B9",2021-06-18,22.2320138888889,"Warm"
"B9",2021-06-19,23.3722915798611,"Warm"
"B9",2021-06-20,23.0220138784722,"Warm"
"B9",2021-06-21,22.2558333298611,"Warm"
"B9",2021-06-22,21.8866667013889,"Warm"
"B9",2021-06-23,20.57024296875,"Warm"
"B9",2021-06-24,20.05197915625,"Warm"
"B9",2021-06-25,22.3313541319444,"Warm"
"B9",2021-06-26,23.1614930763889,"Warm"
"B9",2021-06-27,22.2157290486111,"Warm"
"B9",2021-06-28,21.3800000486111,"Warm"
"B9",2021-06-29,21.5689236041667,"Warm"
"B9",2021-06-30,22.3281249583333,"Warm"
"B9",2021-07-01,23.0611110868056,"Warm"
"B9",2021-07-02,23.5413194236111,"Warm"
"B9",2021-07-03,21.3702430590278,"Warm"
"B9",2021-07-04,20.2935068680556,"Warm"
"B9",2021-07-05,21.4818055902778,"Warm"
"B9",2021-07-06,20.7711805868056,"Warm"
"B9",2021-07-07,20.2893402916667,"Warm"
"B9",2021-07-08,19.8589582916667,"Warm"
"B9",2021-07-09,21.1480903333333,"Warm"
"B9",2021-07-10,20.2682638819444,"Warm"
"B9",2021-07-11,21.3826041840278,"Warm"
"B9",2021-07-12,20.397430625,"Warm"
"B9",2021-07-13,19.0519097222222,"Warm"
"B9",2021-07-14,19.6499999513889,"Warm"
"B9",2021-07-15,19.9597917951389,"Warm"
"B9",2021-07-16,19.8862153090278,"Warm"
"B9",2021-07-17,21.0789931215278,"Warm"
"B9",2021-07-18,21.46107640625,"Warm"
"B9",2021-07-19,22.0173759113475,"Warm"
"B9",2021-07-20,21.7847916701389,"Warm"
"B9",2021-07-21,21.6931944201389,"Warm"
"B9",2021-07-22,22.7119791597222,"Warm"
"B9",2021-07-23,22.2107638645833,"Warm"
"B9",2021-07-24,20.3089584305556,"Warm"
"B9",2021-07-25,20.0276735104167,"Warm"
"B9",2021-07-26,20.1569450069444,"Warm"
"B9",2021-07-27,20.1886111354167,"Warm"
"B9",2021-07-28,20.1331579473684,"Warm"
"B9",2021-07-29,20.8072569513889,"Warm"
"B9",2021-07-30,20.1322570069444,"Warm"
"B9",2021-07-31,19.7019097326389,"Warm"
"B9",2021-08-01,19.3735763923611,"Warm"
"B9",2021-08-02,20.0196875,"Warm"
"B9",2021-08-03,20.0672426544118,"Warm"
"B9",2021-08-04,20.4505903263889,"Warm"
"B9",2021-08-05,20.6898264479167,"Warm"
"B9",2021-08-06,20.1788541458333,"Warm"
"B9",2021-08-07,19.9647917777778,"Warm"
"B9",2021-08-08,19.6884723055556,"Warm"
"B9",2021-08-09,20.4013542256944,"Warm"
"B9",2021-08-10,21.7591319375,"Warm"
"B9",2021-08-11,22.3827777881944,"Warm"
"B9",2021-08-12,23.0385763645833,"Warm"
"B9",2021-08-13,21.8547569305556,"Warm"
"B9",2021-08-14,21.9825346701389,"Warm"
"B9",2021-08-15,20.6594096736111,"Warm"
"B9",2021-08-16,19.9972222534722,"Warm"
"B9",2021-08-17,19.9391666319444,"Warm"
"B9",2021-08-18,19.8394791354167,"Warm"
"B9",2021-08-19,19.85184034375,"Warm"
"B9",2021-08-20,20.8643402881944,"Warm"
"B9",2021-08-21,20.35684025,"Warm"
"B9",2021-08-22,19.9100344756944,"Warm"
"B9",2021-08-23,20.1308680520833,"Warm"
"B9",2021-08-24,20.0236110555556,"Warm"
"B9",2021-08-25,20.2595485729167,"Warm"
"B9",2021-08-26,20.84093753125,"Warm"
"B9",2021-08-27,20.6741319965278,"Warm"
"B9",2021-08-28,20.0417361319444,"Warm"
"B9",2021-08-29,19.8205207361111,"Warm"
"B9",2021-08-30,19.6807639166667,"Warm"
"B9",2021-08-31,20.3152430208333,"Warm"
"B9",2021-09-01,19.8545487326389,"Warm"
"B9",2021-09-02,19.8243403715278,"Warm"
"B9",2021-09-03,20.252743125,"Warm"
"B9",2021-09-04,20.6344097881944,"Warm"
"B9",2021-09-05,20.7432638993056,"Warm"
"B9",2021-09-13,20.7700000228571,"Warm"
"B9",2021-09-14,20.0823611076389,"Warm"
"B9",2021-09-15,20.3037500590278,"Warm"
"B9",2021-09-16,20.0739930138889,"Warm"
"B9",2021-09-17,20.3160416770833,"Warm"
"B9",2021-09-18,19.8698610763889,"Warm"
"B9",2021-09-19,18.9181596805556,"Warm"
"B9",2021-09-20,19.6263194409722,"Warm"
"B9",2021-09-21,17.61218740625,"Warm"
"B9",2021-09-22,17.7294098090278,"Warm"
"B9",2021-09-23,20.0478819305556,"Warm"
"B9",2021-09-24,19.8305209722222,"Warm"
"B9",2021-09-25,20.0787499861111,"Warm"
"B9",2021-09-26,19.8236805555556,"Warm"
"B9",2021-09-27,19.6462500173611,"Warm"
"B9",2021-09-28,19.7540277569444,"Warm"
"B9",2021-09-29,19.9183332604167,"Warm"
"B9",2021-09-30,19.8296180763889,"Warm"
"B9",2021-10-01,18.8410417673611,"Warm"
"B9",2021-10-02,19.4553124722222,"Warm"
"B9",2021-10-03,19.4604860208333,"Warm"
"B9",2021-10-04,17.8452083229167,"Warm"
"B9",2021-10-05,16.7145139027778,"Warm"
"B9",2021-10-06,17.3843403055556,"Warm"
"B9",2021-10-07,17.8437153715278,"Warm"
"B9",2021-10-08,17.1225347048611,"Warm"
"B9",2021-10-09,18.17215290625,"Warm"
"B9",2021-10-10,19.0928471527778,"Warm"
"B9",2021-10-11,18.4203819305556,"Warm"
"B9",2021-10-12,16.5449306145833,"Warm"
"B9",2021-10-13,15.7650693854167,"Warm"
"B9",2021-10-14,15.1059722291667,"Warm"
"B9",2021-10-15,14.9586459583333,"Warm"
"B9",2021-10-16,16.4628820486111,"Warm"
"B9",2021-10-17,15.8428472048611,"Warm"
"B9",2021-10-18,16.1491319652778,"Warm"
"B9",2021-10-19,17.0922222118056,"Warm"
"B9",2021-10-20,18.0982984444444,"Warm"
"B9",2021-10-21,18.6279167118056,"Warm"
"B9",2021-10-22,17.0893054409722,"Warm"
"B9",2021-10-23,16.7588542638889,"Warm"
"B9",2021-10-24,14.64791665625,"Warm"
"B9",2021-10-25,13.6107291666667,"Warm"
"B9",2021-10-26,14.1501736111111,"Warm"
"B9",2021-10-27,14.4521874722222,"Warm"
"B9",2021-10-28,14.1937500625,"Warm"
"B9",2021-10-29,14.0269097222222,"Warm"
"B9",2021-10-30,15.29295140625,"Warm"
"B9",2021-10-31,16.72049999,"Warm"
"B9",2021-11-01,16.4100346909722,"Warm"
"B9",2021-11-02,14.5388888888889,"Warm"
"B9",2021-11-03,13.9459722222222,"Warm"
"B9",2021-11-04,11.9018402777778,"Warm"
"B9",2021-11-05,10.8929861111111,"Warm"
"B9",2021-11-06,9.33173611111111,"Warm"
"B9",2021-11-07,8.65222222222222,"Warm"
"B9",2021-11-08,10.7535763888889,"Warm"
"B9",2021-11-09,11.0623958333333,"Warm"
"B9",2021-11-10,9.38461805555556,"Warm"
"B9",2021-11-11,10.0275347222222,"Warm"
"B9",2021-11-12,10.8409375,"Warm"
"B9",2021-11-13,12.0888194444444,"Warm"
"B9",2021-11-14,12.304375,"Warm"
"B9",2021-11-15,11.235625,"Warm"
"B9",2021-11-16,10.8170486111111,"Warm"
"B9",2021-11-17,10.185,"Warm"
"B9",2021-11-18,9.82315972222222,"Warm"
"B9",2021-11-19,9.19177083333333,"Warm"
"B9",2021-11-20,8.86003472222222,"Warm"
"B9",2021-11-21,9.4809375,"Warm"
"B9",2021-11-22,10.3663888888889,"Warm"
"B9",2021-11-23,9.73333333333333,"Warm"
"B9",2021-11-24,9.41541666666667,"Warm"
"B9",2021-11-25,9.71159722222222,"Warm"
"B9",2021-11-26,9.53951388888889,"Warm"
"B9",2021-11-27,8.16423611111111,"Warm"
"B9",2021-11-28,6.99979166666667,"Warm"
"B9",2021-11-29,5.97680555555556,"Warm"
"B9",2021-11-30,6.12402777777778,"Warm"
"B9",2021-12-01,6.47864583333333,"Warm"
"B9",2021-12-02,7.28784722222222,"Warm"
"B9",2021-12-03,6.87368055555556,"Warm"
"B9",2021-12-04,7.65302083333333,"Warm"
"B9",2021-12-05,7.4615625,"Warm"
"B9",2021-12-13,8.71702247191011,"Warm"
"B9",2021-12-14,8.08430379746835,"Warm"
"B9",2021-12-21,7.50915887850467,"Warm"
"B9",2021-12-22,8.69163194444444,"Warm"
"B9",2021-12-23,9.29486111111111,"Warm"
"B9",2021-12-24,10.0401388888889,"Warm"
"B9",2021-12-25,10.6104861111111,"Warm"
"B9",2021-12-26,10.3204166666667,"Warm"
"B9",2021-12-27,10.8369097222222,"Warm"
"B9",2021-12-28,11.5921180555556,"Warm"
"B9",2021-12-29,13.263125,"Warm"
"B9",2021-12-30,13.965625,"Warm"
"B9",2021-12-31,12.6582291666667,"Warm"
"B9",2022-01-01,12.0675347222222,"Warm"
"B9",2022-01-02,11.7731944444444,"Warm"
"B9",2022-01-03,11.5180208333333,"Warm"
"B9",2022-01-04,11.4268055555556,"Warm"
"B9",2022-01-05,10.6529513888889,"Warm"
"B9",2022-01-06,8.24555555555555,"Warm"
"B9",2022-01-07,6.00548611111111,"Warm"
"B9",2022-01-08,6.74888888888889,"Warm"
"B9",2022-01-09,8.32465277777778,"Warm"
"B9",2022-01-18,6.92125,"Warm"
"B9",2022-01-19,6.00760416666667,"Warm"
"B9",2022-01-20,6.66659722222222,"Warm"
"B9",2022-01-21,6.77517361111111,"Warm"
"B9",2022-01-22,5.93368055555556,"Warm"
"B9",2022-01-23,5.95086805555556,"Warm"
"B9",2022-01-24,6.37729166666667,"Warm"
"B9",2022-01-25,6.84253472222222,"Warm"
"B9",2022-01-26,7.15565972222222,"Warm"
"B9",2022-01-27,7.23614583333333,"Warm"
"B9",2022-01-28,6.73625,"Warm"
"B9",2022-01-29,6.53784722222222,"Warm"
"B9",2022-01-30,7.10802083333333,"Warm"
"B9",2022-01-31,7.35083333333333,"Warm"
"B9",2022-02-01,7.84631944444444,"Warm"
"B9",2022-02-02,8.46090277777778,"Warm"
"B9",2022-02-03,8.95069444444444,"Warm"
"B9",2022-02-04,9.65743055555556,"Warm"
"B9",2022-02-05,10.4757291666667,"Warm"
"B9",2022-02-06,8.93166666666667,"Warm"
"B9",2022-02-07,8.91045138888889,"Warm"
"B9",2022-02-08,10.5577430555556,"Warm"
"B9",2022-02-09,10.8793055555556,"Warm"
"B9",2022-02-10,11.0157291666667,"Warm"
"B9",2022-02-11,11.2745138888889,"Warm"
"B9",2022-02-12,10.8971527777778,"Warm"
"B9",2022-02-13,11.2326041666667,"Warm"
"B9",2022-02-14,11.7001041666667,"Warm"
"B9",2022-02-15,10.8648263888889,"Warm"
"B9",2022-02-16,10.8589583333333,"Warm"
"B9",2022-02-17,11.9793396226415,"Warm"
"B9",2022-02-18,14.9566438356164,"Warm"
"B9",2022-02-19,12.7003125,"Warm"
"B9",2022-02-20,10.9786111111111,"Warm"
"B9",2022-02-21,12.2227083333333,"Warm"
"B9",2022-02-22,12.2685416666667,"Warm"
"B9",2022-02-23,11.7688541666667,"Warm"
"B9",2022-02-24,11.9244055944056,"Warm"
"B9",2022-02-25,11.9837847222222,"Warm"
"B9",2022-02-26,10.373125,"Warm"
"B9",2022-02-27,9.71663194444444,"Warm"
"B9",2022-02-28,11.5508680555556,"Warm"
"B9",2022-03-01,11.9030902777778,"Warm"
"B9",2022-03-02,11.5405426356589,"Warm"
"B9",2022-03-04,12.0263366336634,"Warm"
"B9",2022-03-05,11.2488194444444,"Warm"
"B9",2022-03-06,10.6635763888889,"Warm"
"B9",2022-03-07,11.201875,"Warm"
"B9",2022-03-08,10.7293402777778,"Warm"
"B9",2022-03-09,11.4652777777778,"Warm"
"B9",2022-03-10,12.1811805555556,"Warm"
"B9",2022-03-11,12.2517013888889,"Warm"
"B9",2022-03-12,12.7289583333333,"Warm"
"B9",2022-03-13,11.2158333333333,"Warm"
"B9",2022-03-14,9.7509375,"Warm"
"B9",2022-03-15,11.6378819444444,"Warm"
"B9",2022-03-16,12.9209027777778,"Warm"
"B9",2022-03-17,13.4566666666667,"Warm"
"B9",2022-03-18,12.5797569444444,"Warm"
"B9",2022-03-19,12.5928125,"Warm"
"B9",2022-03-20,13.8019791666667,"Warm"
"B9",2022-03-21,15.3549751791045,"Warm"
"B9",2022-03-22,14.94843753125,"Warm"
"B9",2022-03-23,14.6089236215278,"Warm"
"B9",2022-03-24,14.6131944444444,"Warm"
"B9",2022-03-25,15.3824652916667,"Warm"
"B9",2022-03-26,15.7799999930556,"Warm"
"B9",2022-03-27,15.346449307971,"Warm"
"B9",2022-03-28,15.6518750104167,"Warm"
"B9",2022-03-29,16.0386457986111,"Warm"
"B9",2022-03-30,15.3771527569444,"Warm"
"B9",2022-03-31,13.34,"Warm"
"B9",2022-04-01,10.2743055555556,"Warm"
"B9",2022-04-02,7.61704861111111,"Warm"
"B9",2022-04-03,7.11729166666667,"Warm"
"B9",2022-04-04,8.625625,"Warm"
"B9",2022-04-05,10.1837152777778,"Warm"
"B9",2022-04-06,11.2927083333333,"Warm"
"B9",2022-04-07,12.8118055555556,"Warm"
"B9",2022-04-08,15.9756250486111,"Warm"
"B9",2022-04-09,15.7381944444444,"Warm"
"B9",2022-04-10,14.7843055590278,"Warm"
"B9",2022-04-11,16.1114930069444,"Warm"
"B9",2022-04-12,16.6389235763889,"Warm"
"B9",2022-04-13,16.4663541701389,"Warm"
"B9",2022-04-14,16.6464582604167,"Warm"
"B9",2022-04-15,17.9438194131944,"Warm"
"B9",2022-04-16,19.6853472361111,"Warm"
"B9",2022-04-17,20.0179514270833,"Warm"
"B9",2022-04-18,20.4725695208333,"Warm"
"B9",2022-04-19,18.3706596736111,"Warm"
"B9",2022-04-20,14.9115972326389,"Warm"
"B9",2022-04-21,14.0821875,"Warm"
"B9",2022-04-22,14.4507292013889,"Warm"
"B9",2022-04-23,14.8095486388889,"Warm"
"B9",2022-04-24,14.7039236111111,"Warm"
"B9",2022-04-25,15.8889236458333,"Warm"
"B9",2022-04-26,17.6063194583333,"Warm"
"B9",2022-04-27,18.7613194583333,"Warm"
"B9",2022-04-28,18.6214929895833,"Warm"
"B9",2022-04-29,19.43048603125,"Warm"
"B9",2022-04-30,20.4848957743056,"Warm"
"B9",2022-05-01,19.8495832708333,"Warm"
"B9",2022-05-02,19.0873611145833,"Warm"
"B9",2022-05-03,17.7588193333333,"Warm"
"B9",2022-05-04,16.8692360520833,"Warm"
"B9",2022-05-05,16.2691319826389,"Warm"
"B9",2022-05-06,17.0658680659722,"Warm"
"B9",2022-05-07,18.7574653472222,"Warm"
"B9",2022-05-08,19.9519097256944,"Warm"
"B9",2022-05-09,20.6196874583333,"Warm"
"B9",2022-05-10,22.2956250555556,"Warm"
"B9",2022-05-11,23.8745487013889,"Warm"
"B9",2022-05-12,24.3103472222222,"Warm"
"B9",2022-05-13,24.4528472881944,"Warm"
"B9",2022-05-14,24.8851736423611,"Warm"
"B9",2022-05-15,25.6172569479167,"Warm"
"B9",2022-05-16,26.706076375,"Warm"
"B9",2022-05-17,26.4337152638889,"Warm"
"B9",2022-05-18,27.7086111493056,"Warm"
"B9",2022-05-19,27.5926387465278,"Warm"
"B9",2022-05-20,28.0177082361111,"Warm"
"B9",2022-05-21,28.9715623993056,"Warm"
"B9",2022-05-22,27.6651389131944,"Warm"
"B9",2022-05-23,24.4888206273585,"Warm"
"B9",2022-05-24,21.4682609855072,"Warm"
"B9",2022-05-25,18.9814913070175,"Warm"
"B9",2022-05-26,18.7216666145833,"Warm"
"B9",2022-05-27,20.6238195104167,"Warm"
"B9",2022-05-28,23.1953125868056,"Warm"
"B9",2022-05-29,24.60642359375,"Warm"
"B9",2022-05-30,23.4743403229167,"Warm"
"B9",2022-05-31,24.1796526909722,"Warm"
"B9",2022-06-01,25.1162846944444,"Warm"
"B9",2022-06-02,26.927879856,"Warm"
"B9",2022-06-05,26.6010190955414,"Warm"
"B9",2022-06-06,24.0034722395833,"Warm"
"B9",2022-06-07,23.6651042152778,"Warm"
"B9",2022-06-08,22.3599652118056,"Warm"
"B9",2022-06-09,22.4671875347222,"Warm"
"B9",2022-06-10,23.6482986180556,"Warm"
"B9",2022-06-11,25.5932639270833,"Warm"
"B9",2022-06-12,27.0449652986111,"Warm"
"B9",2022-06-20,31.3910811689189,"Warm"
"B9",2022-06-21,27.8423444976077,"Warm"
"B9",2022-06-22,26.927380922619,"Warm"
"B9",2022-06-23,25.7429861666667,"Warm"
"B9",2022-06-24,24.9992708541667,"Warm"
"B9",2022-06-25,23.3903472534722,"Warm"
"B9",2022-06-26,22.0437500729167,"Warm"
"B9",2022-06-27,19.8760419548611,"Warm"
"B9",2022-06-28,20.8883929178571,"Warm"
"B9",2022-06-29,27.2216665666667,"Warm"
"B9",2022-06-30,23.7748889555556,"Warm"
"B9",2022-07-01,21.5768070877193,"Warm"
"B9",2022-07-02,23.1651388645833,"Warm"
"B9",2022-07-03,25.7494096736111,"Warm"
"B9",2022-07-18,31.3726923846154,"Warm"
"B9",2022-07-19,28.7498954878049,"Warm"
"B9",2022-07-20,28.1795833715278,"Warm"
"B9",2022-07-21,28.6191666631944,"Warm"
"B9",2022-07-22,27.4527777673611,"Warm"
"B9",2022-07-23,25.3459373854167,"Warm"
"B9",2022-07-24,26.1103125277778,"Warm"
"B9",2022-07-25,27.2345098137255,"Warm"
"B9",2022-07-26,24.4472619166667,"Warm"
"B9",2022-07-27,23.5953472395833,"Warm"
"B9",2022-07-28,24.5715073933824,"Warm"
"B9",2022-07-29,23.7212845833333,"Warm"
"B9",2022-07-30,23.6187152708333,"Warm"
"B9",2022-07-31,26.3762847777778,"Warm"
"B9",2022-08-01,26.8967604859155,"Warm"
"B9",2022-08-02,26.1808892513089,"Warm"
"B9",2022-08-03,26.7282630138889,"Warm"
"B9",2022-08-04,28.7424653263889,"Warm"
"B9",2022-08-05,27.0954860277778,"Warm"
"B9",2022-08-06,28.4769097013889,"Warm"
"B9",2022-08-07,28.1314583611111,"Warm"
"B9",2022-08-08,28.5889308427673,"Warm"
"B9",2022-08-09,29.3556597152778,"Warm"
"B9",2022-08-10,28.0607632083333,"Warm"
"B9",2022-08-11,27.7082635069444,"Warm"
"B9",2022-08-12,29.2223260277778,"Warm"
"B9",2022-08-13,28.8308680763889,"Warm"
"B9",2022-08-14,27.8232979791667,"Warm"
"B9",2022-08-15,25.9393669620253,"Warm"
"B9",2022-08-16,24.103353239521,"Warm"
"B9",2022-08-17,22.8069565031056,"Warm"
"B9",2022-08-18,21.6960416284722,"Warm"
"B9",2022-08-19,22.8775347013889,"Warm"
"B9",2022-08-20,23.9168055868056,"Warm"
"B9",2022-08-21,24.6889236388889,"Warm"
"B9",2022-08-22,24.9812658523207,"Warm"
"B9",2022-08-23,24.5746185520833,"Warm"
"B9",2022-08-24,26.406909875,"Warm"
"B9",2022-08-25,26.8239930416667,"Warm"
"B9",2022-08-26,26.1999999513889,"Warm"
"B9",2022-08-27,25.4903819097222,"Warm"
"B9",2022-08-28,25.8220138368056,"Warm"
"B9",2022-08-30,25.4328823470588,"Warm"
"B9",2022-08-31,24.3379512916667,"Warm"
"B9",2022-09-01,23.6256249895833,"Warm"
"B9",2022-09-02,24.1380208020833,"Warm"
"B9",2022-09-03,23.9004861145833,"Warm"
"B9",2022-09-04,23.6080556041667,"Warm"
"B9",2022-09-05,23.7231944826389,"Warm"
"B9",2022-09-06,24.6513888819444,"Warm"
"B9",2022-09-07,24.8902777673611,"Warm"
"B9",2022-09-08,23.0958680381944,"Warm"
"B9",2022-09-09,21.5488542569444,"Warm"
"B9",2022-09-10,20.4741666875,"Warm"
"B9",2022-09-11,22.3615625034722,"Warm"
"B9",2022-09-12,23.0964583020833,"Warm"
"B9",2022-09-13,24.1148611180556,"Warm"
"B9",2022-09-14,24.2284028402778,"Warm"
"B9",2022-09-15,23.6089236909722,"Warm"
"B9",2022-09-16,22.3447916840278,"Warm"
"B9",2022-09-17,21.4320138194444,"Warm"
"B9",2022-09-18,19.5772569548611,"Warm"
"B9",2022-09-19,19.4256944513889,"Warm"
"B9",2022-09-20,19.7021180659722,"Warm"
"B9",2022-09-21,19.8710069444444,"Warm"
"B9",2022-09-22,20.0485764618056,"Warm"
"B9",2022-09-23,19.9932639513889,"Warm"
"B9",2022-09-24,19.7425346736111,"Warm"
"B9",2022-09-25,17.7737848472222,"Warm"
"B9",2022-09-26,17.8704167673611,"Warm"
"B9",2022-09-27,17.5396875798611,"Warm"
"B9",2022-09-28,17.5103125,"Warm"
"B9",2022-09-29,17.5870486076389,"Warm"
"B9",2022-09-30,16.4621873958333,"Warm"
"B9",2022-10-01,16.2891319479167,"Warm"
"B9",2022-10-02,18.5136111909722,"Warm"
"B9",2022-10-03,20.588784625,"Warm"
"B9",2022-10-04,20.2962499513889,"Warm"
"B9",2022-10-05,20.0959722256944,"Warm"
"B9",2022-10-06,20.3631249861111,"Warm"
"B9",2022-10-07,20.4465971770833,"Warm"
"B9",2022-10-08,20.8650347152778,"Warm"
"B9",2022-10-09,20.4668750034722,"Warm"
"B9",2022-10-10,19.8581945034722,"Warm"
"B9",2022-10-11,19.9648611701389,"Warm"
"B9",2022-10-12,20.3398263958333,"Warm"
"B9",2022-10-13,20.6806944201389,"Warm"
"B9",2022-10-14,21.4762499583333,"Warm"
"B9",2022-10-15,20.5544444861111,"Warm"
"B9",2022-10-16,20.5048958298611,"Warm"
"B9",2022-10-17,21.11315978125,"Warm"
"B9",2022-10-18,21.2178472395833,"Warm"
"B9",2022-10-19,20.6878125451389,"Warm"
"B9",2022-10-20,20.6702083020833,"Warm"
"B9",2022-10-21,19.6906597118056,"Warm"
"B9",2022-10-22,19.3435763819444,"Warm"
"B9",2022-10-23,20.6167361006944,"Warm"
"B9",2022-10-24,20.3919792708333,"Warm"
"B9",2022-10-25,19.1401041840278,"Warm"
"B9",2022-10-26,18.4929513611111,"Warm"
"B9",2022-10-27,18.59201384375,"Warm"
"B9",2022-10-28,19.3194444375,"Warm"
"B9",2022-10-29,19.7210416215278,"Warm"
"B9",2022-10-30,17.8387333366667,"Warm"
"B9",2022-10-31,16.5353125,"Warm"
"B9",2022-11-01,17.3127430972222,"Warm"
"B9",2022-11-02,18.4511804756944,"Warm"
"B9",2022-11-03,16.3053819861111,"Warm"
"B9",2022-11-04,13.4705555555556,"Warm"
"B9",2022-11-05,13.0528819444444,"Warm"
"B9",2022-11-06,12.5274652777778,"Warm"
"B9",2022-11-07,12.5664236111111,"Warm"
"B9",2022-11-08,13.6558680555556,"Warm"
"B9",2022-11-09,14.1863888888889,"Warm"
"B9",2022-11-10,14.2827083333333,"Warm"
"B9",2022-11-11,13.1685763888889,"Warm"
"B9",2022-11-12,13.9056597222222,"Warm"
"B9",2022-11-13,14.2002430555556,"Warm"
"B9",2022-11-14,13.7527430555556,"Warm"
"B9",2022-11-15,14.1847222222222,"Warm"
"B9",2022-11-16,14.7089236041667,"Warm"
"B9",2022-11-17,14.8765625729167,"Warm"
"B9",2022-11-18,14.1105902777778,"Warm"
"B9",2022-11-19,12.4414583333333,"Warm"
"B9",2022-11-20,9.75791666666667,"Warm"
"B9",2022-11-21,10.3130902777778,"Warm"
"B9",2022-11-22,9.72197916666667,"Warm"
"B9",2022-11-23,10.5076041666667,"Warm"
"B9",2022-11-24,9.95486111111111,"Warm"
"B9",2022-11-25,10.39625,"Warm"
"B9",2022-11-26,9.97131944444445,"Warm"
"B9",2022-11-27,9.42024305555556,"Warm"
"B9",2022-11-28,9.68711805555555,"Warm"
"B9",2022-11-29,9.6703125,"Warm"
"B9",2022-11-30,9.65371527777778,"Warm"
"B9",2022-12-01,8.21885416666667,"Warm"
"B9",2022-12-02,8.2071875,"Warm"
"B9",2022-12-03,7.99236111111111,"Warm"
"B9",2022-12-04,7.11996527777778,"Warm"
"B9",2022-12-05,6.48791666666667,"Warm"
"B9",2022-12-06,7.3678125,"Warm"
"B9",2022-12-07,9.65642361111111,"Warm"
"B9",2022-12-08,10.1532986111111,"Warm"
"B9",2022-12-09,10.1001041666667,"Warm"
"B9",2022-12-10,9.96465277777778,"Warm"
"B9",2022-12-11,6.57548611111111,"Warm"
"B9",2022-12-12,6.43569444444444,"Warm"
"B9",2022-12-13,8.285,"Warm"
"B9",2022-12-14,10.8245138888889,"Warm"
"B9",2022-12-15,10.9422569444444,"Warm"
"B9",2022-12-16,11.3492361111111,"Warm"
"B9",2022-12-17,11.0471875,"Warm"
"B9",2022-12-18,9.08791666666667,"Warm"
"B9",2022-12-19,7.85034722222222,"Warm"
"B9",2022-12-20,8.89222222222222,"Warm"
"B9",2022-12-21,11.2570833333333,"Warm"
"B9",2022-12-22,12.1647916666667,"Warm"
"B9",2022-12-23,12.7845138888889,"Warm"
"B9",2022-12-24,12.4898958333333,"Warm"
"B9",2022-12-25,11.93125,"Warm"
"B9",2022-12-26,11.6520138888889,"Warm"
"B9",2022-12-27,11.5888194444444,"Warm"
"B9",2022-12-28,11.0445486111111,"Warm"
"B9",2022-12-29,10.6653472222222,"Warm"
"B9",2022-12-30,11.4947222222222,"Warm"
"B9",2022-12-31,12.2654513888889,"Warm"
"C1",2019-02-01,0,"Ambient"
"C1",2019-02-02,0,"Ambient"
"C1",2019-02-03,0,"Ambient"
"C1",2019-02-04,31.4614977673611,"Ambient"
"C1",2019-02-05,106.0243195,"Ambient"
"C1",2019-02-06,110.516499357639,"Ambient"
"C1",2019-02-07,106.395104409722,"Ambient"
"C1",2019-02-08,104.660343635417,"Ambient"
"C1",2019-02-09,105.749526215278,"Ambient"
"C1",2019-02-10,104.377401704861,"Ambient"
"C1",2019-02-11,7.81031976086957,"Ambient"
"C1",2019-02-12,5.16107638888889,"Ambient"
"C1",2019-02-13,4.55805555555556,"Ambient"
"C1",2019-02-14,4.72854166666667,"Ambient"
"C1",2019-02-15,5.6796875,"Ambient"
"C1",2019-02-16,6.47194444444444,"Ambient"
"C1",2019-02-17,6.7196875,"Ambient"
"C1",2019-02-18,6.53878472222222,"Ambient"
"C1",2019-02-19,6.08503472222222,"Ambient"
"C1",2019-02-20,6.15635416666667,"Ambient"
"C1",2019-02-21,6.94934027777778,"Ambient"
"C1",2019-02-22,7.74402777777778,"Ambient"
"C1",2019-02-23,8.46756944444444,"Ambient"
"C1",2019-02-24,8.8459375,"Ambient"
"C1",2019-02-25,9.00458333333333,"Ambient"
"C1",2019-02-26,9.5340625,"Ambient"
"C1",2019-02-27,9.97305555555556,"Ambient"
"C1",2019-02-28,10.0478819444444,"Ambient"
"C1",2019-03-01,10.4509722222222,"Ambient"
"C1",2019-03-02,10.5310763888889,"Ambient"
"C1",2019-03-03,9.06052083333333,"Ambient"
"C1",2019-03-04,9.51902777777778,"Ambient"
"C1",2019-03-05,8.89496527777778,"Ambient"
"C1",2019-03-06,9.85517361111111,"Ambient"
"C1",2019-03-07,9.61965277777778,"Ambient"
"C1",2019-03-08,7.83006944791667,"Ambient"
"C1",2019-03-09,11.2085069236111,"Ambient"
"C1",2019-03-10,10.991423625,"Ambient"
"C1",2019-03-11,9.35885416666667,"Ambient"
"C1",2019-03-12,11.2579513923446,"Ambient"
"C1",2019-03-13,6.79385416666667,"Ambient"
"C1",2019-03-14,9.39048611458333,"Ambient"
"C1",2019-03-15,10.2393750138889,"Ambient"
"C1",2019-03-16,13.7421875173611,"Ambient"
"C1",2019-03-17,7.913611125,"Ambient"
"C1",2019-03-18,8.69541670138889,"Ambient"
"C1",2019-03-19,4.90340277777778,"Ambient"
"C1",2019-03-20,8.48055556944444,"Ambient"
"C1",2019-03-21,9.25739131578698,"Ambient"
"C1",2019-03-22,11.1367014548777,"Ambient"
"C1",2019-03-23,13.4559374965278,"Ambient"
"C1",2019-03-24,13.9253819479167,"Ambient"
"C1",2019-03-25,10.1083333645833,"Ambient"
"C1",2019-03-26,10.3611236107202,"Ambient"
"C1",2019-03-27,9.42863309706656,"Ambient"
"C1",2019-03-28,10.6086458125,"Ambient"
"C1",2019-03-29,11.6181250173611,"Ambient"
"C1",2019-03-30,12.5224305243056,"Ambient"
"C1",2019-03-31,12.5551736180556,"Ambient"
"C1",2019-04-01,13.2060763958333,"Ambient"
"C1",2019-04-02,9.35399305555556,"Ambient"
"C1",2019-04-03,6.09097222222222,"Ambient"
"C1",2019-04-04,7.21989363409575,"Ambient"
"C1",2019-04-05,9.66059024652778,"Ambient"
"C1",2019-04-06,7.45381943402778,"Ambient"
"C1",2019-04-07,6.64790779090062,"Ambient"
"C1",2019-04-08,9.73135414583333,"Ambient"
"C1",2019-04-09,10.6122916527778,"Ambient"
"C1",2019-04-10,9.16663195138889,"Ambient"
"C1",2019-04-11,8.95163194444445,"Ambient"
"C1",2019-04-12,11.4450347118056,"Ambient"
"C1",2019-04-13,11.3236458160136,"Ambient"
"C1",2019-04-14,10.3810763958333,"Ambient"
"C1",2019-04-15,13.81906246875,"Ambient"
"C1",2019-04-16,12.653541625,"Ambient"
"C1",2019-04-17,13.83124996875,"Ambient"
"C1",2019-04-18,13.3516666666667,"Ambient"
"C1",2019-04-19,16.3966319131944,"Ambient"
"C1",2019-04-20,15.4197916631944,"Ambient"
"C1",2019-04-21,11.1045486041667,"Ambient"
"C1",2019-04-22,13.1888194340278,"Ambient"
"C1",2019-04-23,14.5080208263889,"Ambient"
"C1",2019-04-24,14.0933333715278,"Ambient"
"C1",2019-04-25,13.8928819375,"Ambient"
"C1",2019-04-26,13.0177777777778,"Ambient"
"C1",2019-04-27,11.6221875138889,"Ambient"
"C1",2019-04-28,12.8492013854167,"Ambient"
"C1",2019-04-29,14.6156944166667,"Ambient"
"C1",2019-04-30,15.1732985902778,"Ambient"
"C1",2019-05-01,16.7222917118056,"Ambient"
"C1",2019-05-02,12.7890624826389,"Ambient"
"C1",2019-05-03,8.94934027777778,"Ambient"
"C1",2019-05-04,10.4217708194444,"Ambient"
"C1",2019-05-05,8.78127208482882,"Ambient"
"C1",2019-05-06,11.1692361214859,"Ambient"
"C1",2019-05-07,15.4450347152778,"Ambient"
"C1",2019-05-08,14.8887500069444,"Ambient"
"C1",2019-05-09,14.4546874930556,"Ambient"
"C1",2019-05-10,16.6472569618056,"Ambient"
"C1",2019-05-11,14.1023610868056,"Ambient"
"C1",2019-05-12,12.8932986354167,"Ambient"
"C1",2019-05-13,14.1822221701389,"Ambient"
"C1",2019-05-14,15.7268402256944,"Ambient"
"C1",2019-05-15,17.1516666493056,"Ambient"
"C1",2019-05-16,17.18156246875,"Ambient"
"C1",2019-05-17,10.9954513888889,"Ambient"
"C1",2019-05-18,9.39559027777778,"Ambient"
"C1",2019-05-19,10.7027777673611,"Ambient"
"C1",2019-05-20,12.2801041666667,"Ambient"
"C1",2019-05-21,15.4512847222222,"Ambient"
"C1",2019-05-22,18.1445139444444,"Ambient"
"C1",2019-05-23,19.2364931180556,"Ambient"
"C1",2019-05-24,12.8229861111111,"Ambient"
"C1",2019-05-25,12.7268055486111,"Ambient"
"C1",2019-05-26,13.7823958576389,"Ambient"
"C1",2019-05-27,14.69076390625,"Ambient"
"C1",2019-05-28,14.7877430694444,"Ambient"
"C1",2019-05-29,13.9162152604167,"Ambient"
"C1",2019-05-30,17.9677430520833,"Ambient"
"C1",2019-05-31,20.1677083229167,"Ambient"
"C1",2019-06-01,22.9363194895833,"Ambient"
"C1",2019-06-02,24.9845139201389,"Ambient"
"C1",2019-06-03,21.2536458229167,"Ambient"
"C1",2019-06-04,22.4361457916667,"Ambient"
"C1",2019-06-05,12.3715625,"Ambient"
"C1",2019-06-06,16.3554514166667,"Ambient"
"C1",2019-06-07,15.3646875173611,"Ambient"
"C1",2019-06-08,16.5126736006944,"Ambient"
"C1",2019-06-09,17.61159728125,"Ambient"
"C1",2019-06-10,12.9749305520833,"Ambient"
"C1",2019-06-11,10.8783680555556,"Ambient"
"C1",2019-06-12,13.5554007038328,"Ambient"
"C1",2019-06-13,18.3881597430556,"Ambient"
"C1",2019-06-14,16.1250346875,"Ambient"
"C1",2019-06-15,14.0781249895833,"Ambient"
"C1",2019-06-16,18.5832638472222,"Ambient"
"C1",2019-06-17,21.4539930243056,"Ambient"
"C1",2019-06-18,23.4364236180556,"Ambient"
"C1",2019-06-19,21.3481249513889,"Ambient"
"C1",2019-06-20,17.0283680416667,"Ambient"
"C1",2019-06-21,15.4411458472222,"Ambient"
"C1",2019-06-22,20.2626388263889,"Ambient"
"C1",2019-06-23,24.85527771875,"Ambient"
"C1",2019-06-24,23.2742708333333,"Ambient"
"C1",2019-06-25,23.4586805659722,"Ambient"
"C1",2019-06-26,26.1483806153846,"Ambient"
"C1",2019-06-27,26.0233173838863,"Ambient"
"C1",2019-06-28,26.101455238806,"Ambient"
"C1",2019-06-29,25.0518660287081,"Ambient"
"C1",2019-06-30,25.3846527847222,"Ambient"
"C1",2019-07-01,21.2686805277778,"Ambient"
"C1",2019-07-02,20.2309026631944,"Ambient"
"C1",2019-07-03,20.1434027777778,"Ambient"
"C1",2019-07-04,22.1045138333333,"Ambient"
"C1",2019-07-05,25.2730208159722,"Ambient"
"C1",2019-07-06,26.66298603125,"Ambient"
"C1",2019-07-07,27.05041671875,"Ambient"
"C1",2019-07-08,26.4400694548611,"Ambient"
"C1",2019-07-09,23.4663194409722,"Ambient"
"C1",2019-07-10,22.4190277430556,"Ambient"
"C1",2019-07-11,23.5399999861111,"Ambient"
"C1",2019-07-12,16.5840277986111,"Ambient"
"C1",2019-07-13,14.4971527569444,"Ambient"
"C1",2019-07-14,13.4555902777778,"Ambient"
"C1",2019-07-15,13.5874652777778,"Ambient"
"C1",2019-07-16,14.0820138506944,"Ambient"
"C1",2019-07-17,13.5281944444444,"Ambient"
"C1",2019-07-18,12.5973263888889,"Ambient"
"C1",2019-07-19,14.0321181076389,"Ambient"
"C1",2019-07-20,13.7529166666667,"Ambient"
"C1",2019-07-21,13.7729513888889,"Ambient"
"C1",2019-07-22,15.4805208472222,"Ambient"
"C1",2019-07-23,17.28677084375,"Ambient"
"C1",2019-07-24,17.6473611076389,"Ambient"
"C1",2019-07-25,17.46753471875,"Ambient"
"C1",2019-07-26,14.1921180486111,"Ambient"
"C1",2019-07-27,12.85625,"Ambient"
"C1",2019-07-28,13.7347916666667,"Ambient"
"C1",2019-07-29,14.6987152951389,"Ambient"
"C1",2019-07-30,13.1483333333333,"Ambient"
"C1",2019-07-31,13.5798263888889,"Ambient"
"C1",2019-08-01,13.6721180555556,"Ambient"
"C1",2019-08-02,14.1280902916667,"Ambient"
"C1",2019-08-03,14.5749305486111,"Ambient"
"C1",2019-08-04,14.9837499652778,"Ambient"
"C1",2019-08-05,15.3761110729167,"Ambient"
"C1",2019-08-06,20.2515183507853,"Ambient"
"C1",2019-08-07,23.0634722326389,"Ambient"
"C1",2019-08-08,24.3695486319444,"Ambient"
"C1",2019-08-09,19.3715625138889,"Ambient"
"C1",2019-08-10,14.5655555520833,"Ambient"
"C1",2019-08-11,12.7681944444444,"Ambient"
"C1",2019-08-12,13.2329166666667,"Ambient"
"C1",2019-08-13,13.5443055555556,"Ambient"
"C1",2019-08-14,13.9115277777778,"Ambient"
"C1",2019-08-15,12.9776041666667,"Ambient"
"C1",2019-08-16,14.3613194305556,"Ambient"
"C1",2019-08-17,14.5923611006944,"Ambient"
"C1",2019-08-18,14.6375347083333,"Ambient"
"C1",2019-08-19,16.0889931979167,"Ambient"
"C1",2019-08-20,17.1804514027778,"Ambient"
"C1",2019-08-21,18.0754861180556,"Ambient"
"C1",2019-08-22,19.800833375,"Ambient"
"C1",2019-08-23,20.6857248698885,"Ambient"
"C1",2019-08-24,22.4139236388889,"Ambient"
"C1",2019-08-25,23.2980208298611,"Ambient"
"C1",2019-08-26,21.3254860798611,"Ambient"
"C1",2019-08-27,14.7366202439024,"Ambient"
"C1",2019-08-28,13.7092708333333,"Ambient"
"C1",2019-08-29,14.0645833333333,"Ambient"
"C1",2019-08-30,14.1964930416667,"Ambient"
"C1",2019-08-31,13.9600347222222,"Ambient"
"C1",2019-09-01,12.8699652777778,"Ambient"
"C1",2019-09-02,13.1020833333333,"Ambient"
"C1",2019-09-03,13.4035763888889,"Ambient"
"C1",2019-09-04,13.5909375,"Ambient"
"C1",2019-09-05,13.2223611111111,"Ambient"
"C1",2019-09-06,13.2386458333333,"Ambient"
"C1",2019-09-07,13.2302083333333,"Ambient"
"C1",2019-09-08,13.2598611111111,"Ambient"
"C1",2019-09-09,13.1160069444444,"Ambient"
"C1",2019-09-10,13.2486458333333,"Ambient"
"C1",2019-09-11,13.1736111111111,"Ambient"
"C1",2019-09-12,13.4228819444444,"Ambient"
"C1",2019-09-13,13.429375,"Ambient"
"C1",2019-09-14,13.5312152777778,"Ambient"
"C1",2019-09-15,13.2050347222222,"Ambient"
"C1",2019-09-16,13.3939930555556,"Ambient"
"C1",2019-09-17,13.2500694444444,"Ambient"
"C1",2019-09-18,12.6448611111111,"Ambient"
"C1",2019-09-19,13.2339236111111,"Ambient"
"C1",2019-09-20,13.4803472222222,"Ambient"
"C1",2019-09-21,12.9023611111111,"Ambient"
"C1",2019-09-22,12.9553125,"Ambient"
"C1",2019-09-23,13.4170486111111,"Ambient"
"C1",2019-09-24,13.4059375,"Ambient"
"C1",2019-09-25,13.0368055555556,"Ambient"
"C1",2019-09-26,13.2404166666667,"Ambient"
"C1",2019-09-27,13.1274305555556,"Ambient"
"C1",2019-09-28,13.0560069444444,"Ambient"
"C1",2019-09-29,13.4150694444444,"Ambient"
"C1",2019-09-30,13.4825347222222,"Ambient"
"C1",2019-10-01,14.5663543680556,"Ambient"
"C1",2019-10-02,16.0894097361111,"Ambient"
"C1",2019-10-03,14.68746528125,"Ambient"
"C1",2019-10-04,13.1519791666667,"Ambient"
"C1",2019-10-05,13.5981944444444,"Ambient"
"C1",2019-10-06,13.2731597222222,"Ambient"
"C1",2019-10-07,13.1309375,"Ambient"
"C1",2019-10-08,13.7291319444444,"Ambient"
"C1",2019-10-09,13.3360069444444,"Ambient"
"C1",2019-10-10,13.7173611111111,"Ambient"
"C1",2019-10-11,13.0492361111111,"Ambient"
"C1",2019-10-12,13.4778472222222,"Ambient"
"C1",2019-10-13,13.8633680555556,"Ambient"
"C1",2019-10-14,13.5848611111111,"Ambient"
"C1",2019-10-15,13.9995486111111,"Ambient"
"C1",2019-10-16,12.4856944444444,"Ambient"
"C1",2019-10-17,12.8674305555556,"Ambient"
"C1",2019-10-18,13.0653472222222,"Ambient"
"C1",2019-10-19,13.3265625,"Ambient"
"C1",2019-10-20,13.5423263888889,"Ambient"
"C1",2019-10-21,12.9318402777778,"Ambient"
"C1",2019-10-22,11.9931944444444,"Ambient"
"C1",2019-10-23,11.7689930555556,"Ambient"
"C1",2019-10-24,12.4135069444444,"Ambient"
"C1",2019-10-25,12.4016666666667,"Ambient"
"C1",2019-10-26,12.4567361111111,"Ambient"
"C1",2019-10-27,12.8109375,"Ambient"
"C1",2019-10-28,13.3296875,"Ambient"
"C1",2019-10-29,13.6703125,"Ambient"
"C1",2019-10-30,15.1941667152778,"Ambient"
"C1",2019-10-31,15.5752778611111,"Ambient"
"C1",2019-11-01,13.3759027777778,"Ambient"
"C1",2019-11-02,13.1649652777778,"Ambient"
"C1",2019-11-03,12.1954166666667,"Ambient"
"C1",2019-11-04,11.2123611111111,"Ambient"
"C1",2019-11-05,10.9519444444444,"Ambient"
"C1",2019-11-06,9.4703125,"Ambient"
"C1",2019-11-07,7.93538194444444,"Ambient"
"C1",2019-11-08,6.17930555555556,"Ambient"
"C1",2019-11-09,6.52649305555556,"Ambient"
"C1",2019-11-10,7.07746527777778,"Ambient"
"C1",2019-11-11,5.85795138888889,"Ambient"
"C1",2019-11-12,6.49225694444444,"Ambient"
"C1",2019-11-13,6.90392361111111,"Ambient"
"C1",2019-11-14,5.38934027777778,"Ambient"
"C1",2019-11-15,4.05180555555556,"Ambient"
"C1",2019-11-16,3.88055555555556,"Ambient"
"C1",2019-11-17,4.49295138888889,"Ambient"
"C1",2019-11-18,5.13298611111111,"Ambient"
"C1",2019-11-19,4.35479166666667,"Ambient"
"C1",2019-11-20,3.86934027777778,"Ambient"
"C1",2019-11-21,3.97555555555556,"Ambient"
"C1",2019-11-22,4.129375,"Ambient"
"C1",2019-11-23,5.12177083333333,"Ambient"
"C1",2019-11-24,5.78444444444444,"Ambient"
"C1",2019-11-25,6.17743055555556,"Ambient"
"C1",2019-11-26,7.05888888888889,"Ambient"
"C1",2019-11-27,8.80194444444444,"Ambient"
"C1",2019-11-28,9.17333333333333,"Ambient"
"C1",2019-11-29,10.0255208333333,"Ambient"
"C1",2019-11-30,9.005625,"Ambient"
"C1",2019-12-01,8.320625,"Ambient"
"C1",2019-12-02,7.31569444444444,"Ambient"
"C1",2019-12-03,6.81965277777778,"Ambient"
"C1",2019-12-04,5.54760416666667,"Ambient"
"C1",2019-12-05,5.14770833333333,"Ambient"
"C1",2019-12-06,5.58267361111111,"Ambient"
"C1",2019-12-07,5.72670138888889,"Ambient"
"C1",2019-12-08,6.00163194444444,"Ambient"
"C1",2019-12-09,6.83121527777778,"Ambient"
"C1",2019-12-10,6.42805555555556,"Ambient"
"C1",2019-12-11,5.62305555555556,"Ambient"
"C1",2019-12-12,5.6109375,"Ambient"
"C1",2019-12-13,7.82038194444444,"Ambient"
"C1",2019-12-14,10.2011805555556,"Ambient"
"C1",2019-12-15,10.1947222222222,"Ambient"
"C1",2019-12-16,9.34288194444444,"Ambient"
"C1",2019-12-17,9.47600694444444,"Ambient"
"C1",2019-12-18,9.79189285714286,"Ambient"
"C1",2019-12-19,8.40149305555556,"Ambient"
"C1",2019-12-20,9.36003472222222,"Ambient"
"C1",2019-12-21,8.74753472222222,"Ambient"
"C1",2019-12-22,8.68010416666667,"Ambient"
"C1",2019-12-23,8.08125,"Ambient"
"C1",2019-12-24,9.12291666666667,"Ambient"
"C1",2019-12-25,9.55753472222222,"Ambient"
"C1",2019-12-26,8.96947916666667,"Ambient"
"C1",2019-12-27,7.73920138888889,"Ambient"
"C1",2019-12-28,6.24711805555556,"Ambient"
"C1",2019-12-29,5.43083333333333,"Ambient"
"C1",2019-12-30,5.0640625,"Ambient"
"C1",2019-12-31,4.93927083333333,"Ambient"
"C1",2020-01-01,5.23395833333333,"Ambient"
"C1",2020-01-02,4.5615625,"Ambient"
"C1",2020-01-03,4.85677083333333,"Ambient"
"C1",2020-01-04,5.49645833333333,"Ambient"
"C1",2020-01-05,5.68517361111111,"Ambient"
"C1",2020-01-06,4.69277777777778,"Ambient"
"C1",2020-01-07,4.42461805555556,"Ambient"
"C1",2020-01-08,5.34399305555556,"Ambient"
"C1",2020-01-09,6.77121323529412,"Ambient"
"C1",2020-01-10,7.38180555555556,"Ambient"
"C1",2020-01-11,6.19173611111111,"Ambient"
"C1",2020-01-12,4.41892361111111,"Ambient"
"C1",2020-01-13,3.73736111111111,"Ambient"
"C1",2020-01-14,3.89642361111111,"Ambient"
"C1",2020-01-15,4.42552083333333,"Ambient"
"C1",2020-01-16,4.67722222222222,"Ambient"
"C1",2020-01-17,4.843125,"Ambient"
"C1",2020-01-18,4.21600694444444,"Ambient"
"C1",2020-01-19,4.69916666666667,"Ambient"
"C1",2020-01-20,4.23243055555556,"Ambient"
"C1",2020-01-21,4.08628472222222,"Ambient"
"C1",2020-01-22,4.65954861111111,"Ambient"
"C1",2020-01-23,5.89302083333333,"Ambient"
"C1",2020-01-24,5.9053125,"Ambient"
"C1",2020-01-25,5.57638888888889,"Ambient"
"C1",2020-01-26,5.71472222222222,"Ambient"
"C1",2020-01-27,4.84934027777778,"Ambient"
"C1",2020-01-28,5.4046875,"Ambient"
"C1",2020-01-29,5.44534722222222,"Ambient"
"C1",2020-01-30,7.17399305555556,"Ambient"
"C1",2020-01-31,9.37506944444444,"Ambient"
"C1",2020-02-01,9.15899305555556,"Ambient"
"C1",2020-02-02,9.70951388888889,"Ambient"
"C1",2020-02-03,11.1871527777778,"Ambient"
"C1",2020-02-04,11.2515972222222,"Ambient"
"C1",2020-02-05,9.5853125,"Ambient"
"C1",2020-02-06,7.06940972222222,"Ambient"
"C1",2020-02-07,6.02878472222222,"Ambient"
"C1",2020-02-08,5.67902777777778,"Ambient"
"C1",2020-02-09,6.81947916666667,"Ambient"
"C1",2020-02-10,9.67944444444444,"Ambient"
"C1",2020-02-11,11.3309375,"Ambient"
"C1",2020-02-12,10.7122569444444,"Ambient"
"C1",2020-02-13,9.67756944444444,"Ambient"
"C1",2020-02-14,11.3122569444444,"Ambient"
"C1",2020-02-15,10.4179166666667,"Ambient"
"C1",2020-02-16,10.3813541666667,"Ambient"
"C1",2020-02-17,9.37701388888889,"Ambient"
"C1",2020-02-18,7.89545138888889,"Ambient"
"C1",2020-02-19,7.77371527777778,"Ambient"
"C1",2020-02-20,7.6975,"Ambient"
"C1",2020-02-21,8.00024305555556,"Ambient"
"C1",2020-02-22,8.41951388888889,"Ambient"
"C1",2020-02-23,9.28256944444444,"Ambient"
"C1",2020-02-24,9.64309027777778,"Ambient"
"C1",2020-02-25,9.16020833333333,"Ambient"
"C1",2020-02-26,8.70239583333333,"Ambient"
"C1",2020-02-27,8.0878125,"Ambient"
"C1",2020-02-28,9.94423611111111,"Ambient"
"C1",2020-02-29,10.1572569444444,"Ambient"
"C1",2020-03-01,10.0197569444444,"Ambient"
"C1",2020-03-02,9.74239583333333,"Ambient"
"C1",2020-03-03,7.38715277777778,"Ambient"
"C1",2020-03-04,7.04902777777778,"Ambient"
"C1",2020-03-05,8.32434027777778,"Ambient"
"C1",2020-03-06,7.09975694444444,"Ambient"
"C1",2020-03-07,6.46180555555556,"Ambient"
"C1",2020-03-08,7.9059375,"Ambient"
"C1",2020-03-09,8.72657243816254,"Ambient"
"C1",2020-03-10,8.95409722222222,"Ambient"
"C1",2020-03-11,9.47019801980198,"Ambient"
"C1",2020-03-13,11.0571022727273,"Ambient"
"C1",2020-03-14,10.5500347222222,"Ambient"
"C1",2020-03-15,10.238125,"Ambient"
"C1",2020-03-16,11.283125,"Ambient"
"C1",2020-03-17,11.1500347222222,"Ambient"
"C1",2020-03-18,11.9497222222222,"Ambient"
"C1",2020-03-19,13.1757638888889,"Ambient"
"C1",2020-03-20,14.1202777986111,"Ambient"
"C1",2020-03-21,13.8312847222222,"Ambient"
"C1",2020-03-22,13.4604861111111,"Ambient"
"C1",2020-03-23,12.9802777777778,"Ambient"
"C1",2020-03-24,12.1873611111111,"Ambient"
"C1",2020-03-25,11.5961458333333,"Ambient"
"C1",2020-03-26,10.2507986111111,"Ambient"
"C1",2020-03-27,8.13229166666667,"Ambient"
"C1",2020-03-28,9.66434027777778,"Ambient"
"C1",2020-03-29,10.6124652777778,"Ambient"
"C1",2020-03-30,8.77045138888889,"Ambient"
"C1",2020-03-31,8.01607638888889,"Ambient"
"C1",2020-04-01,10.2440972222222,"Ambient"
"C1",2020-04-02,10.6250347222222,"Ambient"
"C1",2020-04-03,10.8509375,"Ambient"
"C1",2020-04-04,11.4100694444444,"Ambient"
"C1",2020-04-05,12.9328125,"Ambient"
"C1",2020-04-06,13.7548263888889,"Ambient"
"C1",2020-04-07,14.2213541666667,"Ambient"
"C1",2020-04-08,14.2137847222222,"Ambient"
"C1",2020-04-09,14.4855208159722,"Ambient"
"C1",2020-04-10,15.8860069548611,"Ambient"
"C1",2020-04-11,15.8690971944444,"Ambient"
"C1",2020-04-12,15.0962500381944,"Ambient"
"C1",2020-04-13,13.6622222222222,"Ambient"
"C1",2020-04-14,14.3305902743056,"Ambient"
"C1",2020-04-15,15.4950695069444,"Ambient"
"C1",2020-04-16,16.3281944444444,"Ambient"
"C1",2020-04-17,16.8555555555556,"Ambient"
"C1",2020-04-18,17.3973263680556,"Ambient"
"C1",2020-04-19,17.6164237326389,"Ambient"
"C1",2020-04-20,15.7404166909722,"Ambient"
"C1",2020-04-21,14.7175347222222,"Ambient"
"C1",2020-04-22,13.6055555555556,"Ambient"
"C1",2020-04-23,13.9326041666667,"Ambient"
"C1",2020-04-24,15.1360417291667,"Ambient"
"C1",2020-04-25,16.5892360659722,"Ambient"
"C1",2020-04-26,16.9913194444444,"Ambient"
"C1",2020-04-27,16.5806249340278,"Ambient"
"C1",2020-04-28,15.0852430555556,"Ambient"
"C1",2020-04-29,14.1305902395833,"Ambient"
"C1",2020-04-30,15.6861458229167,"Ambient"
"C1",2020-05-01,15.5327083506944,"Ambient"
"C1",2020-05-02,17.0682639965278,"Ambient"
"C1",2020-05-03,19.03513890625,"Ambient"
"C1",2020-05-04,20.58868053125,"Ambient"
"C1",2020-05-05,22.8180208576389,"Ambient"
"C1",2020-05-06,22.1423610833333,"Ambient"
"C1",2020-05-07,21.8043403020833,"Ambient"
"C1",2020-05-08,21.3474652395833,"Ambient"
"C1",2020-05-09,20.6816666354167,"Ambient"
"C1",2020-05-10,18.8729861215278,"Ambient"
"C1",2020-05-11,15.4319791597222,"Ambient"
"C1",2020-05-12,14.4248263888889,"Ambient"
"C1",2020-05-13,14.6259375,"Ambient"
"C1",2020-05-14,14.9428125,"Ambient"
"C1",2020-05-15,14.0852430555556,"Ambient"
"C1",2020-05-16,13.8861111111111,"Ambient"
"C1",2020-05-17,15.2005555868056,"Ambient"
"C1",2020-05-18,17.4218402743056,"Ambient"
"C1",2020-05-19,18.8390278055556,"Ambient"
"C1",2020-05-20,20.5891666666667,"Ambient"
"C1",2020-05-21,21.37909721875,"Ambient"
"C1",2020-05-22,22.64843746875,"Ambient"
"C1",2020-05-23,21.9435068958333,"Ambient"
"C1",2020-05-24,18.8843403263889,"Ambient"
"C1",2020-05-25,20.2041319652778,"Ambient"
"C1",2020-05-26,21.3694444652778,"Ambient"
"C1",2020-05-27,22.2907292083333,"Ambient"
"C1",2020-05-28,22.8343403090278,"Ambient"
"C1",2020-05-29,22.8603472048611,"Ambient"
"C1",2020-05-30,23.1470138958333,"Ambient"
"C1",2020-05-31,23.31833321875,"Ambient"
"C1",2020-06-01,22.7784374826389,"Ambient"
"C1",2020-06-02,21.5544443680556,"Ambient"
"C1",2020-06-03,20.9591318680556,"Ambient"
"C1",2020-06-04,18.7136805868056,"Ambient"
"C1",2020-06-05,17.1794791979167,"Ambient"
"C1",2020-06-06,18.4339235659722,"Ambient"
"C1",2020-06-07,16.9253126284722,"Ambient"
"C1",2020-06-08,15.96364578125,"Ambient"
"C1",2020-06-09,15.982743125,"Ambient"
"C1",2020-06-10,16.0462152673611,"Ambient"
"C1",2020-06-11,17.0152083229167,"Ambient"
"C1",2020-06-12,18.0808333715278,"Ambient"
"C1",2020-06-13,18.9057291423611,"Ambient"
"C1",2020-06-14,17.6463542430556,"Ambient"
"C1",2020-06-15,19.4028472361111,"Ambient"
"C1",2020-06-16,18.6477778506944,"Ambient"
"C1",2020-06-17,16.8567708541667,"Ambient"
"C1",2020-06-18,16.5983333368056,"Ambient"
"C1",2020-06-19,18.2649999131944,"Ambient"
"C1",2020-06-20,20.3434027256944,"Ambient"
"C1",2020-06-21,21.2728820104167,"Ambient"
"C1",2020-06-22,22.6761458680556,"Ambient"
"C1",2020-06-23,23.3061111076389,"Ambient"
"C1",2020-06-24,24.4170486145833,"Ambient"
"C1",2020-06-25,24.1696875138889,"Ambient"
"C1",2020-06-26,23.2815277256944,"Ambient"
"C1",2020-06-27,24.0972222847222,"Ambient"
"C1",2020-06-28,23.7458334166667,"Ambient"
"C1",2020-06-29,20.3422222465278,"Ambient"
"C1",2020-06-30,17.1476041388889,"Ambient"
"C1",2020-07-01,16.92506946875,"Ambient"
"C1",2020-07-02,16.7063542152778,"Ambient"
"C1",2020-07-03,16.6861806875,"Ambient"
"C1",2020-07-04,16.8567708402778,"Ambient"
"C1",2020-07-05,17.2298264409722,"Ambient"
"C1",2020-07-06,16.4564236736111,"Ambient"
"C1",2020-07-07,17.0451041145833,"Ambient"
"C1",2020-07-08,17.17118059375,"Ambient"
"C1",2020-07-09,16.831111125,"Ambient"
"C1",2020-07-10,16.3258333159722,"Ambient"
"C1",2020-07-11,16.6870833333333,"Ambient"
"C1",2020-07-12,16.585034625,"Ambient"
"C1",2020-07-13,16.7523264340278,"Ambient"
"C1",2020-07-14,16.6746180416667,"Ambient"
"C1",2020-07-15,16.7896874895833,"Ambient"
"C1",2020-07-16,16.8961803402778,"Ambient"
"C1",2020-07-17,16.9743055138889,"Ambient"
"C1",2020-07-18,17.5071874895833,"Ambient"
"C1",2020-07-19,17.7782639583333,"Ambient"
"C1",2020-07-20,17.9648958090278,"Ambient"
"C1",2020-07-21,17.7410068368056,"Ambient"
"C1",2020-07-22,17.6156598368056,"Ambient"
"C1",2020-07-23,17.6627083715278,"Ambient"
"C1",2020-07-24,17.1760070590278,"Ambient"
"C1",2020-07-25,17.5065971631944,"Ambient"
"C1",2020-07-26,19.0635762534722,"Ambient"
"C1",2020-07-27,21.3431596909722,"Ambient"
"C1",2020-07-28,17.2462152256944,"Ambient"
"C1",2020-07-29,16.7797569826389,"Ambient"
"C1",2020-07-30,18.2181943645833,"Ambient"
"C1",2020-07-31,19.0632638923611,"Ambient"
"C1",2020-08-01,16.9571527222222,"Ambient"
"C1",2020-08-02,16.7561110451389,"Ambient"
"C1",2020-08-03,17.0455207256944,"Ambient"
"C1",2020-08-04,16.9790971388889,"Ambient"
"C1",2020-08-05,17.0828125104167,"Ambient"
"C1",2020-08-06,17.7015971111111,"Ambient"
"C1",2020-08-07,18.3833333125,"Ambient"
"C1",2020-08-08,18.5311111701389,"Ambient"
"C1",2020-08-09,17.5908332256944,"Ambient"
"C1",2020-08-10,17.1422569861111,"Ambient"
"C1",2020-08-11,17.2939930520833,"Ambient"
"C1",2020-08-12,17.6782985381944,"Ambient"
"C1",2020-08-13,16.8489931041667,"Ambient"
"C1",2020-08-14,17.1315276875,"Ambient"
"C1",2020-08-15,17.4785416076389,"Ambient"
"C1",2020-08-16,16.7441666979167,"Ambient"
"C1",2020-08-17,16.8681944166667,"Ambient"
"C1",2020-08-18,16.9059027361111,"Ambient"
"C1",2020-08-19,18.0313888958333,"Ambient"
"C1",2020-08-20,18.2781249513889,"Ambient"
"C1",2020-08-21,17.9652776736111,"Ambient"
"C1",2020-08-22,16.81291659375,"Ambient"
"C1",2020-08-23,17.0748612118056,"Ambient"
"C1",2020-08-24,17.2438194652778,"Ambient"
"C1",2020-08-25,17.6474305625,"Ambient"
"C1",2020-08-26,17.6442709270833,"Ambient"
"C1",2020-08-27,17.7235763645833,"Ambient"
"C1",2020-08-28,16.5808680763889,"Ambient"
"C1",2020-08-29,15.9859722916667,"Ambient"
"C1",2020-08-30,15.3443056736111,"Ambient"
"C1",2020-08-31,15.9628125069444,"Ambient"
"C1",2020-09-01,15.9925346979167,"Ambient"
"C1",2020-09-02,17.0698263368056,"Ambient"
"C1",2020-09-03,16.2006249756944,"Ambient"
"C1",2020-09-04,16.8729166666667,"Ambient"
"C1",2020-09-05,16.9994097256944,"Ambient"
"C1",2020-09-06,17.0549999861111,"Ambient"
"C1",2020-09-07,16.6464582881944,"Ambient"
"C1",2020-09-08,15.9767014479167,"Ambient"
"C1",2020-09-09,16.5862846215278,"Ambient"
"C1",2020-09-10,17.0720832881944,"Ambient"
"C1",2020-09-11,17.1901736215278,"Ambient"
"C1",2020-09-12,17.1553818784722,"Ambient"
"C1",2020-09-13,17.2615626076389,"Ambient"
"C1",2020-09-14,17.4526041666667,"Ambient"
"C1",2020-09-15,16.963645875,"Ambient"
"C1",2020-09-16,17.2469097013889,"Ambient"
"C1",2020-09-17,17.3477430138889,"Ambient"
"C1",2020-09-18,16.79416665625,"Ambient"
"C1",2020-09-19,16.9612848020833,"Ambient"
"C1",2020-09-20,17.0217708055556,"Ambient"
"C1",2020-09-21,17.0401736770833,"Ambient"
"C1",2020-09-22,16.9219792638889,"Ambient"
"C1",2020-09-23,16.3138194513889,"Ambient"
"C1",2020-09-24,16.9091666736111,"Ambient"
"C1",2020-09-25,14.0442708472222,"Ambient"
"C1",2020-09-26,11.5588194444444,"Ambient"
"C1",2020-09-27,11.0080902777778,"Ambient"
"C1",2020-09-28,12.1480555555556,"Ambient"
"C1",2020-09-29,15.2585416493056,"Ambient"
"C1",2020-09-30,15.3543055555556,"Ambient"
"C1",2020-10-01,15.0248263993056,"Ambient"
"C1",2020-10-02,12.9879166666667,"Ambient"
"C1",2020-10-03,10.1570486111111,"Ambient"
"C1",2020-10-04,10.4349652777778,"Ambient"
"C1",2020-10-05,10.9420833333333,"Ambient"
"C1",2020-10-06,12.484375,"Ambient"
"C1",2020-10-07,14.9817361111111,"Ambient"
"C1",2020-10-08,15.5020832951389,"Ambient"
"C1",2020-10-09,16.07340275,"Ambient"
"C1",2020-10-10,16.3456596805556,"Ambient"
"C1",2020-10-11,13.0341666666667,"Ambient"
"C1",2020-10-12,11.9243055555556,"Ambient"
"C1",2020-10-13,11.9163888888889,"Ambient"
"C1",2020-10-14,10.7868055555556,"Ambient"
"C1",2020-10-15,9.1921875,"Ambient"
"C1",2020-10-16,8.46079861111111,"Ambient"
"C1",2020-10-17,9.7478125,"Ambient"
"C1",2020-10-18,9.61399305555556,"Ambient"
"C1",2020-10-19,9.97503472222222,"Ambient"
"C1",2020-10-20,11.5403819444444,"Ambient"
"C1",2020-10-21,15.1046180798611,"Ambient"
"C1",2020-10-22,15.7455207743056,"Ambient"
"C1",2020-10-23,15.3451736145833,"Ambient"
"C1",2020-10-24,13.3446180555556,"Ambient"
"C1",2020-10-25,11.9566319444444,"Ambient"
"C1",2020-10-26,11.0447916666667,"Ambient"
"C1",2020-10-27,10.2414583333333,"Ambient"
"C1",2020-10-28,11.5655208333333,"Ambient"
"C1",2020-10-29,12.1909375,"Ambient"
"C1",2020-10-30,12.0365625,"Ambient"
"C1",2020-10-31,11.9334027777778,"Ambient"
"C1",2020-11-01,12.1791666666667,"Ambient"
"C1",2020-11-02,13.3260069444444,"Ambient"
"C1",2020-11-03,13.5528819444444,"Ambient"
"C1",2020-11-04,10.9620833333333,"Ambient"
"C1",2020-11-05,9.14875,"Ambient"
"C1",2020-11-06,10.6491666666667,"Ambient"
"C1",2020-11-07,12.3004861111111,"Ambient"
"C1",2020-11-08,12.4507986111111,"Ambient"
"C1",2020-11-09,11.3571875,"Ambient"
"C1",2020-11-10,11.3861111111111,"Ambient"
"C1",2020-11-11,9.92548611111111,"Ambient"
"C1",2020-11-12,10.1463541666667,"Ambient"
"C1",2020-11-13,10.3877777777778,"Ambient"
"C1",2020-11-14,10.0192361111111,"Ambient"
"C1",2020-11-15,10.1861805555556,"Ambient"
"C1",2020-11-16,11.3111805555556,"Ambient"
"C1",2020-11-17,9.91017361111111,"Ambient"
"C1",2020-11-18,10.1494791666667,"Ambient"
"C1",2020-11-19,10.1348611111111,"Ambient"
"C1",2020-11-20,9.29305555555556,"Ambient"
"C1",2020-11-21,6.96857638888889,"Ambient"
"C1",2020-11-22,5.3565625,"Ambient"
"C1",2020-11-23,5.23104166666667,"Ambient"
"C1",2020-11-24,5.33864583333333,"Ambient"
"C1",2020-11-25,5.6171875,"Ambient"
"C1",2020-11-26,5.78128472222222,"Ambient"
"C1",2020-11-27,6.97881944444444,"Ambient"
"C1",2020-11-28,7.13989583333333,"Ambient"
"C1",2020-11-29,6.888125,"Ambient"
"C1",2020-11-30,7.25677083333333,"Ambient"
"C1",2020-12-01,7.10385416666667,"Ambient"
"C1",2020-12-02,5.90892361111111,"Ambient"
"C1",2020-12-03,4.50864583333333,"Ambient"
"C1",2020-12-04,4.67982638888889,"Ambient"
"C1",2020-12-05,3.97083333333333,"Ambient"
"C1",2020-12-06,4.15364583333333,"Ambient"
"C1",2020-12-07,4.30371527777778,"Ambient"
"C1",2020-12-08,4.37659722222222,"Ambient"
"C1",2020-12-09,4.25111111111111,"Ambient"
"C1",2020-12-10,4.15298611111111,"Ambient"
"C1",2020-12-11,5.12267361111111,"Ambient"
"C1",2020-12-12,6.58010416666667,"Ambient"
"C1",2020-12-13,6.22954861111111,"Ambient"
"C1",2020-12-14,7.23927083333333,"Ambient"
"C1",2020-12-15,7.57548611111111,"Ambient"
"C1",2020-12-16,5.77756944444444,"Ambient"
"C1",2020-12-17,4.62298611111111,"Ambient"
"C1",2020-12-18,4.56572916666667,"Ambient"
"C1",2020-12-19,5.15739583333333,"Ambient"
"C1",2020-12-20,6.01059027777778,"Ambient"
"C1",2020-12-21,5.66461805555556,"Ambient"
"C1",2020-12-22,7.17024305555556,"Ambient"
"C1",2020-12-23,8.02628472222222,"Ambient"
"C1",2020-12-24,8.423125,"Ambient"
"C1",2020-12-25,5.90184027777778,"Ambient"
"C1",2020-12-26,3.77763888888889,"Ambient"
"C1",2020-12-27,2.53208333333333,"Ambient"
"C1",2020-12-28,2.87649305555556,"Ambient"
"C1",2020-12-29,3.18180555555556,"Ambient"
"C1",2020-12-30,3.48541666666667,"Ambient"
"C1",2020-12-31,3.54065972222222,"Ambient"
"C1",2021-01-01,4.20888888888889,"Ambient"
"C1",2021-01-02,4.01125,"Ambient"
"C1",2021-01-03,3.14170138888889,"Ambient"
"C1",2021-01-04,2.89600694444444,"Ambient"
"C1",2021-01-05,2.82979166666667,"Ambient"
"C1",2021-01-06,2.42760416666667,"Ambient"
"C1",2021-01-07,1.1778472221146,"Ambient"
"C1",2021-01-08,0.251284726455601,"Ambient"
"C1",2021-01-09,0.261284725792292,"Ambient"
"C1",2021-01-10,0.402326394803822,"Ambient"
"C1",2021-01-11,0.508750001197784,"Ambient"
"C1",2021-01-12,0.340798613563594,"Ambient"
"C1",2021-01-13,1.93756944688658,"Ambient"
"C1",2021-01-14,3.85194444444444,"Ambient"
"C1",2021-01-15,4.67795138888889,"Ambient"
"C1",2021-01-16,4.32357638888889,"Ambient"
"C1",2021-01-17,4.64875,"Ambient"
"C1",2021-01-18,5.15295138888889,"Ambient"
"C1",2021-01-19,4.30524305555556,"Ambient"
"C1",2021-01-20,4.67638888888889,"Ambient"
"C1",2021-01-21,5.90354166666667,"Ambient"
"C1",2021-01-22,6.2821875,"Ambient"
"C1",2021-01-23,5.18434027777778,"Ambient"
"C1",2021-01-24,5.32402777777778,"Ambient"
"C1",2021-01-25,5.56243055555556,"Ambient"
"C1",2021-01-26,5.02972222222222,"Ambient"
"C1",2021-01-27,6.80267361111111,"Ambient"
"C1",2021-01-28,9.12840277777778,"Ambient"
"C1",2021-01-29,9.43774305555556,"Ambient"
"C1",2021-01-30,8.75673611111111,"Ambient"
"C1",2021-01-31,8.12673611111111,"Ambient"
"C1",2021-02-01,8.64111111111111,"Ambient"
"C1",2021-02-02,9.72659722222222,"Ambient"
"C1",2021-02-03,10.046875,"Ambient"
"C1",2021-02-04,10.391875,"Ambient"
"C1",2021-02-05,10.9205555555556,"Ambient"
"C1",2021-02-06,10.4716319444444,"Ambient"
"C1",2021-02-07,9.35631944444444,"Ambient"
"C1",2021-02-08,7.92673611111111,"Ambient"
"C1",2021-02-09,6.51713147410359,"Ambient"
"C1",2021-02-10,6.20221621621622,"Ambient"
"C1",2021-02-13,7.9787969924812,"Ambient"
"C1",2021-02-14,7.55517361111111,"Ambient"
"C1",2021-02-15,7.35666666666667,"Ambient"
"C1",2021-02-16,8.17548611111111,"Ambient"
"C1",2021-02-17,9.8598606271777,"Ambient"
"C1",2021-02-18,9.96677083333333,"Ambient"
"C1",2021-02-19,9.70222222222222,"Ambient"
"C1",2021-02-20,9.68652777777778,"Ambient"
"C1",2021-02-21,9.94871527777778,"Ambient"
"C1",2021-02-22,9.9475,"Ambient"
"C1",2021-02-23,9.97767361111111,"Ambient"
"C1",2021-02-24,11.1166666666667,"Ambient"
"C1",2021-02-25,11.0061458333333,"Ambient"
"C1",2021-02-26,10.9821180555556,"Ambient"
"C1",2021-02-27,11.7655555555556,"Ambient"
"C1",2021-02-28,10.9539583333333,"Ambient"
"C1",2021-03-01,9.91482638888889,"Ambient"
"C1",2021-03-02,9.73239583333333,"Ambient"
"C1",2021-03-03,9.76045138888889,"Ambient"
"C1",2021-03-04,10.4184375,"Ambient"
"C1",2021-03-05,11.5585763888889,"Ambient"
"C1",2021-03-06,10.4694097222222,"Ambient"
"C1",2021-03-07,9.00725694444444,"Ambient"
"C1",2021-03-08,8.58392361111111,"Ambient"
"C1",2021-03-09,8.13451388888889,"Ambient"
"C1",2021-03-10,7.49166666666667,"Ambient"
"C1",2021-03-11,10.1458333333333,"Ambient"
"C1",2021-03-12,11.1720138888889,"Ambient"
"C1",2021-03-13,9.07520833333333,"Ambient"
"C1",2021-03-14,9.06736111111111,"Ambient"
"C1",2021-03-15,7.81090277777778,"Ambient"
"C1",2021-03-16,8.64184027777778,"Ambient"
"C1",2021-03-17,10.0664236111111,"Ambient"
"C1",2021-03-18,9.54965277777778,"Ambient"
"C1",2021-03-19,7.13256944444444,"Ambient"
"C1",2021-03-20,5.67232638888889,"Ambient"
"C1",2021-03-21,5.49225694444444,"Ambient"
"C1",2021-03-22,8.08954861111111,"Ambient"
"C1",2021-03-23,9.38760416666667,"Ambient"
"C1",2021-03-24,10.3630555555556,"Ambient"
"C1",2021-03-25,11.6286805555556,"Ambient"
"C1",2021-03-26,11.5915277777778,"Ambient"
"C1",2021-03-27,11.9684722222222,"Ambient"
"C1",2021-03-28,11.3120486111111,"Ambient"
"C1",2021-03-29,13.3335069340278,"Ambient"
"C1",2021-03-30,14.9021875243056,"Ambient"
"C1",2021-03-31,15.9764235902778,"Ambient"
"C1",2021-04-01,16.0460763819444,"Ambient"
"C1",2021-04-02,15.9364582916667,"Ambient"
"C1",2021-04-03,15.4442013819444,"Ambient"
"C1",2021-04-04,14.2241666701389,"Ambient"
"C1",2021-04-05,13.4859375,"Ambient"
"C1",2021-04-06,13.5895833333333,"Ambient"
"C1",2021-04-07,12.0166666666667,"Ambient"
"C1",2021-04-08,10.9386458333333,"Ambient"
"C1",2021-04-09,12.0186805555556,"Ambient"
"C1",2021-04-10,11.8197916666667,"Ambient"
"C1",2021-04-11,10.7782291666667,"Ambient"
"C1",2021-04-12,10.2094791666667,"Ambient"
"C1",2021-04-13,10.9552430555556,"Ambient"
"C1",2021-04-14,11.1230555555556,"Ambient"
"C1",2021-04-15,11.5943055555556,"Ambient"
"C1",2021-04-16,11.6209375,"Ambient"
"C1",2021-04-17,11.1369097222222,"Ambient"
"C1",2021-04-18,10.8655208333333,"Ambient"
"C1",2021-04-19,11.8969097222222,"Ambient"
"C1",2021-04-20,12.9376736111111,"Ambient"
"C1",2021-04-21,12.8788194444444,"Ambient"
"C1",2021-04-22,13.5147222222222,"Ambient"
"C1",2021-04-23,14.4552083541667,"Ambient"
"C1",2021-04-24,16.19920140625,"Ambient"
"C1",2021-04-25,16.4854166145833,"Ambient"
"C1",2021-04-26,14.96847221875,"Ambient"
"C1",2021-04-27,14.0700694444444,"Ambient"
"C1",2021-04-28,13.6562152777778,"Ambient"
"C1",2021-04-29,12.4469444444444,"Ambient"
"C1",2021-04-30,11.5729861111111,"Ambient"
"C1",2021-05-01,10.7347569444444,"Ambient"
"C1",2021-05-02,10.7830902777778,"Ambient"
"C1",2021-05-03,11.7045138888889,"Ambient"
"C1",2021-05-04,13.9743057152778,"Ambient"
"C1",2021-05-05,16.0044444409722,"Ambient"
"C1",2021-05-06,15.4098610798611,"Ambient"
"C1",2021-05-07,16.9138541388889,"Ambient"
"C1",2021-05-08,18.3683681666667,"Ambient"
"C1",2021-05-09,19.4908680555556,"Ambient"
"C1",2021-05-10,18.0820485694444,"Ambient"
"C1",2021-05-11,15.6873958472222,"Ambient"
"C1",2021-05-12,13.6299305555556,"Ambient"
"C1",2021-05-13,14.1727430416667,"Ambient"
"C1",2021-05-14,15.0411805416667,"Ambient"
"C1",2021-05-15,15.1869097152778,"Ambient"
"C1",2021-05-16,15.3137847222222,"Ambient"
"C1",2021-05-17,15.0836458020833,"Ambient"
"C1",2021-05-18,15.6896527743056,"Ambient"
"C1",2021-05-19,16.3545833541667,"Ambient"
"C1",2021-05-20,17.7700694270833,"Ambient"
"C1",2021-05-21,17.9627777118056,"Ambient"
"C1",2021-05-22,16.4350694444444,"Ambient"
"C1",2021-05-23,14.2338194444444,"Ambient"
"C1",2021-05-24,12.89625,"Ambient"
"C1",2021-05-25,11.9785763888889,"Ambient"
"C1",2021-05-26,14.1347569340278,"Ambient"
"C1",2021-05-27,16.7561458194444,"Ambient"
"C1",2021-05-28,18.5079166805556,"Ambient"
"C1",2021-05-29,18.6448957673611,"Ambient"
"C1",2021-05-30,20.4482291354167,"Ambient"
"C1",2021-05-31,20.99763884375,"Ambient"
"C1",2021-06-01,21.6004861041667,"Ambient"
"C1",2021-06-02,20.19121521875,"Ambient"
"C1",2021-06-03,20.7286111111111,"Ambient"
"C1",2021-06-04,20.1538541805556,"Ambient"
"C1",2021-06-05,18.9142013993056,"Ambient"
"C1",2021-06-06,20.23555559375,"Ambient"
"C1",2021-06-07,19.8379513576389,"Ambient"
"C1",2021-06-08,18.9139236423611,"Ambient"
"C1",2021-06-09,19.3857291458333,"Ambient"
"C1",2021-06-10,20.1320832152778,"Ambient"
"C1",2021-06-11,19.5671180069444,"Ambient"
"C1",2021-06-12,19.5488195034722,"Ambient"
"C1",2021-06-13,19.9960069270833,"Ambient"
"C1",2021-06-14,20.0327082256944,"Ambient"
"C1",2021-06-15,19.91499996875,"Ambient"
"C1",2021-06-16,19.9459027534722,"Ambient"
"C1",2021-06-17,19.4253124965278,"Ambient"
"C1",2021-06-18,19.0142013784722,"Ambient"
"C1",2021-06-19,19.9263887986111,"Ambient"
"C1",2021-06-20,19.7187500104167,"Ambient"
"C1",2021-06-21,19.2024999479167,"Ambient"
"C1",2021-06-22,19.0075000590278,"Ambient"
"C1",2021-06-23,17.82670146875,"Ambient"
"C1",2021-06-24,17.2595833159722,"Ambient"
"C1",2021-06-25,19.1979513680556,"Ambient"
"C1",2021-06-26,19.7672222465278,"Ambient"
"C1",2021-06-27,19.3698263645833,"Ambient"
"C1",2021-06-28,18.5976042152778,"Ambient"
"C1",2021-06-29,18.8127429583333,"Ambient"
"C1",2021-06-30,19.4778819756944,"Ambient"
"C1",2021-07-01,19.7839583541667,"Ambient"
"C1",2021-07-02,19.4374998888889,"Ambient"
"C1",2021-07-03,16.9453122395833,"Ambient"
"C1",2021-07-04,17.0927777430556,"Ambient"
"C1",2021-07-05,17.6232640520833,"Ambient"
"C1",2021-07-06,17.0153820173611,"Ambient"
"C1",2021-07-07,17.3094791006944,"Ambient"
"C1",2021-07-08,16.9413542638889,"Ambient"
"C1",2021-07-09,17.6820487013889,"Ambient"
"C1",2021-07-10,17.1952778506944,"Ambient"
"C1",2021-07-11,17.9183682013889,"Ambient"
"C1",2021-07-12,17.1978125034722,"Ambient"
"C1",2021-07-13,16.3264236388889,"Ambient"
"C1",2021-07-14,16.7356945694444,"Ambient"
"C1",2021-07-15,17.1291668541667,"Ambient"
"C1",2021-07-16,16.7010763958333,"Ambient"
"C1",2021-07-17,17.7119096597222,"Ambient"
"C1",2021-07-18,17.9472570173611,"Ambient"
"C1",2021-07-19,18.2186525744681,"Ambient"
"C1",2021-07-20,17.8835069861111,"Ambient"
"C1",2021-07-21,18.2340625902778,"Ambient"
"C1",2021-07-22,18.6001042291667,"Ambient"
"C1",2021-07-23,18.2352084027778,"Ambient"
"C1",2021-07-24,17.1529167743056,"Ambient"
"C1",2021-07-25,17.1311805,"Ambient"
"C1",2021-07-26,17.20204809375,"Ambient"
"C1",2021-07-27,17.0383333576389,"Ambient"
"C1",2021-07-28,17.2237193719298,"Ambient"
"C1",2021-07-29,17.5261112222222,"Ambient"
"C1",2021-07-30,17.0601043715278,"Ambient"
"C1",2021-07-31,16.9471528923611,"Ambient"
"C1",2021-08-01,16.4918056666667,"Ambient"
"C1",2021-08-02,16.9237500138889,"Ambient"
"C1",2021-08-03,17.1601472757353,"Ambient"
"C1",2021-08-04,17.3726042326389,"Ambient"
"C1",2021-08-05,17.4534028645833,"Ambient"
"C1",2021-08-06,17.1469097083333,"Ambient"
"C1",2021-08-07,17.1689584722222,"Ambient"
"C1",2021-08-08,16.7927431631944,"Ambient"
"C1",2021-08-09,17.1102430902778,"Ambient"
"C1",2021-08-10,18.0773611180556,"Ambient"
"C1",2021-08-11,18.4860069131944,"Ambient"
"C1",2021-08-12,18.7574653125,"Ambient"
"C1",2021-08-13,18.1261458923611,"Ambient"
"C1",2021-08-14,18.3875000138889,"Ambient"
"C1",2021-08-15,17.2386807395833,"Ambient"
"C1",2021-08-16,17.0387847569444,"Ambient"
"C1",2021-08-17,17.1364930381944,"Ambient"
"C1",2021-08-18,16.9946528402778,"Ambient"
"C1",2021-08-19,16.98739575,"Ambient"
"C1",2021-08-20,17.80270828125,"Ambient"
"C1",2021-08-21,17.3740277881944,"Ambient"
"C1",2021-08-22,16.9099997708333,"Ambient"
"C1",2021-08-23,17.1034028541667,"Ambient"
"C1",2021-08-24,17.0601040972222,"Ambient"
"C1",2021-08-25,17.2470139444444,"Ambient"
"C1",2021-08-26,17.730937625,"Ambient"
"C1",2021-08-27,17.6102430555556,"Ambient"
"C1",2021-08-28,17.0991318402778,"Ambient"
"C1",2021-08-29,16.8168749513889,"Ambient"
"C1",2021-08-30,16.69909725,"Ambient"
"C1",2021-08-31,17.2613194270833,"Ambient"
"C1",2021-09-01,17.0104167118056,"Ambient"
"C1",2021-09-02,16.9417013645833,"Ambient"
"C1",2021-09-03,17.24267371875,"Ambient"
"C1",2021-09-04,17.5008334548611,"Ambient"
"C1",2021-09-05,17.6041319826389,"Ambient"
"C1",2021-09-13,17.3995999028571,"Ambient"
"C1",2021-09-14,17.0321875729167,"Ambient"
"C1",2021-09-15,17.1169096944444,"Ambient"
"C1",2021-09-16,17.10704859375,"Ambient"
"C1",2021-09-17,17.28302090625,"Ambient"
"C1",2021-09-18,17.0624654270833,"Ambient"
"C1",2021-09-19,16.0071528611111,"Ambient"
"C1",2021-09-20,16.8563890347222,"Ambient"
"C1",2021-09-21,14.8872916770833,"Ambient"
"C1",2021-09-22,14.79892365625,"Ambient"
"C1",2021-09-23,17.1012502256944,"Ambient"
"C1",2021-09-24,16.9090626354167,"Ambient"
"C1",2021-09-25,17.1378821354167,"Ambient"
"C1",2021-09-26,16.9024653888889,"Ambient"
"C1",2021-09-27,16.7538888888889,"Ambient"
"C1",2021-09-28,16.9101737326389,"Ambient"
"C1",2021-09-29,17.0331596354167,"Ambient"
"C1",2021-09-30,17.0565626979167,"Ambient"
"C1",2021-10-01,15.9259722222222,"Ambient"
"C1",2021-10-02,16.48854175,"Ambient"
"C1",2021-10-03,16.6777083194444,"Ambient"
"C1",2021-10-04,15.0139583125,"Ambient"
"C1",2021-10-05,13.9376041666667,"Ambient"
"C1",2021-10-06,14.4808680555556,"Ambient"
"C1",2021-10-07,14.82972221875,"Ambient"
"C1",2021-10-08,14.0329166666667,"Ambient"
"C1",2021-10-09,15.1162154027778,"Ambient"
"C1",2021-10-10,16.0587847083333,"Ambient"
"C1",2021-10-11,15.3768055625,"Ambient"
"C1",2021-10-12,13.4839583333333,"Ambient"
"C1",2021-10-13,12.7278819444444,"Ambient"
"C1",2021-10-14,11.9812152777778,"Ambient"
"C1",2021-10-15,11.8400694444444,"Ambient"
"C1",2021-10-16,13.3656597222222,"Ambient"
"C1",2021-10-17,12.7415277777778,"Ambient"
"C1",2021-10-18,13.0001736111111,"Ambient"
"C1",2021-10-19,13.9704861111111,"Ambient"
"C1",2021-10-20,15.1289931354167,"Ambient"
"C1",2021-10-21,15.63628471875,"Ambient"
"C1",2021-10-22,14.0854861111111,"Ambient"
"C1",2021-10-23,13.7092708333333,"Ambient"
"C1",2021-10-24,11.5903819444444,"Ambient"
"C1",2021-10-25,10.5392013888889,"Ambient"
"C1",2021-10-26,11.1150347222222,"Ambient"
"C1",2021-10-27,11.2773611111111,"Ambient"
"C1",2021-10-28,11.0155902777778,"Ambient"
"C1",2021-10-29,11.0817361111111,"Ambient"
"C1",2021-10-30,12.2850694444444,"Ambient"
"C1",2021-10-31,13.7373333333333,"Ambient"
"C1",2021-11-01,13.4971527777778,"Ambient"
"C1",2021-11-02,11.6001041666667,"Ambient"
"C1",2021-11-03,10.9714930555556,"Ambient"
"C1",2021-11-04,8.9703125,"Ambient"
"C1",2021-11-05,7.97690972222222,"Ambient"
"C1",2021-11-06,6.358125,"Ambient"
"C1",2021-11-07,5.71256944444444,"Ambient"
"C1",2021-11-08,7.70100694444444,"Ambient"
"C1",2021-11-09,8.05236111111111,"Ambient"
"C1",2021-11-10,6.43246527777778,"Ambient"
"C1",2021-11-11,7.09166666666667,"Ambient"
"C1",2021-11-12,7.88913194444444,"Ambient"
"C1",2021-11-13,9.15072916666667,"Ambient"
"C1",2021-11-14,9.49,"Ambient"
"C1",2021-11-15,8.43260416666667,"Ambient"
"C1",2021-11-16,7.97059027777778,"Ambient"
"C1",2021-11-17,7.37708333333333,"Ambient"
"C1",2021-11-18,6.76996527777778,"Ambient"
"C1",2021-11-19,6.13979166666667,"Ambient"
"C1",2021-11-20,5.83284722222222,"Ambient"
"C1",2021-11-21,6.61208333333333,"Ambient"
"C1",2021-11-22,7.51385416666667,"Ambient"
"C1",2021-11-23,6.946875,"Ambient"
"C1",2021-11-24,6.60958333333333,"Ambient"
"C1",2021-11-25,6.85010416666667,"Ambient"
"C1",2021-11-26,6.74440972222222,"Ambient"
"C1",2021-11-27,5.40048611111111,"Ambient"
"C1",2021-11-28,4.13402777777778,"Ambient"
"C1",2021-11-29,3.31729166666667,"Ambient"
"C1",2021-11-30,3.35916666666667,"Ambient"
"C1",2021-12-01,3.74288194444444,"Ambient"
"C1",2021-12-02,4.44284722222222,"Ambient"
"C1",2021-12-03,4.17392361111111,"Ambient"
"C1",2021-12-04,4.75427083333333,"Ambient"
"C1",2021-12-05,4.69413194444444,"Ambient"
"C1",2021-12-13,5.39691011235955,"Ambient"
"C1",2021-12-14,5.34170138888889,"Ambient"
"C1",2021-12-15,5.52684027777778,"Ambient"
"C1",2021-12-16,5.80746527777778,"Ambient"
"C1",2021-12-17,5.41868055555556,"Ambient"
"C1",2021-12-18,5.25583333333333,"Ambient"
"C1",2021-12-19,4.75833333333333,"Ambient"
"C1",2021-12-20,4.32211805555556,"Ambient"
"C1",2021-12-21,4.42430555555556,"Ambient"
"C1",2021-12-22,5.63138888888889,"Ambient"
"C1",2021-12-23,6.23052083333333,"Ambient"
"C1",2021-12-24,7.03048611111111,"Ambient"
"C1",2021-12-25,7.68642361111111,"Ambient"
"C1",2021-12-26,7.41135416666667,"Ambient"
"C1",2021-12-27,7.98125,"Ambient"
"C1",2021-12-28,8.72211805555555,"Ambient"
"C1",2021-12-29,10.2972916666667,"Ambient"
"C1",2021-12-30,11.0392361111111,"Ambient"
"C1",2021-12-31,9.72736111111111,"Ambient"
"C1",2022-01-01,9.14690972222222,"Ambient"
"C1",2022-01-02,8.78260416666667,"Ambient"
"C1",2022-01-03,8.53423611111111,"Ambient"
"C1",2022-01-04,8.424375,"Ambient"
"C1",2022-01-05,7.81395833333333,"Ambient"
"C1",2022-01-06,5.26347222222222,"Ambient"
"C1",2022-01-07,3.49802083333333,"Ambient"
"C1",2022-01-08,3.959375,"Ambient"
"C1",2022-01-09,5.37916666666667,"Ambient"
"C1",2022-01-18,3.42916666666667,"Ambient"
"C1",2022-01-19,3.32552083333333,"Ambient"
"C1",2022-01-20,3.91399305555556,"Ambient"
"C1",2022-01-21,4.08392361111111,"Ambient"
"C1",2022-01-22,3.3271875,"Ambient"
"C1",2022-01-23,3.18288194444444,"Ambient"
"C1",2022-01-24,3.42871527777778,"Ambient"
"C1",2022-01-25,3.87572916666667,"Ambient"
"C1",2022-01-26,4.09833333333333,"Ambient"
"C1",2022-01-27,4.21388888888889,"Ambient"
"C1",2022-01-28,3.91065972222222,"Ambient"
"C1",2022-01-29,3.62583333333333,"Ambient"
"C1",2022-01-30,4.14347222222222,"Ambient"
"C1",2022-01-31,4.41190972222222,"Ambient"
"C1",2022-02-01,4.93239583333333,"Ambient"
"C1",2022-02-02,5.31590277777778,"Ambient"
"C1",2022-02-03,5.82996527777778,"Ambient"
"C1",2022-02-04,6.69038194444444,"Ambient"
"C1",2022-02-05,7.54829861111111,"Ambient"
"C1",2022-02-06,5.97965277777778,"Ambient"
"C1",2022-02-07,5.82447916666667,"Ambient"
"C1",2022-02-08,7.47555555555556,"Ambient"
"C1",2022-02-09,7.72663194444444,"Ambient"
"C1",2022-02-10,7.8715625,"Ambient"
"C1",2022-02-11,8.17972222222222,"Ambient"
"C1",2022-02-12,7.7971875,"Ambient"
"C1",2022-02-13,8.14503472222222,"Ambient"
"C1",2022-02-14,8.71756944444444,"Ambient"
"C1",2022-02-15,7.83423611111111,"Ambient"
"C1",2022-02-16,7.91576388888889,"Ambient"
"C1",2022-02-17,8.97094339622642,"Ambient"
"C1",2022-02-18,11.1682191780822,"Ambient"
"C1",2022-02-19,9.78861111111111,"Ambient"
"C1",2022-02-20,7.88545138888889,"Ambient"
"C1",2022-02-21,9.1075,"Ambient"
"C1",2022-02-22,9.21826388888889,"Ambient"
"C1",2022-02-23,8.76618055555556,"Ambient"
"C1",2022-02-24,8.94982517482518,"Ambient"
"C1",2022-02-25,9.02829861111111,"Ambient"
"C1",2022-02-26,7.23305555555556,"Ambient"
"C1",2022-02-27,6.71315972222222,"Ambient"
"C1",2022-02-28,8.38798611111111,"Ambient"
"C1",2022-03-01,8.71434027777778,"Ambient"
"C1",2022-03-02,8.64581395348837,"Ambient"
"C1",2022-03-04,9.27821782178218,"Ambient"
"C1",2022-03-05,8.4928125,"Ambient"
"C1",2022-03-06,7.90100694444444,"Ambient"
"C1",2022-03-07,8.15267361111111,"Ambient"
"C1",2022-03-08,7.69375,"Ambient"
"C1",2022-03-09,8.21645833333333,"Ambient"
"C1",2022-03-10,9.11256944444444,"Ambient"
"C1",2022-03-11,9.16270833333333,"Ambient"
"C1",2022-03-12,9.69545138888889,"Ambient"
"C1",2022-03-13,8.39083333333333,"Ambient"
"C1",2022-03-14,6.77597222222222,"Ambient"
"C1",2022-03-15,8.29229166666667,"Ambient"
"C1",2022-03-16,9.73538194444444,"Ambient"
"C1",2022-03-17,10.4818402777778,"Ambient"
"C1",2022-03-18,9.81059027777778,"Ambient"
"C1",2022-03-19,9.59378472222222,"Ambient"
"C1",2022-03-20,10.7554861111111,"Ambient"
"C1",2022-03-21,12.102736318408,"Ambient"
"C1",2022-03-22,11.9352083333333,"Ambient"
"C1",2022-03-23,11.6664236111111,"Ambient"
"C1",2022-03-24,11.5194097222222,"Ambient"
"C1",2022-03-25,12.2460069444444,"Ambient"
"C1",2022-03-26,12.7038194444444,"Ambient"
"C1",2022-03-27,12.231268115942,"Ambient"
"C1",2022-03-28,12.5586111111111,"Ambient"
"C1",2022-03-29,12.9555555555556,"Ambient"
"C1",2022-03-30,12.4342708333333,"Ambient"
"C1",2022-03-31,10.4066666666667,"Ambient"
"C1",2022-04-01,7.53770833333333,"Ambient"
"C1",2022-04-02,4.77177083333333,"Ambient"
"C1",2022-04-03,4.27284722222222,"Ambient"
"C1",2022-04-04,5.55784722222222,"Ambient"
"C1",2022-04-05,7.08586805555556,"Ambient"
"C1",2022-04-06,8.37020833333333,"Ambient"
"C1",2022-04-07,9.53694444444444,"Ambient"
"C1",2022-04-08,12.7507291666667,"Ambient"
"C1",2022-04-09,12.8422222222222,"Ambient"
"C1",2022-04-10,11.7760069444444,"Ambient"
"C1",2022-04-11,13.0607638888889,"Ambient"
"C1",2022-04-12,13.6626736111111,"Ambient"
"C1",2022-04-13,13.4558680555556,"Ambient"
"C1",2022-04-14,13.4489930555556,"Ambient"
"C1",2022-04-15,14.8680902847222,"Ambient"
"C1",2022-04-16,16.6491319513889,"Ambient"
"C1",2022-04-17,16.9449999444444,"Ambient"
"C1",2022-04-18,17.5317361631944,"Ambient"
"C1",2022-04-19,15.5163541631944,"Ambient"
"C1",2022-04-20,11.9931944444444,"Ambient"
"C1",2022-04-21,11.0172222222222,"Ambient"
"C1",2022-04-22,11.4302083333333,"Ambient"
"C1",2022-04-23,11.8793402777778,"Ambient"
"C1",2022-04-24,11.7221180555556,"Ambient"
"C1",2022-04-25,12.8243402777778,"Ambient"
"C1",2022-04-26,14.4737846840278,"Ambient"
"C1",2022-04-27,15.6803471111111,"Ambient"
"C1",2022-04-28,15.7555555590278,"Ambient"
"C1",2022-04-29,16.3493750729167,"Ambient"
"C1",2022-04-30,17.5278471354167,"Ambient"
"C1",2022-05-01,16.8349305277778,"Ambient"
"C1",2022-05-02,16.2174999861111,"Ambient"
"C1",2022-05-03,14.8444791666667,"Ambient"
"C1",2022-05-04,13.9352430555556,"Ambient"
"C1",2022-05-05,13.3319444444444,"Ambient"
"C1",2022-05-06,13.9422916666667,"Ambient"
"C1",2022-05-07,15.66979165625,"Ambient"
"C1",2022-05-08,16.8851042743056,"Ambient"
"C1",2022-05-09,17.4234375173611,"Ambient"
"C1",2022-05-10,19.1277083298611,"Ambient"
"C1",2022-05-11,20.5944443923611,"Ambient"
"C1",2022-05-12,21.3674305868056,"Ambient"
"C1",2022-05-13,21.3754165902778,"Ambient"
"C1",2022-05-14,21.7377430451389,"Ambient"
"C1",2022-05-15,22.5620833854167,"Ambient"
"C1",2022-05-16,23.6745485798611,"Ambient"
"C1",2022-05-17,23.4320139097222,"Ambient"
"C1",2022-05-18,24.6980555381944,"Ambient"
"C1",2022-05-19,24.5722916909722,"Ambient"
"C1",2022-05-20,24.9836111006944,"Ambient"
"C1",2022-05-21,25.9140625381944,"Ambient"
"C1",2022-05-22,24.7133680763889,"Ambient"
"C1",2022-05-23,21.6383018820755,"Ambient"
"C1",2022-05-24,16.5930436231884,"Ambient"
"C1",2022-05-25,15.3175438596491,"Ambient"
"C1",2022-05-26,15.6539236111111,"Ambient"
"C1",2022-05-27,17.5447916770833,"Ambient"
"C1",2022-05-28,20.03253471875,"Ambient"
"C1",2022-05-29,21.5691667881944,"Ambient"
"C1",2022-05-30,20.4678125243056,"Ambient"
"C1",2022-05-31,21.1024305381944,"Ambient"
"C1",2022-06-01,21.9182986805556,"Ambient"
"C1",2022-06-02,23.876759944,"Ambient"
"C1",2022-06-05,21.3912738535032,"Ambient"
"C1",2022-06-06,20.9327778229167,"Ambient"
"C1",2022-06-07,20.7044096909722,"Ambient"
"C1",2022-06-08,19.4829167083333,"Ambient"
"C1",2022-06-09,19.4735416736111,"Ambient"
"C1",2022-06-10,20.4539583958333,"Ambient"
"C1",2022-06-11,22.3881944305556,"Ambient"
"C1",2022-06-12,23.9294097083333,"Ambient"
"C1",2022-06-20,26.4033108716216,"Ambient"
"C1",2022-06-21,24.8718660334928,"Ambient"
"C1",2022-06-22,22.3947619583333,"Ambient"
"C1",2022-06-23,22.7096527881944,"Ambient"
"C1",2022-06-24,22.0048611145833,"Ambient"
"C1",2022-06-25,20.4217014131944,"Ambient"
"C1",2022-06-26,19.1253125729167,"Ambient"
"C1",2022-06-27,16.9892709409722,"Ambient"
"C1",2022-06-28,17.7367857107143,"Ambient"
"C1",2022-06-29,22.2226664333333,"Ambient"
"C1",2022-06-30,19.0917778222222,"Ambient"
"C1",2022-07-01,18.4740351017544,"Ambient"
"C1",2022-07-02,19.8926389722222,"Ambient"
"C1",2022-07-03,22.6630209201389,"Ambient"
"C1",2022-07-18,27.7037179358974,"Ambient"
"C1",2022-07-19,26.6683276167247,"Ambient"
"C1",2022-07-20,26.2871527604167,"Ambient"
"C1",2022-07-21,26.5668750069444,"Ambient"
"C1",2022-07-22,25.5585764513889,"Ambient"
"C1",2022-07-23,23.4130208645833,"Ambient"
"C1",2022-07-24,23.9520485555556,"Ambient"
"C1",2022-07-25,25.2860784019608,"Ambient"
"C1",2022-07-26,20.9986310238095,"Ambient"
"C1",2022-07-27,21.5686111111111,"Ambient"
"C1",2022-07-28,22.4587868051471,"Ambient"
"C1",2022-07-29,21.7228820277778,"Ambient"
"C1",2022-07-30,21.3437499930556,"Ambient"
"C1",2022-07-31,24.1274653090278,"Ambient"
"C1",2022-08-08,26.2132743982301,"Ambient"
"C1",2022-08-09,25.2542856530612,"Ambient"
"C1",2022-08-10,25.1859375486111,"Ambient"
"C1",2022-08-11,26.0677430486111,"Ambient"
"C1",2022-08-12,26.5509722083333,"Ambient"
"C1",2022-08-13,26.8262152777778,"Ambient"
"C1",2022-08-14,25.2412500069444,"Ambient"
"C1",2022-08-15,24.3879747594937,"Ambient"
"C1",2022-08-16,22.1010181137725,"Ambient"
"C1",2022-08-17,20.7931677267081,"Ambient"
"C1",2022-08-18,19.42621596875,"Ambient"
"C1",2022-08-19,20.8251041354167,"Ambient"
"C1",2022-08-20,21.7965277708333,"Ambient"
"C1",2022-08-21,22.6507291597222,"Ambient"
"C1",2022-08-22,23.234557,"Ambient"
"C1",2022-08-23,24.0077776215278,"Ambient"
"C1",2022-08-24,24.6710416354167,"Ambient"
"C1",2022-08-25,24.7534721840278,"Ambient"
"C1",2022-08-26,22.3351732569444,"Ambient"
"C1",2022-08-27,22.47232603125,"Ambient"
"C1",2022-08-28,23.46659725,"Ambient"
"C1",2022-08-30,23.3208824588235,"Ambient"
"C1",2022-08-31,22.4109722013889,"Ambient"
"C1",2022-09-01,21.6160763611111,"Ambient"
"C1",2022-09-02,22.1600346666667,"Ambient"
"C1",2022-09-03,21.90746534375,"Ambient"
"C1",2022-09-04,21.5572569479167,"Ambient"
"C1",2022-09-05,21.7002082638889,"Ambient"
"C1",2022-09-06,22.6277430520833,"Ambient"
"C1",2022-09-07,22.9103125277778,"Ambient"
"C1",2022-09-08,21.1116666770833,"Ambient"
"C1",2022-09-09,19.5970833368056,"Ambient"
"C1",2022-09-10,18.3138888402778,"Ambient"
"C1",2022-09-11,20.1668402430556,"Ambient"
"C1",2022-09-12,21.0239930347222,"Ambient"
"C1",2022-09-13,22.1209374236111,"Ambient"
"C1",2022-09-14,22.1882291145833,"Ambient"
"C1",2022-09-15,21.5963194131944,"Ambient"
"C1",2022-09-16,20.4095140173611,"Ambient"
"C1",2022-09-17,19.4160416145833,"Ambient"
"C1",2022-09-18,17.5557638888889,"Ambient"
"C1",2022-09-19,16.8042708472222,"Ambient"
"C1",2022-09-20,16.6050693993056,"Ambient"
"C1",2022-09-21,16.7222569652778,"Ambient"
"C1",2022-09-22,16.9189236041667,"Ambient"
"C1",2022-09-23,16.9070832986111,"Ambient"
"C1",2022-09-24,16.7543403194444,"Ambient"
"C1",2022-09-25,14.8202777777778,"Ambient"
"C1",2022-09-26,14.8772570347222,"Ambient"
"C1",2022-09-27,14.6114236111111,"Ambient"
"C1",2022-09-28,14.5790972222222,"Ambient"
"C1",2022-09-29,14.6017708333333,"Ambient"
"C1",2022-09-30,13.4738541666667,"Ambient"
"C1",2022-10-01,13.1138194444444,"Ambient"
"C1",2022-10-02,15.3000693298611,"Ambient"
"C1",2022-10-03,17.41184034375,"Ambient"
"C1",2022-10-04,17.1095138229167,"Ambient"
"C1",2022-10-05,16.9173611215278,"Ambient"
"C1",2022-10-06,17.3935763958333,"Ambient"
"C1",2022-10-07,17.3791668125,"Ambient"
"C1",2022-10-08,17.7390971631944,"Ambient"
"C1",2022-10-09,17.30871528125,"Ambient"
"C1",2022-10-10,16.7328820451389,"Ambient"
"C1",2022-10-11,16.9269444826389,"Ambient"
"C1",2022-10-12,17.2328471631944,"Ambient"
"C1",2022-10-13,17.6763193888889,"Ambient"
"C1",2022-10-14,18.4348958506944,"Ambient"
"C1",2022-10-15,17.5074652777778,"Ambient"
"C1",2022-10-16,17.4674999409722,"Ambient"
"C1",2022-10-17,18.1232638888889,"Ambient"
"C1",2022-10-18,18.1062499340278,"Ambient"
"C1",2022-10-19,17.7504860590278,"Ambient"
"C1",2022-10-20,17.7253124930556,"Ambient"
"C1",2022-10-21,16.7352776111111,"Ambient"
"C1",2022-10-22,16.3687499652778,"Ambient"
"C1",2022-10-23,17.5878124409722,"Ambient"
"C1",2022-10-24,17.4008332673611,"Ambient"
"C1",2022-10-25,16.0809027673611,"Ambient"
"C1",2022-10-26,15.5232293611111,"Ambient"
"C1",2022-10-27,15.6513542048611,"Ambient"
"C1",2022-10-28,16.3245831909722,"Ambient"
"C1",2022-10-29,16.6403472430556,"Ambient"
"C1",2022-10-30,14.83636666,"Ambient"
"C1",2022-10-31,13.5226388888889,"Ambient"
"C1",2022-11-01,14.2241319444444,"Ambient"
"C1",2022-11-02,15.3767360902778,"Ambient"
"C1",2022-11-03,13.4330555555556,"Ambient"
"C1",2022-11-04,10.6416319444444,"Ambient"
"C1",2022-11-05,9.97097222222222,"Ambient"
"C1",2022-11-06,9.34822916666667,"Ambient"
"C1",2022-11-07,9.50628472222222,"Ambient"
"C1",2022-11-08,10.52625,"Ambient"
"C1",2022-11-09,11.2018402777778,"Ambient"
"C1",2022-11-10,11.1621527777778,"Ambient"
"C1",2022-11-11,9.93902777777778,"Ambient"
"C1",2022-11-12,10.6778472222222,"Ambient"
"C1",2022-11-13,11.0360416666667,"Ambient"
"C1",2022-11-14,10.7193402777778,"Ambient"
"C1",2022-11-15,11.121875,"Ambient"
"C1",2022-11-16,11.5835069444444,"Ambient"
"C1",2022-11-17,11.7656597222222,"Ambient"
"C1",2022-11-18,11.2502777777778,"Ambient"
"C1",2022-11-19,9.51045138888889,"Ambient"
"C1",2022-11-20,6.90038194444444,"Ambient"
"C1",2022-11-21,7.43236111111111,"Ambient"
"C1",2022-11-22,6.88284722222222,"Ambient"
"C1",2022-11-23,7.61920138888889,"Ambient"
"C1",2022-11-24,7.03413194444444,"Ambient"
"C1",2022-11-25,7.52465277777778,"Ambient"
"C1",2022-11-26,6.90083333333333,"Ambient"
"C1",2022-11-27,6.44461805555556,"Ambient"
"C1",2022-11-28,6.82809027777778,"Ambient"
"C1",2022-11-29,6.8665625,"Ambient"
"C1",2022-11-30,6.68854166666667,"Ambient"
"C1",2022-12-01,5.18725694444444,"Ambient"
"C1",2022-12-02,5.21555555555556,"Ambient"
"C1",2022-12-03,5.15979166666667,"Ambient"
"C1",2022-12-04,4.05802083333333,"Ambient"
"C1",2022-12-05,3.54315972222222,"Ambient"
"C1",2022-12-06,4.42565972222222,"Ambient"
"C1",2022-12-07,6.49947916666667,"Ambient"
"C1",2022-12-08,7.21402777777778,"Ambient"
"C1",2022-12-09,7.15611111111111,"Ambient"
"C1",2022-12-10,7.10482638888889,"Ambient"
"C1",2022-12-11,3.97597222222222,"Ambient"
"C1",2022-12-12,3.84440972222222,"Ambient"
"C1",2022-12-13,5.2515625,"Ambient"
"C1",2022-12-14,7.66934027777778,"Ambient"
"C1",2022-12-15,8.03427083333333,"Ambient"
"C1",2022-12-16,8.42604166666667,"Ambient"
"C1",2022-12-17,8.13909722222222,"Ambient"
"C1",2022-12-18,6.14510416666667,"Ambient"
"C1",2022-12-19,5.00690972222222,"Ambient"
"C1",2022-12-20,5.64659722222222,"Ambient"
"C1",2022-12-21,8.03135416666667,"Ambient"
"C1",2022-12-22,9.07142361111111,"Ambient"
"C1",2022-12-23,9.73354166666667,"Ambient"
"C1",2022-12-24,9.50791666666667,"Ambient"
"C1",2022-12-25,8.93975694444444,"Ambient"
"C1",2022-12-26,8.58767361111111,"Ambient"
"C1",2022-12-27,8.55180555555556,"Ambient"
"C1",2022-12-28,8.04951388888889,"Ambient"
"C1",2022-12-29,7.72857638888889,"Ambient"
"C1",2022-12-30,8.48333333333333,"Ambient"
"C1",2022-12-31,9.36569444444445,"Ambient"
"C1",2023-01-01,8.71197916666667,"Ambient"
"C1",2023-01-02,8.50149305555555,"Ambient"
"C1",2023-01-03,8.64440972222222,"Ambient"
"C1",2023-01-04,6.99371527777778,"Ambient"
"C1",2023-01-05,5.75802083333333,"Ambient"
"C1",2023-01-06,5.3878125,"Ambient"
"C1",2023-01-07,5.02899305555556,"Ambient"
"C3",2019-02-01,0,"Ambient"
"C3",2019-02-02,0,"Ambient"
"C3",2019-02-03,0,"Ambient"
"C3",2019-02-04,25.2660986388889,"Ambient"
"C3",2019-02-05,80.9398043229167,"Ambient"
"C3",2019-02-06,0,"Ambient"
"C3",2019-02-07,0,"Ambient"
"C3",2019-02-08,0,"Ambient"
"C3",2019-02-09,0,"Ambient"
"C3",2019-02-10,0,"Ambient"
"C3",2019-02-11,5.94289855072464,"Ambient"
"C3",2019-02-12,5.2965625,"Ambient"
"C3",2019-02-13,4.6721875,"Ambient"
"C3",2019-02-14,4.85888888888889,"Ambient"
"C3",2019-02-15,5.69364583333333,"Ambient"
"C3",2019-02-16,6.43638888888889,"Ambient"
"C3",2019-02-17,6.72190972222222,"Ambient"
"C3",2019-02-18,6.47329861111111,"Ambient"
"C3",2019-02-19,6.11861111111111,"Ambient"
"C3",2019-02-20,6.17590277777778,"Ambient"
"C3",2019-02-21,6.95104166666667,"Ambient"
"C3",2019-02-22,7.755,"Ambient"
"C3",2019-02-23,8.47246527777778,"Ambient"
"C3",2019-02-24,8.86006944444444,"Ambient"
"C3",2019-02-25,9.00451388888889,"Ambient"
"C3",2019-02-26,9.54517361111111,"Ambient"
"C3",2019-02-27,10.0013888888889,"Ambient"
"C3",2019-02-28,10.1462152777778,"Ambient"
"C3",2019-03-01,10.6144444444444,"Ambient"
"C3",2019-03-02,10.7126736111111,"Ambient"
"C3",2019-03-03,9.15559027777778,"Ambient"
"C3",2019-03-04,9.66576388888889,"Ambient"
"C3",2019-03-05,8.9840625,"Ambient"
"C3",2019-03-06,9.98336805555556,"Ambient"
"C3",2019-03-07,9.83319444444444,"Ambient"
"C3",2019-03-08,7.89916666666667,"Ambient"
"C3",2019-03-09,11.1786111111111,"Ambient"
"C3",2019-03-10,10.9887500069444,"Ambient"
"C3",2019-03-11,9.43072916666667,"Ambient"
"C3",2019-03-12,11.1175347150046,"Ambient"
"C3",2019-03-13,7.03868055555556,"Ambient"
"C3",2019-03-14,9.56031248958333,"Ambient"
"C3",2019-03-15,10.3261805625,"Ambient"
"C3",2019-03-16,13.6278819305556,"Ambient"
"C3",2019-03-17,7.87458333333333,"Ambient"
"C3",2019-03-18,8.90190974305555,"Ambient"
"C3",2019-03-19,4.89798611111111,"Ambient"
"C3",2019-03-20,8.55579860763889,"Ambient"
"C3",2019-03-21,9.13967393437337,"Ambient"
"C3",2019-03-22,10.9982986041253,"Ambient"
"C3",2019-03-23,13.4034374965278,"Ambient"
"C3",2019-03-24,14.0477430972222,"Ambient"
"C3",2019-03-25,10.2841319583333,"Ambient"
"C3",2019-03-26,10.6082397340774,"Ambient"
"C3",2019-03-27,9.58742856144471,"Ambient"
"C3",2019-03-28,11.1326735902778,"Ambient"
"C3",2019-03-29,12.11805559375,"Ambient"
"C3",2019-03-30,12.7792708368056,"Ambient"
"C3",2019-03-31,12.7380555416667,"Ambient"
"C3",2019-04-01,13.3969791770833,"Ambient"
"C3",2019-04-02,9.53180555555556,"Ambient"
"C3",2019-04-03,6.28229166666667,"Ambient"
"C3",2019-04-04,7.44095070055521,"Ambient"
"C3",2019-04-05,9.73482642361111,"Ambient"
"C3",2019-04-06,7.56555554513889,"Ambient"
"C3",2019-04-07,6.74368794314193,"Ambient"
"C3",2019-04-08,9.80579861805556,"Ambient"
"C3",2019-04-09,10.8163541388889,"Ambient"
"C3",2019-04-10,9.21847223958333,"Ambient"
"C3",2019-04-11,9.03506944444444,"Ambient"
"C3",2019-04-12,11.6156597222222,"Ambient"
"C3",2019-04-13,11.0800695069444,"Ambient"
"C3",2019-04-14,10.1108333333333,"Ambient"
"C3",2019-04-15,13.4976388958333,"Ambient"
"C3",2019-04-16,12.7698958055556,"Ambient"
"C3",2019-04-17,13.7257639201389,"Ambient"
"C3",2019-04-18,13.1528124895833,"Ambient"
"C3",2019-04-19,16.0461458680556,"Ambient"
"C3",2019-04-20,15.1208333229167,"Ambient"
"C3",2019-04-21,11.2215972152778,"Ambient"
"C3",2019-04-22,13.2688541805556,"Ambient"
"C3",2019-04-23,14.4467360902778,"Ambient"
"C3",2019-04-24,14.2144791701389,"Ambient"
"C3",2019-04-25,13.9660764166667,"Ambient"
"C3",2019-04-26,13.0613194722222,"Ambient"
"C3",2019-04-27,11.7358680659722,"Ambient"
"C3",2019-04-28,12.9269444479167,"Ambient"
"C3",2019-04-29,14.3559375173611,"Ambient"
"C3",2019-04-30,14.8360068993056,"Ambient"
"C3",2019-05-01,16.4081597361111,"Ambient"
"C3",2019-05-02,12.8288541666667,"Ambient"
"C3",2019-05-03,9.07017361111111,"Ambient"
"C3",2019-05-04,10.6138541736111,"Ambient"
"C3",2019-05-05,8.81418118496078,"Ambient"
"C3",2019-05-06,11.0812587521265,"Ambient"
"C3",2019-05-07,14.8413889027778,"Ambient"
"C3",2019-05-08,14.4220486284722,"Ambient"
"C3",2019-05-09,14.1405208194444,"Ambient"
"C3",2019-05-10,16.7129514131944,"Ambient"
"C3",2019-05-11,14.2823958333333,"Ambient"
"C3",2019-05-12,13.1013541805556,"Ambient"
"C3",2019-05-13,14.2807638958333,"Ambient"
"C3",2019-05-14,15.4879861076389,"Ambient"
"C3",2019-05-15,16.9017013888889,"Ambient"
"C3",2019-05-16,17.33059025,"Ambient"
"C3",2019-05-17,11.1694791666667,"Ambient"
"C3",2019-05-18,9.52590277777778,"Ambient"
"C3",2019-05-19,10.868298625,"Ambient"
"C3",2019-05-20,12.4743403263889,"Ambient"
"C3",2019-05-21,15.2455902638889,"Ambient"
"C3",2019-05-22,18.0029860486111,"Ambient"
"C3",2019-05-23,18.9375000104167,"Ambient"
"C3",2019-05-24,12.8342361111111,"Ambient"
"C3",2019-05-25,12.7356944444444,"Ambient"
"C3",2019-05-26,13.7039583229167,"Ambient"
"C3",2019-05-27,14.65611109375,"Ambient"
"C3",2019-05-28,14.97736115625,"Ambient"
"C3",2019-05-29,14.0914582986111,"Ambient"
"C3",2019-05-30,18.0957291840278,"Ambient"
"C3",2019-05-31,20.3837847916667,"Ambient"
"C3",2019-06-01,23.15899303125,"Ambient"
"C3",2019-06-02,25.1309027569444,"Ambient"
"C3",2019-06-03,21.3454166875,"Ambient"
"C3",2019-06-04,22.0372222048611,"Ambient"
"C3",2019-06-05,12.4396875,"Ambient"
"C3",2019-06-06,16.9769097013889,"Ambient"
"C3",2019-06-07,15.6420833229167,"Ambient"
"C3",2019-06-08,16.8361805520833,"Ambient"
"C3",2019-06-09,18.0550695208333,"Ambient"
"C3",2019-06-10,13.0071875138889,"Ambient"
"C3",2019-06-11,11.1849652743056,"Ambient"
"C3",2019-06-12,14.0167247456446,"Ambient"
"C3",2019-06-13,18.7376388576389,"Ambient"
"C3",2019-06-14,16.5778819513889,"Ambient"
"C3",2019-06-15,14.1518750138889,"Ambient"
"C3",2019-06-16,18.8831944201389,"Ambient"
"C3",2019-06-17,22.0136110590278,"Ambient"
"C3",2019-06-18,23.7360068888889,"Ambient"
"C3",2019-06-19,22.1994444930556,"Ambient"
"C3",2019-06-20,17.0042014236111,"Ambient"
"C3",2019-06-21,15.6130208159722,"Ambient"
"C3",2019-06-22,20.6131597777778,"Ambient"
"C3",2019-06-23,25.1482638784722,"Ambient"
"C3",2019-06-24,23.4786111284722,"Ambient"
"C3",2019-06-25,23.6474652847222,"Ambient"
"C3",2019-06-26,26.1845606610879,"Ambient"
"C3",2019-06-27,26.6907008317757,"Ambient"
"C3",2019-06-28,26.7460764444444,"Ambient"
"C3",2019-06-29,25.4997595961538,"Ambient"
"C3",2019-06-30,25.2899999479167,"Ambient"
"C3",2019-07-01,21.6255208784722,"Ambient"
"C3",2019-07-02,19.5101735763889,"Ambient"
"C3",2019-07-03,21.4242707847222,"Ambient"
"C3",2019-07-04,23.6033333194444,"Ambient"
"C3",2019-07-05,26.4931597361111,"Ambient"
"C3",2019-07-06,27.4144444444444,"Ambient"
"C3",2019-07-07,27.4215971493056,"Ambient"
"C3",2019-07-08,26.7834374652778,"Ambient"
"C3",2019-07-09,23.7359722118056,"Ambient"
"C3",2019-07-10,23.3420833784722,"Ambient"
"C3",2019-07-11,25.2999999444444,"Ambient"
"C3",2019-07-12,21.1385416493056,"Ambient"
"C3",2019-07-13,16.0641666597222,"Ambient"
"C3",2019-07-14,14.8203819444444,"Ambient"
"C3",2019-07-15,14.9347222013889,"Ambient"
"C3",2019-07-16,15.4419791388889,"Ambient"
"C3",2019-07-17,14.9550694583333,"Ambient"
"C3",2019-07-18,13.9032291666667,"Ambient"
"C3",2019-07-19,15.3971527534722,"Ambient"
"C3",2019-07-20,15.2576041805556,"Ambient"
"C3",2019-07-21,15.2055903159722,"Ambient"
"C3",2019-07-22,16.6981596909722,"Ambient"
"C3",2019-07-23,18.3286805243056,"Ambient"
"C3",2019-07-24,18.7649652777778,"Ambient"
"C3",2019-07-25,18.5720138819444,"Ambient"
"C3",2019-07-26,15.2738194583333,"Ambient"
"C3",2019-07-27,13.4997916666667,"Ambient"
"C3",2019-07-28,14.2948958333333,"Ambient"
"C3",2019-07-29,15.4285763611111,"Ambient"
"C3",2019-07-30,14.0795138888889,"Ambient"
"C3",2019-07-31,14.2512847222222,"Ambient"
"C3",2019-08-01,14.4635763888889,"Ambient"
"C3",2019-08-02,14.9720833506944,"Ambient"
"C3",2019-08-03,15.5434722604167,"Ambient"
"C3",2019-08-04,15.9675000069444,"Ambient"
"C3",2019-08-05,16.461666625,"Ambient"
"C3",2019-08-06,21.032827434555,"Ambient"
"C3",2019-08-07,23.4515625104167,"Ambient"
"C3",2019-08-08,24.8114236111111,"Ambient"
"C3",2019-08-09,20.3731250069444,"Ambient"
"C3",2019-08-10,15.7159375208333,"Ambient"
"C3",2019-08-11,13.4658680555556,"Ambient"
"C3",2019-08-12,13.7656944444444,"Ambient"
"C3",2019-08-13,14.0407986111111,"Ambient"
"C3",2019-08-14,14.5108333194444,"Ambient"
"C3",2019-08-15,13.7166319444444,"Ambient"
"C3",2019-08-16,15.0489236180556,"Ambient"
"C3",2019-08-17,15.489861125,"Ambient"
"C3",2019-08-18,15.53291665625,"Ambient"
"C3",2019-08-19,16.8396180381944,"Ambient"
"C3",2019-08-20,17.4982985590278,"Ambient"
"C3",2019-08-21,18.4119443784722,"Ambient"
"C3",2019-08-22,20.1496874756944,"Ambient"
"C3",2019-08-23,21.0902230669145,"Ambient"
"C3",2019-08-24,22.8087152465278,"Ambient"
"C3",2019-08-25,23.6949652986111,"Ambient"
"C3",2019-08-26,21.9523958020833,"Ambient"
"C3",2019-08-27,15.4477700487805,"Ambient"
"C3",2019-08-28,14.5039930972222,"Ambient"
"C3",2019-08-29,14.8909722222222,"Ambient"
"C3",2019-08-30,15.0387500208333,"Ambient"
"C3",2019-08-31,14.8090972222222,"Ambient"
"C3",2019-09-01,13.6356597222222,"Ambient"
"C3",2019-09-02,13.6773263888889,"Ambient"
"C3",2019-09-03,13.9270138888889,"Ambient"
"C3",2019-09-04,14.1838541666667,"Ambient"
"C3",2019-09-05,13.9567361111111,"Ambient"
"C3",2019-09-06,13.8628819444444,"Ambient"
"C3",2019-09-07,13.8345486111111,"Ambient"
"C3",2019-09-08,13.8673263888889,"Ambient"
"C3",2019-09-09,13.7539236111111,"Ambient"
"C3",2019-09-10,13.67125,"Ambient"
"C3",2019-09-11,13.5680208333333,"Ambient"
"C3",2019-09-12,14.0140277777778,"Ambient"
"C3",2019-09-13,14.0730208333333,"Ambient"
"C3",2019-09-14,14.3138541666667,"Ambient"
"C3",2019-09-15,14.0708680555556,"Ambient"
"C3",2019-09-16,14.2948611111111,"Ambient"
"C3",2019-09-17,14.1641319444444,"Ambient"
"C3",2019-09-18,13.5420138888889,"Ambient"
"C3",2019-09-19,14.1217361111111,"Ambient"
"C3",2019-09-20,14.4190972083333,"Ambient"
"C3",2019-09-21,13.8037847222222,"Ambient"
"C3",2019-09-22,13.6496875,"Ambient"
"C3",2019-09-23,14.0141666666667,"Ambient"
"C3",2019-09-24,14.1247569444444,"Ambient"
"C3",2019-09-25,13.8860763888889,"Ambient"
"C3",2019-09-26,14.1057638888889,"Ambient"
"C3",2019-09-27,13.9581944444444,"Ambient"
"C3",2019-09-28,13.9740625,"Ambient"
"C3",2019-09-29,14.1588541666667,"Ambient"
"C3",2019-09-30,14.3221527777778,"Ambient"
"C3",2019-10-01,15.2533333159722,"Ambient"
"C3",2019-10-02,16.2875694201389,"Ambient"
"C3",2019-10-03,15.19114584375,"Ambient"
"C3",2019-10-04,13.6918055555556,"Ambient"
"C3",2019-10-05,14.3305555555556,"Ambient"
"C3",2019-10-06,13.9211458333333,"Ambient"
"C3",2019-10-07,13.6176736111111,"Ambient"
"C3",2019-10-08,14.2659027777778,"Ambient"
"C3",2019-10-09,13.8255902777778,"Ambient"
"C3",2019-10-10,14.1278819444444,"Ambient"
"C3",2019-10-11,13.4404513888889,"Ambient"
"C3",2019-10-12,13.9199305555556,"Ambient"
"C3",2019-10-13,14.2957638888889,"Ambient"
"C3",2019-10-14,13.923125,"Ambient"
"C3",2019-10-15,14.2008333333333,"Ambient"
"C3",2019-10-16,12.8517361111111,"Ambient"
"C3",2019-10-17,13.2601736111111,"Ambient"
"C3",2019-10-18,13.3364236111111,"Ambient"
"C3",2019-10-19,13.7704166666667,"Ambient"
"C3",2019-10-20,13.73875,"Ambient"
"C3",2019-10-21,13.1659722222222,"Ambient"
"C3",2019-10-22,12.1643055555556,"Ambient"
"C3",2019-10-23,12.1950694444444,"Ambient"
"C3",2019-10-24,12.8433333333333,"Ambient"
"C3",2019-10-25,12.7512152777778,"Ambient"
"C3",2019-10-26,12.7520138888889,"Ambient"
"C3",2019-10-27,13.1188194444444,"Ambient"
"C3",2019-10-28,13.5802430555556,"Ambient"
"C3",2019-10-29,13.9490277777778,"Ambient"
"C3",2019-10-30,15.5891667048611,"Ambient"
"C3",2019-10-31,15.8659028090278,"Ambient"
"C3",2019-11-01,13.6410416666667,"Ambient"
"C3",2019-11-02,13.4068402777778,"Ambient"
"C3",2019-11-03,12.3831944444444,"Ambient"
"C3",2019-11-04,11.4778125,"Ambient"
"C3",2019-11-05,11.1557986111111,"Ambient"
"C3",2019-11-06,9.648125,"Ambient"
"C3",2019-11-07,8.10520833333333,"Ambient"
"C3",2019-11-08,6.3571875,"Ambient"
"C3",2019-11-09,6.84076388888889,"Ambient"
"C3",2019-11-10,7.30788194444444,"Ambient"
"C3",2019-11-11,6.14309027777778,"Ambient"
"C3",2019-11-12,6.73694444444444,"Ambient"
"C3",2019-11-13,7.1125,"Ambient"
"C3",2019-11-14,5.56385416666667,"Ambient"
"C3",2019-11-15,4.23930555555556,"Ambient"
"C3",2019-11-16,4.03805555555556,"Ambient"
"C3",2019-11-17,4.71982638888889,"Ambient"
"C3",2019-11-18,5.35152777777778,"Ambient"
"C3",2019-11-19,4.60677083333333,"Ambient"
"C3",2019-11-20,4.09322916666667,"Ambient"
"C3",2019-11-21,4.06715277777778,"Ambient"
"C3",2019-11-22,4.23045138888889,"Ambient"
"C3",2019-11-23,5.29798611111111,"Ambient"
"C3",2019-11-24,5.95788194444444,"Ambient"
"C3",2019-11-25,6.37670138888889,"Ambient"
"C3",2019-11-26,7.31965277777778,"Ambient"
"C3",2019-11-27,9.08965277777778,"Ambient"
"C3",2019-11-28,9.38871527777778,"Ambient"
"C3",2019-11-29,10.2753125,"Ambient"
"C3",2019-11-30,9.27510416666667,"Ambient"
"C3",2019-12-01,8.56534722222222,"Ambient"
"C3",2019-12-02,7.51888888888889,"Ambient"
"C3",2019-12-03,6.98572916666667,"Ambient"
"C3",2019-12-04,5.73701388888889,"Ambient"
"C3",2019-12-05,5.38020833333333,"Ambient"
"C3",2019-12-06,5.88638888888889,"Ambient"
"C3",2019-12-07,6.01934027777778,"Ambient"
"C3",2019-12-08,6.29253472222222,"Ambient"
"C3",2019-12-09,7.05534722222222,"Ambient"
"C3",2019-12-10,6.65670138888889,"Ambient"
"C3",2019-12-11,5.78034722222222,"Ambient"
"C3",2019-12-12,5.80659722222222,"Ambient"
"C3",2019-12-13,8.2090625,"Ambient"
"C3",2019-12-14,10.5931944444444,"Ambient"
"C3",2019-12-15,10.4828819444444,"Ambient"
"C3",2019-12-16,9.60048611111111,"Ambient"
"C3",2019-12-17,9.72989583333333,"Ambient"
"C3",2019-12-18,10.0575714285714,"Ambient"
"C3",2019-12-19,8.67913194444444,"Ambient"
"C3",2019-12-20,9.60128472222222,"Ambient"
"C3",2019-12-21,8.98864583333333,"Ambient"
"C3",2019-12-22,8.85309027777778,"Ambient"
"C3",2019-12-23,8.24697916666667,"Ambient"
"C3",2019-12-24,9.43215277777778,"Ambient"
"C3",2019-12-25,9.84121527777778,"Ambient"
"C3",2019-12-26,9.15538194444444,"Ambient"
"C3",2019-12-27,7.99427083333333,"Ambient"
"C3",2019-12-28,6.5178125,"Ambient"
"C3",2019-12-29,5.74142361111111,"Ambient"
"C3",2019-12-30,5.41920138888889,"Ambient"
"C3",2019-12-31,5.29128472222222,"Ambient"
"C3",2020-01-01,5.53729166666667,"Ambient"
"C3",2020-01-02,4.84197916666667,"Ambient"
"C3",2020-01-03,5.16010416666667,"Ambient"
"C3",2020-01-04,5.86395833333333,"Ambient"
"C3",2020-01-05,6.0290625,"Ambient"
"C3",2020-01-06,4.92465277777778,"Ambient"
"C3",2020-01-07,4.57795138888889,"Ambient"
"C3",2020-01-08,5.71479166666667,"Ambient"
"C3",2020-01-09,7.19393382352941,"Ambient"
"C3",2020-01-10,7.64322916666667,"Ambient"
"C3",2020-01-11,6.48027777777778,"Ambient"
"C3",2020-01-12,4.63170138888889,"Ambient"
"C3",2020-01-13,3.74784722222222,"Ambient"
"C3",2020-01-14,4.05538194444444,"Ambient"
"C3",2020-01-15,4.65454861111111,"Ambient"
"C3",2020-01-16,4.99638888888889,"Ambient"
"C3",2020-01-17,5.03618055555556,"Ambient"
"C3",2020-01-18,4.44121527777778,"Ambient"
"C3",2020-01-19,4.96159722222222,"Ambient"
"C3",2020-01-20,4.36076388888889,"Ambient"
"C3",2020-01-21,4.17180555555556,"Ambient"
"C3",2020-01-22,4.89118055555556,"Ambient"
"C3",2020-01-23,6.22784722222222,"Ambient"
"C3",2020-01-24,6.23347222222222,"Ambient"
"C3",2020-01-25,5.84690972222222,"Ambient"
"C3",2020-01-26,5.94475694444444,"Ambient"
"C3",2020-01-27,5.11083333333333,"Ambient"
"C3",2020-01-28,5.72302083333333,"Ambient"
"C3",2020-01-29,5.82038194444444,"Ambient"
"C3",2020-01-30,7.61444444444444,"Ambient"
"C3",2020-01-31,9.81746527777778,"Ambient"
"C3",2020-02-01,9.44104166666667,"Ambient"
"C3",2020-02-02,10.0860416666667,"Ambient"
"C3",2020-02-03,11.5502083333333,"Ambient"
"C3",2020-02-04,11.4539930555556,"Ambient"
"C3",2020-02-05,9.86732638888889,"Ambient"
"C3",2020-02-06,7.40538194444444,"Ambient"
"C3",2020-02-07,6.31131944444444,"Ambient"
"C3",2020-02-08,6.07645833333333,"Ambient"
"C3",2020-02-09,7.25635416666667,"Ambient"
"C3",2020-02-10,10.2245833333333,"Ambient"
"C3",2020-02-11,11.6496180555556,"Ambient"
"C3",2020-02-12,10.9585069444444,"Ambient"
"C3",2020-02-13,10.0792708333333,"Ambient"
"C3",2020-02-14,11.7144444444444,"Ambient"
"C3",2020-02-15,10.8235416666667,"Ambient"
"C3",2020-02-16,10.7381944444444,"Ambient"
"C3",2020-02-17,9.58916666666667,"Ambient"
"C3",2020-02-18,8.16236111111111,"Ambient"
"C3",2020-02-19,8.12989583333333,"Ambient"
"C3",2020-02-20,8.09347222222222,"Ambient"
"C3",2020-02-21,8.39756944444444,"Ambient"
"C3",2020-02-22,8.86815972222222,"Ambient"
"C3",2020-02-23,9.73736111111111,"Ambient"
"C3",2020-02-24,10.0898611111111,"Ambient"
"C3",2020-02-25,9.4740625,"Ambient"
"C3",2020-02-26,8.90604166666667,"Ambient"
"C3",2020-02-27,8.40305555555556,"Ambient"
"C3",2020-02-28,10.3947916666667,"Ambient"
"C3",2020-02-29,10.4557638888889,"Ambient"
"C3",2020-03-01,10.3751736111111,"Ambient"
"C3",2020-03-02,9.96454861111111,"Ambient"
"C3",2020-03-03,7.55864583333333,"Ambient"
"C3",2020-03-04,7.31923611111111,"Ambient"
"C3",2020-03-05,8.65302083333333,"Ambient"
"C3",2020-03-06,7.28243055555556,"Ambient"
"C3",2020-03-07,6.79791666666667,"Ambient"
"C3",2020-03-08,8.41777777777778,"Ambient"
"C3",2020-03-09,9.00371024734982,"Ambient"
"C3",2020-03-10,9.38357638888889,"Ambient"
"C3",2020-03-11,9.85262376237624,"Ambient"
"C3",2020-03-13,11.2727840909091,"Ambient"
"C3",2020-03-14,10.7835069444444,"Ambient"
"C3",2020-03-15,10.7335763888889,"Ambient"
"C3",2020-03-16,11.5347222222222,"Ambient"
"C3",2020-03-17,11.4099305555556,"Ambient"
"C3",2020-03-18,12.3535069444444,"Ambient"
"C3",2020-03-19,13.6442014583333,"Ambient"
"C3",2020-03-20,14.5449305451389,"Ambient"
"C3",2020-03-21,14.2374652673611,"Ambient"
"C3",2020-03-22,13.8540972222222,"Ambient"
"C3",2020-03-23,13.2787152777778,"Ambient"
"C3",2020-03-24,12.6357291666667,"Ambient"
"C3",2020-03-25,11.9528125,"Ambient"
"C3",2020-03-26,10.5271875,"Ambient"
"C3",2020-03-27,8.59559027777778,"Ambient"
"C3",2020-03-28,10.1806944444444,"Ambient"
"C3",2020-03-29,11.0226041666667,"Ambient"
"C3",2020-03-30,9.00673611111111,"Ambient"
"C3",2020-03-31,8.46329861111111,"Ambient"
"C3",2020-04-01,10.7463194444444,"Ambient"
"C3",2020-04-02,10.8600694444444,"Ambient"
"C3",2020-04-03,11.2536805555556,"Ambient"
"C3",2020-04-04,11.9796180555556,"Ambient"
"C3",2020-04-05,13.5315972083333,"Ambient"
"C3",2020-04-06,14.2307638854167,"Ambient"
"C3",2020-04-07,14.5762152777778,"Ambient"
"C3",2020-04-08,14.6557639618056,"Ambient"
"C3",2020-04-09,15.0367013680556,"Ambient"
"C3",2020-04-10,16.3443402881944,"Ambient"
"C3",2020-04-11,16.3093056041667,"Ambient"
"C3",2020-04-12,15.47788190625,"Ambient"
"C3",2020-04-13,13.9116319444444,"Ambient"
"C3",2020-04-14,14.8144097118056,"Ambient"
"C3",2020-04-15,15.9960069166667,"Ambient"
"C3",2020-04-16,16.7778472847222,"Ambient"
"C3",2020-04-17,17.2551388680556,"Ambient"
"C3",2020-04-18,17.8317708576389,"Ambient"
"C3",2020-04-19,17.8955208819444,"Ambient"
"C3",2020-04-20,15.9687847048611,"Ambient"
"C3",2020-04-21,14.8986458333333,"Ambient"
"C3",2020-04-22,13.8114583333333,"Ambient"
"C3",2020-04-23,14.2092361111111,"Ambient"
"C3",2020-04-24,15.5624652708333,"Ambient"
"C3",2020-04-25,16.9486111041667,"Ambient"
"C3",2020-04-26,17.3209375034722,"Ambient"
"C3",2020-04-27,16.8528819236111,"Ambient"
"C3",2020-04-28,15.3261805555556,"Ambient"
"C3",2020-04-29,14.6103819340278,"Ambient"
"C3",2020-04-30,16.0198263923611,"Ambient"
"C3",2020-05-01,15.9483334236111,"Ambient"
"C3",2020-05-02,17.4583680347222,"Ambient"
"C3",2020-05-03,19.486701375,"Ambient"
"C3",2020-05-04,21.1431944548611,"Ambient"
"C3",2020-05-05,23.1707639166667,"Ambient"
"C3",2020-05-06,22.5823958888889,"Ambient"
"C3",2020-05-07,22.2537846875,"Ambient"
"C3",2020-05-08,21.8395138819444,"Ambient"
"C3",2020-05-09,21.1872569618056,"Ambient"
"C3",2020-05-10,19.2189583194444,"Ambient"
"C3",2020-05-11,15.7392361215278,"Ambient"
"C3",2020-05-12,14.6816319444444,"Ambient"
"C3",2020-05-13,14.9743749965278,"Ambient"
"C3",2020-05-14,15.2072916666667,"Ambient"
"C3",2020-05-15,14.3646875,"Ambient"
"C3",2020-05-16,14.1658333333333,"Ambient"
"C3",2020-05-17,15.6137846944444,"Ambient"
"C3",2020-05-18,17.8842361145833,"Ambient"
"C3",2020-05-19,19.3248611145833,"Ambient"
"C3",2020-05-20,21.09597225,"Ambient"
"C3",2020-05-21,21.8976388541667,"Ambient"
"C3",2020-05-22,23.1554166736111,"Ambient"
"C3",2020-05-23,22.2456249756944,"Ambient"
"C3",2020-05-24,19.24916665625,"Ambient"
"C3",2020-05-25,20.7011110659722,"Ambient"
"C3",2020-05-26,21.8643403402778,"Ambient"
"C3",2020-05-27,22.8284027881944,"Ambient"
"C3",2020-05-28,23.3603125138889,"Ambient"
"C3",2020-05-29,23.3894444791667,"Ambient"
"C3",2020-05-30,23.6365625173611,"Ambient"
"C3",2020-05-31,23.8064236736111,"Ambient"
"C3",2020-06-01,23.1772221875,"Ambient"
"C3",2020-06-02,22.0011111631944,"Ambient"
"C3",2020-06-03,21.2543402604167,"Ambient"
"C3",2020-06-04,18.9994097013889,"Ambient"
"C3",2020-06-05,17.4527083090278,"Ambient"
"C3",2020-06-06,18.8257638541667,"Ambient"
"C3",2020-06-07,17.1867360138889,"Ambient"
"C3",2020-06-08,16.2503125138889,"Ambient"
"C3",2020-06-09,16.1330902361111,"Ambient"
"C3",2020-06-10,16.2388888923611,"Ambient"
"C3",2020-06-11,17.2230208576389,"Ambient"
"C3",2020-06-12,18.3509027638889,"Ambient"
"C3",2020-06-13,19.0938194722222,"Ambient"
"C3",2020-06-14,17.8924652743056,"Ambient"
"C3",2020-06-15,19.5953125416667,"Ambient"
"C3",2020-06-16,18.803541625,"Ambient"
"C3",2020-06-17,17.1028125104167,"Ambient"
"C3",2020-06-18,16.8821875173611,"Ambient"
"C3",2020-06-19,18.6712847048611,"Ambient"
"C3",2020-06-20,20.7528819131944,"Ambient"
"C3",2020-06-21,21.6864236284722,"Ambient"
"C3",2020-06-22,23.1109374513889,"Ambient"
"C3",2020-06-23,23.7309375451389,"Ambient"
"C3",2020-06-24,25.0608680590278,"Ambient"
"C3",2020-06-25,24.7920485902778,"Ambient"
"C3",2020-06-26,23.7887499895833,"Ambient"
"C3",2020-06-27,24.4800346701389,"Ambient"
"C3",2020-06-28,24.1249305520833,"Ambient"
"C3",2020-06-29,21.3788888958333,"Ambient"
"C3",2020-06-30,18.41826384375,"Ambient"
"C3",2020-07-01,18.1420486701389,"Ambient"
"C3",2020-07-02,17.5637847986111,"Ambient"
"C3",2020-07-03,17.0837846597222,"Ambient"
"C3",2020-07-04,17.6470833298611,"Ambient"
"C3",2020-07-05,18.4173263888889,"Ambient"
"C3",2020-07-06,17.8354861527778,"Ambient"
"C3",2020-07-07,18.2568403888889,"Ambient"
"C3",2020-07-08,18.3076736145833,"Ambient"
"C3",2020-07-09,18.1195833229167,"Ambient"
"C3",2020-07-10,17.3311458402778,"Ambient"
"C3",2020-07-11,17.4287847118056,"Ambient"
"C3",2020-07-12,17.3351389027778,"Ambient"
"C3",2020-07-13,17.7279166354167,"Ambient"
"C3",2020-07-14,17.5977777708333,"Ambient"
"C3",2020-07-15,17.5928125625,"Ambient"
"C3",2020-07-16,17.3618402951389,"Ambient"
"C3",2020-07-17,17.4905903263889,"Ambient"
"C3",2020-07-18,18.266215375,"Ambient"
"C3",2020-07-19,18.6829165763889,"Ambient"
"C3",2020-07-20,18.9451736319444,"Ambient"
"C3",2020-07-21,18.8757291666667,"Ambient"
"C3",2020-07-22,18.8089930034722,"Ambient"
"C3",2020-07-23,18.5201039861111,"Ambient"
"C3",2020-07-24,18.0381249583333,"Ambient"
"C3",2020-07-25,18.3435069756944,"Ambient"
"C3",2020-07-26,19.9105556145833,"Ambient"
"C3",2020-07-27,22.1481944236111,"Ambient"
"C3",2020-07-28,18.3532291875,"Ambient"
"C3",2020-07-29,17.7210416527778,"Ambient"
"C3",2020-07-30,19.28677078125,"Ambient"
"C3",2020-07-31,20.2434027708333,"Ambient"
"C3",2020-08-01,18.0044443611111,"Ambient"
"C3",2020-08-02,17.4495485208333,"Ambient"
"C3",2020-08-03,17.6086111041667,"Ambient"
"C3",2020-08-04,17.7639583472222,"Ambient"
"C3",2020-08-05,17.7971179513889,"Ambient"
"C3",2020-08-06,18.5071181493056,"Ambient"
"C3",2020-08-07,19.2785763229167,"Ambient"
"C3",2020-08-08,19.4385764270833,"Ambient"
"C3",2020-08-09,18.3865277604167,"Ambient"
"C3",2020-08-10,17.8414235833333,"Ambient"
"C3",2020-08-11,17.97034715625,"Ambient"
"C3",2020-08-12,18.3872569201389,"Ambient"
"C3",2020-08-13,17.4639583368056,"Ambient"
"C3",2020-08-14,17.7663194270833,"Ambient"
"C3",2020-08-15,18.1151388923611,"Ambient"
"C3",2020-08-16,17.4179165694444,"Ambient"
"C3",2020-08-17,17.3527778229167,"Ambient"
"C3",2020-08-18,17.6933681111111,"Ambient"
"C3",2020-08-19,18.7830208611111,"Ambient"
"C3",2020-08-20,19.1890624444444,"Ambient"
"C3",2020-08-21,18.8773263923611,"Ambient"
"C3",2020-08-22,17.6259027430556,"Ambient"
"C3",2020-08-23,17.7951735902778,"Ambient"
"C3",2020-08-24,17.9935415798611,"Ambient"
"C3",2020-08-25,18.2938194027778,"Ambient"
"C3",2020-08-26,18.3962152986111,"Ambient"
"C3",2020-08-27,18.5238541423611,"Ambient"
"C3",2020-08-28,17.2057291805556,"Ambient"
"C3",2020-08-29,16.2266319375,"Ambient"
"C3",2020-08-30,15.67927084375,"Ambient"
"C3",2020-08-31,16.4409720972222,"Ambient"
"C3",2020-09-01,16.5169444166667,"Ambient"
"C3",2020-09-02,17.6058680486111,"Ambient"
"C3",2020-09-03,16.7736457638889,"Ambient"
"C3",2020-09-04,17.4668055972222,"Ambient"
"C3",2020-09-05,17.5809374340278,"Ambient"
"C3",2020-09-06,17.542118125,"Ambient"
"C3",2020-09-07,16.9779859652778,"Ambient"
"C3",2020-09-08,16.4689235590278,"Ambient"
"C3",2020-09-09,16.9375694791667,"Ambient"
"C3",2020-09-10,17.5712499756944,"Ambient"
"C3",2020-09-11,17.8221875798611,"Ambient"
"C3",2020-09-12,17.82371525,"Ambient"
"C3",2020-09-13,17.9337847916667,"Ambient"
"C3",2020-09-14,18.1530208506944,"Ambient"
"C3",2020-09-15,17.6148263159722,"Ambient"
"C3",2020-09-16,17.8726042534722,"Ambient"
"C3",2020-09-17,17.9068055902778,"Ambient"
"C3",2020-09-18,17.3164930902778,"Ambient"
"C3",2020-09-19,17.4379514097222,"Ambient"
"C3",2020-09-20,17.67600696875,"Ambient"
"C3",2020-09-21,17.5452431909722,"Ambient"
"C3",2020-09-22,17.3963194444444,"Ambient"
"C3",2020-09-23,16.8210068680556,"Ambient"
"C3",2020-09-24,17.4717013784722,"Ambient"
"C3",2020-09-25,14.2131597256944,"Ambient"
"C3",2020-09-26,11.7864236111111,"Ambient"
"C3",2020-09-27,11.2742361111111,"Ambient"
"C3",2020-09-28,12.4806944444444,"Ambient"
"C3",2020-09-29,15.5310764305556,"Ambient"
"C3",2020-09-30,15.7095832916667,"Ambient"
"C3",2020-10-01,15.162361125,"Ambient"
"C3",2020-10-02,13.1363541666667,"Ambient"
"C3",2020-10-03,10.3883680555556,"Ambient"
"C3",2020-10-04,10.6374305555556,"Ambient"
"C3",2020-10-05,11.2152083333333,"Ambient"
"C3",2020-10-06,12.7142361111111,"Ambient"
"C3",2020-10-07,15.1295138715278,"Ambient"
"C3",2020-10-08,15.8207639166667,"Ambient"
"C3",2020-10-09,16.4064931180556,"Ambient"
"C3",2020-10-10,16.4774999375,"Ambient"
"C3",2020-10-11,13.21125,"Ambient"
"C3",2020-10-12,12.1399652777778,"Ambient"
"C3",2020-10-13,12.1207291666667,"Ambient"
"C3",2020-10-14,11.0304861111111,"Ambient"
"C3",2020-10-15,9.46552083333333,"Ambient"
"C3",2020-10-16,8.98416666666667,"Ambient"
"C3",2020-10-17,10.2782986111111,"Ambient"
"C3",2020-10-18,10.0479513888889,"Ambient"
"C3",2020-10-19,10.3989930555556,"Ambient"
"C3",2020-10-20,11.8271527777778,"Ambient"
"C3",2020-10-21,15.3678819444444,"Ambient"
"C3",2020-10-22,15.94590275,"Ambient"
"C3",2020-10-23,15.4886805902778,"Ambient"
"C3",2020-10-24,13.6848263888889,"Ambient"
"C3",2020-10-25,12.2916319444444,"Ambient"
"C3",2020-10-26,11.2696875,"Ambient"
"C3",2020-10-27,10.6175694444444,"Ambient"
"C3",2020-10-28,11.9017361111111,"Ambient"
"C3",2020-10-29,12.5624305555556,"Ambient"
"C3",2020-10-30,12.4512847222222,"Ambient"
"C3",2020-10-31,12.3272916666667,"Ambient"
"C3",2020-11-01,12.57375,"Ambient"
"C3",2020-11-02,13.686875,"Ambient"
"C3",2020-11-03,13.7127430555556,"Ambient"
"C3",2020-11-04,11.1474652777778,"Ambient"
"C3",2020-11-05,9.58413194444444,"Ambient"
"C3",2020-11-06,10.9970833333333,"Ambient"
"C3",2020-11-07,12.5610069444444,"Ambient"
"C3",2020-11-08,12.6532986111111,"Ambient"
"C3",2020-11-09,11.6408333333333,"Ambient"
"C3",2020-11-10,11.5559375,"Ambient"
"C3",2020-11-11,10.2766319444444,"Ambient"
"C3",2020-11-12,10.4488541666667,"Ambient"
"C3",2020-11-13,10.6558333333333,"Ambient"
"C3",2020-11-14,10.3594444444444,"Ambient"
"C3",2020-11-15,10.4803472222222,"Ambient"
"C3",2020-11-16,11.5451736111111,"Ambient"
"C3",2020-11-17,10.2485069444444,"Ambient"
"C3",2020-11-18,10.5017708333333,"Ambient"
"C3",2020-11-19,10.2801041666667,"Ambient"
"C3",2020-11-20,9.51652777777778,"Ambient"
"C3",2020-11-21,7.26086805555556,"Ambient"
"C3",2020-11-22,5.80930555555556,"Ambient"
"C3",2020-11-23,5.61618055555556,"Ambient"
"C3",2020-11-24,5.68381944444444,"Ambient"
"C3",2020-11-25,5.966875,"Ambient"
"C3",2020-11-26,6.07659722222222,"Ambient"
"C3",2020-11-27,7.30184027777778,"Ambient"
"C3",2020-11-28,7.31159722222222,"Ambient"
"C3",2020-11-29,7.2640625,"Ambient"
"C3",2020-11-30,7.62079861111111,"Ambient"
"C3",2020-12-01,7.27993055555556,"Ambient"
"C3",2020-12-02,6.0575,"Ambient"
"C3",2020-12-03,4.85649305555556,"Ambient"
"C3",2020-12-04,4.90850694444444,"Ambient"
"C3",2020-12-05,4.14145833333333,"Ambient"
"C3",2020-12-06,4.38701388888889,"Ambient"
"C3",2020-12-07,4.32142361111111,"Ambient"
"C3",2020-12-08,4.39079861111111,"Ambient"
"C3",2020-12-09,4.47472222222222,"Ambient"
"C3",2020-12-10,4.55163194444444,"Ambient"
"C3",2020-12-11,5.45277777777778,"Ambient"
"C3",2020-12-12,6.83065972222222,"Ambient"
"C3",2020-12-13,6.44805555555556,"Ambient"
"C3",2020-12-14,7.55690972222222,"Ambient"
"C3",2020-12-15,7.74739583333333,"Ambient"
"C3",2020-12-16,6.02086805555556,"Ambient"
"C3",2020-12-17,4.95892361111111,"Ambient"
"C3",2020-12-18,4.94149305555556,"Ambient"
"C3",2020-12-19,5.42895833333333,"Ambient"
"C3",2020-12-20,6.28444444444444,"Ambient"
"C3",2020-12-21,5.90239583333333,"Ambient"
"C3",2020-12-22,7.51180555555556,"Ambient"
"C3",2020-12-23,8.21857638888889,"Ambient"
"C3",2020-12-24,8.57545138888889,"Ambient"
"C3",2020-12-25,6.06291666666667,"Ambient"
"C3",2020-12-26,3.85006944444444,"Ambient"
"C3",2020-12-27,2.37006944444444,"Ambient"
"C3",2020-12-28,2.76583333333333,"Ambient"
"C3",2020-12-29,3.10034722222222,"Ambient"
"C3",2020-12-30,3.42729166666667,"Ambient"
"C3",2020-12-31,3.68996527777778,"Ambient"
"C3",2021-01-01,4.52305555555556,"Ambient"
"C3",2021-01-02,4.05729166666667,"Ambient"
"C3",2021-01-03,2.97486111111111,"Ambient"
"C3",2021-01-04,2.73496527777778,"Ambient"
"C3",2021-01-05,2.63513888888889,"Ambient"
"C3",2021-01-06,2.19753472222222,"Ambient"
"C3",2021-01-07,1.00142360919052,"Ambient"
"C3",2021-01-08,0.307013892930829,"Ambient"
"C3",2021-01-09,0.221423612597088,"Ambient"
"C3",2021-01-10,0.323888890031311,"Ambient"
"C3",2021-01-11,0.410347225765387,"Ambient"
"C3",2021-01-12,0.290208337259375,"Ambient"
"C3",2021-01-13,1.3278472246685,"Ambient"
"C3",2021-01-14,3.45305555555556,"Ambient"
"C3",2021-01-15,4.594375,"Ambient"
"C3",2021-01-16,4.42506944444444,"Ambient"
"C3",2021-01-17,4.83805555555556,"Ambient"
"C3",2021-01-18,5.28986111111111,"Ambient"
"C3",2021-01-19,4.44083333333333,"Ambient"
"C3",2021-01-20,4.91083333333333,"Ambient"
"C3",2021-01-21,6.16503472222222,"Ambient"
"C3",2021-01-22,6.39270833333333,"Ambient"
"C3",2021-01-23,5.40881944444444,"Ambient"
"C3",2021-01-24,5.58486111111111,"Ambient"
"C3",2021-01-25,5.735625,"Ambient"
"C3",2021-01-26,5.34861111111111,"Ambient"
"C3",2021-01-27,7.1621875,"Ambient"
"C3",2021-01-28,9.47232638888889,"Ambient"
"C3",2021-01-29,9.56184027777778,"Ambient"
"C3",2021-01-30,8.87243055555555,"Ambient"
"C3",2021-01-31,8.33388888888889,"Ambient"
"C3",2021-02-01,8.813125,"Ambient"
"C3",2021-02-02,10.0355902777778,"Ambient"
"C3",2021-02-03,10.3365972222222,"Ambient"
"C3",2021-02-04,10.6736111111111,"Ambient"
"C3",2021-02-05,11.1835069444444,"Ambient"
"C3",2021-02-06,10.6118402777778,"Ambient"
"C3",2021-02-07,9.60479166666667,"Ambient"
"C3",2021-02-08,8.10184027777778,"Ambient"
"C3",2021-02-09,6.87908366533865,"Ambient"
"C3",2021-02-10,6.48097297297297,"Ambient"
"C3",2021-02-13,8.22992481203008,"Ambient"
"C3",2021-02-14,7.90833333333333,"Ambient"
"C3",2021-02-15,7.68277777777778,"Ambient"
"C3",2021-02-16,8.49232638888889,"Ambient"
"C3",2021-02-17,9.98243902439024,"Ambient"
"C3",2021-02-18,10.0358333333333,"Ambient"
"C3",2021-02-19,9.77184027777778,"Ambient"
"C3",2021-02-20,9.74427083333333,"Ambient"
"C3",2021-02-21,10.0036458333333,"Ambient"
"C3",2021-02-22,10.0131597222222,"Ambient"
"C3",2021-02-23,10.0904513888889,"Ambient"
"C3",2021-02-24,11.2039583333333,"Ambient"
"C3",2021-02-25,11.1277430555556,"Ambient"
"C3",2021-02-26,11.1357986111111,"Ambient"
"C3",2021-02-27,11.8617361111111,"Ambient"
"C3",2021-02-28,11.1295486111111,"Ambient"
"C3",2021-03-01,10.1431944444444,"Ambient"
"C3",2021-03-02,9.92392361111111,"Ambient"
"C3",2021-03-03,9.95086805555556,"Ambient"
"C3",2021-03-04,10.6247916666667,"Ambient"
"C3",2021-03-05,11.7045486111111,"Ambient"
"C3",2021-03-06,10.6079166666667,"Ambient"
"C3",2021-03-07,9.17420138888889,"Ambient"
"C3",2021-03-08,8.78277777777778,"Ambient"
"C3",2021-03-09,8.32381944444444,"Ambient"
"C3",2021-03-10,7.7715625,"Ambient"
"C3",2021-03-11,10.3050347222222,"Ambient"
"C3",2021-03-12,11.2724305555556,"Ambient"
"C3",2021-03-13,9.3490625,"Ambient"
"C3",2021-03-14,9.24232638888889,"Ambient"
"C3",2021-03-15,8.02805555555556,"Ambient"
"C3",2021-03-16,8.86128472222222,"Ambient"
"C3",2021-03-17,10.2406597222222,"Ambient"
"C3",2021-03-18,9.72909722222222,"Ambient"
"C3",2021-03-19,7.35232638888889,"Ambient"
"C3",2021-03-20,5.92930555555556,"Ambient"
"C3",2021-03-21,5.7609375,"Ambient"
"C3",2021-03-22,8.29680555555556,"Ambient"
"C3",2021-03-23,9.59892361111111,"Ambient"
"C3",2021-03-24,10.6081597222222,"Ambient"
"C3",2021-03-25,11.8220486111111,"Ambient"
"C3",2021-03-26,11.8388888888889,"Ambient"
"C3",2021-03-27,12.1625347222222,"Ambient"
"C3",2021-03-28,11.6641319444444,"Ambient"
"C3",2021-03-29,13.6420486111111,"Ambient"
"C3",2021-03-30,15.1778472152778,"Ambient"
"C3",2021-03-31,16.2362846770833,"Ambient"
"C3",2021-04-01,16.3191666701389,"Ambient"
"C3",2021-04-02,16.2009027951389,"Ambient"
"C3",2021-04-03,15.6554513472222,"Ambient"
"C3",2021-04-04,14.4963194479167,"Ambient"
"C3",2021-04-05,13.8470833055556,"Ambient"
"C3",2021-04-06,13.8517708333333,"Ambient"
"C3",2021-04-07,12.3320138888889,"Ambient"
"C3",2021-04-08,11.3782986111111,"Ambient"
"C3",2021-04-09,12.3362152777778,"Ambient"
"C3",2021-04-10,12.09375,"Ambient"
"C3",2021-04-11,11.0055902777778,"Ambient"
"C3",2021-04-12,10.5259027777778,"Ambient"
"C3",2021-04-13,11.243125,"Ambient"
"C3",2021-04-14,11.4766319444444,"Ambient"
"C3",2021-04-15,11.9178125,"Ambient"
"C3",2021-04-16,11.8672569444444,"Ambient"
"C3",2021-04-17,11.4097916666667,"Ambient"
"C3",2021-04-18,11.1645486111111,"Ambient"
"C3",2021-04-19,12.3082986111111,"Ambient"
"C3",2021-04-20,13.2628125,"Ambient"
"C3",2021-04-21,13.2231597222222,"Ambient"
"C3",2021-04-22,13.9023610972222,"Ambient"
"C3",2021-04-23,14.8109028194444,"Ambient"
"C3",2021-04-24,16.5811805451389,"Ambient"
"C3",2021-04-25,16.8291666458333,"Ambient"
"C3",2021-04-26,15.28010415625,"Ambient"
"C3",2021-04-27,14.3622569444444,"Ambient"
"C3",2021-04-28,13.8826041666667,"Ambient"
"C3",2021-04-29,12.6645486111111,"Ambient"
"C3",2021-04-30,11.7747916666667,"Ambient"
"C3",2021-05-01,10.9415972222222,"Ambient"
"C3",2021-05-02,11.0410069444444,"Ambient"
"C3",2021-05-03,12.0929166666667,"Ambient"
"C3",2021-05-04,14.4653819166667,"Ambient"
"C3",2021-05-05,16.3189582881944,"Ambient"
"C3",2021-05-06,15.8337152673611,"Ambient"
"C3",2021-05-07,17.2228125208333,"Ambient"
"C3",2021-05-08,18.8245486076389,"Ambient"
"C3",2021-05-09,19.8806596423611,"Ambient"
"C3",2021-05-10,18.4099305729167,"Ambient"
"C3",2021-05-11,16.0394791631944,"Ambient"
"C3",2021-05-12,14.1089583333333,"Ambient"
"C3",2021-05-13,14.6276388958333,"Ambient"
"C3",2021-05-14,15.41680553125,"Ambient"
"C3",2021-05-15,15.5488193819444,"Ambient"
"C3",2021-05-16,15.5980555555556,"Ambient"
"C3",2021-05-17,15.3840971805556,"Ambient"
"C3",2021-05-18,16.07729171875,"Ambient"
"C3",2021-05-19,16.7086805520833,"Ambient"
"C3",2021-05-20,18.1910764166667,"Ambient"
"C3",2021-05-21,18.3570138472222,"Ambient"
"C3",2021-05-22,16.79034725,"Ambient"
"C3",2021-05-23,14.5741666666667,"Ambient"
"C3",2021-05-24,13.2282986111111,"Ambient"
"C3",2021-05-25,12.3715277777778,"Ambient"
"C3",2021-05-26,14.5931596909722,"Ambient"
"C3",2021-05-27,17.2888194826389,"Ambient"
"C3",2021-05-28,18.9743750868056,"Ambient"
"C3",2021-05-29,19.0781598194444,"Ambient"
"C3",2021-05-30,20.8045486979167,"Ambient"
"C3",2021-05-31,21.4140972743056,"Ambient"
"C3",2021-06-01,21.9717013715278,"Ambient"
"C3",2021-06-02,20.6123611423611,"Ambient"
"C3",2021-06-03,21.1009722291667,"Ambient"
"C3",2021-06-04,20.3978125277778,"Ambient"
"C3",2021-06-05,19.2092014131944,"Ambient"
"C3",2021-06-06,20.56746525,"Ambient"
"C3",2021-06-07,20.4196180625,"Ambient"
"C3",2021-06-08,19.4709722083333,"Ambient"
"C3",2021-06-09,19.9057291180556,"Ambient"
"C3",2021-06-10,20.68065975,"Ambient"
"C3",2021-06-11,20.0504513541667,"Ambient"
"C3",2021-06-12,19.9881597604167,"Ambient"
"C3",2021-06-13,20.4819791631944,"Ambient"
"C3",2021-06-14,20.4431250451389,"Ambient"
"C3",2021-06-15,20.3247569375,"Ambient"
"C3",2021-06-16,20.3363887743056,"Ambient"
"C3",2021-06-17,19.7268750659722,"Ambient"
"C3",2021-06-18,19.3664583298611,"Ambient"
"C3",2021-06-19,20.2681596111111,"Ambient"
"C3",2021-06-20,20.0481943715278,"Ambient"
"C3",2021-06-21,19.5415972083333,"Ambient"
"C3",2021-06-22,19.2667708402778,"Ambient"
"C3",2021-06-23,17.9946527048611,"Ambient"
"C3",2021-06-24,17.50638890625,"Ambient"
"C3",2021-06-25,19.5520138402778,"Ambient"
"C3",2021-06-26,20.1158681145833,"Ambient"
"C3",2021-06-27,19.59843740625,"Ambient"
"C3",2021-06-28,18.8003473263889,"Ambient"
"C3",2021-06-29,19.0387500173611,"Ambient"
"C3",2021-06-30,19.7597569027778,"Ambient"
"C3",2021-07-01,20.2214583263889,"Ambient"
"C3",2021-07-02,19.748611125,"Ambient"
"C3",2021-07-03,17.1803472048611,"Ambient"
"C3",2021-07-04,17.4404861909722,"Ambient"
"C3",2021-07-05,17.9507292013889,"Ambient"
"C3",2021-07-06,17.3286804722222,"Ambient"
"C3",2021-07-07,17.5612500416667,"Ambient"
"C3",2021-07-08,17.1934027986111,"Ambient"
"C3",2021-07-09,17.9273263645833,"Ambient"
"C3",2021-07-10,17.2668402013889,"Ambient"
"C3",2021-07-11,18.0534374930556,"Ambient"
"C3",2021-07-12,17.2060762430556,"Ambient"
"C3",2021-07-13,16.5089583125,"Ambient"
"C3",2021-07-14,17.0011804861111,"Ambient"
"C3",2021-07-15,17.3236458576389,"Ambient"
"C3",2021-07-16,16.8773958715278,"Ambient"
"C3",2021-07-17,17.7942013333333,"Ambient"
"C3",2021-07-18,17.9338888576389,"Ambient"
"C3",2021-07-19,18.1815957943262,"Ambient"
"C3",2021-07-20,17.7193402256944,"Ambient"
"C3",2021-07-21,18.2185068888889,"Ambient"
"C3",2021-07-22,18.4155903194444,"Ambient"
"C3",2021-07-23,17.9480554826389,"Ambient"
"C3",2021-07-24,17.1131250486111,"Ambient"
"C3",2021-07-25,17.2461458854167,"Ambient"
"C3",2021-07-26,17.32708375,"Ambient"
"C3",2021-07-27,17.1863195173611,"Ambient"
"C3",2021-07-28,17.3727719017544,"Ambient"
"C3",2021-07-29,17.6854511840278,"Ambient"
"C3",2021-07-30,17.1637150659722,"Ambient"
"C3",2021-07-31,17.1143402291667,"Ambient"
"C3",2021-08-01,16.7966319791667,"Ambient"
"C3",2021-08-02,17.1714236875,"Ambient"
"C3",2021-08-03,17.3572792573529,"Ambient"
"C3",2021-08-04,17.5834721284722,"Ambient"
"C3",2021-08-05,17.617152625,"Ambient"
"C3",2021-08-06,17.3009027013889,"Ambient"
"C3",2021-08-07,17.3861805451389,"Ambient"
"C3",2021-08-08,17.0563194131944,"Ambient"
"C3",2021-08-09,17.3568749756944,"Ambient"
"C3",2021-08-10,18.2315625243056,"Ambient"
"C3",2021-08-11,18.4685763923611,"Ambient"
"C3",2021-08-12,18.690763875,"Ambient"
"C3",2021-08-13,17.9767707986111,"Ambient"
"C3",2021-08-14,18.4150346388889,"Ambient"
"C3",2021-08-15,17.0570485833333,"Ambient"
"C3",2021-08-16,17.2344443645833,"Ambient"
"C3",2021-08-17,17.3269791284722,"Ambient"
"C3",2021-08-18,17.1951736736111,"Ambient"
"C3",2021-08-19,17.1825696180556,"Ambient"
"C3",2021-08-20,17.9739582951389,"Ambient"
"C3",2021-08-21,17.4280556458333,"Ambient"
"C3",2021-08-22,17.1035070798611,"Ambient"
"C3",2021-08-23,17.3417014236111,"Ambient"
"C3",2021-08-24,17.2651388298611,"Ambient"
"C3",2021-08-25,17.4351388923611,"Ambient"
"C3",2021-08-26,17.8746180486111,"Ambient"
"C3",2021-08-27,17.6598612013889,"Ambient"
"C3",2021-08-28,17.1837847465278,"Ambient"
"C3",2021-08-29,17.0101042048611,"Ambient"
"C3",2021-08-30,16.8779166666667,"Ambient"
"C3",2021-08-31,17.3986805173611,"Ambient"
"C3",2021-09-01,17.1521180868056,"Ambient"
"C3",2021-09-02,17.1490972083333,"Ambient"
"C3",2021-09-03,17.4979166354167,"Ambient"
"C3",2021-09-04,17.7802776527778,"Ambient"
"C3",2021-09-05,17.81583340625,"Ambient"
"C3",2021-09-13,17.6325142285714,"Ambient"
"C3",2021-09-14,17.2369792152778,"Ambient"
"C3",2021-09-15,17.3860417361111,"Ambient"
"C3",2021-09-16,17.3684720381944,"Ambient"
"C3",2021-09-17,17.5839235243056,"Ambient"
"C3",2021-09-18,17.2628123784722,"Ambient"
"C3",2021-09-19,16.3710763888889,"Ambient"
"C3",2021-09-20,17.112222125,"Ambient"
"C3",2021-09-21,15.1138888888889,"Ambient"
"C3",2021-09-22,15.2654861631944,"Ambient"
"C3",2021-09-23,17.4665625173611,"Ambient"
"C3",2021-09-24,17.218333375,"Ambient"
"C3",2021-09-25,17.40090278125,"Ambient"
"C3",2021-09-26,17.1847568263889,"Ambient"
"C3",2021-09-27,17.0315971666667,"Ambient"
"C3",2021-09-28,17.1647916458333,"Ambient"
"C3",2021-09-29,17.3066666354167,"Ambient"
"C3",2021-09-30,17.2547221805556,"Ambient"
"C3",2021-10-01,16.2685069791667,"Ambient"
"C3",2021-10-02,16.8395833645833,"Ambient"
"C3",2021-10-03,16.8873611319444,"Ambient"
"C3",2021-10-04,15.3235416736111,"Ambient"
"C3",2021-10-05,14.2171875,"Ambient"
"C3",2021-10-06,14.8792361111111,"Ambient"
"C3",2021-10-07,15.2571527847222,"Ambient"
"C3",2021-10-08,14.4897569513889,"Ambient"
"C3",2021-10-09,15.5188193854167,"Ambient"
"C3",2021-10-10,16.4601041736111,"Ambient"
"C3",2021-10-11,15.7924306284722,"Ambient"
"C3",2021-10-12,13.9118055555556,"Ambient"
"C3",2021-10-13,13.1309027777778,"Ambient"
"C3",2021-10-14,12.4121180555556,"Ambient"
"C3",2021-10-15,12.2514583333333,"Ambient"
"C3",2021-10-16,13.7658333333333,"Ambient"
"C3",2021-10-17,13.1521875,"Ambient"
"C3",2021-10-18,13.4050694444444,"Ambient"
"C3",2021-10-19,14.3636805520833,"Ambient"
"C3",2021-10-20,15.4823610868056,"Ambient"
"C3",2021-10-21,15.79503475,"Ambient"
"C3",2021-10-22,14.3445138888889,"Ambient"
"C3",2021-10-23,13.9586458333333,"Ambient"
"C3",2021-10-24,11.8802777777778,"Ambient"
"C3",2021-10-25,10.8808333333333,"Ambient"
"C3",2021-10-26,11.4893055555556,"Ambient"
"C3",2021-10-27,11.6740972222222,"Ambient"
"C3",2021-10-28,11.4140277777778,"Ambient"
"C3",2021-10-29,11.3939930555556,"Ambient"
"C3",2021-10-30,12.6442361111111,"Ambient"
"C3",2021-10-31,14.1590666666667,"Ambient"
"C3",2021-11-01,13.6980208333333,"Ambient"
"C3",2021-11-02,11.9252430555556,"Ambient"
"C3",2021-11-03,11.1718402777778,"Ambient"
"C3",2021-11-04,9.23395833333333,"Ambient"
"C3",2021-11-05,8.153125,"Ambient"
"C3",2021-11-06,6.63527777777778,"Ambient"
"C3",2021-11-07,6.04128472222222,"Ambient"
"C3",2021-11-08,8.16538194444444,"Ambient"
"C3",2021-11-09,8.36034722222222,"Ambient"
"C3",2021-11-10,6.62611111111111,"Ambient"
"C3",2021-11-11,7.35802083333333,"Ambient"
"C3",2021-11-12,8.20538194444445,"Ambient"
"C3",2021-11-13,9.49260416666667,"Ambient"
"C3",2021-11-14,9.70555555555556,"Ambient"
"C3",2021-11-15,8.62479166666667,"Ambient"
"C3",2021-11-16,8.15194444444444,"Ambient"
"C3",2021-11-17,7.55100694444444,"Ambient"
"C3",2021-11-18,7.07697916666667,"Ambient"
"C3",2021-11-19,6.42597222222222,"Ambient"
"C3",2021-11-20,6.06243055555556,"Ambient"
"C3",2021-11-21,6.84079861111111,"Ambient"
"C3",2021-11-22,7.73760416666667,"Ambient"
"C3",2021-11-23,7.10215277777778,"Ambient"
"C3",2021-11-24,6.81569444444444,"Ambient"
"C3",2021-11-25,7.08239583333333,"Ambient"
"C3",2021-11-26,6.90680555555556,"Ambient"
"C3",2021-11-27,5.57190972222222,"Ambient"
"C3",2021-11-28,4.2815625,"Ambient"
"C3",2021-11-29,3.31472222222222,"Ambient"
"C3",2021-11-30,3.4046875,"Ambient"
"C3",2021-12-01,3.82729166666667,"Ambient"
"C3",2021-12-02,4.66083333333333,"Ambient"
"C3",2021-12-03,4.27875,"Ambient"
"C3",2021-12-04,5.04111111111111,"Ambient"
"C3",2021-12-05,4.83409722222222,"Ambient"
"C3",2021-12-13,5.74460674157303,"Ambient"
"C3",2021-12-14,5.61760416666667,"Ambient"
"C3",2021-12-15,5.82135416666667,"Ambient"
"C3",2021-12-16,6.08361111111111,"Ambient"
"C3",2021-12-17,5.69878472222222,"Ambient"
"C3",2021-12-18,5.54690972222222,"Ambient"
"C3",2021-12-19,5.03368055555556,"Ambient"
"C3",2021-12-20,4.45635416666667,"Ambient"
"C3",2021-12-21,4.59347222222222,"Ambient"
"C3",2021-12-22,5.83013888888889,"Ambient"
"C3",2021-12-23,6.41850694444444,"Ambient"
"C3",2021-12-24,7.22583333333333,"Ambient"
"C3",2021-12-25,7.88923611111111,"Ambient"
"C3",2021-12-26,7.58743055555556,"Ambient"
"C3",2021-12-27,8.14899305555556,"Ambient"
"C3",2021-12-28,8.89309027777778,"Ambient"
"C3",2021-12-29,10.4777083333333,"Ambient"
"C3",2021-12-30,11.1961805555556,"Ambient"
"C3",2021-12-31,9.90388888888889,"Ambient"
"C3",2022-01-01,9.31826388888889,"Ambient"
"C3",2022-01-02,8.96715277777778,"Ambient"
"C3",2022-01-03,8.71895833333333,"Ambient"
"C3",2022-01-04,8.64302083333333,"Ambient"
"C3",2022-01-05,7.9853125,"Ambient"
"C3",2022-01-06,5.46520833333333,"Ambient"
"C3",2022-01-07,3.543125,"Ambient"
"C3",2022-01-08,4.08954861111111,"Ambient"
"C3",2022-01-09,5.57986111111111,"Ambient"
"C3",2022-01-18,3.4802380952381,"Ambient"
"C3",2022-01-19,3.34145833333333,"Ambient"
"C3",2022-01-20,3.97600694444444,"Ambient"
"C3",2022-01-21,4.15954861111111,"Ambient"
"C3",2022-01-22,3.32795138888889,"Ambient"
"C3",2022-01-23,3.19434027777778,"Ambient"
"C3",2022-01-24,3.513125,"Ambient"
"C3",2022-01-25,3.99069444444444,"Ambient"
"C3",2022-01-26,4.2375,"Ambient"
"C3",2022-01-27,4.38100694444444,"Ambient"
"C3",2022-01-28,4.01482638888889,"Ambient"
"C3",2022-01-29,3.74493055555556,"Ambient"
"C3",2022-01-30,4.27722222222222,"Ambient"
"C3",2022-01-31,4.57944444444444,"Ambient"
"C3",2022-02-01,5.08902777777778,"Ambient"
"C3",2022-02-02,5.53763888888889,"Ambient"
"C3",2022-02-03,6.051875,"Ambient"
"C3",2022-02-04,6.91038194444444,"Ambient"
"C3",2022-02-05,7.74725694444444,"Ambient"
"C3",2022-02-06,6.20357638888889,"Ambient"
"C3",2022-02-07,6.06878472222222,"Ambient"
"C3",2022-02-08,7.76267361111111,"Ambient"
"C3",2022-02-09,7.98878472222222,"Ambient"
"C3",2022-02-10,8.13100694444444,"Ambient"
"C3",2022-02-11,8.38770833333333,"Ambient"
"C3",2022-02-12,8.02763888888889,"Ambient"
"C3",2022-02-13,8.40305555555556,"Ambient"
"C3",2022-02-14,8.93881944444444,"Ambient"
"C3",2022-02-15,8.07121527777778,"Ambient"
"C3",2022-02-16,8.131875,"Ambient"
"C3",2022-02-17,9.21806603773585,"Ambient"
"C3",2022-02-18,11.4399315068493,"Ambient"
"C3",2022-02-19,9.93059027777778,"Ambient"
"C3",2022-02-20,8.13368055555556,"Ambient"
"C3",2022-02-21,9.35774305555556,"Ambient"
"C3",2022-02-22,9.46506944444444,"Ambient"
"C3",2022-02-23,9.01555555555556,"Ambient"
"C3",2022-02-24,9.18041958041958,"Ambient"
"C3",2022-02-25,9.21204861111111,"Ambient"
"C3",2022-02-26,7.47083333333333,"Ambient"
"C3",2022-02-27,6.88305555555556,"Ambient"
"C3",2022-02-28,8.62086805555556,"Ambient"
"C3",2022-03-01,8.92197916666667,"Ambient"
"C3",2022-03-02,8.78829457364341,"Ambient"
"C3",2022-03-04,9.44029702970297,"Ambient"
"C3",2022-03-05,8.67475694444444,"Ambient"
"C3",2022-03-06,8.09972222222222,"Ambient"
"C3",2022-03-07,8.42472222222222,"Ambient"
"C3",2022-03-08,7.93309027777778,"Ambient"
"C3",2022-03-09,8.49305555555556,"Ambient"
"C3",2022-03-10,9.33989583333333,"Ambient"
"C3",2022-03-11,9.38034722222222,"Ambient"
"C3",2022-03-12,9.92340277777778,"Ambient"
"C3",2022-03-13,8.57666666666667,"Ambient"
"C3",2022-03-14,6.99520833333333,"Ambient"
"C3",2022-03-15,8.56989583333333,"Ambient"
"C3",2022-03-16,9.97972222222222,"Ambient"
"C3",2022-03-17,10.6890277777778,"Ambient"
"C3",2022-03-18,9.96295138888889,"Ambient"
"C3",2022-03-19,9.82121527777778,"Ambient"
"C3",2022-03-20,11.0136458333333,"Ambient"
"C3",2022-03-21,12.4193034825871,"Ambient"
"C3",2022-03-22,12.2215625,"Ambient"
"C3",2022-03-23,11.9885763888889,"Ambient"
"C3",2022-03-24,11.8257638888889,"Ambient"
"C3",2022-03-25,12.5448958333333,"Ambient"
"C3",2022-03-26,12.9770833333333,"Ambient"
"C3",2022-03-27,12.5530797101449,"Ambient"
"C3",2022-03-28,12.8714930555556,"Ambient"
"C3",2022-03-29,13.2454513888889,"Ambient"
"C3",2022-03-30,12.6381944444444,"Ambient"
"C3",2022-03-31,10.6063888888889,"Ambient"
"C3",2022-04-01,7.74572916666667,"Ambient"
"C3",2022-04-02,5.03791666666667,"Ambient"
"C3",2022-04-03,4.44677083333333,"Ambient"
"C3",2022-04-04,5.844375,"Ambient"
"C3",2022-04-05,7.41753472222222,"Ambient"
"C3",2022-04-06,8.60763888888889,"Ambient"
"C3",2022-04-07,9.84489583333333,"Ambient"
"C3",2022-04-08,13.0970833333333,"Ambient"
"C3",2022-04-09,13.0447916666667,"Ambient"
"C3",2022-04-10,12.1003472222222,"Ambient"
"C3",2022-04-11,13.3982986111111,"Ambient"
"C3",2022-04-12,13.9092361111111,"Ambient"
"C3",2022-04-13,13.6559027777778,"Ambient"
"C3",2022-04-14,13.7680556041667,"Ambient"
"C3",2022-04-15,15.1870139722222,"Ambient"
"C3",2022-04-16,16.9431250243056,"Ambient"
"C3",2022-04-17,17.2542360798611,"Ambient"
"C3",2022-04-18,17.7802083090278,"Ambient"
"C3",2022-04-19,15.7267361041667,"Ambient"
"C3",2022-04-20,12.1834027777778,"Ambient"
"C3",2022-04-21,11.216875,"Ambient"
"C3",2022-04-22,11.6848263888889,"Ambient"
"C3",2022-04-23,12.0567708333333,"Ambient"
"C3",2022-04-24,11.9545833333333,"Ambient"
"C3",2022-04-25,13.1041666666667,"Ambient"
"C3",2022-04-26,14.7868749652778,"Ambient"
"C3",2022-04-27,15.9940626423611,"Ambient"
"C3",2022-04-28,15.9635416875,"Ambient"
"C3",2022-04-29,16.6277430833333,"Ambient"
"C3",2022-04-30,17.787430625,"Ambient"
"C3",2022-05-01,17.1471180381944,"Ambient"
"C3",2022-05-02,16.4403819618056,"Ambient"
"C3",2022-05-03,15.0813194444444,"Ambient"
"C3",2022-05-04,14.1514930555556,"Ambient"
"C3",2022-05-05,13.5718402777778,"Ambient"
"C3",2022-05-06,14.2486458333333,"Ambient"
"C3",2022-05-07,16.0143749826389,"Ambient"
"C3",2022-05-08,17.3127430590278,"Ambient"
"C3",2022-05-09,17.8783333055556,"Ambient"
"C3",2022-05-10,19.6455555173611,"Ambient"
"C3",2022-05-11,21.1225694201389,"Ambient"
"C3",2022-05-12,21.6814583090278,"Ambient"
"C3",2022-05-13,21.6701388506944,"Ambient"
"C3",2022-05-14,22.1294444930556,"Ambient"
"C3",2022-05-15,22.9736805520833,"Ambient"
"C3",2022-05-16,24.0817707361111,"Ambient"
"C3",2022-05-17,23.9027777291667,"Ambient"
"C3",2022-05-18,25.1394097291667,"Ambient"
"C3",2022-05-19,25.0228818923611,"Ambient"
"C3",2022-05-20,25.41065971875,"Ambient"
"C3",2022-05-21,26.3000346944444,"Ambient"
"C3",2022-05-22,25.0477777222222,"Ambient"
"C3",2022-05-23,21.8929246650943,"Ambient"
"C3",2022-05-24,16.8020289855072,"Ambient"
"C3",2022-05-25,15.7014034824561,"Ambient"
"C3",2022-05-26,15.9782291597222,"Ambient"
"C3",2022-05-27,17.9520139513889,"Ambient"
"C3",2022-05-28,20.4512153020833,"Ambient"
"C3",2022-05-29,21.9969443993056,"Ambient"
"C3",2022-05-30,20.923263875,"Ambient"
"C3",2022-05-31,21.5304514409722,"Ambient"
"C3",2022-06-01,22.4434721701389,"Ambient"
"C3",2022-06-02,24.384880044,"Ambient"
"C3",2022-06-05,21.6884712738854,"Ambient"
"C3",2022-06-06,21.3131249756944,"Ambient"
"C3",2022-06-07,21.033090375,"Ambient"
"C3",2022-06-08,19.7803819409722,"Ambient"
"C3",2022-06-09,19.8130207986111,"Ambient"
"C3",2022-06-10,21.0382292013889,"Ambient"
"C3",2022-06-11,23.0394791875,"Ambient"
"C3",2022-06-12,24.4659027743056,"Ambient"
"C3",2022-06-20,26.8169593716216,"Ambient"
"C3",2022-06-21,25.2129186650718,"Ambient"
"C3",2022-06-22,22.7955355833333,"Ambient"
"C3",2022-06-23,23.10947915625,"Ambient"
"C3",2022-06-24,22.3571874479167,"Ambient"
"C3",2022-06-25,20.7492361041667,"Ambient"
"C3",2022-06-26,19.3559374375,"Ambient"
"C3",2022-06-27,17.1718748819444,"Ambient"
"C3",2022-06-28,18.1226785678571,"Ambient"
"C3",2022-06-29,22.8613332,"Ambient"
"C3",2022-06-30,19.3101110666667,"Ambient"
"C3",2022-07-01,18.8154737122807,"Ambient"
"C3",2022-07-02,20.4860069548611,"Ambient"
"C3",2022-07-03,23.2391319131944,"Ambient"
"C3",2022-07-18,28.2813461666667,"Ambient"
"C3",2022-07-19,27.1092334703833,"Ambient"
"C3",2022-07-20,26.5928819583333,"Ambient"
"C3",2022-07-21,26.8955903125,"Ambient"
"C3",2022-07-22,25.8909722673611,"Ambient"
"C3",2022-07-23,23.7183680277778,"Ambient"
"C3",2022-07-24,24.4234722152778,"Ambient"
"C3",2022-07-25,25.6555881862745,"Ambient"
"C3",2022-07-26,21.2501786607143,"Ambient"
"C3",2022-07-27,21.9423611041667,"Ambient"
"C3",2022-07-28,22.9162132904412,"Ambient"
"C3",2022-07-29,22.0242013333333,"Ambient"
"C3",2022-07-30,21.7353125277778,"Ambient"
"C3",2022-07-31,24.5589582951389,"Ambient"
"C3",2022-08-08,26.9354716603774,"Ambient"
"C3",2022-08-09,27.6797569548611,"Ambient"
"C3",2022-08-10,25.5332639027778,"Ambient"
"C3",2022-08-11,26.4657638993056,"Ambient"
"C3",2022-08-12,26.9878818680556,"Ambient"
"C3",2022-08-13,27.2229166701389,"Ambient"
"C3",2022-08-14,26.2488541909722,"Ambient"
"C3",2022-08-15,24.6454430506329,"Ambient"
"C3",2022-08-16,22.4473054491018,"Ambient"
"C3",2022-08-18,20.0094466245059,"Ambient"
"C3",2022-08-19,21.1059374930556,"Ambient"
"C3",2022-08-20,22.2487152638889,"Ambient"
"C3",2022-08-21,23.0202430243056,"Ambient"
"C3",2022-08-22,23.569367164557,"Ambient"
"C3",2022-08-23,24.39253471875,"Ambient"
"C3",2022-08-24,25.0792708125,"Ambient"
"C3",2022-08-25,25.5044798402778,"Ambient"
"C3",2022-08-26,22.8352430763889,"Ambient"
"C3",2022-08-27,23.8439582916667,"Ambient"
"C3",2022-08-28,24.2630208263889,"Ambient"
"C3",2022-08-30,23.8542351352941,"Ambient"
"C3",2022-08-31,22.7214235798611,"Ambient"
"C3",2022-09-01,22.0395833020833,"Ambient"
"C3",2022-09-02,22.5163888472222,"Ambient"
"C3",2022-09-03,22.2912152777778,"Ambient"
"C3",2022-09-04,22.00465271875,"Ambient"
"C3",2022-09-05,22.1551736041667,"Ambient"
"C3",2022-09-06,23.1038541909722,"Ambient"
"C3",2022-09-07,23.29538190625,"Ambient"
"C3",2022-09-08,21.4850694756944,"Ambient"
"C3",2022-09-09,19.9133680625,"Ambient"
"C3",2022-09-10,18.7307638680556,"Ambient"
"C3",2022-09-11,20.60809028125,"Ambient"
"C3",2022-09-12,21.4084375104167,"Ambient"
"C3",2022-09-13,22.4551042708333,"Ambient"
"C3",2022-09-14,22.5553124513889,"Ambient"
"C3",2022-09-15,21.9452082569444,"Ambient"
"C3",2022-09-16,20.6949653298611,"Ambient"
"C3",2022-09-17,19.7125347534722,"Ambient"
"C3",2022-09-18,17.9271180486111,"Ambient"
"C3",2022-09-19,17.2344444895833,"Ambient"
"C3",2022-09-20,17.0298611041667,"Ambient"
"C3",2022-09-21,17.1423611076389,"Ambient"
"C3",2022-09-22,17.3324652777778,"Ambient"
"C3",2022-09-23,17.2881597430556,"Ambient"
"C3",2022-09-24,17.0154512847222,"Ambient"
"C3",2022-09-25,15.1047916666667,"Ambient"
"C3",2022-09-26,15.2138542291667,"Ambient"
"C3",2022-09-27,14.8804861111111,"Ambient"
"C3",2022-09-28,14.8669444479167,"Ambient"
"C3",2022-09-29,14.8563541666667,"Ambient"
"C3",2022-09-30,13.7678125,"Ambient"
"C3",2022-10-01,13.49375,"Ambient"
"C3",2022-10-02,15.6993749583333,"Ambient"
"C3",2022-10-03,17.7803125486111,"Ambient"
"C3",2022-10-04,17.4782985729167,"Ambient"
"C3",2022-10-05,17.2946528368056,"Ambient"
"C3",2022-10-06,17.7063192986111,"Ambient"
"C3",2022-10-07,17.7331946076389,"Ambient"
"C3",2022-10-08,18.0746874548611,"Ambient"
"C3",2022-10-09,17.6842012951389,"Ambient"
"C3",2022-10-10,17.09416671875,"Ambient"
"C3",2022-10-11,17.2795486076389,"Ambient"
"C3",2022-10-12,17.5968750729167,"Ambient"
"C3",2022-10-13,17.9912847847222,"Ambient"
"C3",2022-10-14,18.7953819722222,"Ambient"
"C3",2022-10-15,17.8857639027778,"Ambient"
"C3",2022-10-16,17.8325347673611,"Ambient"
"C3",2022-10-17,18.4912847222222,"Ambient"
"C3",2022-10-18,18.48524309375,"Ambient"
"C3",2022-10-19,18.0406249861111,"Ambient"
"C3",2022-10-20,17.9773263402778,"Ambient"
"C3",2022-10-21,16.9643403506944,"Ambient"
"C3",2022-10-22,16.6642707430556,"Ambient"
"C3",2022-10-23,17.8159375104167,"Ambient"
"C3",2022-10-24,17.6613542291667,"Ambient"
"C3",2022-10-25,16.3330208090278,"Ambient"
"C3",2022-10-26,15.8204513854167,"Ambient"
"C3",2022-10-27,15.9159027916667,"Ambient"
"C3",2022-10-28,16.6439582013889,"Ambient"
"C3",2022-10-29,17.0050347534722,"Ambient"
"C3",2022-10-30,15.17203332,"Ambient"
"C3",2022-10-31,13.8062152777778,"Ambient"
"C3",2022-11-01,14.5259027777778,"Ambient"
"C3",2022-11-02,15.7073958680556,"Ambient"
"C3",2022-11-03,13.6743055555556,"Ambient"
"C3",2022-11-04,10.8202430555556,"Ambient"
"C3",2022-11-05,10.2425347222222,"Ambient"
"C3",2022-11-06,9.64232638888889,"Ambient"
"C3",2022-11-07,9.80659722222222,"Ambient"
"C3",2022-11-08,10.7521180555556,"Ambient"
"C3",2022-11-09,11.4027430555556,"Ambient"
"C3",2022-11-10,11.4008680555556,"Ambient"
"C3",2022-11-11,10.1947916666667,"Ambient"
"C3",2022-11-12,10.9500694444444,"Ambient"
"C3",2022-11-13,11.2978472222222,"Ambient"
"C3",2022-11-14,10.9522222222222,"Ambient"
"C3",2022-11-15,11.374375,"Ambient"
"C3",2022-11-16,11.8486111111111,"Ambient"
"C3",2022-11-17,11.9711458333333,"Ambient"
"C3",2022-11-18,11.4045486111111,"Ambient"
"C3",2022-11-19,9.64659722222222,"Ambient"
"C3",2022-11-20,7.07309027777778,"Ambient"
"C3",2022-11-21,7.61510416666667,"Ambient"
"C3",2022-11-22,7.04277777777778,"Ambient"
"C3",2022-11-23,7.80666666666667,"Ambient"
"C3",2022-11-24,7.2165625,"Ambient"
"C3",2022-11-25,7.70861111111111,"Ambient"
"C3",2022-11-26,7.1315625,"Ambient"
"C3",2022-11-27,6.64555555555556,"Ambient"
"C3",2022-11-28,7.0090625,"Ambient"
"C3",2022-11-29,7.04892361111111,"Ambient"
"C3",2022-11-30,6.90520833333333,"Ambient"
"C3",2022-12-01,5.46517361111111,"Ambient"
"C3",2022-12-02,5.50128472222222,"Ambient"
"C3",2022-12-03,5.39045138888889,"Ambient"
"C3",2022-12-04,4.3146875,"Ambient"
"C3",2022-12-05,3.7659375,"Ambient"
"C3",2022-12-06,4.6471875,"Ambient"
"C3",2022-12-07,6.74961805555556,"Ambient"
"C3",2022-12-08,7.41517361111111,"Ambient"
"C3",2022-12-09,7.36409722222222,"Ambient"
"C3",2022-12-10,7.27951388888889,"Ambient"
"C3",2022-12-11,4.08944444444444,"Ambient"
"C3",2022-12-12,3.9490625,"Ambient"
"C3",2022-12-13,5.44583333333333,"Ambient"
"C3",2022-12-14,7.85149305555556,"Ambient"
"C3",2022-12-15,8.20993055555556,"Ambient"
"C3",2022-12-16,8.58090277777778,"Ambient"
"C3",2022-12-17,8.325,"Ambient"
"C3",2022-12-18,6.38465277777778,"Ambient"
"C3",2022-12-19,5.25545138888889,"Ambient"
"C3",2022-12-20,5.99722222222222,"Ambient"
"C3",2022-12-21,8.39149305555556,"Ambient"
"C3",2022-12-22,9.3734375,"Ambient"
"C3",2022-12-23,10.0092361111111,"Ambient"
"C3",2022-12-24,9.80333333333333,"Ambient"
"C3",2022-12-25,9.26399305555556,"Ambient"
"C3",2022-12-26,8.93180555555556,"Ambient"
"C3",2022-12-27,8.87395833333333,"Ambient"
"C3",2022-12-28,8.34041666666667,"Ambient"
"C3",2022-12-29,8.000625,"Ambient"
"C3",2022-12-30,8.73204861111111,"Ambient"
"C3",2022-12-31,9.59180555555556,"Ambient"
"C3",2023-01-01,8.93618055555556,"Ambient"
"C3",2023-01-02,8.71392361111111,"Ambient"
"C3",2023-01-03,8.856875,"Ambient"
"C3",2023-01-04,7.25069444444444,"Ambient"
"C3",2023-01-05,6.03979166666667,"Ambient"
"C3",2023-01-06,5.68979166666667,"Ambient"
"C3",2023-01-07,5.34454861111111,"Ambient"
"C5",2019-02-01,0,"Ambient"
"C5",2019-02-02,0,"Ambient"
"C5",2019-02-03,0,"Ambient"
"C5",2019-02-04,28.5320282847222,"Ambient"
"C5",2019-02-05,96.0163677881944,"Ambient"
"C5",2019-02-06,101.128655802083,"Ambient"
"C5",2019-02-07,100.97387078125,"Ambient"
"C5",2019-02-08,97.9782961041667,"Ambient"
"C5",2019-02-09,98.4638335729167,"Ambient"
"C5",2019-02-10,98.5219666388889,"Ambient"
"C5",2019-02-11,8.26399769202899,"Ambient"
"C5",2019-02-12,5.74482638888889,"Ambient"
"C5",2019-02-13,5.22197916666667,"Ambient"
"C5",2019-02-14,5.3834375,"Ambient"
"C5",2019-02-15,6.10364583333333,"Ambient"
"C5",2019-02-16,6.84163194444444,"Ambient"
"C5",2019-02-17,7.18590277777778,"Ambient"
"C5",2019-02-18,6.83729166666667,"Ambient"
"C5",2019-02-19,6.44642361111111,"Ambient"
"C5",2019-02-20,6.54131944444444,"Ambient"
"C5",2019-02-21,7.31666666666667,"Ambient"
"C5",2019-02-22,8.14802083333333,"Ambient"
"C5",2019-02-23,8.866875,"Ambient"
"C5",2019-02-24,9.22267361111111,"Ambient"
"C5",2019-02-25,9.40267361111111,"Ambient"
"C5",2019-02-26,9.95284722222222,"Ambient"
"C5",2019-02-27,10.4076388888889,"Ambient"
"C5",2019-02-28,10.6022222222222,"Ambient"
"C5",2019-03-01,11.1345138888889,"Ambient"
"C5",2019-03-02,11.2339930555556,"Ambient"
"C5",2019-03-03,9.58590277777778,"Ambient"
"C5",2019-03-04,10.2831597222222,"Ambient"
"C5",2019-03-05,9.49128472222222,"Ambient"
"C5",2019-03-06,10.573125,"Ambient"
"C5",2019-03-07,10.0009722222222,"Ambient"
"C5",2019-03-08,8.14319445486111,"Ambient"
"C5",2019-03-09,12.3939236006944,"Ambient"
"C5",2019-03-10,12.0638542083333,"Ambient"
"C5",2019-03-11,9.50690974305556,"Ambient"
"C5",2019-03-12,11.5150000491782,"Ambient"
"C5",2019-03-13,7.40798610763889,"Ambient"
"C5",2019-03-14,10.7831597291667,"Ambient"
"C5",2019-03-15,12.6302777604167,"Ambient"
"C5",2019-03-16,13.5661111,"Ambient"
"C5",2019-03-17,8.20440972569445,"Ambient"
"C5",2019-03-18,9.60229165972222,"Ambient"
"C5",2019-03-19,6.16038194444444,"Ambient"
"C5",2019-03-20,9.8856227544484,"Ambient"
"C5",2019-03-21,9.14779025117017,"Ambient"
"C5",2019-03-22,11.0826592397004,"Ambient"
"C5",2019-03-23,13.5627137769517,"Ambient"
"C5",2019-03-24,13.7063773773585,"Ambient"
"C5",2019-03-25,11.933665519573,"Ambient"
"C5",2019-03-26,10.9333197009174,"Ambient"
"C5",2019-03-27,9.44200743817867,"Ambient"
"C5",2019-03-28,11.7569533978495,"Ambient"
"C5",2019-03-29,11.5001865634328,"Ambient"
"C5",2019-03-30,12.3253992015209,"Ambient"
"C5",2019-03-31,14.6037847395833,"Ambient"
"C5",2019-04-01,14.5135144492754,"Ambient"
"C5",2019-04-02,10.1252777777778,"Ambient"
"C5",2019-04-03,7.40805555555556,"Ambient"
"C5",2019-04-04,8.49538732763689,"Ambient"
"C5",2019-04-05,10.6925346736111,"Ambient"
"C5",2019-04-06,8.46107638888889,"Ambient"
"C5",2019-04-07,7.34501745333031,"Ambient"
"C5",2019-04-08,10.7868055520833,"Ambient"
"C5",2019-04-09,11.1909722048611,"Ambient"
"C5",2019-04-10,8.92427084027778,"Ambient"
"C5",2019-04-11,8.65055555555556,"Ambient"
"C5",2019-04-12,11.6728472048611,"Ambient"
"C5",2019-04-13,10.041022727345,"Ambient"
"C5",2019-04-14,11.4480555486111,"Ambient"
"C5",2019-04-15,15.5095139027778,"Ambient"
"C5",2019-04-16,13.5045833298611,"Ambient"
"C5",2019-04-17,15.1732986284722,"Ambient"
"C5",2019-04-18,15.1017013472222,"Ambient"
"C5",2019-04-19,17.4305660415094,"Ambient"
"C5",2019-04-20,15.8938403193916,"Ambient"
"C5",2019-04-21,11.6302430520833,"Ambient"
"C5",2019-04-22,14.1704316690647,"Ambient"
"C5",2019-04-23,15.6476041597222,"Ambient"
"C5",2019-04-24,13.5707291875,"Ambient"
"C5",2019-04-25,13.0399305520833,"Ambient"
"C5",2019-04-26,11.9284027569444,"Ambient"
"C5",2019-04-27,11.1704513715278,"Ambient"
"C5",2019-04-28,12.6227430590278,"Ambient"
"C5",2019-04-29,15.1701428642857,"Ambient"
"C5",2019-04-30,15.2666928385827,"Ambient"
"C5",2019-05-01,16.0032388299595,"Ambient"
"C5",2019-05-02,14.0767013923611,"Ambient"
"C5",2019-05-03,10.2107986111111,"Ambient"
"C5",2019-05-04,10.8142360902778,"Ambient"
"C5",2019-05-05,9.29729167740619,"Ambient"
"C5",2019-05-06,11.4334444813863,"Ambient"
"C5",2019-05-07,15.2558203242187,"Ambient"
"C5",2019-05-08,16.2518749895833,"Ambient"
"C5",2019-05-09,14.6585069756944,"Ambient"
"C5",2019-05-10,16.5381944236111,"Ambient"
"C5",2019-05-11,14.3518055625,"Ambient"
"C5",2019-05-12,13.2370486284722,"Ambient"
"C5",2019-05-13,14.8663214035714,"Ambient"
"C5",2019-05-14,15.0653036234818,"Ambient"
"C5",2019-05-15,15.7957438181818,"Ambient"
"C5",2019-05-16,17.3821774072581,"Ambient"
"C5",2019-05-17,11.8873611111111,"Ambient"
"C5",2019-05-18,10.5844097222222,"Ambient"
"C5",2019-05-19,11.4790972291667,"Ambient"
"C5",2019-05-20,12.9885416666667,"Ambient"
"C5",2019-05-21,15.6252083368056,"Ambient"
"C5",2019-05-22,17.32315975,"Ambient"
"C5",2019-05-23,17.6341569490196,"Ambient"
"C5",2019-05-24,14.3786458541667,"Ambient"
"C5",2019-05-25,13.5778819583333,"Ambient"
"C5",2019-05-26,14.1706249756944,"Ambient"
"C5",2019-05-27,15.2869444965278,"Ambient"
"C5",2019-05-28,15.6644444340278,"Ambient"
"C5",2019-05-29,14.9575694201389,"Ambient"
"C5",2019-05-30,19.2729166805556,"Ambient"
"C5",2019-05-31,21.6167708055556,"Ambient"
"C5",2019-06-01,24.4642361701389,"Ambient"
"C5",2019-06-02,26.3297211289199,"Ambient"
"C5",2019-06-03,22.2844791319444,"Ambient"
"C5",2019-06-04,23.309270875,"Ambient"
"C5",2019-06-05,13.1084722222222,"Ambient"
"C5",2019-06-06,17.9089930347222,"Ambient"
"C5",2019-06-07,16.4244791770833,"Ambient"
"C5",2019-06-08,18.1523610659722,"Ambient"
"C5",2019-06-09,18.9761805451389,"Ambient"
"C5",2019-06-10,13.6514930555556,"Ambient"
"C5",2019-06-11,11.3607986111111,"Ambient"
"C5",2019-06-12,14.874494728223,"Ambient"
"C5",2019-06-13,19.8665277777778,"Ambient"
"C5",2019-06-14,17.2697222395833,"Ambient"
"C5",2019-06-15,14.8064236180556,"Ambient"
"C5",2019-06-16,19.97916659375,"Ambient"
"C5",2019-06-17,23.25791671875,"Ambient"
"C5",2019-06-18,25.2109722604167,"Ambient"
"C5",2019-06-19,23.2974305729167,"Ambient"
"C5",2019-06-20,17.82045140625,"Ambient"
"C5",2019-06-21,16.1196874375,"Ambient"
"C5",2019-06-22,21.6895138472222,"Ambient"
"C5",2019-06-23,26.0314946939502,"Ambient"
"C5",2019-06-24,24.4438193958333,"Ambient"
"C5",2019-06-25,24.6498959409722,"Ambient"
"C5",2019-06-26,26.5195612280702,"Ambient"
"C5",2019-06-27,25.5583422192513,"Ambient"
"C5",2019-06-28,27.5260069097222,"Ambient"
"C5",2019-06-29,24.6926983492063,"Ambient"
"C5",2019-06-30,26.030208375,"Ambient"
"C5",2019-07-01,22.2787847013889,"Ambient"
"C5",2019-07-02,20.2345139409722,"Ambient"
"C5",2019-07-03,22.2201041111111,"Ambient"
"C5",2019-07-04,24.0973610972222,"Ambient"
"C5",2019-07-05,26.9659375173611,"Ambient"
"C5",2019-07-06,27.9301041076389,"Ambient"
"C5",2019-07-07,28.0035069097222,"Ambient"
"C5",2019-07-08,27.2920138298611,"Ambient"
"C5",2019-07-09,24.2406250173611,"Ambient"
"C5",2019-07-10,23.8253125208333,"Ambient"
"C5",2019-07-11,25.8752081875,"Ambient"
"C5",2019-07-12,22.2097569027778,"Ambient"
"C5",2019-07-13,18.5094792326389,"Ambient"
"C5",2019-07-14,17.2995486145833,"Ambient"
"C5",2019-07-15,16.9892360868056,"Ambient"
"C5",2019-07-16,17.24249996875,"Ambient"
"C5",2019-07-17,17.0549999895833,"Ambient"
"C5",2019-07-18,15.9672916701389,"Ambient"
"C5",2019-07-19,17.2036111145833,"Ambient"
"C5",2019-07-20,17.4938890034722,"Ambient"
"C5",2019-07-21,17.3201736944444,"Ambient"
"C5",2019-07-22,18.6487152569444,"Ambient"
"C5",2019-07-23,20.1047568993056,"Ambient"
"C5",2019-07-24,20.613611125,"Ambient"
"C5",2019-07-25,20.3796875555556,"Ambient"
"C5",2019-07-26,17.2410069548611,"Ambient"
"C5",2019-07-27,14.7213888888889,"Ambient"
"C5",2019-07-28,15.2022222118056,"Ambient"
"C5",2019-07-29,16.54340278125,"Ambient"
"C5",2019-07-30,15.6944791493056,"Ambient"
"C5",2019-07-31,15.3879860763889,"Ambient"
"C5",2019-08-01,15.8059374965278,"Ambient"
"C5",2019-08-02,16.44486109375,"Ambient"
"C5",2019-08-03,17.2148611145833,"Ambient"
"C5",2019-08-04,17.790451375,"Ambient"
"C5",2019-08-05,18.0953125451389,"Ambient"
"C5",2019-08-06,22.0728275759162,"Ambient"
"C5",2019-08-07,24.2575347534722,"Ambient"
"C5",2019-08-08,25.5915278055556,"Ambient"
"C5",2019-08-09,22.0501389513889,"Ambient"
"C5",2019-08-10,17.6116666701389,"Ambient"
"C5",2019-08-11,14.6846180555556,"Ambient"
"C5",2019-08-12,14.5355555555556,"Ambient"
"C5",2019-08-13,14.7325,"Ambient"
"C5",2019-08-14,15.3194792048611,"Ambient"
"C5",2019-08-15,14.70875,"Ambient"
"C5",2019-08-16,15.8716319652778,"Ambient"
"C5",2019-08-17,16.6254166527778,"Ambient"
"C5",2019-08-18,16.7579860833333,"Ambient"
"C5",2019-08-19,17.7122916076389,"Ambient"
"C5",2019-08-20,18.2356944930556,"Ambient"
"C5",2019-08-21,19.0577082395833,"Ambient"
"C5",2019-08-22,20.7679860902778,"Ambient"
"C5",2019-08-23,21.7100372565056,"Ambient"
"C5",2019-08-24,23.4406944722222,"Ambient"
"C5",2019-08-25,24.3080208298611,"Ambient"
"C5",2019-08-26,22.5997222673611,"Ambient"
"C5",2019-08-27,16.6296515609756,"Ambient"
"C5",2019-08-28,15.3027777916667,"Ambient"
"C5",2019-08-29,15.74260415625,"Ambient"
"C5",2019-08-30,15.9210069166667,"Ambient"
"C5",2019-08-31,15.73309025,"Ambient"
"C5",2019-09-01,14.49597221875,"Ambient"
"C5",2019-09-02,14.2580208333333,"Ambient"
"C5",2019-09-03,14.5384375,"Ambient"
"C5",2019-09-04,14.8413194513889,"Ambient"
"C5",2019-09-05,14.6730902777778,"Ambient"
"C5",2019-09-06,14.5222916666667,"Ambient"
"C5",2019-09-07,14.4538194444444,"Ambient"
"C5",2019-09-08,14.4729861111111,"Ambient"
"C5",2019-09-09,14.3303472222222,"Ambient"
"C5",2019-09-10,14.2226736111111,"Ambient"
"C5",2019-09-11,14.1132291666667,"Ambient"
"C5",2019-09-12,14.5934375,"Ambient"
"C5",2019-09-13,14.6860763888889,"Ambient"
"C5",2019-09-14,14.9538888923611,"Ambient"
"C5",2019-09-15,14.810173625,"Ambient"
"C5",2019-09-16,15.0497916354167,"Ambient"
"C5",2019-09-17,15.0043749930556,"Ambient"
"C5",2019-09-18,14.5774305555556,"Ambient"
"C5",2019-09-19,14.8958333298611,"Ambient"
"C5",2019-09-20,15.2634722604167,"Ambient"
"C5",2019-09-21,14.7336458333333,"Ambient"
"C5",2019-09-22,14.3327777777778,"Ambient"
"C5",2019-09-23,14.6594097222222,"Ambient"
"C5",2019-09-24,14.8360763888889,"Ambient"
"C5",2019-09-25,14.6985763888889,"Ambient"
"C5",2019-09-26,14.9679513923611,"Ambient"
"C5",2019-09-27,14.7987847222222,"Ambient"
"C5",2019-09-28,14.8513541666667,"Ambient"
"C5",2019-09-29,14.9868055451389,"Ambient"
"C5",2019-09-30,15.2884722465278,"Ambient"
"C5",2019-10-01,16.0244791736111,"Ambient"
"C5",2019-10-02,16.8903819722222,"Ambient"
"C5",2019-10-03,16.0906944201389,"Ambient"
"C5",2019-10-04,14.6654166666667,"Ambient"
"C5",2019-10-05,15.3269445034722,"Ambient"
"C5",2019-10-06,15.1231597222222,"Ambient"
"C5",2019-10-07,14.5535416666667,"Ambient"
"C5",2019-10-08,15.2746528020833,"Ambient"
"C5",2019-10-09,14.8648263888889,"Ambient"
"C5",2019-10-10,14.9441319236111,"Ambient"
"C5",2019-10-11,14.3373263923611,"Ambient"
"C5",2019-10-12,14.8939583333333,"Ambient"
"C5",2019-10-13,15.3973958541667,"Ambient"
"C5",2019-10-14,15.0307986111111,"Ambient"
"C5",2019-10-15,15.0240625,"Ambient"
"C5",2019-10-16,13.4294444444444,"Ambient"
"C5",2019-10-17,13.7885069444444,"Ambient"
"C5",2019-10-18,13.9034722222222,"Ambient"
"C5",2019-10-19,14.3595138888889,"Ambient"
"C5",2019-10-20,14.4320833333333,"Ambient"
"C5",2019-10-21,13.741875,"Ambient"
"C5",2019-10-22,12.7671875,"Ambient"
"C5",2019-10-23,12.7068402777778,"Ambient"
"C5",2019-10-24,13.3456597222222,"Ambient"
"C5",2019-10-25,13.2810069444444,"Ambient"
"C5",2019-10-26,13.2771180555556,"Ambient"
"C5",2019-10-27,13.6097569444444,"Ambient"
"C5",2019-10-28,14.0705208333333,"Ambient"
"C5",2019-10-29,14.3892708263889,"Ambient"
"C5",2019-10-30,16.0182985729167,"Ambient"
"C5",2019-10-31,16.3813888645833,"Ambient"
"C5",2019-11-01,14.2611805555556,"Ambient"
"C5",2019-11-02,13.9729861111111,"Ambient"
"C5",2019-11-03,12.9735763888889,"Ambient"
"C5",2019-11-04,11.9638541666667,"Ambient"
"C5",2019-11-05,11.6105208333333,"Ambient"
"C5",2019-11-06,10.1778125,"Ambient"
"C5",2019-11-07,8.71340277777778,"Ambient"
"C5",2019-11-08,6.9765625,"Ambient"
"C5",2019-11-09,7.36479166666667,"Ambient"
"C5",2019-11-10,7.82510416666667,"Ambient"
"C5",2019-11-11,6.61902777777778,"Ambient"
"C5",2019-11-12,7.195,"Ambient"
"C5",2019-11-13,7.61256944444444,"Ambient"
"C5",2019-11-14,6.14065972222222,"Ambient"
"C5",2019-11-15,4.84711805555556,"Ambient"
"C5",2019-11-16,4.64899305555556,"Ambient"
"C5",2019-11-17,5.24430555555556,"Ambient"
"C5",2019-11-18,5.88388888888889,"Ambient"
"C5",2019-11-19,5.14052083333333,"Ambient"
"C5",2019-11-20,4.68527777777778,"Ambient"
"C5",2019-11-21,4.66697916666667,"Ambient"
"C5",2019-11-22,4.8040625,"Ambient"
"C5",2019-11-23,5.77885416666667,"Ambient"
"C5",2019-11-24,6.42840277777778,"Ambient"
"C5",2019-11-25,6.86118055555556,"Ambient"
"C5",2019-11-26,7.72548611111111,"Ambient"
"C5",2019-11-27,9.38788194444444,"Ambient"
"C5",2019-11-28,9.77204861111111,"Ambient"
"C5",2019-11-29,10.6406944444444,"Ambient"
"C5",2019-11-30,9.69819444444444,"Ambient"
"C5",2019-12-01,9.02131944444444,"Ambient"
"C5",2019-12-02,8.02475694444444,"Ambient"
"C5",2019-12-03,7.53621527777778,"Ambient"
"C5",2019-12-04,6.32385416666667,"Ambient"
"C5",2019-12-05,5.92760416666667,"Ambient"
"C5",2019-12-06,6.33743055555556,"Ambient"
"C5",2019-12-07,6.46059027777778,"Ambient"
"C5",2019-12-08,6.69989583333333,"Ambient"
"C5",2019-12-09,7.48006944444444,"Ambient"
"C5",2019-12-10,7.09447916666667,"Ambient"
"C5",2019-12-11,6.32236111111111,"Ambient"
"C5",2019-12-12,6.30246527777778,"Ambient"
"C5",2019-12-13,8.31444444444444,"Ambient"
"C5",2019-12-14,10.6813888888889,"Ambient"
"C5",2019-12-15,10.8330208333333,"Ambient"
"C5",2019-12-16,10.0347569444444,"Ambient"
"C5",2019-12-17,10.1821180555556,"Ambient"
"C5",2019-12-18,10.5165714285714,"Ambient"
"C5",2019-12-19,9.21666666666667,"Ambient"
"C5",2019-12-20,10.1108680555556,"Ambient"
"C5",2019-12-21,9.62496527777778,"Ambient"
"C5",2019-12-22,9.42503472222222,"Ambient"
"C5",2019-12-23,8.83083333333333,"Ambient"
"C5",2019-12-24,9.99614583333333,"Ambient"
"C5",2019-12-25,10.4376736111111,"Ambient"
"C5",2019-12-26,9.75559027777778,"Ambient"
"C5",2019-12-27,8.66364583333333,"Ambient"
"C5",2019-12-28,7.23729166666667,"Ambient"
"C5",2019-12-29,6.45875,"Ambient"
"C5",2019-12-30,6.12930555555556,"Ambient"
"C5",2019-12-31,5.97628472222222,"Ambient"
"C5",2020-01-01,6.16090277777778,"Ambient"
"C5",2020-01-02,5.58576388888889,"Ambient"
"C5",2020-01-03,5.80253472222222,"Ambient"
"C5",2020-01-04,6.45586805555556,"Ambient"
"C5",2020-01-05,6.63947916666667,"Ambient"
"C5",2020-01-06,5.62885416666667,"Ambient"
"C5",2020-01-07,5.32298611111111,"Ambient"
"C5",2020-01-08,6.41760416666667,"Ambient"
"C5",2020-01-09,7.83,"Ambient"
"C5",2020-01-10,8.21989583333333,"Ambient"
"C5",2020-01-11,7.10826388888889,"Ambient"
"C5",2020-01-12,5.35267361111111,"Ambient"
"C5",2020-01-13,4.43638888888889,"Ambient"
"C5",2020-01-14,4.835,"Ambient"
"C5",2020-01-15,5.37118055555556,"Ambient"
"C5",2020-01-16,5.72270833333333,"Ambient"
"C5",2020-01-17,5.66364583333333,"Ambient"
"C5",2020-01-18,5.18534722222222,"Ambient"
"C5",2020-01-19,5.61493055555556,"Ambient"
"C5",2020-01-20,5.04597222222222,"Ambient"
"C5",2020-01-21,4.79989583333333,"Ambient"
"C5",2020-01-22,5.40489583333333,"Ambient"
"C5",2020-01-23,6.70010416666667,"Ambient"
"C5",2020-01-24,6.78885416666667,"Ambient"
"C5",2020-01-25,6.43486111111111,"Ambient"
"C5",2020-01-26,6.48888888888889,"Ambient"
"C5",2020-01-27,5.72569444444444,"Ambient"
"C5",2020-01-28,6.290625,"Ambient"
"C5",2020-01-29,6.40701388888889,"Ambient"
"C5",2020-01-30,8.065,"Ambient"
"C5",2020-01-31,10.2065972222222,"Ambient"
"C5",2020-02-01,9.91673611111111,"Ambient"
"C5",2020-02-02,10.6067013888889,"Ambient"
"C5",2020-02-03,12.0468402777778,"Ambient"
"C5",2020-02-04,11.9744791666667,"Ambient"
"C5",2020-02-05,10.4981944444444,"Ambient"
"C5",2020-02-06,8.14600694444444,"Ambient"
"C5",2020-02-07,7.07295138888889,"Ambient"
"C5",2020-02-08,6.90715277777778,"Ambient"
"C5",2020-02-09,8.01829861111111,"Ambient"
"C5",2020-02-10,10.8958333333333,"Ambient"
"C5",2020-02-11,12.1794444444444,"Ambient"
"C5",2020-02-12,11.4721875,"Ambient"
"C5",2020-02-13,10.8464236111111,"Ambient"
"C5",2020-02-14,12.3914930555556,"Ambient"
"C5",2020-02-15,11.6482986111111,"Ambient"
"C5",2020-02-16,11.4983333333333,"Ambient"
"C5",2020-02-17,10.2595138888889,"Ambient"
"C5",2020-02-18,8.92201388888889,"Ambient"
"C5",2020-02-19,8.94642361111111,"Ambient"
"C5",2020-02-20,8.97190972222222,"Ambient"
"C5",2020-02-21,9.22892361111111,"Ambient"
"C5",2020-02-22,9.67555555555556,"Ambient"
"C5",2020-02-23,10.5122916666667,"Ambient"
"C5",2020-02-24,10.7991319444444,"Ambient"
"C5",2020-02-25,10.0782638888889,"Ambient"
"C5",2020-02-26,9.46184027777778,"Ambient"
"C5",2020-02-27,9.0184375,"Ambient"
"C5",2020-02-28,10.9348263888889,"Ambient"
"C5",2020-02-29,10.9619444444444,"Ambient"
"C5",2020-03-01,10.9359375,"Ambient"
"C5",2020-03-02,10.5159375,"Ambient"
"C5",2020-03-03,8.21652777777778,"Ambient"
"C5",2020-03-04,7.90770833333333,"Ambient"
"C5",2020-03-05,9.16913194444444,"Ambient"
"C5",2020-03-06,7.83097222222222,"Ambient"
"C5",2020-03-07,7.40170138888889,"Ambient"
"C5",2020-03-08,9.00222222222222,"Ambient"
"C5",2020-03-09,9.52003533568905,"Ambient"
"C5",2020-03-10,9.95909722222222,"Ambient"
"C5",2020-03-11,10.4434158415842,"Ambient"
"C5",2020-03-13,11.7757386363636,"Ambient"
"C5",2020-03-14,11.3411111111111,"Ambient"
"C5",2020-03-15,11.3390625,"Ambient"
"C5",2020-03-16,12.105,"Ambient"
"C5",2020-03-17,11.9415972222222,"Ambient"
"C5",2020-03-18,12.8822222222222,"Ambient"
"C5",2020-03-19,14.1995139722222,"Ambient"
"C5",2020-03-20,15.1028472291667,"Ambient"
"C5",2020-03-21,14.8216319652778,"Ambient"
"C5",2020-03-22,14.4292013888889,"Ambient"
"C5",2020-03-23,13.8526388888889,"Ambient"
"C5",2020-03-24,13.2670833333333,"Ambient"
"C5",2020-03-25,12.5770833333333,"Ambient"
"C5",2020-03-26,11.1669791666667,"Ambient"
"C5",2020-03-27,9.29385416666667,"Ambient"
"C5",2020-03-28,10.7526388888889,"Ambient"
"C5",2020-03-29,11.5653472222222,"Ambient"
"C5",2020-03-30,9.66072916666667,"Ambient"
"C5",2020-03-31,9.0878125,"Ambient"
"C5",2020-04-01,11.2523263888889,"Ambient"
"C5",2020-04-02,11.3747916666667,"Ambient"
"C5",2020-04-03,11.7779513888889,"Ambient"
"C5",2020-04-04,12.5747916666667,"Ambient"
"C5",2020-04-05,14.1076041944444,"Ambient"
"C5",2020-04-06,14.8223263680556,"Ambient"
"C5",2020-04-07,15.1279861111111,"Ambient"
"C5",2020-04-08,15.2228820451389,"Ambient"
"C5",2020-04-09,15.6291666909722,"Ambient"
"C5",2020-04-10,16.9026042048611,"Ambient"
"C5",2020-04-11,16.9181598055556,"Ambient"
"C5",2020-04-12,16.1357290694444,"Ambient"
"C5",2020-04-13,14.6049305555556,"Ambient"
"C5",2020-04-14,15.4729166597222,"Ambient"
"C5",2020-04-15,16.6610069756944,"Ambient"
"C5",2020-04-16,17.4356596805556,"Ambient"
"C5",2020-04-17,17.9225000243056,"Ambient"
"C5",2020-04-18,18.4917707881944,"Ambient"
"C5",2020-04-19,18.54114584375,"Ambient"
"C5",2020-04-20,16.6535068125,"Ambient"
"C5",2020-04-21,15.5776736388889,"Ambient"
"C5",2020-04-22,14.4964930555556,"Ambient"
"C5",2020-04-23,14.8350694444444,"Ambient"
"C5",2020-04-24,16.1372569409722,"Ambient"
"C5",2020-04-25,17.4811458194444,"Ambient"
"C5",2020-04-26,17.8910416666667,"Ambient"
"C5",2020-04-27,17.4753471944444,"Ambient"
"C5",2020-04-28,15.9869792083333,"Ambient"
"C5",2020-04-29,15.2993055520833,"Ambient"
"C5",2020-04-30,16.6193055763889,"Ambient"
"C5",2020-05-01,16.5431597986111,"Ambient"
"C5",2020-05-02,17.9716666423611,"Ambient"
"C5",2020-05-03,20.0076388472222,"Ambient"
"C5",2020-05-04,21.7122917256944,"Ambient"
"C5",2020-05-05,23.7628124861111,"Ambient"
"C5",2020-05-06,23.2607291354167,"Ambient"
"C5",2020-05-07,22.9537499618056,"Ambient"
"C5",2020-05-08,22.5610416805556,"Ambient"
"C5",2020-05-09,21.9329166631944,"Ambient"
"C5",2020-05-10,19.9739583819444,"Ambient"
"C5",2020-05-11,16.5190625173611,"Ambient"
"C5",2020-05-12,15.36125,"Ambient"
"C5",2020-05-13,15.5648263680556,"Ambient"
"C5",2020-05-14,15.7645138888889,"Ambient"
"C5",2020-05-15,14.956875,"Ambient"
"C5",2020-05-16,14.7518055555556,"Ambient"
"C5",2020-05-17,16.1739930347222,"Ambient"
"C5",2020-05-18,18.5084722604167,"Ambient"
"C5",2020-05-19,19.98993046875,"Ambient"
"C5",2020-05-20,21.7717360972222,"Ambient"
"C5",2020-05-21,22.6004513958333,"Ambient"
"C5",2020-05-22,23.8342708854167,"Ambient"
"C5",2020-05-23,22.9343402326389,"Ambient"
"C5",2020-05-24,19.9495139895833,"Ambient"
"C5",2020-05-25,21.39447915625,"Ambient"
"C5",2020-05-26,22.5513889201389,"Ambient"
"C5",2020-05-27,23.5053472604167,"Ambient"
"C5",2020-05-28,24.0914583680556,"Ambient"
"C5",2020-05-29,24.14163203125,"Ambient"
"C5",2020-05-30,24.3740624930556,"Ambient"
"C5",2020-05-31,24.5256249965278,"Ambient"
"C5",2020-06-01,23.8961805729167,"Ambient"
"C5",2020-06-02,22.66621528125,"Ambient"
"C5",2020-06-03,21.9521179583333,"Ambient"
"C5",2020-06-04,19.6713541840278,"Ambient"
"C5",2020-06-05,18.1238194826389,"Ambient"
"C5",2020-06-06,19.45312509375,"Ambient"
"C5",2020-06-07,17.8134027986111,"Ambient"
"C5",2020-06-08,16.9252430347222,"Ambient"
"C5",2020-06-09,16.9078125347222,"Ambient"
"C5",2020-06-10,16.9552083506944,"Ambient"
"C5",2020-06-11,17.9350694722222,"Ambient"
"C5",2020-06-12,18.9774305625,"Ambient"
"C5",2020-06-13,19.7512847951389,"Ambient"
"C5",2020-06-14,18.5575347256944,"Ambient"
"C5",2020-06-15,20.2680902708333,"Ambient"
"C5",2020-06-16,19.4565971805556,"Ambient"
"C5",2020-06-17,17.7098263506944,"Ambient"
"C5",2020-06-18,17.4851389861111,"Ambient"
"C5",2020-06-19,19.1778819444444,"Ambient"
"C5",2020-06-20,21.2338888923611,"Ambient"
"C5",2020-06-21,22.2623958055556,"Ambient"
"C5",2020-06-22,23.7615277708333,"Ambient"
"C5",2020-06-23,24.4013888888889,"Ambient"
"C5",2020-06-24,25.6133333229167,"Ambient"
"C5",2020-06-25,25.3127430138889,"Ambient"
"C5",2020-06-26,24.2922915659722,"Ambient"
"C5",2020-06-27,24.9885416180556,"Ambient"
"C5",2020-06-28,24.71114584375,"Ambient"
"C5",2020-06-29,21.1331944583333,"Ambient"
"C5",2020-06-30,18.0743750451389,"Ambient"
"C5",2020-07-01,17.75565975,"Ambient"
"C5",2020-07-02,17.5828472152778,"Ambient"
"C5",2020-07-03,17.4945484791667,"Ambient"
"C5",2020-07-04,17.5367708263889,"Ambient"
"C5",2020-07-05,17.8905208090278,"Ambient"
"C5",2020-07-06,17.0643055798611,"Ambient"
"C5",2020-07-07,17.7262847048611,"Ambient"
"C5",2020-07-08,17.7853819479167,"Ambient"
"C5",2020-07-09,17.3475693229167,"Ambient"
"C5",2020-07-10,17.0478819444444,"Ambient"
"C5",2020-07-11,17.4411111145833,"Ambient"
"C5",2020-07-12,17.2898264618056,"Ambient"
"C5",2020-07-13,17.4662500486111,"Ambient"
"C5",2020-07-14,17.2862499270833,"Ambient"
"C5",2020-07-15,17.4785762430556,"Ambient"
"C5",2020-07-16,17.6390972256944,"Ambient"
"C5",2020-07-17,17.6416319895833,"Ambient"
"C5",2020-07-18,18.1136805034722,"Ambient"
"C5",2020-07-19,18.3113888854167,"Ambient"
"C5",2020-07-20,18.3817014618056,"Ambient"
"C5",2020-07-21,18.3440972152778,"Ambient"
"C5",2020-07-22,18.0883680451389,"Ambient"
"C5",2020-07-23,18.0747569236111,"Ambient"
"C5",2020-07-24,17.5216319930556,"Ambient"
"C5",2020-07-25,17.9759027916667,"Ambient"
"C5",2020-07-26,19.6851388333333,"Ambient"
"C5",2020-07-27,22.0637847743056,"Ambient"
"C5",2020-07-28,17.4384374166667,"Ambient"
"C5",2020-07-29,17.3898958402778,"Ambient"
"C5",2020-07-30,18.8943055520833,"Ambient"
"C5",2020-07-31,19.4788194652778,"Ambient"
"C5",2020-08-01,17.2343749513889,"Ambient"
"C5",2020-08-02,17.5529513819444,"Ambient"
"C5",2020-08-03,17.63854165625,"Ambient"
"C5",2020-08-04,17.4763541944444,"Ambient"
"C5",2020-08-05,17.6797222986111,"Ambient"
"C5",2020-08-06,18.20500003125,"Ambient"
"C5",2020-08-07,18.62878475,"Ambient"
"C5",2020-08-08,18.6109722951389,"Ambient"
"C5",2020-08-09,17.6571874652778,"Ambient"
"C5",2020-08-10,17.5505903090278,"Ambient"
"C5",2020-08-11,17.7426041909722,"Ambient"
"C5",2020-08-12,17.9941667361111,"Ambient"
"C5",2020-08-13,17.3622569444444,"Ambient"
"C5",2020-08-14,17.7906943159722,"Ambient"
"C5",2020-08-15,18.0248610659722,"Ambient"
"C5",2020-08-16,17.3152082881944,"Ambient"
"C5",2020-08-17,17.4366318333333,"Ambient"
"C5",2020-08-18,17.5186458576389,"Ambient"
"C5",2020-08-19,18.6986111458333,"Ambient"
"C5",2020-08-20,18.6547569305556,"Ambient"
"C5",2020-08-21,18.3120138958333,"Ambient"
"C5",2020-08-22,17.2697570798611,"Ambient"
"C5",2020-08-23,17.7076736284722,"Ambient"
"C5",2020-08-24,17.7795485833333,"Ambient"
"C5",2020-08-25,18.2368056180556,"Ambient"
"C5",2020-08-26,18.0035416597222,"Ambient"
"C5",2020-08-27,18.1472569756944,"Ambient"
"C5",2020-08-28,17.0265277395833,"Ambient"
"C5",2020-08-29,16.7446179375,"Ambient"
"C5",2020-08-30,16.1848263923611,"Ambient"
"C5",2020-08-31,16.6624999618056,"Ambient"
"C5",2020-09-01,16.6896528263889,"Ambient"
"C5",2020-09-02,17.6712846805556,"Ambient"
"C5",2020-09-03,16.8412153125,"Ambient"
"C5",2020-09-04,17.4777431180556,"Ambient"
"C5",2020-09-05,17.4587847569444,"Ambient"
"C5",2020-09-06,17.7098264375,"Ambient"
"C5",2020-09-07,17.3951736041667,"Ambient"
"C5",2020-09-08,16.7643402222222,"Ambient"
"C5",2020-09-09,17.3976736736111,"Ambient"
"C5",2020-09-10,17.7582291631944,"Ambient"
"C5",2020-09-11,17.7989930659722,"Ambient"
"C5",2020-09-12,17.6993056180556,"Ambient"
"C5",2020-09-13,17.8164584375,"Ambient"
"C5",2020-09-14,17.9584375104167,"Ambient"
"C5",2020-09-15,17.4067360625,"Ambient"
"C5",2020-09-16,17.8341318993056,"Ambient"
"C5",2020-09-17,17.7141666805556,"Ambient"
"C5",2020-09-18,17.3743055520833,"Ambient"
"C5",2020-09-19,17.7003124131944,"Ambient"
"C5",2020-09-20,17.6916666388889,"Ambient"
"C5",2020-09-21,17.8070485138889,"Ambient"
"C5",2020-09-22,17.6743750625,"Ambient"
"C5",2020-09-23,17.0051041631944,"Ambient"
"C5",2020-09-24,17.6485764201389,"Ambient"
"C5",2020-09-25,14.7764930520833,"Ambient"
"C5",2020-09-26,12.4109722222222,"Ambient"
"C5",2020-09-27,11.9229513888889,"Ambient"
"C5",2020-09-28,13.0706944444444,"Ambient"
"C5",2020-09-29,16.1682985729167,"Ambient"
"C5",2020-09-30,16.3183333229167,"Ambient"
"C5",2020-10-01,15.9247569236111,"Ambient"
"C5",2020-10-02,13.8609375,"Ambient"
"C5",2020-10-03,11.0660416666667,"Ambient"
"C5",2020-10-04,11.3478125,"Ambient"
"C5",2020-10-05,11.9192708333333,"Ambient"
"C5",2020-10-06,13.4807986111111,"Ambient"
"C5",2020-10-07,15.8574652465278,"Ambient"
"C5",2020-10-08,16.4272916631944,"Ambient"
"C5",2020-10-09,16.9730902291667,"Ambient"
"C5",2020-10-10,17.1682291944444,"Ambient"
"C5",2020-10-11,13.9013194444444,"Ambient"
"C5",2020-10-12,12.8467708333333,"Ambient"
"C5",2020-10-13,12.8160416666667,"Ambient"
"C5",2020-10-14,11.6722569444444,"Ambient"
"C5",2020-10-15,10.0809375,"Ambient"
"C5",2020-10-16,9.53857638888889,"Ambient"
"C5",2020-10-17,10.8379861111111,"Ambient"
"C5",2020-10-18,10.5962152777778,"Ambient"
"C5",2020-10-19,10.9259722222222,"Ambient"
"C5",2020-10-20,12.3729513888889,"Ambient"
"C5",2020-10-21,15.8661458229167,"Ambient"
"C5",2020-10-22,16.5665276979167,"Ambient"
"C5",2020-10-23,16.1381944965278,"Ambient"
"C5",2020-10-24,14.2634375,"Ambient"
"C5",2020-10-25,12.8898263888889,"Ambient"
"C5",2020-10-26,11.8950347222222,"Ambient"
"C5",2020-10-27,11.2039583333333,"Ambient"
"C5",2020-10-28,12.4642361111111,"Ambient"
"C5",2020-10-29,13.1484027777778,"Ambient"
"C5",2020-10-30,13.0381597222222,"Ambient"
"C5",2020-10-31,12.9355208333333,"Ambient"
"C5",2020-11-01,13.1625694444444,"Ambient"
"C5",2020-11-02,14.2497222222222,"Ambient"
"C5",2020-11-03,14.3366319444444,"Ambient"
"C5",2020-11-04,11.7282638888889,"Ambient"
"C5",2020-11-05,10.0455208333333,"Ambient"
"C5",2020-11-06,11.4708333333333,"Ambient"
"C5",2020-11-07,13.0681944444444,"Ambient"
"C5",2020-11-08,13.1414930555556,"Ambient"
"C5",2020-11-09,12.1265625,"Ambient"
"C5",2020-11-10,12.1439236111111,"Ambient"
"C5",2020-11-11,10.8064583333333,"Ambient"
"C5",2020-11-12,11.0032986111111,"Ambient"
"C5",2020-11-13,11.2495486111111,"Ambient"
"C5",2020-11-14,10.9189930555556,"Ambient"
"C5",2020-11-15,11.0156597222222,"Ambient"
"C5",2020-11-16,12.0883680555556,"Ambient"
"C5",2020-11-17,10.7869444444444,"Ambient"
"C5",2020-11-18,11.0392013888889,"Ambient"
"C5",2020-11-19,10.9259722222222,"Ambient"
"C5",2020-11-20,10.1001736111111,"Ambient"
"C5",2020-11-21,7.84333333333333,"Ambient"
"C5",2020-11-22,6.36020833333333,"Ambient"
"C5",2020-11-23,6.20652777777778,"Ambient"
"C5",2020-11-24,6.26131944444444,"Ambient"
"C5",2020-11-25,6.54309027777778,"Ambient"
"C5",2020-11-26,6.64447916666667,"Ambient"
"C5",2020-11-27,7.83989583333333,"Ambient"
"C5",2020-11-28,7.92024305555556,"Ambient"
"C5",2020-11-29,7.77416666666667,"Ambient"
"C5",2020-11-30,8.14354166666667,"Ambient"
"C5",2020-12-01,7.88409722222222,"Ambient"
"C5",2020-12-02,6.65006944444444,"Ambient"
"C5",2020-12-03,5.39892361111111,"Ambient"
"C5",2020-12-04,5.45454861111111,"Ambient"
"C5",2020-12-05,4.7240625,"Ambient"
"C5",2020-12-06,4.88763888888889,"Ambient"
"C5",2020-12-07,4.99097222222222,"Ambient"
"C5",2020-12-08,5.08315972222222,"Ambient"
"C5",2020-12-09,5.00034722222222,"Ambient"
"C5",2020-12-10,5.02732638888889,"Ambient"
"C5",2020-12-11,5.99447916666667,"Ambient"
"C5",2020-12-12,7.34576388888889,"Ambient"
"C5",2020-12-13,7.04951388888889,"Ambient"
"C5",2020-12-14,8.05357638888889,"Ambient"
"C5",2020-12-15,8.34555555555556,"Ambient"
"C5",2020-12-16,6.61875,"Ambient"
"C5",2020-12-17,5.54003472222222,"Ambient"
"C5",2020-12-18,5.53291666666667,"Ambient"
"C5",2020-12-19,6.06038194444444,"Ambient"
"C5",2020-12-20,6.85180555555556,"Ambient"
"C5",2020-12-21,6.47364583333333,"Ambient"
"C5",2020-12-22,7.96229166666667,"Ambient"
"C5",2020-12-23,8.79763888888889,"Ambient"
"C5",2020-12-24,9.17572916666667,"Ambient"
"C5",2020-12-25,6.71871527777778,"Ambient"
"C5",2020-12-26,4.63166666666667,"Ambient"
"C5",2020-12-27,3.25277777777778,"Ambient"
"C5",2020-12-28,3.58489583333333,"Ambient"
"C5",2020-12-29,3.82128472222222,"Ambient"
"C5",2020-12-30,4.1340625,"Ambient"
"C5",2020-12-31,4.21503472222222,"Ambient"
"C5",2021-01-01,4.92743055555556,"Ambient"
"C5",2021-01-02,4.61996527777778,"Ambient"
"C5",2021-01-03,3.6809375,"Ambient"
"C5",2021-01-04,3.49003472222222,"Ambient"
"C5",2021-01-05,3.43822916666667,"Ambient"
"C5",2021-01-06,3.07256944444444,"Ambient"
"C5",2021-01-07,1.82125,"Ambient"
"C5",2021-01-08,0.82743055122594,"Ambient"
"C5",2021-01-09,0.807847215069665,"Ambient"
"C5",2021-01-10,0.985590280766288,"Ambient"
"C5",2021-01-11,1.07416666371955,"Ambient"
"C5",2021-01-12,0.852673610266712,"Ambient"
"C5",2021-01-13,2.37128472222222,"Ambient"
"C5",2021-01-14,4.46329861111111,"Ambient"
"C5",2021-01-15,5.29704861111111,"Ambient"
"C5",2021-01-16,5.01708333333333,"Ambient"
"C5",2021-01-17,5.35722222222222,"Ambient"
"C5",2021-01-18,5.8515625,"Ambient"
"C5",2021-01-19,5.19489583333333,"Ambient"
"C5",2021-01-20,5.53805555555556,"Ambient"
"C5",2021-01-21,6.74211805555556,"Ambient"
"C5",2021-01-22,7.03357638888889,"Ambient"
"C5",2021-01-23,5.98184027777778,"Ambient"
"C5",2021-01-24,6.12013888888889,"Ambient"
"C5",2021-01-25,6.30631944444444,"Ambient"
"C5",2021-01-26,5.88239583333333,"Ambient"
"C5",2021-01-27,7.67829861111111,"Ambient"
"C5",2021-01-28,9.99461805555556,"Ambient"
"C5",2021-01-29,10.2019097222222,"Ambient"
"C5",2021-01-30,9.48600694444444,"Ambient"
"C5",2021-01-31,8.90604166666667,"Ambient"
"C5",2021-02-01,9.36326388888889,"Ambient"
"C5",2021-02-02,10.5120833333333,"Ambient"
"C5",2021-02-03,10.8539930555556,"Ambient"
"C5",2021-02-04,11.2135763888889,"Ambient"
"C5",2021-02-05,11.7703472222222,"Ambient"
"C5",2021-02-06,11.2519444444444,"Ambient"
"C5",2021-02-07,10.1840972222222,"Ambient"
"C5",2021-02-08,8.7034375,"Ambient"
"C5",2021-02-09,7.38641434262948,"Ambient"
"C5",2021-02-10,7.01318918918919,"Ambient"
"C5",2021-02-13,8.83157894736842,"Ambient"
"C5",2021-02-14,8.51684027777778,"Ambient"
"C5",2021-02-15,8.35253472222222,"Ambient"
"C5",2021-02-16,9.17743055555556,"Ambient"
"C5",2021-02-17,10.684425087108,"Ambient"
"C5",2021-02-18,10.7864930555556,"Ambient"
"C5",2021-02-19,10.4852777777778,"Ambient"
"C5",2021-02-20,10.4400347222222,"Ambient"
"C5",2021-02-21,10.7164236111111,"Ambient"
"C5",2021-02-22,10.7168055555556,"Ambient"
"C5",2021-02-23,10.7174652777778,"Ambient"
"C5",2021-02-24,11.8560416666667,"Ambient"
"C5",2021-02-25,11.8020833333333,"Ambient"
"C5",2021-02-26,11.7887847222222,"Ambient"
"C5",2021-02-27,12.5521875,"Ambient"
"C5",2021-02-28,11.8006944444444,"Ambient"
"C5",2021-03-01,10.7829166666667,"Ambient"
"C5",2021-03-02,10.5533680555556,"Ambient"
"C5",2021-03-03,10.5583333333333,"Ambient"
"C5",2021-03-04,11.2068055555556,"Ambient"
"C5",2021-03-05,12.3464236111111,"Ambient"
"C5",2021-03-06,11.2171875,"Ambient"
"C5",2021-03-07,9.73618055555555,"Ambient"
"C5",2021-03-08,9.33663194444444,"Ambient"
"C5",2021-03-09,8.89885416666667,"Ambient"
"C5",2021-03-10,8.29354166666667,"Ambient"
"C5",2021-03-11,10.9051041666667,"Ambient"
"C5",2021-03-12,11.9452430555556,"Ambient"
"C5",2021-03-13,9.93545138888889,"Ambient"
"C5",2021-03-14,9.85975694444445,"Ambient"
"C5",2021-03-15,8.57194444444444,"Ambient"
"C5",2021-03-16,9.39760416666667,"Ambient"
"C5",2021-03-17,10.8538541666667,"Ambient"
"C5",2021-03-18,10.3757986111111,"Ambient"
"C5",2021-03-19,7.95902777777778,"Ambient"
"C5",2021-03-20,6.50701388888889,"Ambient"
"C5",2021-03-21,6.33979166666667,"Ambient"
"C5",2021-03-22,8.87524305555556,"Ambient"
"C5",2021-03-23,10.2434027777778,"Ambient"
"C5",2021-03-24,11.2588888888889,"Ambient"
"C5",2021-03-25,12.5403819444444,"Ambient"
"C5",2021-03-26,12.5092013888889,"Ambient"
"C5",2021-03-27,12.8296527777778,"Ambient"
"C5",2021-03-28,12.2406597222222,"Ambient"
"C5",2021-03-29,14.2802430520833,"Ambient"
"C5",2021-03-30,15.8417013611111,"Ambient"
"C5",2021-03-31,16.8906944270833,"Ambient"
"C5",2021-04-01,16.98562496875,"Ambient"
"C5",2021-04-02,16.8430208333333,"Ambient"
"C5",2021-04-03,16.2952430694444,"Ambient"
"C5",2021-04-04,15.0871875451389,"Ambient"
"C5",2021-04-05,14.4401735555556,"Ambient"
"C5",2021-04-06,14.4989583333333,"Ambient"
"C5",2021-04-07,12.979375,"Ambient"
"C5",2021-04-08,11.9970138888889,"Ambient"
"C5",2021-04-09,12.9622916666667,"Ambient"
"C5",2021-04-10,12.6728819444444,"Ambient"
"C5",2021-04-11,11.6055902777778,"Ambient"
"C5",2021-04-12,11.0827430555556,"Ambient"
"C5",2021-04-13,11.8656944444444,"Ambient"
"C5",2021-04-14,12.1158333333333,"Ambient"
"C5",2021-04-15,12.5903125,"Ambient"
"C5",2021-04-16,12.5686805555556,"Ambient"
"C5",2021-04-17,12.0820486111111,"Ambient"
"C5",2021-04-18,11.8047569444444,"Ambient"
"C5",2021-04-19,12.8879513923611,"Ambient"
"C5",2021-04-20,13.9072222222222,"Ambient"
"C5",2021-04-21,13.7987152777778,"Ambient"
"C5",2021-04-22,14.4071181076389,"Ambient"
"C5",2021-04-23,15.3351389097222,"Ambient"
"C5",2021-04-24,17.1862847048611,"Ambient"
"C5",2021-04-25,17.4924305034722,"Ambient"
"C5",2021-04-26,15.9188888784722,"Ambient"
"C5",2021-04-27,14.9262152777778,"Ambient"
"C5",2021-04-28,14.4481944444444,"Ambient"
"C5",2021-04-29,13.2254861111111,"Ambient"
"C5",2021-04-30,12.3336805555556,"Ambient"
"C5",2021-05-01,11.4940277777778,"Ambient"
"C5",2021-05-02,11.5615625,"Ambient"
"C5",2021-05-03,12.5844097222222,"Ambient"
"C5",2021-05-04,14.9858681840278,"Ambient"
"C5",2021-05-05,16.8672221909722,"Ambient"
"C5",2021-05-06,16.2978818263889,"Ambient"
"C5",2021-05-07,17.7229513506944,"Ambient"
"C5",2021-05-08,19.29829875,"Ambient"
"C5",2021-05-09,20.4752777916667,"Ambient"
"C5",2021-05-10,19.0220832847222,"Ambient"
"C5",2021-05-11,16.6758333194444,"Ambient"
"C5",2021-05-12,14.6745138784722,"Ambient"
"C5",2021-05-13,15.1209721909722,"Ambient"
"C5",2021-05-14,15.9514236006944,"Ambient"
"C5",2021-05-15,16.1297915868056,"Ambient"
"C5",2021-05-16,16.1661805868056,"Ambient"
"C5",2021-05-17,15.9428471979167,"Ambient"
"C5",2021-05-18,16.6175000381944,"Ambient"
"C5",2021-05-19,17.2648611145833,"Ambient"
"C5",2021-05-20,18.7255208229167,"Ambient"
"C5",2021-05-21,18.9231596840278,"Ambient"
"C5",2021-05-22,17.3303472743056,"Ambient"
"C5",2021-05-23,15.1397222430556,"Ambient"
"C5",2021-05-24,13.7404513888889,"Ambient"
"C5",2021-05-25,12.7961805555556,"Ambient"
"C5",2021-05-26,14.9470138784722,"Ambient"
"C5",2021-05-27,17.6630555590278,"Ambient"
"C5",2021-05-28,19.4813194548611,"Ambient"
"C5",2021-05-29,19.6231596909722,"Ambient"
"C5",2021-05-30,21.3818055,"Ambient"
"C5",2021-05-31,21.9196528333333,"Ambient"
"C5",2021-06-01,22.5833680798611,"Ambient"
"C5",2021-06-02,21.1959374722222,"Ambient"
"C5",2021-06-03,21.6334722256944,"Ambient"
"C5",2021-06-04,20.9609375069444,"Ambient"
"C5",2021-06-05,19.7591319270833,"Ambient"
"C5",2021-06-06,21.2042708611111,"Ambient"
"C5",2021-06-07,20.8448959097222,"Ambient"
"C5",2021-06-08,19.8096875381944,"Ambient"
"C5",2021-06-09,20.2464929618056,"Ambient"
"C5",2021-06-10,20.9551389409722,"Ambient"
"C5",2021-06-11,20.3385764409722,"Ambient"
"C5",2021-06-12,20.3547222256944,"Ambient"
"C5",2021-06-13,20.7861111840278,"Ambient"
"C5",2021-06-14,20.7614931215278,"Ambient"
"C5",2021-06-15,20.6384375243056,"Ambient"
"C5",2021-06-16,20.7081598333333,"Ambient"
"C5",2021-06-17,20.1924999756944,"Ambient"
"C5",2021-06-18,19.7873263854167,"Ambient"
"C5",2021-06-19,20.6788890069444,"Ambient"
"C5",2021-06-20,20.525937625,"Ambient"
"C5",2021-06-21,19.9745486354167,"Ambient"
"C5",2021-06-22,19.7365972083333,"Ambient"
"C5",2021-06-23,18.5727082430556,"Ambient"
"C5",2021-06-24,18.0548958506944,"Ambient"
"C5",2021-06-25,20.0554513923611,"Ambient"
"C5",2021-06-26,20.6044445138889,"Ambient"
"C5",2021-06-27,20.1839928958333,"Ambient"
"C5",2021-06-28,19.3564583645833,"Ambient"
"C5",2021-06-29,19.5580902569444,"Ambient"
"C5",2021-06-30,20.2629861145833,"Ambient"
"C5",2021-07-01,20.7084722777778,"Ambient"
"C5",2021-07-02,20.2946528090278,"Ambient"
"C5",2021-07-03,17.89555559375,"Ambient"
"C5",2021-07-04,18.0481250138889,"Ambient"
"C5",2021-07-05,18.5227777881944,"Ambient"
"C5",2021-07-06,17.9717709305556,"Ambient"
"C5",2021-07-07,18.1353473090278,"Ambient"
"C5",2021-07-08,17.7221527013889,"Ambient"
"C5",2021-07-09,18.4067013645833,"Ambient"
"C5",2021-07-10,17.7270833541667,"Ambient"
"C5",2021-07-11,18.5182639097222,"Ambient"
"C5",2021-07-12,17.7043401770833,"Ambient"
"C5",2021-07-13,17.1263888576389,"Ambient"
"C5",2021-07-14,17.5132638819444,"Ambient"
"C5",2021-07-15,17.8722222013889,"Ambient"
"C5",2021-07-16,17.3783332777778,"Ambient"
"C5",2021-07-17,18.2807638402778,"Ambient"
"C5",2021-07-18,18.4587499791667,"Ambient"
"C5",2021-07-19,18.734361641844,"Ambient"
"C5",2021-07-20,18.3252777951389,"Ambient"
"C5",2021-07-21,18.8177431041667,"Ambient"
"C5",2021-07-22,19.0277082569444,"Ambient"
"C5",2021-07-23,18.6003471770833,"Ambient"
"C5",2021-07-24,17.6648959131944,"Ambient"
"C5",2021-07-25,17.73399290625,"Ambient"
"C5",2021-07-26,17.8513535694444,"Ambient"
"C5",2021-07-27,17.6699652708333,"Ambient"
"C5",2021-07-28,17.8443157473684,"Ambient"
"C5",2021-07-29,18.1537498819444,"Ambient"
"C5",2021-07-30,17.6408677152778,"Ambient"
"C5",2021-07-31,17.7028820208333,"Ambient"
"C5",2021-08-01,17.2658333194444,"Ambient"
"C5",2021-08-02,17.6050694756944,"Ambient"
"C5",2021-08-03,17.7616912205882,"Ambient"
"C5",2021-08-04,18.0563889027778,"Ambient"
"C5",2021-08-05,18.0824651944444,"Ambient"
"C5",2021-08-06,17.7531596145833,"Ambient"
"C5",2021-08-07,17.9174650173611,"Ambient"
"C5",2021-08-08,17.5076388125,"Ambient"
"C5",2021-08-09,17.8070485069444,"Ambient"
"C5",2021-08-10,18.61621525,"Ambient"
"C5",2021-08-11,18.70666671875,"Ambient"
"C5",2021-08-12,19.0641667083333,"Ambient"
"C5",2021-08-13,18.4235069583333,"Ambient"
"C5",2021-08-14,18.8969095868056,"Ambient"
"C5",2021-08-15,17.5867015381944,"Ambient"
"C5",2021-08-16,17.7247568333333,"Ambient"
"C5",2021-08-17,17.8294791041667,"Ambient"
"C5",2021-08-18,17.6366318298611,"Ambient"
"C5",2021-08-19,17.5163195243056,"Ambient"
"C5",2021-08-20,18.3636111631944,"Ambient"
"C5",2021-08-21,17.81392359375,"Ambient"
"C5",2021-08-22,17.52357659375,"Ambient"
"C5",2021-08-23,17.7642013819444,"Ambient"
"C5",2021-08-24,17.6234026666667,"Ambient"
"C5",2021-08-25,17.8151389236111,"Ambient"
"C5",2021-08-26,18.1937500173611,"Ambient"
"C5",2021-08-27,17.9625693993056,"Ambient"
"C5",2021-08-28,17.5926735555556,"Ambient"
"C5",2021-08-29,17.4718750381944,"Ambient"
"C5",2021-08-30,17.3669096979167,"Ambient"
"C5",2021-08-31,17.8223611770833,"Ambient"
"C5",2021-09-01,17.6284027951389,"Ambient"
"C5",2021-09-02,17.6747918055556,"Ambient"
"C5",2021-09-03,17.9377084097222,"Ambient"
"C5",2021-09-04,18.2129165902778,"Ambient"
"C5",2021-09-05,18.2367361006944,"Ambient"
"C5",2021-09-13,18.0376000228571,"Ambient"
"C5",2021-09-14,17.6967013993056,"Ambient"
"C5",2021-09-15,17.8547570590278,"Ambient"
"C5",2021-09-16,17.8693054270833,"Ambient"
"C5",2021-09-17,18.0571179618056,"Ambient"
"C5",2021-09-18,17.8479860173611,"Ambient"
"C5",2021-09-19,16.8798610763889,"Ambient"
"C5",2021-09-20,17.7281596979167,"Ambient"
"C5",2021-09-21,15.7552430451389,"Ambient"
"C5",2021-09-22,15.7774306145833,"Ambient"
"C5",2021-09-23,17.8900348020833,"Ambient"
"C5",2021-09-24,17.65065975,"Ambient"
"C5",2021-09-25,17.8917361319444,"Ambient"
"C5",2021-09-26,17.65972225,"Ambient"
"C5",2021-09-27,17.53427078125,"Ambient"
"C5",2021-09-28,17.6723957361111,"Ambient"
"C5",2021-09-29,17.8002777604167,"Ambient"
"C5",2021-09-30,17.8090276909722,"Ambient"
"C5",2021-10-01,16.7742360347222,"Ambient"
"C5",2021-10-02,17.3352777638889,"Ambient"
"C5",2021-10-03,17.4604860347222,"Ambient"
"C5",2021-10-04,15.9442361215278,"Ambient"
"C5",2021-10-05,14.8667013958333,"Ambient"
"C5",2021-10-06,15.4539583368056,"Ambient"
"C5",2021-10-07,15.8949653125,"Ambient"
"C5",2021-10-08,15.1236111006944,"Ambient"
"C5",2021-10-09,16.1329165798611,"Ambient"
"C5",2021-10-10,17.0325694722222,"Ambient"
"C5",2021-10-11,16.3777777638889,"Ambient"
"C5",2021-10-12,14.5419791770833,"Ambient"
"C5",2021-10-13,13.7376736111111,"Ambient"
"C5",2021-10-14,12.955,"Ambient"
"C5",2021-10-15,12.7888541666667,"Ambient"
"C5",2021-10-16,14.2609722326389,"Ambient"
"C5",2021-10-17,13.6458333333333,"Ambient"
"C5",2021-10-18,13.8634027777778,"Ambient"
"C5",2021-10-19,14.8149653333333,"Ambient"
"C5",2021-10-20,15.9393402638889,"Ambient"
"C5",2021-10-21,16.3928819479167,"Ambient"
"C5",2021-10-22,14.9084375,"Ambient"
"C5",2021-10-23,14.5446180555556,"Ambient"
"C5",2021-10-24,12.5617361111111,"Ambient"
"C5",2021-10-25,11.5375,"Ambient"
"C5",2021-10-26,12.0991319444444,"Ambient"
"C5",2021-10-27,12.2774652777778,"Ambient"
"C5",2021-10-28,12.0322916666667,"Ambient"
"C5",2021-10-29,12.0305902777778,"Ambient"
"C5",2021-10-30,13.185,"Ambient"
"C5",2021-10-31,14.5746666666667,"Ambient"
"C5",2021-11-01,14.2432291666667,"Ambient"
"C5",2021-11-02,12.4302083333333,"Ambient"
"C5",2021-11-03,11.7809375,"Ambient"
"C5",2021-11-04,9.78364583333333,"Ambient"
"C5",2021-11-05,8.76208333333333,"Ambient"
"C5",2021-11-06,7.12347222222222,"Ambient"
"C5",2021-11-07,6.48288194444444,"Ambient"
"C5",2021-11-08,8.45902777777778,"Ambient"
"C5",2021-11-09,8.84427083333333,"Ambient"
"C5",2021-11-10,7.24829861111111,"Ambient"
"C5",2021-11-11,7.88909722222222,"Ambient"
"C5",2021-11-12,8.72826388888889,"Ambient"
"C5",2021-11-13,10.0019444444444,"Ambient"
"C5",2021-11-14,10.2576736111111,"Ambient"
"C5",2021-11-15,9.20513888888889,"Ambient"
"C5",2021-11-16,8.73715277777778,"Ambient"
"C5",2021-11-17,8.14659722222222,"Ambient"
"C5",2021-11-18,7.59388888888889,"Ambient"
"C5",2021-11-19,7.00045138888889,"Ambient"
"C5",2021-11-20,6.59888888888889,"Ambient"
"C5",2021-11-21,7.38305555555556,"Ambient"
"C5",2021-11-22,8.28527777777778,"Ambient"
"C5",2021-11-23,7.68513888888889,"Ambient"
"C5",2021-11-24,7.37107638888889,"Ambient"
"C5",2021-11-25,7.58715277777778,"Ambient"
"C5",2021-11-26,7.43388888888889,"Ambient"
"C5",2021-11-27,6.11388888888889,"Ambient"
"C5",2021-11-28,4.83541666666667,"Ambient"
"C5",2021-11-29,3.94270833333333,"Ambient"
"C5",2021-11-30,4.04534722222222,"Ambient"
"C5",2021-12-01,4.46440972222222,"Ambient"
"C5",2021-12-02,5.20729166666667,"Ambient"
"C5",2021-12-03,4.69076388888889,"Ambient"
"C5",2021-12-04,5.45052083333333,"Ambient"
"C5",2021-12-05,5.40836805555556,"Ambient"
"C5",2021-12-13,6.29078651685393,"Ambient"
"C5",2021-12-14,6.19614583333333,"Ambient"
"C5",2021-12-15,6.39392361111111,"Ambient"
"C5",2021-12-16,6.65211805555556,"Ambient"
"C5",2021-12-17,6.26045138888889,"Ambient"
"C5",2021-12-18,6.11086805555556,"Ambient"
"C5",2021-12-19,5.69305555555556,"Ambient"
"C5",2021-12-20,5.33274305555556,"Ambient"
"C5",2021-12-21,5.484375,"Ambient"
"C5",2021-12-22,6.62368055555556,"Ambient"
"C5",2021-12-23,7.11961805555556,"Ambient"
"C5",2021-12-24,7.88715277777778,"Ambient"
"C5",2021-12-25,8.51944444444444,"Ambient"
"C5",2021-12-26,8.17347222222222,"Ambient"
"C5",2021-12-27,8.72822916666667,"Ambient"
"C5",2021-12-28,9.50354166666667,"Ambient"
"C5",2021-12-29,11.0871180555556,"Ambient"
"C5",2021-12-30,11.7817013888889,"Ambient"
"C5",2021-12-31,10.5058333333333,"Ambient"
"C5",2022-01-01,9.94097222222222,"Ambient"
"C5",2022-01-02,9.61017361111111,"Ambient"
"C5",2022-01-03,9.36635416666667,"Ambient"
"C5",2022-01-04,9.29493055555556,"Ambient"
"C5",2022-01-05,8.585,"Ambient"
"C5",2022-01-06,6.08805555555556,"Ambient"
"C5",2022-01-07,4.1621875,"Ambient"
"C5",2022-01-08,4.72756944444444,"Ambient"
"C5",2022-01-09,6.17145833333333,"Ambient"
"C5",2022-01-18,4.05244047619048,"Ambient"
"C5",2022-01-19,3.92586805555556,"Ambient"
"C5",2022-01-20,4.58701388888889,"Ambient"
"C5",2022-01-21,4.65631944444444,"Ambient"
"C5",2022-01-22,3.83190972222222,"Ambient"
"C5",2022-01-23,3.73336805555556,"Ambient"
"C5",2022-01-24,4.14284722222222,"Ambient"
"C5",2022-01-25,4.75940972222222,"Ambient"
"C5",2022-01-26,5.03927083333333,"Ambient"
"C5",2022-01-27,5.28024305555556,"Ambient"
"C5",2022-01-28,4.83006944444444,"Ambient"
"C5",2022-01-29,4.54732638888889,"Ambient"
"C5",2022-01-30,5.12635416666667,"Ambient"
"C5",2022-01-31,5.28118055555556,"Ambient"
"C5",2022-02-01,5.71322916666667,"Ambient"
"C5",2022-02-02,6.17510416666667,"Ambient"
"C5",2022-02-03,6.71166666666667,"Ambient"
"C5",2022-02-04,7.52770833333333,"Ambient"
"C5",2022-02-05,8.33770833333333,"Ambient"
"C5",2022-02-06,6.79364583333333,"Ambient"
"C5",2022-02-07,6.6925,"Ambient"
"C5",2022-02-08,8.42993055555556,"Ambient"
"C5",2022-02-09,8.66472222222222,"Ambient"
"C5",2022-02-10,8.83045138888889,"Ambient"
"C5",2022-02-11,9.0540625,"Ambient"
"C5",2022-02-12,8.67361111111111,"Ambient"
"C5",2022-02-13,9.08958333333333,"Ambient"
"C5",2022-02-14,9.61416666666667,"Ambient"
"C5",2022-02-15,8.714375,"Ambient"
"C5",2022-02-16,8.75583333333333,"Ambient"
"C5",2022-02-17,9.82084905660377,"Ambient"
"C5",2022-02-18,12.0735616438356,"Ambient"
"C5",2022-02-19,10.5250694444444,"Ambient"
"C5",2022-02-20,8.776875,"Ambient"
"C5",2022-02-21,10.0271875,"Ambient"
"C5",2022-02-22,10.1243055555556,"Ambient"
"C5",2022-02-23,9.67777777777778,"Ambient"
"C5",2022-02-24,9.82174825174825,"Ambient"
"C5",2022-02-25,9.82739583333333,"Ambient"
"C5",2022-02-26,8.16930555555555,"Ambient"
"C5",2022-02-27,7.62645833333333,"Ambient"
"C5",2022-02-28,9.38079861111111,"Ambient"
"C5",2022-03-01,9.71170138888889,"Ambient"
"C5",2022-03-02,9.52945736434109,"Ambient"
"C5",2022-03-04,10.0689108910891,"Ambient"
"C5",2022-03-05,9.29017361111111,"Ambient"
"C5",2022-03-06,8.71125,"Ambient"
"C5",2022-03-07,9.07604166666667,"Ambient"
"C5",2022-03-08,8.62284722222222,"Ambient"
"C5",2022-03-09,9.19256944444444,"Ambient"
"C5",2022-03-10,10.0248611111111,"Ambient"
"C5",2022-03-11,10.0418055555556,"Ambient"
"C5",2022-03-12,10.5726388888889,"Ambient"
"C5",2022-03-13,9.23979166666667,"Ambient"
"C5",2022-03-14,7.65295138888889,"Ambient"
"C5",2022-03-15,9.21267361111111,"Ambient"
"C5",2022-03-16,10.6073263888889,"Ambient"
"C5",2022-03-17,11.2920833333333,"Ambient"
"C5",2022-03-18,10.5479861111111,"Ambient"
"C5",2022-03-19,10.4325347222222,"Ambient"
"C5",2022-03-20,11.631875,"Ambient"
"C5",2022-03-21,13.0601492537313,"Ambient"
"C5",2022-03-22,12.8886111111111,"Ambient"
"C5",2022-03-23,12.6846875,"Ambient"
"C5",2022-03-24,12.5500694444444,"Ambient"
"C5",2022-03-25,13.2677777777778,"Ambient"
"C5",2022-03-26,13.6555902777778,"Ambient"
"C5",2022-03-27,13.2317753623188,"Ambient"
"C5",2022-03-28,13.5334027777778,"Ambient"
"C5",2022-03-29,13.8859375,"Ambient"
"C5",2022-03-30,13.2413541666667,"Ambient"
"C5",2022-03-31,11.1978125,"Ambient"
"C5",2022-04-01,8.3159375,"Ambient"
"C5",2022-04-02,5.61663194444444,"Ambient"
"C5",2022-04-03,5.00809027777778,"Ambient"
"C5",2022-04-04,6.465625,"Ambient"
"C5",2022-04-05,8.13364583333333,"Ambient"
"C5",2022-04-06,9.28631944444444,"Ambient"
"C5",2022-04-07,10.5267361111111,"Ambient"
"C5",2022-04-08,13.77,"Ambient"
"C5",2022-04-09,13.6654861111111,"Ambient"
"C5",2022-04-10,12.8000347222222,"Ambient"
"C5",2022-04-11,14.1015277847222,"Ambient"
"C5",2022-04-12,14.5495486111111,"Ambient"
"C5",2022-04-13,14.2602777777778,"Ambient"
"C5",2022-04-14,14.40388884375,"Ambient"
"C5",2022-04-15,15.8623263923611,"Ambient"
"C5",2022-04-16,17.6398611076389,"Ambient"
"C5",2022-04-17,17.9919791354167,"Ambient"
"C5",2022-04-18,18.4375695104167,"Ambient"
"C5",2022-04-19,16.3394097326389,"Ambient"
"C5",2022-04-20,12.7948263888889,"Ambient"
"C5",2022-04-21,11.8190625,"Ambient"
"C5",2022-04-22,12.2900694444444,"Ambient"
"C5",2022-04-23,12.6311458333333,"Ambient"
"C5",2022-04-24,12.5398611111111,"Ambient"
"C5",2022-04-25,13.6977430555556,"Ambient"
"C5",2022-04-26,15.3971180208333,"Ambient"
"C5",2022-04-27,16.6145832256944,"Ambient"
"C5",2022-04-28,16.5459028298611,"Ambient"
"C5",2022-04-29,17.22670128125,"Ambient"
"C5",2022-04-30,18.3816666701389,"Ambient"
"C5",2022-05-01,17.7626041111111,"Ambient"
"C5",2022-05-02,17.0193056423611,"Ambient"
"C5",2022-05-03,15.678923625,"Ambient"
"C5",2022-05-04,14.7584375,"Ambient"
"C5",2022-05-05,14.17625,"Ambient"
"C5",2022-05-06,14.8255902743056,"Ambient"
"C5",2022-05-07,16.5831250555556,"Ambient"
"C5",2022-05-08,17.9368749722222,"Ambient"
"C5",2022-05-09,18.55847225,"Ambient"
"C5",2022-05-10,20.3367013888889,"Ambient"
"C5",2022-05-11,21.8015624756944,"Ambient"
"C5",2022-05-12,22.3332292152778,"Ambient"
"C5",2022-05-13,22.2902430833333,"Ambient"
"C5",2022-05-14,22.7545833090278,"Ambient"
"C5",2022-05-15,23.6051388819444,"Ambient"
"C5",2022-05-16,24.7160763715278,"Ambient"
"C5",2022-05-17,24.6152430347222,"Ambient"
"C5",2022-05-18,25.8164235798611,"Ambient"
"C5",2022-05-19,25.6947916666667,"Ambient"
"C5",2022-05-20,26.0614930659722,"Ambient"
"C5",2022-05-21,26.9175347569444,"Ambient"
"C5",2022-05-22,25.6835070104167,"Ambient"
"C5",2022-05-23,22.5679715943396,"Ambient"
"C5",2022-05-24,17.5198549130435,"Ambient"
"C5",2022-05-25,16.3799123421053,"Ambient"
"C5",2022-05-26,16.6136805659722,"Ambient"
"C5",2022-05-27,18.5080904027778,"Ambient"
"C5",2022-05-28,20.9564235694444,"Ambient"
"C5",2022-05-29,22.4811458958333,"Ambient"
"C5",2022-05-30,21.5116666979167,"Ambient"
"C5",2022-05-31,22.1481597430556,"Ambient"
"C5",2022-06-01,23.0350694722222,"Ambient"
"C5",2022-06-02,24.942720012,"Ambient"
"C5",2022-06-05,22.3379617324841,"Ambient"
"C5",2022-06-06,21.9118055833333,"Ambient"
"C5",2022-06-07,21.5998958263889,"Ambient"
"C5",2022-06-08,20.3973263819444,"Ambient"
"C5",2022-06-09,20.41670140625,"Ambient"
"C5",2022-06-10,21.6332291423611,"Ambient"
"C5",2022-06-11,23.6474305381944,"Ambient"
"C5",2022-06-12,25.0730207986111,"Ambient"
"C5",2022-06-20,27.4717568445946,"Ambient"
"C5",2022-06-21,25.8522488564593,"Ambient"
"C5",2022-06-22,23.4816667142857,"Ambient"
"C5",2022-06-23,23.7121180590278,"Ambient"
"C5",2022-06-24,22.9610416527778,"Ambient"
"C5",2022-06-25,21.3594791666667,"Ambient"
"C5",2022-06-26,19.9232986527778,"Ambient"
"C5",2022-06-27,17.7710764027778,"Ambient"
"C5",2022-06-28,18.6556071821429,"Ambient"
"C5",2022-06-29,23.2966666333333,"Ambient"
"C5",2022-06-30,19.8646665777778,"Ambient"
"C5",2022-07-01,19.394420954386,"Ambient"
"C5",2022-07-02,21.0551737256944,"Ambient"
"C5",2022-07-03,23.7362153020833,"Ambient"
"C5",2022-07-18,28.9561537884615,"Ambient"
"C5",2022-07-19,27.8509756062718,"Ambient"
"C5",2022-07-20,27.2621875729167,"Ambient"
"C5",2022-07-21,27.4998958506944,"Ambient"
"C5",2022-07-22,26.5490625034722,"Ambient"
"C5",2022-07-23,24.3537152465278,"Ambient"
"C5",2022-07-24,25.09166671875,"Ambient"
"C5",2022-07-25,26.3970588235294,"Ambient"
"C5",2022-07-26,21.887738125,"Ambient"
"C5",2022-07-27,22.5849652743056,"Ambient"
"C5",2022-07-28,23.5785293382353,"Ambient"
"C5",2022-07-29,22.6800694965278,"Ambient"
"C5",2022-07-30,22.3538889548611,"Ambient"
"C5",2022-07-31,25.1467361666667,"Ambient"
"C5",2022-08-08,27.0943248,"Ambient"
"C5",2022-08-09,28.2924661527778,"Ambient"
"C5",2022-08-10,26.3293402604167,"Ambient"
"C5",2022-08-11,27.2237499895833,"Ambient"
"C5",2022-08-12,27.72447921875,"Ambient"
"C5",2022-08-13,27.8866319444444,"Ambient"
"C5",2022-08-14,26.1322221909722,"Ambient"
"C5",2022-08-15,25.2417719620253,"Ambient"
"C5",2022-08-16,23.0629341497006,"Ambient"
"C5",2022-08-17,21.6439130496894,"Ambient"
"C5",2022-08-18,20.6317013576389,"Ambient"
"C5",2022-08-19,21.8516666493056,"Ambient"
"C5",2022-08-20,22.95690971875,"Ambient"
"C5",2022-08-21,23.7044097256944,"Ambient"
"C5",2022-08-22,24.1710548270042,"Ambient"
"C5",2022-08-23,25.0035069513889,"Ambient"
"C5",2022-08-24,25.6578472395833,"Ambient"
"C5",2022-08-25,25.7419444756944,"Ambient"
"C5",2022-08-26,23.3089930833333,"Ambient"
"C5",2022-08-27,24.7762152743056,"Ambient"
"C5",2022-08-28,24.9352083298611,"Ambient"
"C5",2022-08-30,24.3771764647059,"Ambient"
"C5",2022-08-31,23.4203472291667,"Ambient"
"C5",2022-09-01,22.6201389097222,"Ambient"
"C5",2022-09-02,23.1932986180556,"Ambient"
"C5",2022-09-03,22.8988541666667,"Ambient"
"C5",2022-09-04,22.6138541458333,"Ambient"
"C5",2022-09-05,22.8317708958333,"Ambient"
"C5",2022-09-06,23.7529861840278,"Ambient"
"C5",2022-09-07,23.98326390625,"Ambient"
"C5",2022-09-08,22.1362500277778,"Ambient"
"C5",2022-09-09,20.5729514236111,"Ambient"
"C5",2022-09-10,19.27920128125,"Ambient"
"C5",2022-09-11,21.2186805798611,"Ambient"
"C5",2022-09-12,22.1090626388889,"Ambient"
"C5",2022-09-13,23.0943402395833,"Ambient"
"C5",2022-09-14,23.1682638472222,"Ambient"
"C5",2022-09-15,22.5765624583333,"Ambient"
"C5",2022-09-16,21.357361125,"Ambient"
"C5",2022-09-17,20.2945833298611,"Ambient"
"C5",2022-09-18,18.5239929305556,"Ambient"
"C5",2022-09-19,17.8573611944444,"Ambient"
"C5",2022-09-20,17.6602429930556,"Ambient"
"C5",2022-09-21,17.7665624548611,"Ambient"
"C5",2022-09-22,17.9590277534722,"Ambient"
"C5",2022-09-23,17.91111109375,"Ambient"
"C5",2022-09-24,17.6672569201389,"Ambient"
"C5",2022-09-25,15.7155555208333,"Ambient"
"C5",2022-09-26,15.7910416527778,"Ambient"
"C5",2022-09-27,15.5152430729167,"Ambient"
"C5",2022-09-28,15.4123958472222,"Ambient"
"C5",2022-09-29,15.4258680694444,"Ambient"
"C5",2022-09-30,14.349375,"Ambient"
"C5",2022-10-01,14.0730902013889,"Ambient"
"C5",2022-10-02,16.2912500069444,"Ambient"
"C5",2022-10-03,18.4178472083333,"Ambient"
"C5",2022-10-04,18.1705902951389,"Ambient"
"C5",2022-10-05,17.9939236354167,"Ambient"
"C5",2022-10-06,18.4337501006944,"Ambient"
"C5",2022-10-07,18.3935070208333,"Ambient"
"C5",2022-10-08,18.7250347361111,"Ambient"
"C5",2022-10-09,18.3200693506944,"Ambient"
"C5",2022-10-10,17.7253125625,"Ambient"
"C5",2022-10-11,17.8830902465278,"Ambient"
"C5",2022-10-12,18.1763889722222,"Ambient"
"C5",2022-10-13,18.6211457916667,"Ambient"
"C5",2022-10-14,19.4051736180556,"Ambient"
"C5",2022-10-15,18.4437499409722,"Ambient"
"C5",2022-10-16,18.3754167118056,"Ambient"
"C5",2022-10-17,19.0844444166667,"Ambient"
"C5",2022-10-18,19.0560416493056,"Ambient"
"C5",2022-10-19,18.6698263263889,"Ambient"
"C5",2022-10-20,18.5926041840278,"Ambient"
"C5",2022-10-21,17.5697917673611,"Ambient"
"C5",2022-10-22,17.2115278680556,"Ambient"
"C5",2022-10-23,18.4131249548611,"Ambient"
"C5",2022-10-24,18.2522223333333,"Ambient"
"C5",2022-10-25,16.9599651111111,"Ambient"
"C5",2022-10-26,16.4386458888889,"Ambient"
"C5",2022-10-27,16.5374305868056,"Ambient"
"C5",2022-10-28,17.2381943611111,"Ambient"
"C5",2022-10-29,17.6267708715278,"Ambient"
"C5",2022-10-30,15.86923326,"Ambient"
"C5",2022-10-31,14.4548958333333,"Ambient"
"C5",2022-11-01,15.0689930451389,"Ambient"
"C5",2022-11-02,16.2172222326389,"Ambient"
"C5",2022-11-03,14.3058680590278,"Ambient"
"C5",2022-11-04,11.4624652777778,"Ambient"
"C5",2022-11-05,10.7100347222222,"Ambient"
"C5",2022-11-06,10.0805208333333,"Ambient"
"C5",2022-11-07,10.2199652777778,"Ambient"
"C5",2022-11-08,11.1860763888889,"Ambient"
"C5",2022-11-09,11.8699305555556,"Ambient"
"C5",2022-11-10,11.8749652777778,"Ambient"
"C5",2022-11-11,10.6995833333333,"Ambient"
"C5",2022-11-12,11.4425347222222,"Ambient"
"C5",2022-11-13,11.8071527777778,"Ambient"
"C5",2022-11-14,11.52875,"Ambient"
"C5",2022-11-15,11.9165625,"Ambient"
"C5",2022-11-16,12.3478472222222,"Ambient"
"C5",2022-11-17,12.4763541666667,"Ambient"
"C5",2022-11-18,11.974375,"Ambient"
"C5",2022-11-19,10.2362847222222,"Ambient"
"C5",2022-11-20,7.60236111111111,"Ambient"
"C5",2022-11-21,8.10572916666667,"Ambient"
"C5",2022-11-22,7.60347222222222,"Ambient"
"C5",2022-11-23,8.34288194444444,"Ambient"
"C5",2022-11-24,7.78524305555556,"Ambient"
"C5",2022-11-25,8.28565972222222,"Ambient"
"C5",2022-11-26,7.65069444444444,"Ambient"
"C5",2022-11-27,7.16875,"Ambient"
"C5",2022-11-28,7.549375,"Ambient"
"C5",2022-11-29,7.60659722222222,"Ambient"
"C5",2022-11-30,7.39354166666667,"Ambient"
"C5",2022-12-01,5.91263888888889,"Ambient"
"C5",2022-12-02,5.97902777777778,"Ambient"
"C5",2022-12-03,5.9675,"Ambient"
"C5",2022-12-04,4.83423611111111,"Ambient"
"C5",2022-12-05,4.31194444444444,"Ambient"
"C5",2022-12-06,5.18017361111111,"Ambient"
"C5",2022-12-07,7.216875,"Ambient"
"C5",2022-12-08,7.94697916666667,"Ambient"
"C5",2022-12-09,7.89315972222222,"Ambient"
"C5",2022-12-10,7.80618055555556,"Ambient"
"C5",2022-12-11,4.70739583333333,"Ambient"
"C5",2022-12-12,4.58597222222222,"Ambient"
"C5",2022-12-13,5.97597222222222,"Ambient"
"C5",2022-12-14,8.33944444444444,"Ambient"
"C5",2022-12-15,8.75444444444445,"Ambient"
"C5",2022-12-16,9.14385416666667,"Ambient"
"C5",2022-12-17,8.87673611111111,"Ambient"
"C5",2022-12-18,6.90927083333333,"Ambient"
"C5",2022-12-19,5.79729166666667,"Ambient"
"C5",2022-12-20,6.44677083333333,"Ambient"
"C5",2022-12-21,8.80166666666667,"Ambient"
"C5",2022-12-22,9.8384375,"Ambient"
"C5",2022-12-23,10.4947222222222,"Ambient"
"C5",2022-12-24,10.3039583333333,"Ambient"
"C5",2022-12-25,9.77965277777778,"Ambient"
"C5",2022-12-26,9.44298611111111,"Ambient"
"C5",2022-12-27,9.38277777777778,"Ambient"
"C5",2022-12-28,8.84138888888889,"Ambient"
"C5",2022-12-29,8.53958333333333,"Ambient"
"C5",2022-12-30,9.28475694444444,"Ambient"
"C5",2022-12-31,10.1855208333333,"Ambient"
"C5",2023-01-01,9.5575,"Ambient"
"C5",2023-01-02,9.32743055555556,"Ambient"
"C5",2023-01-03,9.42829861111111,"Ambient"
"C5",2023-01-04,7.75920138888889,"Ambient"
"C5",2023-01-05,6.5271875,"Ambient"
"C5",2023-01-06,6.18229166666667,"Ambient"
"C5",2023-01-07,5.83621527777778,"Ambient"
"C8",2019-02-01,0,"Warm"
"C8",2019-02-02,0,"Warm"
"C8",2019-02-03,0,"Warm"
"C8",2019-02-04,0,"Warm"
"C8",2019-02-05,0,"Warm"
"C8",2019-02-06,0,"Warm"
"C8",2019-02-07,0,"Warm"
"C8",2019-02-08,0,"Warm"
"C8",2019-02-09,0,"Warm"
"C8",2019-02-10,0,"Warm"
"C8",2019-02-11,5.66391304347826,"Warm"
"C8",2019-02-12,4.86145833333333,"Warm"
"C8",2019-02-13,4.38940972222222,"Warm"
"C8",2019-02-14,4.55909722222222,"Warm"
"C8",2019-02-15,5.18756944444444,"Warm"
"C8",2019-02-16,5.85243055555556,"Warm"
"C8",2019-02-17,6.15427083333333,"Warm"
"C8",2019-02-18,5.77916666666667,"Warm"
"C8",2019-02-19,5.52059027777778,"Warm"
"C8",2019-02-20,5.63211805555556,"Warm"
"C8",2019-02-21,6.38736111111111,"Warm"
"C8",2019-02-22,7.18857638888889,"Warm"
"C8",2019-02-23,7.88427083333333,"Warm"
"C8",2019-02-24,8.215625,"Warm"
"C8",2019-02-25,8.39347222222222,"Warm"
"C8",2019-02-26,8.95274305555555,"Warm"
"C8",2019-02-27,9.41295138888889,"Warm"
"C8",2019-02-28,9.55690972222222,"Warm"
"C8",2019-03-01,10.0832986111111,"Warm"
"C8",2019-03-02,10.2216319444444,"Warm"
"C8",2019-03-03,8.68729166666667,"Warm"
"C8",2019-03-04,9.39,"Warm"
"C8",2019-03-05,8.53368055555556,"Warm"
"C8",2019-03-06,9.60493055555555,"Warm"
"C8",2019-03-07,9.15284722222222,"Warm"
"C8",2019-03-08,6.53114582962932,"Warm"
"C8",2019-03-09,9.27378471875,"Warm"
"C8",2019-03-10,9.58475695138889,"Warm"
"C8",2019-03-11,8.93368054853661,"Warm"
"C8",2019-03-12,10.1088986737269,"Warm"
"C8",2019-03-13,6.32246527777778,"Warm"
"C8",2019-03-14,8.71034722569444,"Warm"
"C8",2019-03-15,9.28770834027778,"Warm"
"C8",2019-03-16,11.716691401487,"Warm"
"C8",2019-03-17,7.83062498250643,"Warm"
"C8",2019-03-18,7.53486111805556,"Warm"
"C8",2019-03-19,5.52989583333333,"Warm"
"C8",2019-03-20,7.66347222572756,"Warm"
"C8",2019-03-21,10.2525510820143,"Warm"
"C8",2019-03-22,9.75981341789821,"Warm"
"C8",2019-03-23,12.6950929814126,"Warm"
"C8",2019-03-24,12.7810606174242,"Warm"
"C8",2019-03-25,10.4446153809524,"Warm"
"C8",2019-03-26,11.0133047251684,"Warm"
"C8",2019-03-27,9.20499999545418,"Warm"
"C8",2019-03-28,9.25025361989779,"Warm"
"C8",2019-03-29,11.2180208333333,"Warm"
"C8",2019-03-30,11.7855208333333,"Warm"
"C8",2019-03-31,12.1223611111111,"Warm"
"C8",2019-04-01,12.3875694340278,"Warm"
"C8",2019-04-02,9.38701388888889,"Warm"
"C8",2019-04-03,6.83697916666667,"Warm"
"C8",2019-04-04,7.26464789520045,"Warm"
"C8",2019-04-05,7.97510415625,"Warm"
"C8",2019-04-06,7.72680554166667,"Warm"
"C8",2019-04-07,6.84539287836707,"Warm"
"C8",2019-04-08,9.10656248611111,"Warm"
"C8",2019-04-09,11.7921180659722,"Warm"
"C8",2019-04-10,12.0427083333333,"Warm"
"C8",2019-04-11,11.6325694444444,"Warm"
"C8",2019-04-12,10.8535416666667,"Warm"
"C8",2019-04-13,11.2652430555556,"Warm"
"C8",2019-04-14,11.3634722222222,"Warm"
"C8",2019-04-15,10.9067361111111,"Warm"
"C8",2019-04-16,13.0141319444444,"Warm"
"C8",2019-04-17,13.0126388888889,"Warm"
"C8",2019-04-18,14.2941666666667,"Warm"
"C8",2019-04-19,15.0244444375,"Warm"
"C8",2019-04-20,16.0431597465278,"Warm"
"C8",2019-04-21,15.15020834375,"Warm"
"C8",2019-04-22,13.3567013888889,"Warm"
"C8",2019-04-23,14.2762847222222,"Warm"
"C8",2019-04-24,14.8682291909722,"Warm"
"C8",2019-04-25,15.0460069375,"Warm"
"C8",2019-04-26,14.2794791666667,"Warm"
"C8",2019-04-27,12.0388194444444,"Warm"
"C8",2019-04-28,13.021875,"Warm"
"C8",2019-04-29,14.3973263888889,"Warm"
"C8",2019-04-30,15.4954861180556,"Warm"
"C8",2019-05-01,15.6026388993056,"Warm"
"C8",2019-05-02,16.1763888923611,"Warm"
"C8",2019-05-03,13.2976041666667,"Warm"
"C8",2019-05-04,11.7745138888889,"Warm"
"C8",2019-05-05,11.3449305555556,"Warm"
"C8",2019-05-06,12.0877430555556,"Warm"
"C8",2019-05-07,12.6574305555556,"Warm"
"C8",2019-05-08,14.7310069444444,"Warm"
"C8",2019-05-09,13.4661458333333,"Warm"
"C8",2019-05-10,14.9238541354167,"Warm"
"C8",2019-05-11,15.4168750034722,"Warm"
"C8",2019-05-12,14.52118059375,"Warm"
"C8",2019-05-13,14.8517708368056,"Warm"
"C8",2019-05-14,14.7496180590278,"Warm"
"C8",2019-05-15,15.2438889270833,"Warm"
"C8",2019-05-16,15.4384722604167,"Warm"
"C8",2019-05-17,14.8485069270833,"Warm"
"C8",2019-05-18,11.8452777777778,"Warm"
"C8",2019-05-19,11.3544097222222,"Warm"
"C8",2019-05-20,12.3336111111111,"Warm"
"C8",2019-05-21,14.4200000451389,"Warm"
"C8",2019-05-22,16.2102778020833,"Warm"
"C8",2019-05-23,17.2392708541667,"Warm"
"C8",2019-05-24,16.0581944409722,"Warm"
"C8",2019-05-25,13.7794791666667,"Warm"
"C8",2019-05-26,13.6057986111111,"Warm"
"C8",2019-05-27,14.3783680555556,"Warm"
"C8",2019-05-28,15.04166665625,"Warm"
"C8",2019-05-29,14.7967707986111,"Warm"
"C8",2019-05-30,16.3411805763889,"Warm"
"C8",2019-05-31,19.4593056284722,"Warm"
"C8",2019-06-01,22.4977082604167,"Warm"
"C8",2019-06-02,24.5601041458333,"Warm"
"C8",2019-06-03,21.5514236111111,"Warm"
"C8",2019-06-04,22.3265852961672,"Warm"
"C8",2019-06-05,12.2738888888889,"Warm"
"C8",2019-06-06,16.9925694722222,"Warm"
"C8",2019-06-07,15.5720486180556,"Warm"
"C8",2019-06-08,17.4412500173611,"Warm"
"C8",2019-06-09,18.2341666597222,"Warm"
"C8",2019-06-10,12.7829166631944,"Warm"
"C8",2019-06-11,10.8191666666667,"Warm"
"C8",2019-06-12,13.9653658362369,"Warm"
"C8",2019-06-13,19.04645834375,"Warm"
"C8",2019-06-14,16.39954859375,"Warm"
"C8",2019-06-15,14.0180208229167,"Warm"
"C8",2019-06-16,19.1948958715278,"Warm"
"C8",2019-06-17,22.8497499714286,"Warm"
"C8",2019-06-18,25.0392473297491,"Warm"
"C8",2019-06-19,23.6188194479167,"Warm"
"C8",2019-06-20,17.3838194305556,"Warm"
"C8",2019-06-21,15.4677430590278,"Warm"
"C8",2019-06-22,20.87864584375,"Warm"
"C8",2019-06-23,25.5916375749129,"Warm"
"C8",2019-06-24,23.5840625659722,"Warm"
"C8",2019-06-25,23.6518401597222,"Warm"
"C8",2019-06-26,25.9699149659574,"Warm"
"C8",2019-06-27,26.0536714202899,"Warm"
"C8",2019-06-28,26.6360069236111,"Warm"
"C8",2019-06-29,24.4469035329949,"Warm"
"C8",2019-06-30,25.2137499548611,"Warm"
"C8",2019-07-01,21.3634374583333,"Warm"
"C8",2019-07-02,19.6059722048611,"Warm"
"C8",2019-07-03,21.6150000555556,"Warm"
"C8",2019-07-04,23.3828125104167,"Warm"
"C8",2019-07-05,26.2747568888889,"Warm"
"C8",2019-07-06,27.2154167048611,"Warm"
"C8",2019-07-07,27.1209375625,"Warm"
"C8",2019-07-08,26.4231944652778,"Warm"
"C8",2019-07-09,23.4360068993056,"Warm"
"C8",2019-07-10,22.9367013854167,"Warm"
"C8",2019-07-11,25.1700000034722,"Warm"
"C8",2019-07-12,22.6476041319444,"Warm"
"C8",2019-07-13,19.8386459027778,"Warm"
"C8",2019-07-14,18.7340972013889,"Warm"
"C8",2019-07-15,18.0679860972222,"Warm"
"C8",2019-07-16,17.9720833993056,"Warm"
"C8",2019-07-17,17.9578819166667,"Warm"
"C8",2019-07-18,16.8561458958333,"Warm"
"C8",2019-07-19,17.9663194444444,"Warm"
"C8",2019-07-20,18.6019444965278,"Warm"
"C8",2019-07-21,18.5089930729167,"Warm"
"C8",2019-07-22,20.0537152881944,"Warm"
"C8",2019-07-23,21.80392359375,"Warm"
"C8",2019-07-24,22.3753819131944,"Warm"
"C8",2019-07-25,22.0138888194444,"Warm"
"C8",2019-07-26,18.8031597465278,"Warm"
"C8",2019-07-27,15.4202777569444,"Warm"
"C8",2019-07-28,15.3308333715278,"Warm"
"C8",2019-07-29,16.9973263680556,"Warm"
"C8",2019-07-30,16.5304167326389,"Warm"
"C8",2019-07-31,15.7729861076389,"Warm"
"C8",2019-08-01,16.3146875277778,"Warm"
"C8",2019-08-02,17.2234722743056,"Warm"
"C8",2019-08-03,18.3109027534722,"Warm"
"C8",2019-08-04,19.1048611388889,"Warm"
"C8",2019-08-05,19.3488541423611,"Warm"
"C8",2019-08-06,22.4202093193717,"Warm"
"C8",2019-08-07,23.8961806076389,"Warm"
"C8",2019-08-08,25.2895834340278,"Warm"
"C8",2019-08-09,23.3022221701389,"Warm"
"C8",2019-08-10,19.1540971388889,"Warm"
"C8",2019-08-11,15.7225347326389,"Warm"
"C8",2019-08-12,14.8830555555556,"Warm"
"C8",2019-08-13,14.6884027777778,"Warm"
"C8",2019-08-14,15.4870833506944,"Warm"
"C8",2019-08-15,15.26388890625,"Warm"
"C8",2019-08-16,16.4501735729167,"Warm"
"C8",2019-08-17,17.7143055729167,"Warm"
"C8",2019-08-18,18.1967708506944,"Warm"
"C8",2019-08-19,18.3696875243056,"Warm"
"C8",2019-08-20,18.0736458680556,"Warm"
"C8",2019-08-21,18.6153124652778,"Warm"
"C8",2019-08-22,20.2088194861111,"Warm"
"C8",2019-08-23,21.1712640594796,"Warm"
"C8",2019-08-24,22.9167014236111,"Warm"
"C8",2019-08-25,23.7499305729167,"Warm"
"C8",2019-08-26,22.7345137881944,"Warm"
"C8",2019-08-27,18.444007,"Warm"
"C8",2019-08-28,17.9462152847222,"Warm"
"C8",2019-08-29,18.7687152708333,"Warm"
"C8",2019-08-30,19.1080208611111,"Warm"
"C8",2019-08-31,19.1892361215278,"Warm"
"C8",2019-09-01,17.6703820034722,"Warm"
"C8",2019-09-02,15.89131940625,"Warm"
"C8",2019-09-03,15.51,"Warm"
"C8",2019-09-04,16.2118055520833,"Warm"
"C8",2019-09-05,16.7151736597222,"Warm"
"C8",2019-09-06,15.9086458576389,"Warm"
"C8",2019-09-07,15.5897569861111,"Warm"
"C8",2019-09-08,15.5575694652778,"Warm"
"C8",2019-09-09,15.5378472326389,"Warm"
"C8",2019-09-10,14.720625,"Warm"
"C8",2019-09-11,14.0630208333333,"Warm"
"C8",2019-09-12,15.1740277465278,"Warm"
"C8",2019-09-13,15.8557638958333,"Warm"
"C8",2019-09-14,16.8093402569444,"Warm"
"C8",2019-09-15,17.5353819409722,"Warm"
"C8",2019-09-16,18.0497222291667,"Warm"
"C8",2019-09-17,18.3508333020833,"Warm"
"C8",2019-09-18,17.9626041597222,"Warm"
"C8",2019-09-19,17.2997916944444,"Warm"
"C8",2019-09-20,17.8838888993056,"Warm"
"C8",2019-09-21,17.7124999930556,"Warm"
"C8",2019-09-22,16.1216319409722,"Warm"
"C8",2019-09-23,15.4438888923611,"Warm"
"C8",2019-09-24,16.1057638680556,"Warm"
"C8",2019-09-25,16.7328819652778,"Warm"
"C8",2019-09-26,16.8331945173611,"Warm"
"C8",2019-09-27,16.4872916423611,"Warm"
"C8",2019-09-28,16.7993403125,"Warm"
"C8",2019-09-29,16.3115625104167,"Warm"
"C8",2019-09-30,16.9822916944444,"Warm"
"C8",2019-10-01,17.0588193819444,"Warm"
"C8",2019-10-02,16.5614931076389,"Warm"
"C8",2019-10-03,16.17666671875,"Warm"
"C8",2019-10-04,15.2587153506944,"Warm"
"C8",2019-10-05,16.2877777708333,"Warm"
"C8",2019-10-06,16.4843750416667,"Warm"
"C8",2019-10-07,15.0329513645833,"Warm"
"C8",2019-10-08,15.9532291319444,"Warm"
"C8",2019-10-09,15.8179513958333,"Warm"
"C8",2019-10-10,15.1147569409722,"Warm"
"C8",2019-10-11,14.5897221875,"Warm"
"C8",2019-10-12,15.4638541736111,"Warm"
"C8",2019-10-13,16.3012500277778,"Warm"
"C8",2019-10-14,15.9017360902778,"Warm"
"C8",2019-10-15,15.0393402777778,"Warm"
"C8",2019-10-16,13.0093402777778,"Warm"
"C8",2019-10-17,13.3400347222222,"Warm"
"C8",2019-10-18,13.4225,"Warm"
"C8",2019-10-19,13.9745486111111,"Warm"
"C8",2019-10-20,14.011875,"Warm"
"C8",2019-10-21,13.4923263888889,"Warm"
"C8",2019-10-22,13.6829861111111,"Warm"
"C8",2019-10-23,13.5421527777778,"Warm"
"C8",2019-10-24,14.5144097222222,"Warm"
"C8",2019-10-25,14.96361109375,"Warm"
"C8",2019-10-26,14.87350696875,"Warm"
"C8",2019-10-27,15.2067013472222,"Warm"
"C8",2019-10-28,15.7141666354167,"Warm"
"C8",2019-10-29,16.0493403472222,"Warm"
"C8",2019-10-30,17.4198611944444,"Warm"
"C8",2019-10-31,17.8216666354167,"Warm"
"C8",2019-11-01,15.9907986354167,"Warm"
"C8",2019-11-02,15.7015972222222,"Warm"
"C8",2019-11-03,14.7848958333333,"Warm"
"C8",2019-11-04,13.7296527777778,"Warm"
"C8",2019-11-05,13.2498958333333,"Warm"
"C8",2019-11-06,11.9042361111111,"Warm"
"C8",2019-11-07,10.4973958333333,"Warm"
"C8",2019-11-08,8.88472222222222,"Warm"
"C8",2019-11-09,9.14277777777778,"Warm"
"C8",2019-11-10,9.51340277777778,"Warm"
"C8",2019-11-11,8.29930555555556,"Warm"
"C8",2019-11-12,8.76496527777778,"Warm"
"C8",2019-11-13,9.52975694444444,"Warm"
"C8",2019-11-14,8.90416666666667,"Warm"
"C8",2019-11-15,7.71069444444444,"Warm"
"C8",2019-11-16,7.37506944444444,"Warm"
"C8",2019-11-17,7.93340277777778,"Warm"
"C8",2019-11-18,8.51083333333333,"Warm"
"C8",2019-11-19,7.94631944444444,"Warm"
"C8",2019-11-20,7.2703125,"Warm"
"C8",2019-11-21,7.25763888888889,"Warm"
"C8",2019-11-22,7.35,"Warm"
"C8",2019-11-23,8.34527777777778,"Warm"
"C8",2019-11-24,9.05190972222222,"Warm"
"C8",2019-11-25,9.51170138888889,"Warm"
"C8",2019-11-26,10.285625,"Warm"
"C8",2019-11-27,11.7798611111111,"Warm"
"C8",2019-11-28,12.1534722222222,"Warm"
"C8",2019-11-29,13.0322916666667,"Warm"
"C8",2019-11-30,12.0761111111111,"Warm"
"C8",2019-12-01,11.4041666666667,"Warm"
"C8",2019-12-02,10.4702430555556,"Warm"
"C8",2019-12-03,10.1055555555556,"Warm"
"C8",2019-12-04,9.00340277777778,"Warm"
"C8",2019-12-05,8.67850694444444,"Warm"
"C8",2019-12-06,9.03888888888889,"Warm"
"C8",2019-12-07,8.99336805555556,"Warm"
"C8",2019-12-08,9.16104166666667,"Warm"
"C8",2019-12-09,9.95298611111111,"Warm"
"C8",2019-12-10,9.60690972222222,"Warm"
"C8",2019-12-11,8.87881944444444,"Warm"
"C8",2019-12-12,8.97520833333333,"Warm"
"C8",2019-12-13,11.5899652777778,"Warm"
"C8",2019-12-14,13.8511805555556,"Warm"
"C8",2019-12-15,13.5261458333333,"Warm"
"C8",2019-12-16,12.6161805555556,"Warm"
"C8",2019-12-17,12.7450347222222,"Warm"
"C8",2019-12-18,13.0983571428571,"Warm"
"C8",2019-12-19,11.8698263888889,"Warm"
"C8",2019-12-20,12.7790277777778,"Warm"
"C8",2019-12-21,12.1353819444444,"Warm"
"C8",2019-12-22,12.0023263888889,"Warm"
"C8",2019-12-23,11.4565625,"Warm"
"C8",2019-12-24,12.5855902777778,"Warm"
"C8",2019-12-25,12.8843402777778,"Warm"
"C8",2019-12-26,12.2802430555556,"Warm"
"C8",2019-12-27,11.1067708333333,"Warm"
"C8",2019-12-28,9.56322916666667,"Warm"
"C8",2019-12-29,8.820625,"Warm"
"C8",2019-12-30,8.42982638888889,"Warm"
"C8",2019-12-31,8.32302083333333,"Warm"
"C8",2020-01-01,8.56538194444444,"Warm"
"C8",2020-01-02,8.02920138888889,"Warm"
"C8",2020-01-03,8.2528125,"Warm"
"C8",2020-01-04,8.88642361111111,"Warm"
"C8",2020-01-05,8.95322916666667,"Warm"
"C8",2020-01-06,8.03059027777778,"Warm"
"C8",2020-01-07,7.74961805555556,"Warm"
"C8",2020-01-08,8.75829861111111,"Warm"
"C8",2020-01-09,10.1464338235294,"Warm"
"C8",2020-01-10,10.6511458333333,"Warm"
"C8",2020-01-11,9.54496527777778,"Warm"
"C8",2020-01-12,7.80715277777778,"Warm"
"C8",2020-01-13,7.02680555555556,"Warm"
"C8",2020-01-14,7.32069444444444,"Warm"
"C8",2020-01-15,7.80961805555556,"Warm"
"C8",2020-01-16,8.10097222222222,"Warm"
"C8",2020-01-17,8.15381944444444,"Warm"
"C8",2020-01-18,7.79902777777778,"Warm"
"C8",2020-01-19,8.24899305555556,"Warm"
"C8",2020-01-20,7.64666666666667,"Warm"
"C8",2020-01-21,7.48416666666667,"Warm"
"C8",2020-01-22,8.06635416666667,"Warm"
"C8",2020-01-23,9.34493055555556,"Warm"
"C8",2020-01-24,9.31319444444444,"Warm"
"C8",2020-01-25,8.90833333333333,"Warm"
"C8",2020-01-26,9.05107638888889,"Warm"
"C8",2020-01-27,8.35430555555556,"Warm"
"C8",2020-01-28,8.98399305555555,"Warm"
"C8",2020-01-29,8.94736111111111,"Warm"
"C8",2020-01-30,10.6744444444444,"Warm"
"C8",2020-01-31,12.9348263888889,"Warm"
"C8",2020-02-01,12.6552777777778,"Warm"
"C8",2020-02-02,13.3463888888889,"Warm"
"C8",2020-02-03,14.6766319444444,"Warm"
"C8",2020-02-04,14.7252430555556,"Warm"
"C8",2020-02-05,13.0121180555556,"Warm"
"C8",2020-02-06,10.4566666666667,"Warm"
"C8",2020-02-07,9.38697916666667,"Warm"
"C8",2020-02-08,9.089375,"Warm"
"C8",2020-02-09,10.1853472222222,"Warm"
"C8",2020-02-10,13.0754861111111,"Warm"
"C8",2020-02-11,14.5938888888889,"Warm"
"C8",2020-02-12,14.0447916666667,"Warm"
"C8",2020-02-13,13.2190277777778,"Warm"
"C8",2020-02-14,14.7619098055556,"Warm"
"C8",2020-02-15,13.9666319444444,"Warm"
"C8",2020-02-16,13.8555902777778,"Warm"
"C8",2020-02-17,12.7433333333333,"Warm"
"C8",2020-02-18,11.3864930555556,"Warm"
"C8",2020-02-19,11.3406597222222,"Warm"
"C8",2020-02-20,11.1999305555556,"Warm"
"C8",2020-02-21,11.4814236111111,"Warm"
"C8",2020-02-22,11.8819791666667,"Warm"
"C8",2020-02-23,12.7227430555556,"Warm"
"C8",2020-02-24,13.0445138888889,"Warm"
"C8",2020-02-25,12.5803819444444,"Warm"
"C8",2020-02-26,12.1813541666667,"Warm"
"C8",2020-02-27,11.7402430555556,"Warm"
"C8",2020-02-28,13.5511805555556,"Warm"
"C8",2020-02-29,13.6405208333333,"Warm"
"C8",2020-03-01,13.6262847222222,"Warm"
"C8",2020-03-02,13.3210069444444,"Warm"
"C8",2020-03-03,10.9939236111111,"Warm"
"C8",2020-03-04,10.7477430555556,"Warm"
"C8",2020-03-05,11.9277777777778,"Warm"
"C8",2020-03-06,10.5975,"Warm"
"C8",2020-03-07,10.1285069444444,"Warm"
"C8",2020-03-08,11.6181597222222,"Warm"
"C8",2020-03-09,12.2018374558304,"Warm"
"C8",2020-03-10,12.6153472222222,"Warm"
"C8",2020-03-11,13.0719801980198,"Warm"
"C8",2020-03-13,14.9126136363636,"Warm"
"C8",2020-03-14,14.1942013888889,"Warm"
"C8",2020-03-15,13.9625694444444,"Warm"
"C8",2020-03-16,14.7028819444444,"Warm"
"C8",2020-03-17,14.6286458333333,"Warm"
"C8",2020-03-18,15.6098958576389,"Warm"
"C8",2020-03-19,16.8787500104167,"Warm"
"C8",2020-03-20,17.7534374756944,"Warm"
"C8",2020-03-21,17.3906249479167,"Warm"
"C8",2020-03-22,17.0320138229167,"Warm"
"C8",2020-03-23,16.5074999895833,"Warm"
"C8",2020-03-24,15.9040277847222,"Warm"
"C8",2020-03-25,15.2477083194444,"Warm"
"C8",2020-03-26,13.8371527777778,"Warm"
"C8",2020-03-27,11.9853472222222,"Warm"
"C8",2020-03-28,13.5166666631944,"Warm"
"C8",2020-03-29,14.2853819444444,"Warm"
"C8",2020-03-30,12.3243402777778,"Warm"
"C8",2020-03-31,11.7875694444444,"Warm"
"C8",2020-04-01,13.9809027777778,"Warm"
"C8",2020-04-02,14.1861111111111,"Warm"
"C8",2020-04-03,14.6013540659722,"Warm"
"C8",2020-04-04,15.2073610972222,"Warm"
"C8",2020-04-05,16.7536458923611,"Warm"
"C8",2020-04-06,17.6048958368056,"Warm"
"C8",2020-04-07,17.9706942743056,"Warm"
"C8",2020-04-08,18.02281253125,"Warm"
"C8",2020-04-09,18.3705555138889,"Warm"
"C8",2020-04-10,19.8132292534722,"Warm"
"C8",2020-04-11,19.7409375381944,"Warm"
"C8",2020-04-12,18.8997569479167,"Warm"
"C8",2020-04-13,17.4010070972222,"Warm"
"C8",2020-04-14,18.0955208263889,"Warm"
"C8",2020-04-15,18.9972570104167,"Warm"
"C8",2020-04-16,19.8214584444444,"Warm"
"C8",2020-04-17,20.2978819305556,"Warm"
"C8",2020-04-18,20.7749653611111,"Warm"
"C8",2020-04-19,20.9046180520833,"Warm"
"C8",2020-04-20,18.9700695277778,"Warm"
"C8",2020-04-21,17.9287500694444,"Warm"
"C8",2020-04-22,16.7849652256944,"Warm"
"C8",2020-04-23,17.1028123645833,"Warm"
"C8",2020-04-24,18.3996528298611,"Warm"
"C8",2020-04-25,19.8213194305556,"Warm"
"C8",2020-04-26,20.2675347256944,"Warm"
"C8",2020-04-27,19.8799304652778,"Warm"
"C8",2020-04-28,18.4210069861111,"Warm"
"C8",2020-04-29,17.4687499756944,"Warm"
"C8",2020-04-30,18.9639931111111,"Warm"
"C8",2020-05-01,18.9428821041667,"Warm"
"C8",2020-05-02,20.3315972777778,"Warm"
"C8",2020-05-03,22.3932639479167,"Warm"
"C8",2020-05-04,24.1066318888889,"Warm"
"C8",2020-05-05,26.1819792256944,"Warm"
"C8",2020-05-06,25.5314583784722,"Warm"
"C8",2020-05-07,25.2917360902778,"Warm"
"C8",2020-05-08,24.9727082152778,"Warm"
"C8",2020-05-09,24.3038195277778,"Warm"
"C8",2020-05-10,22.2926388888889,"Warm"
"C8",2020-05-11,18.8840972291667,"Warm"
"C8",2020-05-12,17.7704166770833,"Warm"
"C8",2020-05-13,17.9253818958333,"Warm"
"C8",2020-05-14,18.1388542395833,"Warm"
"C8",2020-05-15,17.3438540520833,"Warm"
"C8",2020-05-16,17.0914930625,"Warm"
"C8",2020-05-17,18.56468746875,"Warm"
"C8",2020-05-18,20.9831597916667,"Warm"
"C8",2020-05-19,22.4052430451389,"Warm"
"C8",2020-05-20,24.1811805347222,"Warm"
"C8",2020-05-21,25.0228819409722,"Warm"
"C8",2020-05-22,26.2259374166667,"Warm"
"C8",2020-05-23,25.1993055625,"Warm"
"C8",2020-05-24,22.1041318541667,"Warm"
"C8",2020-05-25,23.6380208402778,"Warm"
"C8",2020-05-26,24.8065971736111,"Warm"
"C8",2020-05-27,25.8544792430556,"Warm"
"C8",2020-05-28,26.4877777951389,"Warm"
"C8",2020-05-29,26.4868403055556,"Warm"
"C8",2020-05-30,26.7311458333333,"Warm"
"C8",2020-05-31,26.8862152777778,"Warm"
"C8",2020-06-01,26.21430565625,"Warm"
"C8",2020-06-02,25.0495486840278,"Warm"
"C8",2020-06-03,24.4211805868056,"Warm"
"C8",2020-06-04,22.1311457083333,"Warm"
"C8",2020-06-05,20.4547568854167,"Warm"
"C8",2020-06-06,21.5840278125,"Warm"
"C8",2020-06-07,20.0639929791667,"Warm"
"C8",2020-06-08,19.15309025,"Warm"
"C8",2020-06-09,19.1265624479167,"Warm"
"C8",2020-06-10,19.1654861354167,"Warm"
"C8",2020-06-11,20.0526389097222,"Warm"
"C8",2020-06-12,21.1006944375,"Warm"
"C8",2020-06-13,21.9139930208333,"Warm"
"C8",2020-06-14,20.7913541840278,"Warm"
"C8",2020-06-15,22.4329861493056,"Warm"
"C8",2020-06-16,21.6732985763889,"Warm"
"C8",2020-06-17,20.11663184375,"Warm"
"C8",2020-06-18,19.9097221840278,"Warm"
"C8",2020-06-19,21.6425000763889,"Warm"
"C8",2020-06-20,23.6999304930556,"Warm"
"C8",2020-06-21,24.6071528923611,"Warm"
"C8",2020-06-22,25.9187153680556,"Warm"
"C8",2020-06-23,26.6664236145833,"Warm"
"C8",2020-06-24,28.0445139236111,"Warm"
"C8",2020-06-25,27.8097569479167,"Warm"
"C8",2020-06-26,26.8740276388889,"Warm"
"C8",2020-06-27,27.36576396875,"Warm"
"C8",2020-06-28,27.0589236493056,"Warm"
"C8",2020-06-29,24.9084027951389,"Warm"
"C8",2020-06-30,21.9323611458333,"Warm"
"C8",2020-07-01,21.6546527951389,"Warm"
"C8",2020-07-02,20.8593402881944,"Warm"
"C8",2020-07-03,20.0943747673611,"Warm"
"C8",2020-07-04,20.8391319201389,"Warm"
"C8",2020-07-05,21.7911111180556,"Warm"
"C8",2020-07-06,21.4836112222222,"Warm"
"C8",2020-07-07,21.7298264201389,"Warm"
"C8",2020-07-08,21.7740277847222,"Warm"
"C8",2020-07-09,21.9190625520833,"Warm"
"C8",2020-07-10,21.0068749930556,"Warm"
"C8",2020-07-11,20.7620484826389,"Warm"
"C8",2020-07-12,20.6739930104167,"Warm"
"C8",2020-07-13,21.13923609375,"Warm"
"C8",2020-07-14,20.9754860416667,"Warm"
"C8",2020-07-15,20.8101736458333,"Warm"
"C8",2020-07-16,20.4735763923611,"Warm"
"C8",2020-07-17,20.6323958958333,"Warm"
"C8",2020-07-18,21.7018402430556,"Warm"
"C8",2020-07-19,22.4471180763889,"Warm"
"C8",2020-07-20,22.7385416840278,"Warm"
"C8",2020-07-21,22.9277430972222,"Warm"
"C8",2020-07-22,23.0394790868056,"Warm"
"C8",2020-07-23,22.5407291527778,"Warm"
"C8",2020-07-24,22.0619097256944,"Warm"
"C8",2020-07-25,22.1537848333333,"Warm"
"C8",2020-07-26,23.5000696041667,"Warm"
"C8",2020-07-27,25.6126041840278,"Warm"
"C8",2020-07-28,22.3291319618056,"Warm"
"C8",2020-07-29,21.5039235590278,"Warm"
"C8",2020-07-30,22.9804514513889,"Warm"
"C8",2020-07-31,22.67506940625,"Warm"
"C8",2020-08-01,20.1478819826389,"Warm"
"C8",2020-08-02,19.8744444131944,"Warm"
"C8",2020-08-03,20.0683333576389,"Warm"
"C8",2020-08-04,20.0351735173611,"Warm"
"C8",2020-08-05,20.2027083263889,"Warm"
"C8",2020-08-06,20.8318402361111,"Warm"
"C8",2020-08-07,21.6409722673611,"Warm"
"C8",2020-08-08,21.7944444027778,"Warm"
"C8",2020-08-09,20.8104513993056,"Warm"
"C8",2020-08-10,20.3523958159722,"Warm"
"C8",2020-08-11,20.55715275,"Warm"
"C8",2020-08-12,20.9891667013889,"Warm"
"C8",2020-08-13,19.8591319305556,"Warm"
"C8",2020-08-14,20.3468749236111,"Warm"
"C8",2020-08-15,20.6188888784722,"Warm"
"C8",2020-08-16,19.8590624131944,"Warm"
"C8",2020-08-17,19.8886111215278,"Warm"
"C8",2020-08-18,20.1456596631944,"Warm"
"C8",2020-08-19,21.3070138229167,"Warm"
"C8",2020-08-20,21.7047568958333,"Warm"
"C8",2020-08-21,21.4805209027778,"Warm"
"C8",2020-08-22,20.0800694027778,"Warm"
"C8",2020-08-23,20.31861103125,"Warm"
"C8",2020-08-24,20.4730207395833,"Warm"
"C8",2020-08-25,20.7922569652778,"Warm"
"C8",2020-08-26,20.7870486145833,"Warm"
"C8",2020-08-27,21.0263889236111,"Warm"
"C8",2020-08-28,19.6672222083333,"Warm"
"C8",2020-08-29,18.8156945034722,"Warm"
"C8",2020-08-30,18.247013875,"Warm"
"C8",2020-08-31,18.9997569305556,"Warm"
"C8",2020-09-01,18.9756597986111,"Warm"
"C8",2020-09-02,20.1129859756944,"Warm"
"C8",2020-09-03,19.2374305763889,"Warm"
"C8",2020-09-04,20.0123263263889,"Warm"
"C8",2020-09-05,20.0596527152778,"Warm"
"C8",2020-09-06,19.9934027847222,"Warm"
"C8",2020-09-07,19.5615625243056,"Warm"
"C8",2020-09-08,19.0240624965278,"Warm"
"C8",2020-09-09,19.5027429513889,"Warm"
"C8",2020-09-10,20.1807639444444,"Warm"
"C8",2020-09-11,20.3709028194444,"Warm"
"C8",2020-09-12,20.3081597291667,"Warm"
"C8",2020-09-13,20.4594097118056,"Warm"
"C8",2020-09-14,20.6949305451389,"Warm"
"C8",2020-09-15,20.1293750069444,"Warm"
"C8",2020-09-16,20.4857292083333,"Warm"
"C8",2020-09-17,20.5339235173611,"Warm"
"C8",2020-09-18,19.8884028576389,"Warm"
"C8",2020-09-19,20.01798615625,"Warm"
"C8",2020-09-20,20.2359028298611,"Warm"
"C8",2020-09-21,20.0699305451389,"Warm"
"C8",2020-09-22,19.9262500694444,"Warm"
"C8",2020-09-23,19.3349652708333,"Warm"
"C8",2020-09-24,19.9852777951389,"Warm"
"C8",2020-09-25,16.7767361076389,"Warm"
"C8",2020-09-26,14.3786111111111,"Warm"
"C8",2020-09-27,13.904375,"Warm"
"C8",2020-09-28,15.07065971875,"Warm"
"C8",2020-09-29,18.1828820173611,"Warm"
"C8",2020-09-30,18.2919791041667,"Warm"
"C8",2020-10-01,17.7839235798611,"Warm"
"C8",2020-10-02,15.7475693888889,"Warm"
"C8",2020-10-03,12.9768055555556,"Warm"
"C8",2020-10-04,13.2876736111111,"Warm"
"C8",2020-10-05,13.8548958993056,"Warm"
"C8",2020-10-06,15.3822570173611,"Warm"
"C8",2020-10-07,17.8554511388889,"Warm"
"C8",2020-10-08,18.4522916319444,"Warm"
"C8",2020-10-09,19.0010416145833,"Warm"
"C8",2020-10-10,19.1379167083333,"Warm"
"C8",2020-10-11,15.7687499826389,"Warm"
"C8",2020-10-12,14.7534027951389,"Warm"
"C8",2020-10-13,14.7460416666667,"Warm"
"C8",2020-10-14,13.6161805555556,"Warm"
"C8",2020-10-15,11.9791666666667,"Warm"
"C8",2020-10-16,11.5331944444444,"Warm"
"C8",2020-10-17,12.7807986111111,"Warm"
"C8",2020-10-18,12.6029861111111,"Warm"
"C8",2020-10-19,12.9548958333333,"Warm"
"C8",2020-10-20,14.4716319791667,"Warm"
"C8",2020-10-21,18.1777777638889,"Warm"
"C8",2020-10-22,18.7694096527778,"Warm"
"C8",2020-10-23,18.20843746875,"Warm"
"C8",2020-10-24,16.2918749930556,"Warm"
"C8",2020-10-25,14.9005902777778,"Warm"
"C8",2020-10-26,13.8308680555556,"Warm"
"C8",2020-10-27,13.2308680555556,"Warm"
"C8",2020-10-28,14.4884722222222,"Warm"
"C8",2020-10-29,15.1957291631944,"Warm"
"C8",2020-10-30,15.04524315625,"Warm"
"C8",2020-10-31,14.9370486076389,"Warm"
"C8",2020-11-01,15.2186805347222,"Warm"
"C8",2020-11-02,16.3843750625,"Warm"
"C8",2020-11-03,16.3998958020833,"Warm"
"C8",2020-11-04,13.7501388888889,"Warm"
"C8",2020-11-05,12.1604861111111,"Warm"
"C8",2020-11-06,13.6560763888889,"Warm"
"C8",2020-11-07,15.2771180520833,"Warm"
"C8",2020-11-08,15.3568055590278,"Warm"
"C8",2020-11-09,14.2918055555556,"Warm"
"C8",2020-11-10,14.2226388888889,"Warm"
"C8",2020-11-11,12.9294097222222,"Warm"
"C8",2020-11-12,13.1353125,"Warm"
"C8",2020-11-13,13.3528819444444,"Warm"
"C8",2020-11-14,13.0346875,"Warm"
"C8",2020-11-15,13.1840625,"Warm"
"C8",2020-11-16,14.2469444444444,"Warm"
"C8",2020-11-17,12.8801041666667,"Warm"
"C8",2020-11-18,13.1914236111111,"Warm"
"C8",2020-11-19,12.9858680555556,"Warm"
"C8",2020-11-20,12.223125,"Warm"
"C8",2020-11-21,9.96993055555556,"Warm"
"C8",2020-11-22,8.44520833333333,"Warm"
"C8",2020-11-23,8.32840277777778,"Warm"
"C8",2020-11-24,8.42774305555556,"Warm"
"C8",2020-11-25,8.73506944444444,"Warm"
"C8",2020-11-26,8.83704861111111,"Warm"
"C8",2020-11-27,10.0313888888889,"Warm"
"C8",2020-11-28,10.0128472222222,"Warm"
"C8",2020-11-29,9.9540625,"Warm"
"C8",2020-11-30,10.3418055555556,"Warm"
"C8",2020-12-01,9.98197916666667,"Warm"
"C8",2020-12-02,8.70885416666667,"Warm"
"C8",2020-12-03,7.46958333333333,"Warm"
"C8",2020-12-04,7.55225694444444,"Warm"
"C8",2020-12-05,6.7975,"Warm"
"C8",2020-12-06,6.93180555555556,"Warm"
"C8",2020-12-07,6.94982638888889,"Warm"
"C8",2020-12-08,7.09756944444444,"Warm"
"C8",2020-12-09,7.09350694444444,"Warm"
"C8",2020-12-10,7.17555555555556,"Warm"
"C8",2020-12-11,8.18309027777778,"Warm"
"C8",2020-12-12,9.56253472222222,"Warm"
"C8",2020-12-13,9.131875,"Warm"
"C8",2020-12-14,10.2430902777778,"Warm"
"C8",2020-12-15,10.443125,"Warm"
"C8",2020-12-16,8.64934027777778,"Warm"
"C8",2020-12-17,7.56329861111111,"Warm"
"C8",2020-12-18,7.63350694444444,"Warm"
"C8",2020-12-19,8.13329861111111,"Warm"
"C8",2020-12-20,9.00069444444444,"Warm"
"C8",2020-12-21,8.59881944444444,"Warm"
"C8",2020-12-22,10.3023611111111,"Warm"
"C8",2020-12-23,11.0081597222222,"Warm"
"C8",2020-12-24,11.3182638888889,"Warm"
"C8",2020-12-25,8.69743055555556,"Warm"
"C8",2020-12-26,6.48548611111111,"Warm"
"C8",2020-12-27,4.96711805555556,"Warm"
"C8",2020-12-28,5.43159722222222,"Warm"
"C8",2020-12-29,5.78413194444444,"Warm"
"C8",2020-12-30,6.13482638888889,"Warm"
"C8",2020-12-31,6.34489583333333,"Warm"
"C8",2021-01-01,7.19520833333333,"Warm"
"C8",2021-01-02,6.70149305555556,"Warm"
"C8",2021-01-03,5.62177083333333,"Warm"
"C8",2021-01-04,5.43253472222222,"Warm"
"C8",2021-01-05,5.31559027777778,"Warm"
"C8",2021-01-06,5.00086805555556,"Warm"
"C8",2021-01-07,6.87666666666667,"Warm"
"C8",2021-01-08,11.1942013888889,"Warm"
"C8",2021-01-09,4.94329861111111,"Warm"
"C8",2021-01-10,3.08013888888889,"Warm"
"C8",2021-01-11,3.15263888888889,"Warm"
"C8",2021-01-12,3.27875,"Warm"
"C8",2021-01-13,3.71493055555556,"Warm"
"C8",2021-01-14,5.36888888888889,"Warm"
"C8",2021-01-15,7.57305555555556,"Warm"
"C8",2021-01-16,7.11649305555556,"Warm"
"C8",2021-01-17,7.52965277777778,"Warm"
"C8",2021-01-18,8.17677083333333,"Warm"
"C8",2021-01-19,7.23107638888889,"Warm"
"C8",2021-01-20,7.6690625,"Warm"
"C8",2021-01-21,8.92145833333333,"Warm"
"C8",2021-01-22,9.11527777777778,"Warm"
"C8",2021-01-23,8.06368055555556,"Warm"
"C8",2021-01-24,8.25020833333333,"Warm"
"C8",2021-01-25,8.40319444444444,"Warm"
"C8",2021-01-26,8.01763888888889,"Warm"
"C8",2021-01-27,9.93322916666667,"Warm"
"C8",2021-01-28,12.3167361111111,"Warm"
"C8",2021-01-29,12.3270486111111,"Warm"
"C8",2021-01-30,11.5491319444444,"Warm"
"C8",2021-01-31,11.0004166666667,"Warm"
"C8",2021-02-01,11.4883333333333,"Warm"
"C8",2021-02-02,12.7646875,"Warm"
"C8",2021-02-03,13.0340277777778,"Warm"
"C8",2021-02-04,13.3914583333333,"Warm"
"C8",2021-02-05,13.8758680555556,"Warm"
"C8",2021-02-06,13.3034722222222,"Warm"
"C8",2021-02-07,12.2349652777778,"Warm"
"C8",2021-02-08,10.6752083333333,"Warm"
"C8",2021-02-09,9.68657370517928,"Warm"
"C8",2021-02-10,9.03702702702703,"Warm"
"C8",2021-02-13,10.9290977443609,"Warm"
"C8",2021-02-14,10.5871180555556,"Warm"
"C8",2021-02-15,10.4114236111111,"Warm"
"C8",2021-02-16,11.2509722222222,"Warm"
"C8",2021-02-17,12.8187108013937,"Warm"
"C8",2021-02-18,12.8431597222222,"Warm"
"C8",2021-02-19,12.5662847222222,"Warm"
"C8",2021-02-20,12.5428472222222,"Warm"
"C8",2021-02-21,12.7902430555556,"Warm"
"C8",2021-02-22,12.7471527777778,"Warm"
"C8",2021-02-23,12.8790277777778,"Warm"
"C8",2021-02-24,14.0000347951389,"Warm"
"C8",2021-02-25,13.8538888888889,"Warm"
"C8",2021-02-26,13.8503819444444,"Warm"
"C8",2021-02-27,14.5832291666667,"Warm"
"C8",2021-02-28,13.8257638888889,"Warm"
"C8",2021-03-01,12.7984722222222,"Warm"
"C8",2021-03-02,12.5809375,"Warm"
"C8",2021-03-03,12.6019791666667,"Warm"
"C8",2021-03-04,13.3144791666667,"Warm"
"C8",2021-03-05,14.3808680555556,"Warm"
"C8",2021-03-06,13.2553125,"Warm"
"C8",2021-03-07,11.7837152777778,"Warm"
"C8",2021-03-08,11.4445833333333,"Warm"
"C8",2021-03-09,10.9214236111111,"Warm"
"C8",2021-03-10,10.4160763888889,"Warm"
"C8",2021-03-11,13.0330902777778,"Warm"
"C8",2021-03-12,14.0515625,"Warm"
"C8",2021-03-13,11.9577430555556,"Warm"
"C8",2021-03-14,11.8427430555556,"Warm"
"C8",2021-03-15,10.6074652777778,"Warm"
"C8",2021-03-16,11.5030555555556,"Warm"
"C8",2021-03-17,12.9029513888889,"Warm"
"C8",2021-03-18,12.3568055555556,"Warm"
"C8",2021-03-19,9.91857638888889,"Warm"
"C8",2021-03-20,8.51940972222222,"Warm"
"C8",2021-03-21,8.36184027777778,"Warm"
"C8",2021-03-22,10.9966319444444,"Warm"
"C8",2021-03-23,12.3228472222222,"Warm"
"C8",2021-03-24,13.2987500034722,"Warm"
"C8",2021-03-25,14.4499999791667,"Warm"
"C8",2021-03-26,14.4613888715278,"Warm"
"C8",2021-03-27,14.8629513888889,"Warm"
"C8",2021-03-28,14.2663194097222,"Warm"
"C8",2021-03-29,16.2698264166667,"Warm"
"C8",2021-03-30,17.8085069722222,"Warm"
"C8",2021-03-31,18.8647916458333,"Warm"
"C8",2021-04-01,18.93322915625,"Warm"
"C8",2021-04-02,18.8083333506944,"Warm"
"C8",2021-04-03,18.2739235763889,"Warm"
"C8",2021-04-04,17.1168055868056,"Warm"
"C8",2021-04-05,16.4139235694444,"Warm"
"C8",2021-04-06,16.4571874756944,"Warm"
"C8",2021-04-07,14.9531944791667,"Warm"
"C8",2021-04-08,13.92486109375,"Warm"
"C8",2021-04-09,14.9334028784722,"Warm"
"C8",2021-04-10,14.7639235972222,"Warm"
"C8",2021-04-11,13.6394444444444,"Warm"
"C8",2021-04-12,13.1633680555556,"Warm"
"C8",2021-04-13,13.8874305555556,"Warm"
"C8",2021-04-14,14.1155208402778,"Warm"
"C8",2021-04-15,14.5493055486111,"Warm"
"C8",2021-04-16,14.5759027708333,"Warm"
"C8",2021-04-17,14.0586458333333,"Warm"
"C8",2021-04-18,13.8247569444444,"Warm"
"C8",2021-04-19,14.9497917152778,"Warm"
"C8",2021-04-20,15.85291659375,"Warm"
"C8",2021-04-21,15.7613888958333,"Warm"
"C8",2021-04-22,16.4618055243056,"Warm"
"C8",2021-04-23,17.32486115625,"Warm"
"C8",2021-04-24,19.0988193923611,"Warm"
"C8",2021-04-25,19.34479165625,"Warm"
"C8",2021-04-26,17.7852778958333,"Warm"
"C8",2021-04-27,16.9148264027778,"Warm"
"C8",2021-04-28,16.4443749930556,"Warm"
"C8",2021-04-29,15.2613888993056,"Warm"
"C8",2021-04-30,14.3771875,"Warm"
"C8",2021-05-01,13.5776736111111,"Warm"
"C8",2021-05-02,13.7014236111111,"Warm"
"C8",2021-05-03,14.6624305347222,"Warm"
"C8",2021-05-04,16.9396180208333,"Warm"
"C8",2021-05-05,18.8529166423611,"Warm"
"C8",2021-05-06,18.3346527673611,"Warm"
"C8",2021-05-07,19.7880902847222,"Warm"
"C8",2021-05-08,21.3356944236111,"Warm"
"C8",2021-05-09,22.3827083368056,"Warm"
"C8",2021-05-10,20.9796874583333,"Warm"
"C8",2021-05-11,18.5590624236111,"Warm"
"C8",2021-05-12,16.5326041631944,"Warm"
"C8",2021-05-13,17.0777430416667,"Warm"
"C8",2021-05-14,17.9843749583333,"Warm"
"C8",2021-05-15,18.0857291388889,"Warm"
"C8",2021-05-16,18.1020833680556,"Warm"
"C8",2021-05-17,17.99083340625,"Warm"
"C8",2021-05-18,18.6416319791667,"Warm"
"C8",2021-05-19,19.34100696875,"Warm"
"C8",2021-05-20,20.73881940625,"Warm"
"C8",2021-05-21,20.8953818888889,"Warm"
"C8",2021-05-22,19.3730555451389,"Warm"
"C8",2021-05-23,17.1559028472222,"Warm"
"C8",2021-05-24,15.7645833090278,"Warm"
"C8",2021-05-25,14.92125,"Warm"
"C8",2021-05-26,17.1381596770833,"Warm"
"C8",2021-05-27,19.8489236041667,"Warm"
"C8",2021-05-28,21.4871527534722,"Warm"
"C8",2021-05-29,21.6262151423611,"Warm"
"C8",2021-05-30,23.4697917847222,"Warm"
"C8",2021-05-31,23.9901736284722,"Warm"
"C8",2021-06-01,24.5563541944444,"Warm"
"C8",2021-06-02,23.1248610902778,"Warm"
"C8",2021-06-03,23.749236125,"Warm"
"C8",2021-06-04,23.0754512534722,"Warm"
"C8",2021-06-05,21.9075694548611,"Warm"
"C8",2021-06-06,23.3000694479167,"Warm"
"C8",2021-06-07,23.2057986458333,"Warm"
"C8",2021-06-08,22.5976736666667,"Warm"
"C8",2021-06-09,22.9657986215278,"Warm"
"C8",2021-06-10,23.98159721875,"Warm"
"C8",2021-06-11,23.0464931041667,"Warm"
"C8",2021-06-12,23.1627431006944,"Warm"
"C8",2021-06-13,24.2167361423611,"Warm"
"C8",2021-06-14,23.6810417118056,"Warm"
"C8",2021-06-15,23.3666666111111,"Warm"
"C8",2021-06-16,23.3055902465278,"Warm"
"C8",2021-06-17,22.43809025,"Warm"
"C8",2021-06-18,22.1785763923611,"Warm"
"C8",2021-06-19,23.2140625277778,"Warm"
"C8",2021-06-20,22.9186805833333,"Warm"
"C8",2021-06-21,22.2213193958333,"Warm"
"C8",2021-06-22,21.8881250381944,"Warm"
"C8",2021-06-23,20.5682638333333,"Warm"
"C8",2021-06-24,20.0495485694444,"Warm"
"C8",2021-06-25,22.2896874548611,"Warm"
"C8",2021-06-26,23.1446527743056,"Warm"
"C8",2021-06-27,22.2305554305556,"Warm"
"C8",2021-06-28,21.3767014930556,"Warm"
"C8",2021-06-29,21.57336803125,"Warm"
"C8",2021-06-30,22.2939930381944,"Warm"
"C8",2021-07-01,23.0573263541667,"Warm"
"C8",2021-07-02,23.2318750486111,"Warm"
"C8",2021-07-03,21.1629861458333,"Warm"
"C8",2021-07-04,20.2883679583333,"Warm"
"C8",2021-07-05,21.3320486076389,"Warm"
"C8",2021-07-06,20.7941667986111,"Warm"
"C8",2021-07-07,20.2819790972222,"Warm"
"C8",2021-07-08,19.8610764895833,"Warm"
"C8",2021-07-09,21.1912847291667,"Warm"
"C8",2021-07-10,20.46180553125,"Warm"
"C8",2021-07-11,21.3101041944444,"Warm"
"C8",2021-07-12,20.5037848645833,"Warm"
"C8",2021-07-13,19.0531250451389,"Warm"
"C8",2021-07-14,19.6753471736111,"Warm"
"C8",2021-07-15,19.9561805972222,"Warm"
"C8",2021-07-16,20.02277775,"Warm"
"C8",2021-07-17,21.2017361493056,"Warm"
"C8",2021-07-18,21.7275000069444,"Warm"
"C8",2021-07-19,22.2679077765957,"Warm"
"C8",2021-07-20,21.6493055173611,"Warm"
"C8",2021-07-21,21.6148611180556,"Warm"
"C8",2021-07-22,22.5385417291667,"Warm"
"C8",2021-07-23,22.10388896875,"Warm"
"C8",2021-07-24,20.31694453125,"Warm"
"C8",2021-07-25,20.0636805173611,"Warm"
"C8",2021-07-26,20.15732696875,"Warm"
"C8",2021-07-27,20.1360763958333,"Warm"
"C8",2021-07-28,20.152596522807,"Warm"
"C8",2021-07-29,20.7830555243056,"Warm"
"C8",2021-07-30,20.1476389131944,"Warm"
"C8",2021-07-31,19.7063194930556,"Warm"
"C8",2021-08-01,19.3724304826389,"Warm"
"C8",2021-08-02,19.9885762708333,"Warm"
"C8",2021-08-03,20.0732352720588,"Warm"
"C8",2021-08-04,20.4397570034722,"Warm"
"C8",2021-08-05,20.6573958506944,"Warm"
"C8",2021-08-06,20.2246180451389,"Warm"
"C8",2021-08-07,19.9589930868056,"Warm"
"C8",2021-08-08,19.6979860555556,"Warm"
"C8",2021-08-09,20.3564931111111,"Warm"
"C8",2021-08-10,21.7317012708333,"Warm"
"C8",2021-08-11,22.3719097048611,"Warm"
"C8",2021-08-12,22.9494792048611,"Warm"
"C8",2021-08-13,22.1872569097222,"Warm"
"C8",2021-08-14,22.1640625208333,"Warm"
"C8",2021-08-15,21.07961803125,"Warm"
"C8",2021-08-16,20.0020833888889,"Warm"
"C8",2021-08-17,19.9323264131944,"Warm"
"C8",2021-08-18,19.8696874479167,"Warm"
"C8",2021-08-19,19.9237153055556,"Warm"
"C8",2021-08-20,20.9748263298611,"Warm"
"C8",2021-08-21,20.5784722395833,"Warm"
"C8",2021-08-22,19.9431595555556,"Warm"
"C8",2021-08-23,20.1872916145833,"Warm"
"C8",2021-08-24,20.0824304756944,"Warm"
"C8",2021-08-25,20.3879861180556,"Warm"
"C8",2021-08-26,20.9658333402778,"Warm"
"C8",2021-08-27,20.9894790625,"Warm"
"C8",2021-08-28,20.1080901875,"Warm"
"C8",2021-08-29,19.9584722222222,"Warm"
"C8",2021-08-30,19.7546875416667,"Warm"
"C8",2021-08-31,20.5073263541667,"Warm"
"C8",2021-09-01,19.8858334861111,"Warm"
"C8",2021-09-02,19.84361115625,"Warm"
"C8",2021-09-03,20.3138888958333,"Warm"
"C8",2021-09-04,20.7118749513889,"Warm"
"C8",2021-09-05,20.9131597534722,"Warm"
"C8",2021-09-13,21.0636572914286,"Warm"
"C8",2021-09-14,20.1929513402778,"Warm"
"C8",2021-09-15,20.3847916423611,"Warm"
"C8",2021-09-16,20.0691666909722,"Warm"
"C8",2021-09-17,20.405833375,"Warm"
"C8",2021-09-18,19.8657984930556,"Warm"
"C8",2021-09-19,18.9265277395833,"Warm"
"C8",2021-09-20,19.6205556215278,"Warm"
"C8",2021-09-21,17.6123959027778,"Warm"
"C8",2021-09-22,17.73065978125,"Warm"
"C8",2021-09-23,20.0636806006944,"Warm"
"C8",2021-09-24,19.8251736701389,"Warm"
"C8",2021-09-25,20.0594445555556,"Warm"
"C8",2021-09-26,19.8369792291667,"Warm"
"C8",2021-09-27,19.6469445625,"Warm"
"C8",2021-09-28,19.74569440625,"Warm"
"C8",2021-09-29,19.9431249895833,"Warm"
"C8",2021-09-30,19.8277430590278,"Warm"
"C8",2021-10-01,18.8313541770833,"Warm"
"C8",2021-10-02,19.50399309375,"Warm"
"C8",2021-10-03,19.4566665763889,"Warm"
"C8",2021-10-04,17.8361111458333,"Warm"
"C8",2021-10-05,16.7050347708333,"Warm"
"C8",2021-10-06,17.3695138020833,"Warm"
"C8",2021-10-07,17.7716319131944,"Warm"
"C8",2021-10-08,17.0190972256944,"Warm"
"C8",2021-10-09,18.1180901979167,"Warm"
"C8",2021-10-10,19.0522568402778,"Warm"
"C8",2021-10-11,18.3990278576389,"Warm"
"C8",2021-10-12,16.4312152743056,"Warm"
"C8",2021-10-13,15.7508332986111,"Warm"
"C8",2021-10-14,15.0217361423611,"Warm"
"C8",2021-10-15,14.8751388576389,"Warm"
"C8",2021-10-16,16.3144791840278,"Warm"
"C8",2021-10-17,15.7125694618056,"Warm"
"C8",2021-10-18,16.0485417430556,"Warm"
"C8",2021-10-19,16.9952430347222,"Warm"
"C8",2021-10-20,18.12774315625,"Warm"
"C8",2021-10-21,18.5708333506944,"Warm"
"C8",2021-10-22,17.0484723298611,"Warm"
"C8",2021-10-23,16.7096875069444,"Warm"
"C8",2021-10-24,14.5244791631944,"Warm"
"C8",2021-10-25,13.5583680555556,"Warm"
"C8",2021-10-26,14.1411111111111,"Warm"
"C8",2021-10-27,14.3890277847222,"Warm"
"C8",2021-10-28,14.0543055555556,"Warm"
"C8",2021-10-29,13.9799652777778,"Warm"
"C8",2021-10-30,15.1764930590278,"Warm"
"C8",2021-10-31,16.7244001533333,"Warm"
"C8",2021-11-01,16.36017371875,"Warm"
"C8",2021-11-02,14.5892708368056,"Warm"
"C8",2021-11-03,13.8936111111111,"Warm"
"C8",2021-11-04,11.9711805555556,"Warm"
"C8",2021-11-05,10.8411458333333,"Warm"
"C8",2021-11-06,9.30923611111111,"Warm"
"C8",2021-11-07,8.71378472222222,"Warm"
"C8",2021-11-08,10.7485416666667,"Warm"
"C8",2021-11-09,11.0389583333333,"Warm"
"C8",2021-11-10,9.27368055555556,"Warm"
"C8",2021-11-11,9.95982638888889,"Warm"
"C8",2021-11-12,10.8326388888889,"Warm"
"C8",2021-11-13,12.0865277777778,"Warm"
"C8",2021-11-14,12.2979861111111,"Warm"
"C8",2021-11-15,11.1776736111111,"Warm"
"C8",2021-11-16,10.6936111111111,"Warm"
"C8",2021-11-17,10.1273611111111,"Warm"
"C8",2021-11-18,9.72072916666667,"Warm"
"C8",2021-11-19,9.13388888888889,"Warm"
"C8",2021-11-20,8.74451388888889,"Warm"
"C8",2021-11-21,9.46892361111111,"Warm"
"C8",2021-11-22,10.3749652777778,"Warm"
"C8",2021-11-23,9.76305555555555,"Warm"
"C8",2021-11-24,9.43149305555556,"Warm"
"C8",2021-11-25,9.69340277777778,"Warm"
"C8",2021-11-26,9.5228125,"Warm"
"C8",2021-11-27,8.27909722222222,"Warm"
"C8",2021-11-28,6.95086805555556,"Warm"
"C8",2021-11-29,5.93038194444444,"Warm"
"C8",2021-11-30,6.13729166666667,"Warm"
"C8",2021-12-01,6.46322916666667,"Warm"
"C8",2021-12-02,7.28138888888889,"Warm"
"C8",2021-12-03,6.88305555555556,"Warm"
"C8",2021-12-04,7.62381944444444,"Warm"
"C8",2021-12-05,7.46208333333333,"Warm"
"C8",2021-12-13,8.71988764044944,"Warm"
"C8",2021-12-14,8.41173611111111,"Warm"
"C8",2021-12-15,7.97149305555556,"Warm"
"C8",2021-12-16,8.394375,"Warm"
"C8",2021-12-17,7.96277777777778,"Warm"
"C8",2021-12-18,8.16958333333333,"Warm"
"C8",2021-12-19,7.94756944444444,"Warm"
"C8",2021-12-20,7.74184027777778,"Warm"
"C8",2021-12-21,7.58229166666667,"Warm"
"C8",2021-12-22,8.69753472222222,"Warm"
"C8",2021-12-23,9.26006944444445,"Warm"
"C8",2021-12-24,10.0638541666667,"Warm"
"C8",2021-12-25,10.7136111111111,"Warm"
"C8",2021-12-26,10.409375,"Warm"
"C8",2021-12-27,10.9761458333333,"Warm"
"C8",2021-12-28,11.7348611111111,"Warm"
"C8",2021-12-29,13.3351736111111,"Warm"
"C8",2021-12-30,14.0538888888889,"Warm"
"C8",2021-12-31,12.7695138888889,"Warm"
"C8",2022-01-01,12.2049652777778,"Warm"
"C8",2022-01-02,11.9064930555556,"Warm"
"C8",2022-01-03,11.589375,"Warm"
"C8",2022-01-04,11.5604166666667,"Warm"
"C8",2022-01-05,10.9029166666667,"Warm"
"C8",2022-01-06,8.38788194444444,"Warm"
"C8",2022-01-07,6.37291666666667,"Warm"
"C8",2022-01-08,6.93045138888889,"Warm"
"C8",2022-01-09,8.421875,"Warm"
"C8",2022-01-18,7.22267857142857,"Warm"
"C8",2022-01-19,6.16,"Warm"
"C8",2022-01-20,6.82798611111111,"Warm"
"C8",2022-01-21,6.97177083333333,"Warm"
"C8",2022-01-22,6.18295138888889,"Warm"
"C8",2022-01-23,6.10163194444444,"Warm"
"C8",2022-01-24,6.44961805555556,"Warm"
"C8",2022-01-25,6.89072916666667,"Warm"
"C8",2022-01-26,7.2515625,"Warm"
"C8",2022-01-27,7.32715277777778,"Warm"
"C8",2022-01-28,7.01604166666667,"Warm"
"C8",2022-01-29,6.68954861111111,"Warm"
"C8",2022-01-30,7.25489583333333,"Warm"
"C8",2022-01-31,7.57142361111111,"Warm"
"C8",2022-02-01,7.96295138888889,"Warm"
"C8",2022-02-02,8.40260416666667,"Warm"
"C8",2022-02-03,8.96388888888889,"Warm"
"C8",2022-02-04,9.74461805555556,"Warm"
"C8",2022-02-05,10.5815625,"Warm"
"C8",2022-02-06,9.08767361111111,"Warm"
"C8",2022-02-07,8.93923611111111,"Warm"
"C8",2022-02-08,10.5931944444444,"Warm"
"C8",2022-02-09,10.9171180555556,"Warm"
"C8",2022-02-10,10.9712152777778,"Warm"
"C8",2022-02-11,11.2895833333333,"Warm"
"C8",2022-02-12,10.9907291666667,"Warm"
"C8",2022-02-13,11.3520833333333,"Warm"
"C8",2022-02-14,11.8568055555556,"Warm"
"C8",2022-02-15,11.0041666666667,"Warm"
"C8",2022-02-16,10.9536805555556,"Warm"
"C8",2022-02-17,12.0441037735849,"Warm"
"C8",2022-02-18,15.1453424657534,"Warm"
"C8",2022-02-19,12.8660069444444,"Warm"
"C8",2022-02-20,11.0376736111111,"Warm"
"C8",2022-02-21,12.1957638888889,"Warm"
"C8",2022-02-22,12.3367013888889,"Warm"
"C8",2022-02-23,11.8547569444444,"Warm"
"C8",2022-02-24,12.096013986014,"Warm"
"C8",2022-02-25,12.1671180555556,"Warm"
"C8",2022-02-26,10.4048958333333,"Warm"
"C8",2022-02-27,9.88461805555556,"Warm"
"C8",2022-02-28,11.6072222222222,"Warm"
"C8",2022-03-01,11.9204513888889,"Warm"
"C8",2022-03-02,11.7839534883721,"Warm"
"C8",2022-03-04,12.1137623762376,"Warm"
"C8",2022-03-05,11.6013194444444,"Warm"
"C8",2022-03-06,10.89125,"Warm"
"C8",2022-03-07,11.3970833333333,"Warm"
"C8",2022-03-08,10.8923958333333,"Warm"
"C8",2022-03-09,11.4068402777778,"Warm"
"C8",2022-03-10,12.2053472222222,"Warm"
"C8",2022-03-11,12.2963194444444,"Warm"
"C8",2022-03-12,12.8247569444444,"Warm"
"C8",2022-03-13,11.58125,"Warm"
"C8",2022-03-14,10.0396527777778,"Warm"
"C8",2022-03-15,11.6469791666667,"Warm"
"C8",2022-03-16,12.8645138888889,"Warm"
"C8",2022-03-17,13.5601736111111,"Warm"
"C8",2022-03-18,12.7896875,"Warm"
"C8",2022-03-19,12.7354166666667,"Warm"
"C8",2022-03-20,13.9522569444444,"Warm"
"C8",2022-03-21,15.8810447462687,"Warm"
"C8",2022-03-22,15.1569097326389,"Warm"
"C8",2022-03-23,14.857048625,"Warm"
"C8",2022-03-24,14.7464583125,"Warm"
"C8",2022-03-25,15.447673625,"Warm"
"C8",2022-03-26,15.8771179965278,"Warm"
"C8",2022-03-27,15.458369576087,"Warm"
"C8",2022-03-28,15.831875,"Warm"
"C8",2022-03-29,16.1898264548611,"Warm"
"C8",2022-03-30,15.5879166701389,"Warm"
"C8",2022-03-31,13.5716666666667,"Warm"
"C8",2022-04-01,10.6013194444444,"Warm"
"C8",2022-04-02,7.83420138888889,"Warm"
"C8",2022-04-03,7.38017361111111,"Warm"
"C8",2022-04-04,8.83763888888889,"Warm"
"C8",2022-04-05,10.3143402777778,"Warm"
"C8",2022-04-06,11.4786111111111,"Warm"
"C8",2022-04-07,12.7491666666667,"Warm"
"C8",2022-04-08,15.91642359375,"Warm"
"C8",2022-04-09,16.0148263541667,"Warm"
"C8",2022-04-10,15.0460416736111,"Warm"
"C8",2022-04-11,16.3131597118056,"Warm"
"C8",2022-04-12,16.8496527743056,"Warm"
"C8",2022-04-13,16.6280903784722,"Warm"
"C8",2022-04-14,16.7673958333333,"Warm"
"C8",2022-04-15,18.2567360763889,"Warm"
"C8",2022-04-16,19.9534722395833,"Warm"
"C8",2022-04-17,20.1718750138889,"Warm"
"C8",2022-04-18,20.7844791527778,"Warm"
"C8",2022-04-19,18.623368,"Warm"
"C8",2022-04-20,15.0797916423611,"Warm"
"C8",2022-04-21,14.2619097222222,"Warm"
"C8",2022-04-22,14.6746527569444,"Warm"
"C8",2022-04-23,15.0559374895833,"Warm"
"C8",2022-04-24,14.9412499826389,"Warm"
"C8",2022-04-25,15.99979159375,"Warm"
"C8",2022-04-26,17.6396180138889,"Warm"
"C8",2022-04-27,18.8618750625,"Warm"
"C8",2022-04-28,18.8544097395833,"Warm"
"C8",2022-04-29,19.5620833333333,"Warm"
"C8",2022-04-30,20.7636110138889,"Warm"
"C8",2022-05-01,20.0762499930556,"Warm"
"C8",2022-05-02,19.4257291319444,"Warm"
"C8",2022-05-03,17.9775696423611,"Warm"
"C8",2022-05-04,16.9954166736111,"Warm"
"C8",2022-05-05,16.5662499895833,"Warm"
"C8",2022-05-06,17.2302430416667,"Warm"
"C8",2022-05-07,19.0371875277778,"Warm"
"C8",2022-05-08,20.2846875277778,"Warm"
"C8",2022-05-09,20.7381250763889,"Warm"
"C8",2022-05-10,22.5717359722222,"Warm"
"C8",2022-05-11,23.9654166388889,"Warm"
"C8",2022-05-12,24.5249652951389,"Warm"
"C8",2022-05-13,24.5901735729167,"Warm"
"C8",2022-05-14,25.0673959097222,"Warm"
"C8",2022-05-15,25.8853125590278,"Warm"
"C8",2022-05-16,26.96850690625,"Warm"
"C8",2022-05-17,26.8207290868056,"Warm"
"C8",2022-05-18,27.9796527604167,"Warm"
"C8",2022-05-19,27.83475703125,"Warm"
"C8",2022-05-20,28.2281943784722,"Warm"
"C8",2022-05-21,29.1298611111111,"Warm"
"C8",2022-05-22,27.9577082951389,"Warm"
"C8",2022-05-23,24.7940094528302,"Warm"
"C8",2022-05-24,22.0939130289855,"Warm"
"C8",2022-05-25,19.6333333333333,"Warm"
"C8",2022-05-26,18.8510069236111,"Warm"
"C8",2022-05-27,20.9581598402778,"Warm"
"C8",2022-05-28,23.4294791666667,"Warm"
"C8",2022-05-29,24.9125695104167,"Warm"
"C8",2022-05-30,23.7414583541667,"Warm"
"C8",2022-05-31,24.3726735590278,"Warm"
"C8",2022-06-01,25.2969444131944,"Warm"
"C8",2022-06-02,27.262159924,"Warm"
"C8",2022-06-05,27.1291082356688,"Warm"
"C8",2022-06-06,24.2120832534722,"Warm"
"C8",2022-06-07,23.9864236111111,"Warm"
"C8",2022-06-08,22.6801736145833,"Warm"
"C8",2022-06-09,22.7191319409722,"Warm"
"C8",2022-06-10,23.8607639305556,"Warm"
"C8",2022-06-11,25.9478124861111,"Warm"
"C8",2022-06-12,27.2699653402778,"Warm"
"C8",2022-06-20,32.1252703581081,"Warm"
"C8",2022-06-21,28.1409092009569,"Warm"
"C8",2022-06-22,27.3122024702381,"Warm"
"C8",2022-06-23,25.9165971666667,"Warm"
"C8",2022-06-24,25.21222215625,"Warm"
"C8",2022-06-25,23.5853472534722,"Warm"
"C8",2022-06-26,22.23961815625,"Warm"
"C8",2022-06-27,20.1861110034722,"Warm"
"C8",2022-06-28,20.9911428428571,"Warm"
"C8",2022-06-29,27.6043333333333,"Warm"
"C8",2022-06-30,24.2936666666667,"Warm"
"C8",2022-07-01,21.7710876947368,"Warm"
"C8",2022-07-02,23.2895139131944,"Warm"
"C8",2022-07-03,26.1727430243056,"Warm"
"C8",2022-07-18,31.6269229166667,"Warm"
"C8",2022-07-19,29.0143554041812,"Warm"
"C8",2022-07-20,28.4171180729167,"Warm"
"C8",2022-07-21,28.7392013645833,"Warm"
"C8",2022-07-22,27.7520137673611,"Warm"
"C8",2022-07-23,25.5851735555556,"Warm"
"C8",2022-07-24,26.2632291944444,"Warm"
"C8",2022-07-25,27.4645099117647,"Warm"
"C8",2022-07-26,25.1452976428571,"Warm"
"C8",2022-07-27,23.8500692673611,"Warm"
"C8",2022-07-28,24.5902941286765,"Warm"
"C8",2022-07-29,23.71642359375,"Warm"
"C8",2022-07-30,23.5328819270833,"Warm"
"C8",2022-07-31,26.8609722326389,"Warm"
"C8",2022-08-08,28.4268548238994,"Warm"
"C8",2022-08-09,29.1890963576389,"Warm"
"C8",2022-08-10,27.1984374375,"Warm"
"C8",2022-08-11,28.0792013784722,"Warm"
"C8",2022-08-12,28.5506250069444,"Warm"
"C8",2022-08-13,27.8969097118056,"Warm"
"C8",2022-08-14,27.7767708298611,"Warm"
"C8",2022-08-15,25.9520253291139,"Warm"
"C8",2022-08-16,24.0441915628742,"Warm"
"C8",2022-08-17,22.9229192360248,"Warm"
"C8",2022-08-18,21.6892708541667,"Warm"
"C8",2022-08-19,22.84552084375,"Warm"
"C8",2022-08-20,23.8920486319444,"Warm"
"C8",2022-08-21,24.6405208229167,"Warm"
"C8",2022-08-22,25.1506750295359,"Warm"
"C8",2022-08-23,26.0963194618056,"Warm"
"C8",2022-08-24,26.6964236770833,"Warm"
"C8",2022-08-25,26.65527775,"Warm"
"C8",2022-08-26,24.4114582916667,"Warm"
"C8",2022-08-27,25.4403471875,"Warm"
"C8",2022-08-28,25.8463194409722,"Warm"
"C8",2022-08-30,25.4572941058824,"Warm"
"C8",2022-08-31,24.3114583611111,"Warm"
"C8",2022-09-01,23.6915972326389,"Warm"
"C8",2022-09-02,24.1165971805556,"Warm"
"C8",2022-09-03,23.9123611701389,"Warm"
"C8",2022-09-04,23.6254513125,"Warm"
"C8",2022-09-05,23.8115625555556,"Warm"
"C8",2022-09-06,24.6986458611111,"Warm"
"C8",2022-09-07,24.8855209166667,"Warm"
"C8",2022-09-08,23.1122222673611,"Warm"
"C8",2022-09-09,21.4908333506944,"Warm"
"C8",2022-09-10,20.3828819930556,"Warm"
"C8",2022-09-11,22.2684375416667,"Warm"
"C8",2022-09-12,23.1415278229167,"Warm"
"C8",2022-09-13,24.1218750520833,"Warm"
"C8",2022-09-14,24.2299653611111,"Warm"
"C8",2022-09-15,23.5903472222222,"Warm"
"C8",2022-09-16,22.2867012951389,"Warm"
"C8",2022-09-17,21.38500003125,"Warm"
"C8",2022-09-18,19.5675347013889,"Warm"
"C8",2022-09-19,19.3810068819444,"Warm"
"C8",2022-09-20,19.6900694166667,"Warm"
"C8",2022-09-21,19.8214930590278,"Warm"
"C8",2022-09-22,19.9999306458333,"Warm"
"C8",2022-09-23,19.94111109375,"Warm"
"C8",2022-09-24,19.6929167847222,"Warm"
"C8",2022-09-25,17.7912498645833,"Warm"
"C8",2022-09-26,17.9666667291667,"Warm"
"C8",2022-09-27,17.5222568611111,"Warm"
"C8",2022-09-28,17.5688195694444,"Warm"
"C8",2022-09-29,17.5232638576389,"Warm"
"C8",2022-09-30,16.51125003125,"Warm"
"C8",2022-10-01,16.2080208680556,"Warm"
"C8",2022-10-02,18.5893750729167,"Warm"
"C8",2022-10-03,20.6146180277778,"Warm"
"C8",2022-10-04,20.3156944131944,"Warm"
"C8",2022-10-05,20.0592014027778,"Warm"
"C8",2022-10-06,20.4665276354167,"Warm"
"C8",2022-10-07,20.4057290972222,"Warm"
"C8",2022-10-08,20.9243402986111,"Warm"
"C8",2022-10-09,20.4010416736111,"Warm"
"C8",2022-10-10,19.831007,"Warm"
"C8",2022-10-11,20.0510763506944,"Warm"
"C8",2022-10-12,20.2956596388889,"Warm"
"C8",2022-10-13,20.7360763854167,"Warm"
"C8",2022-10-14,21.4607638645833,"Warm"
"C8",2022-10-15,20.54527778125,"Warm"
"C8",2022-10-16,20.4910416215278,"Warm"
"C8",2022-10-17,21.1557985729167,"Warm"
"C8",2022-10-18,21.1590971909722,"Warm"
"C8",2022-10-19,20.7241320104167,"Warm"
"C8",2022-10-20,20.7309721770833,"Warm"
"C8",2022-10-21,19.6502084236111,"Warm"
"C8",2022-10-22,19.3319791006944,"Warm"
"C8",2022-10-23,20.5215277847222,"Warm"
"C8",2022-10-24,20.3764236145833,"Warm"
"C8",2022-10-25,19.0393403611111,"Warm"
"C8",2022-10-26,18.5438193993056,"Warm"
"C8",2022-10-27,18.6283333958333,"Warm"
"C8",2022-10-28,19.41229175,"Warm"
"C8",2022-10-29,19.7214931631944,"Warm"
"C8",2022-10-30,17.8325666466667,"Warm"
"C8",2022-10-31,16.5941320034722,"Warm"
"C8",2022-11-01,17.2233678368056,"Warm"
"C8",2022-11-02,18.4693750416667,"Warm"
"C8",2022-11-03,16.4049653263889,"Warm"
"C8",2022-11-04,13.4496180555556,"Warm"
"C8",2022-11-05,12.9950694444444,"Warm"
"C8",2022-11-06,12.3855208333333,"Warm"
"C8",2022-11-07,12.5737152777778,"Warm"
"C8",2022-11-08,13.6045138888889,"Warm"
"C8",2022-11-09,14.1170138888889,"Warm"
"C8",2022-11-10,14.2429166666667,"Warm"
"C8",2022-11-11,13.0554166666667,"Warm"
"C8",2022-11-12,13.8476041666667,"Warm"
"C8",2022-11-13,14.2110763888889,"Warm"
"C8",2022-11-14,13.7446180555556,"Warm"
"C8",2022-11-15,14.1351736111111,"Warm"
"C8",2022-11-16,14.5735416666667,"Warm"
"C8",2022-11-17,14.7388888888889,"Warm"
"C8",2022-11-18,14.1381944444444,"Warm"
"C8",2022-11-19,12.4479861111111,"Warm"
"C8",2022-11-20,9.85447916666667,"Warm"
"C8",2022-11-21,10.3528125,"Warm"
"C8",2022-11-22,9.75892361111111,"Warm"
"C8",2022-11-23,10.5729861111111,"Warm"
"C8",2022-11-24,9.96920138888889,"Warm"
"C8",2022-11-25,10.3983333333333,"Warm"
"C8",2022-11-26,9.91034722222222,"Warm"
"C8",2022-11-27,9.36388888888889,"Warm"
"C8",2022-11-28,9.68163194444444,"Warm"
"C8",2022-11-29,9.68288194444444,"Warm"
"C8",2022-11-30,9.65017361111111,"Warm"
"C8",2022-12-01,8.22288194444444,"Warm"
"C8",2022-12-02,8.25934027777778,"Warm"
"C8",2022-12-03,8.13576388888889,"Warm"
"C8",2022-12-04,6.96763888888889,"Warm"
"C8",2022-12-05,6.36927083333333,"Warm"
"C8",2022-12-06,7.35548611111111,"Warm"
"C8",2022-12-07,9.65930555555556,"Warm"
"C8",2022-12-08,10.1545833333333,"Warm"
"C8",2022-12-09,10.1004166666667,"Warm"
"C8",2022-12-10,10.0001736111111,"Warm"
"C8",2022-12-11,6.56572916666667,"Warm"
"C8",2022-12-12,6.41909722222222,"Warm"
"C8",2022-12-13,8.29069444444444,"Warm"
"C8",2022-12-14,10.8456944444444,"Warm"
"C8",2022-12-15,10.9648958333333,"Warm"
"C8",2022-12-16,11.3935763888889,"Warm"
"C8",2022-12-17,11.0998958333333,"Warm"
"C8",2022-12-18,9.10253472222222,"Warm"
"C8",2022-12-19,7.96631944444444,"Warm"
"C8",2022-12-20,8.92576388888889,"Warm"
"C8",2022-12-21,11.2442013888889,"Warm"
"C8",2022-12-22,12.1742013888889,"Warm"
"C8",2022-12-23,12.8387847222222,"Warm"
"C8",2022-12-24,12.5472569444444,"Warm"
"C8",2022-12-25,11.9786805555556,"Warm"
"C8",2022-12-26,11.6294791666667,"Warm"
"C8",2022-12-27,11.5888888888889,"Warm"
"C8",2022-12-28,11.0374652777778,"Warm"
"C8",2022-12-29,10.6397916666667,"Warm"
"C8",2022-12-30,11.4740277777778,"Warm"
"C8",2022-12-31,12.3680208333333,"Warm"
"C8",2023-01-01,11.7052083333333,"Warm"
"C8",2023-01-02,11.3822569444444,"Warm"
"C8",2023-01-03,11.5186111111111,"Warm"
"C8",2023-01-04,10.0130555555556,"Warm"
"C8",2023-01-05,8.8253125,"Warm"
"C8",2023-01-06,8.45548611111111,"Warm"
"C8",2023-01-07,8.04027777777778,"Warm"
"C9",2019-02-01,0,"Ambient"
"C9",2019-02-02,0,"Ambient"
"C9",2019-02-03,0,"Ambient"
"C9",2019-02-04,29.1649064236111,"Ambient"
"C9",2019-02-05,98.8482087083333,"Ambient"
"C9",2019-02-06,102.834238979167,"Ambient"
"C9",2019-02-07,103.329788892361,"Ambient"
"C9",2019-02-08,100.535715618056,"Ambient"
"C9",2019-02-09,100.734060284722,"Ambient"
"C9",2019-02-10,100.826905479167,"Ambient"
"C9",2019-02-11,7.69692581521739,"Ambient"
"C9",2019-02-12,5.15114583333333,"Ambient"
"C9",2019-02-13,4.68635416666667,"Ambient"
"C9",2019-02-14,4.86649305555556,"Ambient"
"C9",2019-02-15,5.43003472222222,"Ambient"
"C9",2019-02-16,6.04635416666667,"Ambient"
"C9",2019-02-17,6.30204861111111,"Ambient"
"C9",2019-02-18,5.89708333333333,"Ambient"
"C9",2019-02-19,5.6265625,"Ambient"
"C9",2019-02-20,5.76256944444444,"Ambient"
"C9",2019-02-21,6.50611111111111,"Ambient"
"C9",2019-02-22,7.29253472222222,"Ambient"
"C9",2019-02-23,8.01538194444444,"Ambient"
"C9",2019-02-24,8.36052083333333,"Ambient"
"C9",2019-02-25,8.56138888888889,"Ambient"
"C9",2019-02-26,9.12840277777778,"Ambient"
"C9",2019-02-27,9.5840625,"Ambient"
"C9",2019-02-28,9.71833333333333,"Ambient"
"C9",2019-03-01,10.2658680555556,"Ambient"
"C9",2019-03-02,10.3073263888889,"Ambient"
"C9",2019-03-03,8.87166666666667,"Ambient"
"C9",2019-03-04,9.51229166666667,"Ambient"
"C9",2019-03-05,8.75027777777778,"Ambient"
"C9",2019-03-06,9.76131944444444,"Ambient"
"C9",2019-03-07,9.57961805555555,"Ambient"
"C9",2019-03-08,6.72600694444444,"Ambient"
"C9",2019-03-09,9.67888887152778,"Ambient"
"C9",2019-03-10,9.82743054513889,"Ambient"
"C9",2019-03-11,9.57399305902778,"Ambient"
"C9",2019-03-12,9.74279836644402,"Ambient"
"C9",2019-03-13,6.84225694444444,"Ambient"
"C9",2019-03-14,9.02718749305556,"Ambient"
"C9",2019-03-15,9.81288195833333,"Ambient"
"C9",2019-03-16,10.4201041527778,"Ambient"
"C9",2019-03-17,6.94142361110283,"Ambient"
"C9",2019-03-18,8.21052083333333,"Ambient"
"C9",2019-03-19,5.78795138888889,"Ambient"
"C9",2019-03-20,8.10201388194444,"Ambient"
"C9",2019-03-21,10.036589871057,"Ambient"
"C9",2019-03-22,9.19187502451562,"Ambient"
"C9",2019-03-23,13.0185416423611,"Ambient"
"C9",2019-03-24,12.6391085,"Ambient"
"C9",2019-03-25,11.3084587921147,"Ambient"
"C9",2019-03-26,11.1121552155571,"Ambient"
"C9",2019-03-27,10.3454393390954,"Ambient"
"C9",2019-03-28,10.6829304102564,"Ambient"
"C9",2019-03-29,11.7720973970037,"Ambient"
"C9",2019-03-30,11.8942085019305,"Ambient"
"C9",2019-03-31,14.1567595923345,"Ambient"
"C9",2019-04-01,14.7876512562278,"Ambient"
"C9",2019-04-02,9.63326388888889,"Ambient"
"C9",2019-04-03,7.13472222222222,"Ambient"
"C9",2019-04-04,7.70364585493863,"Ambient"
"C9",2019-04-05,8.10454862847222,"Ambient"
"C9",2019-04-06,8.20541666666667,"Ambient"
"C9",2019-04-07,6.95215277462531,"Ambient"
"C9",2019-04-08,9.20746530208333,"Ambient"
"C9",2019-04-09,11.7448610972222,"Ambient"
"C9",2019-04-10,11.3890625,"Ambient"
"C9",2019-04-11,11.0750347222222,"Ambient"
"C9",2019-04-12,10.7219444444444,"Ambient"
"C9",2019-04-13,11.0907291666667,"Ambient"
"C9",2019-04-14,10.8535763888889,"Ambient"
"C9",2019-04-15,10.6738888888889,"Ambient"
"C9",2019-04-16,13.2252083333333,"Ambient"
"C9",2019-04-17,12.9921527777778,"Ambient"
"C9",2019-04-18,14.2573611111111,"Ambient"
"C9",2019-04-19,15.0013194131944,"Ambient"
"C9",2019-04-20,15.82965275,"Ambient"
"C9",2019-04-21,14.5781944548611,"Ambient"
"C9",2019-04-22,12.9258680555556,"Ambient"
"C9",2019-04-23,14.1567013888889,"Ambient"
"C9",2019-04-24,14.8057639131944,"Ambient"
"C9",2019-04-25,14.75375,"Ambient"
"C9",2019-04-26,13.8724652777778,"Ambient"
"C9",2019-04-27,11.7473958333333,"Ambient"
"C9",2019-04-28,13.0208680555556,"Ambient"
"C9",2019-04-29,14.5547916215278,"Ambient"
"C9",2019-04-30,15.5614930555556,"Ambient"
"C9",2019-05-01,15.3360416631944,"Ambient"
"C9",2019-05-02,15.6652430659722,"Ambient"
"C9",2019-05-03,12.6573611111111,"Ambient"
"C9",2019-05-04,11.44125,"Ambient"
"C9",2019-05-05,11.2219444444444,"Ambient"
"C9",2019-05-06,11.8941319444444,"Ambient"
"C9",2019-05-07,13.2104861111111,"Ambient"
"C9",2019-05-08,15.2504860763889,"Ambient"
"C9",2019-05-09,14.1268750034722,"Ambient"
"C9",2019-05-10,15.5255555277778,"Ambient"
"C9",2019-05-11,15.9457986284722,"Ambient"
"C9",2019-05-12,15.0786110590278,"Ambient"
"C9",2019-05-13,15.4936805729167,"Ambient"
"C9",2019-05-14,15.8174305729167,"Ambient"
"C9",2019-05-15,16.5246527604167,"Ambient"
"C9",2019-05-16,16.8013194479167,"Ambient"
"C9",2019-05-17,15.4480208506944,"Ambient"
"C9",2019-05-18,12.3067708333333,"Ambient"
"C9",2019-05-19,11.7819791666667,"Ambient"
"C9",2019-05-20,12.6651388888889,"Ambient"
"C9",2019-05-21,14.7972221840278,"Ambient"
"C9",2019-05-22,16.7168403090278,"Ambient"
"C9",2019-05-23,17.8349305416667,"Ambient"
"C9",2019-05-24,16.5720833125,"Ambient"
"C9",2019-05-25,14.1559027777778,"Ambient"
"C9",2019-05-26,13.8937847222222,"Ambient"
"C9",2019-05-27,14.6974652777778,"Ambient"
"C9",2019-05-28,15.3887500243056,"Ambient"
"C9",2019-05-29,15.2312500069444,"Ambient"
"C9",2019-05-30,16.87670140625,"Ambient"
"C9",2019-05-31,20.0152083263889,"Ambient"
"C9",2019-06-01,22.4737500555556,"Ambient"
"C9",2019-06-02,24.3937499895833,"Ambient"
"C9",2019-06-03,21.5434374548611,"Ambient"
"C9",2019-06-04,22.9879166493056,"Ambient"
"C9",2019-06-05,12.3153125,"Ambient"
"C9",2019-06-06,17.1277430694444,"Ambient"
"C9",2019-06-07,15.6423263645833,"Ambient"
"C9",2019-06-08,17.3156249895833,"Ambient"
"C9",2019-06-09,18.34972221875,"Ambient"
"C9",2019-06-10,12.9410763819444,"Ambient"
"C9",2019-06-11,10.8540277777778,"Ambient"
"C9",2019-06-12,13.9611149407666,"Ambient"
"C9",2019-06-13,18.8294097604167,"Ambient"
"C9",2019-06-14,16.4572569340278,"Ambient"
"C9",2019-06-15,14.1770833368056,"Ambient"
"C9",2019-06-16,19.0973957986111,"Ambient"
"C9",2019-06-17,22.9359374826389,"Ambient"
"C9",2019-06-18,25.4734507183099,"Ambient"
"C9",2019-06-19,23.7148263402778,"Ambient"
"C9",2019-06-20,17.3868402465278,"Ambient"
"C9",2019-06-21,15.4492360972222,"Ambient"
"C9",2019-06-22,20.9304513784722,"Ambient"
"C9",2019-06-23,25.1292472007168,"Ambient"
"C9",2019-06-24,23.5957986284722,"Ambient"
"C9",2019-06-25,23.86458334375,"Ambient"
"C9",2019-06-26,25.8199999785408,"Ambient"
"C9",2019-06-27,26.1178947942584,"Ambient"
"C9",2019-06-28,26.7048264548611,"Ambient"
"C9",2019-06-29,25.0329125194175,"Ambient"
"C9",2019-06-30,25.3343750243056,"Ambient"
"C9",2019-07-01,21.3741319791667,"Ambient"
"C9",2019-07-02,19.7094444201389,"Ambient"
"C9",2019-07-03,21.5411458645833,"Ambient"
"C9",2019-07-04,23.2640625,"Ambient"
"C9",2019-07-05,26.2540277534722,"Ambient"
"C9",2019-07-06,27.2531944722222,"Ambient"
"C9",2019-07-07,27.1144791423611,"Ambient"
"C9",2019-07-08,26.4182639409722,"Ambient"
"C9",2019-07-09,23.4882637916667,"Ambient"
"C9",2019-07-10,22.8469444375,"Ambient"
"C9",2019-07-11,25.0709722465278,"Ambient"
"C9",2019-07-12,22.7953125138889,"Ambient"
"C9",2019-07-13,20.6858680104167,"Ambient"
"C9",2019-07-14,19.5140972847222,"Ambient"
"C9",2019-07-15,18.74687496875,"Ambient"
"C9",2019-07-16,18.54274309375,"Ambient"
"C9",2019-07-17,18.4630208125,"Ambient"
"C9",2019-07-18,17.4694095972222,"Ambient"
"C9",2019-07-19,18.4278472951389,"Ambient"
"C9",2019-07-20,19.1545486493056,"Ambient"
"C9",2019-07-21,19.2595487152778,"Ambient"
"C9",2019-07-22,20.6848264270833,"Ambient"
"C9",2019-07-23,22.3505208020833,"Ambient"
"C9",2019-07-24,22.8806944756944,"Ambient"
"C9",2019-07-25,22.5465624756944,"Ambient"
"C9",2019-07-26,19.5086458194444,"Ambient"
"C9",2019-07-27,16.0866666840278,"Ambient"
"C9",2019-07-28,15.7163888645833,"Ambient"
"C9",2019-07-29,17.3264930659722,"Ambient"
"C9",2019-07-30,17.1434376284722,"Ambient"
"C9",2019-07-31,16.2269097048611,"Ambient"
"C9",2019-08-01,16.7583333263889,"Ambient"
"C9",2019-08-02,17.7097916770833,"Ambient"
"C9",2019-08-03,18.8396874965278,"Ambient"
"C9",2019-08-04,19.7260764409722,"Ambient"
"C9",2019-08-05,19.9848957638889,"Ambient"
"C9",2019-08-06,22.7589002931937,"Ambient"
"C9",2019-08-07,24.1367709131944,"Ambient"
"C9",2019-08-08,25.3197917118056,"Ambient"
"C9",2019-08-09,23.7256944097222,"Ambient"
"C9",2019-08-10,20.0482638125,"Ambient"
"C9",2019-08-11,16.5174304791667,"Ambient"
"C9",2019-08-12,15.433125,"Ambient"
"C9",2019-08-13,15.0561458333333,"Ambient"
"C9",2019-08-14,15.7707985868056,"Ambient"
"C9",2019-08-15,15.7946527916667,"Ambient"
"C9",2019-08-16,16.8693055590278,"Ambient"
"C9",2019-08-17,18.3756597604167,"Ambient"
"C9",2019-08-18,19.0513194583333,"Ambient"
"C9",2019-08-19,19.10763890625,"Ambient"
"C9",2019-08-20,18.3986805381944,"Ambient"
"C9",2019-08-21,18.7527083645833,"Ambient"
"C9",2019-08-22,20.2768055104167,"Ambient"
"C9",2019-08-23,21.2182527769517,"Ambient"
"C9",2019-08-24,22.9876041666667,"Ambient"
"C9",2019-08-25,23.8361110520833,"Ambient"
"C9",2019-08-26,23.0441666875,"Ambient"
"C9",2019-08-27,19.2611846724739,"Ambient"
"C9",2019-08-28,17.5051389444444,"Ambient"
"C9",2019-08-29,18.0929514270833,"Ambient"
"C9",2019-08-30,18.3453819409722,"Ambient"
"C9",2019-08-31,17.91732640625,"Ambient"
"C9",2019-09-01,16.5034374861111,"Ambient"
"C9",2019-09-02,15.069375,"Ambient"
"C9",2019-09-03,14.9199305659722,"Ambient"
"C9",2019-09-04,15.4638194722222,"Ambient"
"C9",2019-09-05,15.661875,"Ambient"
"C9",2019-09-06,15.1110763888889,"Ambient"
"C9",2019-09-07,14.9285416597222,"Ambient"
"C9",2019-09-08,14.9701041840278,"Ambient"
"C9",2019-09-09,14.8976388888889,"Ambient"
"C9",2019-09-10,14.3703125,"Ambient"
"C9",2019-09-11,13.9054166666667,"Ambient"
"C9",2019-09-12,14.7278472430556,"Ambient"
"C9",2019-09-13,15.1758680416667,"Ambient"
"C9",2019-09-14,15.8727430555556,"Ambient"
"C9",2019-09-15,16.2954861388889,"Ambient"
"C9",2019-09-16,16.6463541666667,"Ambient"
"C9",2019-09-17,16.6476736458333,"Ambient"
"C9",2019-09-18,15.1346180555556,"Ambient"
"C9",2019-09-19,14.9703472534722,"Ambient"
"C9",2019-09-20,15.3803472291667,"Ambient"
"C9",2019-09-21,15.0443402777778,"Ambient"
"C9",2019-09-22,14.3729166666667,"Ambient"
"C9",2019-09-23,14.3913541666667,"Ambient"
"C9",2019-09-24,14.7166319444444,"Ambient"
"C9",2019-09-25,14.7688541666667,"Ambient"
"C9",2019-09-26,14.9550000069444,"Ambient"
"C9",2019-09-27,14.7633680555556,"Ambient"
"C9",2019-09-28,14.9397222222222,"Ambient"
"C9",2019-09-29,14.8565277951389,"Ambient"
"C9",2019-09-30,15.1719791875,"Ambient"
"C9",2019-10-01,15.6733681493056,"Ambient"
"C9",2019-10-02,16.3369791076389,"Ambient"
"C9",2019-10-03,15.5637500138889,"Ambient"
"C9",2019-10-04,14.3008680555556,"Ambient"
"C9",2019-10-05,14.9939930451389,"Ambient"
"C9",2019-10-06,14.8320486111111,"Ambient"
"C9",2019-10-07,14.05,"Ambient"
"C9",2019-10-08,14.7861458298611,"Ambient"
"C9",2019-10-09,14.4688541666667,"Ambient"
"C9",2019-10-10,14.3415625,"Ambient"
"C9",2019-10-11,13.7598263888889,"Ambient"
"C9",2019-10-12,14.4657291666667,"Ambient"
"C9",2019-10-13,14.9688194548611,"Ambient"
"C9",2019-10-14,14.6315625,"Ambient"
"C9",2019-10-15,14.4992361111111,"Ambient"
"C9",2019-10-16,12.7679861111111,"Ambient"
"C9",2019-10-17,13.1428819444444,"Ambient"
"C9",2019-10-18,13.3426736111111,"Ambient"
"C9",2019-10-19,13.6434375,"Ambient"
"C9",2019-10-20,13.7846875,"Ambient"
"C9",2019-10-21,13.0555208333333,"Ambient"
"C9",2019-10-22,12.1117013888889,"Ambient"
"C9",2019-10-23,12.0047222222222,"Ambient"
"C9",2019-10-24,12.6469444444444,"Ambient"
"C9",2019-10-25,12.5034375,"Ambient"
"C9",2019-10-26,12.4120486111111,"Ambient"
"C9",2019-10-27,12.6486111111111,"Ambient"
"C9",2019-10-28,13.2141666666667,"Ambient"
"C9",2019-10-29,13.6249652777778,"Ambient"
"C9",2019-10-30,15.0821180520833,"Ambient"
"C9",2019-10-31,15.4808332881944,"Ambient"
"C9",2019-11-01,13.5836805555556,"Ambient"
"C9",2019-11-02,13.3712152777778,"Ambient"
"C9",2019-11-03,12.3461111111111,"Ambient"
"C9",2019-11-04,11.2380555555556,"Ambient"
"C9",2019-11-05,10.7635416666667,"Ambient"
"C9",2019-11-06,9.45756944444445,"Ambient"
"C9",2019-11-07,8.09395833333333,"Ambient"
"C9",2019-11-08,6.44326388888889,"Ambient"
"C9",2019-11-09,6.73416666666667,"Ambient"
"C9",2019-11-10,7.11923611111111,"Ambient"
"C9",2019-11-11,5.8290625,"Ambient"
"C9",2019-11-12,6.3903125,"Ambient"
"C9",2019-11-13,6.87555555555556,"Ambient"
"C9",2019-11-14,5.47149305555556,"Ambient"
"C9",2019-11-15,4.12326388888889,"Ambient"
"C9",2019-11-16,3.93222222222222,"Ambient"
"C9",2019-11-17,4.60204861111111,"Ambient"
"C9",2019-11-18,5.17565972222222,"Ambient"
"C9",2019-11-19,4.25204861111111,"Ambient"
"C9",2019-11-20,3.71850694444444,"Ambient"
"C9",2019-11-21,3.66413194444444,"Ambient"
"C9",2019-11-22,3.91038194444444,"Ambient"
"C9",2019-11-23,5.11559027777778,"Ambient"
"C9",2019-11-24,5.82878472222222,"Ambient"
"C9",2019-11-25,6.27128472222222,"Ambient"
"C9",2019-11-26,7.04951388888889,"Ambient"
"C9",2019-11-27,8.56465277777778,"Ambient"
"C9",2019-11-28,8.89277777777778,"Ambient"
"C9",2019-11-29,9.7571875,"Ambient"
"C9",2019-11-30,8.74569444444444,"Ambient"
"C9",2019-12-01,8.00559027777778,"Ambient"
"C9",2019-12-02,7.05597222222222,"Ambient"
"C9",2019-12-03,6.66347222222222,"Ambient"
"C9",2019-12-04,5.55625,"Ambient"
"C9",2019-12-05,5.29006944444444,"Ambient"
"C9",2019-12-06,5.64777777777778,"Ambient"
"C9",2019-12-07,5.60114583333333,"Ambient"
"C9",2019-12-08,5.78024305555556,"Ambient"
"C9",2019-12-09,6.61944444444444,"Ambient"
"C9",2019-12-10,6.25909722222222,"Ambient"
"C9",2019-12-11,5.51024305555556,"Ambient"
"C9",2019-12-12,5.66777777777778,"Ambient"
"C9",2019-12-13,8.49302083333333,"Ambient"
"C9",2019-12-14,10.6778819444444,"Ambient"
"C9",2019-12-15,10.3054861111111,"Ambient"
"C9",2019-12-16,9.31222222222222,"Ambient"
"C9",2019-12-17,9.4740625,"Ambient"
"C9",2019-12-18,9.73742857142857,"Ambient"
"C9",2019-12-19,8.49420138888889,"Ambient"
"C9",2019-12-20,9.48336805555556,"Ambient"
"C9",2019-12-21,8.8146875,"Ambient"
"C9",2019-12-22,8.6228125,"Ambient"
"C9",2019-12-23,8.09447916666667,"Ambient"
"C9",2019-12-24,9.29809027777778,"Ambient"
"C9",2019-12-25,9.53559027777778,"Ambient"
"C9",2019-12-26,8.92052083333333,"Ambient"
"C9",2019-12-27,7.72211805555556,"Ambient"
"C9",2019-12-28,6.17788194444444,"Ambient"
"C9",2019-12-29,5.3478125,"Ambient"
"C9",2019-12-30,4.95229166666667,"Ambient"
"C9",2019-12-31,4.933125,"Ambient"
"C9",2020-01-01,5.15152777777778,"Ambient"
"C9",2020-01-02,4.538125,"Ambient"
"C9",2020-01-03,4.89510416666667,"Ambient"
"C9",2020-01-04,5.56138888888889,"Ambient"
"C9",2020-01-05,5.56961805555556,"Ambient"
"C9",2020-01-06,4.57663194444444,"Ambient"
"C9",2020-01-07,4.35458333333333,"Ambient"
"C9",2020-01-08,5.49309027777778,"Ambient"
"C9",2020-01-09,6.86922794117647,"Ambient"
"C9",2020-01-10,7.32434027777778,"Ambient"
"C9",2020-01-11,6.140625,"Ambient"
"C9",2020-01-12,4.1803125,"Ambient"
"C9",2020-01-13,3.45045138888889,"Ambient"
"C9",2020-01-14,3.80847222222222,"Ambient"
"C9",2020-01-15,4.42378472222222,"Ambient"
"C9",2020-01-16,4.72263888888889,"Ambient"
"C9",2020-01-17,4.82295138888889,"Ambient"
"C9",2020-01-18,4.39364583333333,"Ambient"
"C9",2020-01-19,4.901875,"Ambient"
"C9",2020-01-20,4.19131944444444,"Ambient"
"C9",2020-01-21,4.05208333333333,"Ambient"
"C9",2020-01-22,4.7215625,"Ambient"
"C9",2020-01-23,6.04878472222222,"Ambient"
"C9",2020-01-24,5.97694444444444,"Ambient"
"C9",2020-01-25,5.53430555555556,"Ambient"
"C9",2020-01-26,5.68770833333333,"Ambient"
"C9",2020-01-27,5.00284722222222,"Ambient"
"C9",2020-01-28,5.6875,"Ambient"
"C9",2020-01-29,5.66041666666667,"Ambient"
"C9",2020-01-30,7.44590277777778,"Ambient"
"C9",2020-01-31,9.70715277777778,"Ambient"
"C9",2020-02-01,9.35701388888889,"Ambient"
"C9",2020-02-02,10.0913194444444,"Ambient"
"C9",2020-02-03,11.3829513888889,"Ambient"
"C9",2020-02-04,11.2464930555556,"Ambient"
"C9",2020-02-05,9.52510416666667,"Ambient"
"C9",2020-02-06,7.02381944444444,"Ambient"
"C9",2020-02-07,5.97097222222222,"Ambient"
"C9",2020-02-08,5.74163194444444,"Ambient"
"C9",2020-02-09,6.886875,"Ambient"
"C9",2020-02-10,9.88170138888889,"Ambient"
"C9",2020-02-11,11.3191319444444,"Ambient"
"C9",2020-02-12,10.6981944444444,"Ambient"
"C9",2020-02-13,9.8615625,"Ambient"
"C9",2020-02-14,11.4076388888889,"Ambient"
"C9",2020-02-15,10.4984375,"Ambient"
"C9",2020-02-16,10.3900694444444,"Ambient"
"C9",2020-02-17,9.28861111111111,"Ambient"
"C9",2020-02-18,7.85614583333333,"Ambient"
"C9",2020-02-19,7.77142361111111,"Ambient"
"C9",2020-02-20,7.76802083333333,"Ambient"
"C9",2020-02-21,8.04260416666667,"Ambient"
"C9",2020-02-22,8.50583333333333,"Ambient"
"C9",2020-02-23,9.36048611111111,"Ambient"
"C9",2020-02-24,9.69145833333333,"Ambient"
"C9",2020-02-25,9.14222222222222,"Ambient"
"C9",2020-02-26,8.6546875,"Ambient"
"C9",2020-02-27,8.35454861111111,"Ambient"
"C9",2020-02-28,10.2702777777778,"Ambient"
"C9",2020-02-29,10.2811111111111,"Ambient"
"C9",2020-03-01,10.2094444444444,"Ambient"
"C9",2020-03-02,9.76847222222222,"Ambient"
"C9",2020-03-03,7.413125,"Ambient"
"C9",2020-03-04,7.28326388888889,"Ambient"
"C9",2020-03-05,8.64756944444444,"Ambient"
"C9",2020-03-06,7.20131944444444,"Ambient"
"C9",2020-03-07,6.79128472222222,"Ambient"
"C9",2020-03-08,8.32041666666667,"Ambient"
"C9",2020-03-09,8.81056537102473,"Ambient"
"C9",2020-03-10,9.28149305555556,"Ambient"
"C9",2020-03-11,9.69871287128713,"Ambient"
"C9",2020-03-13,11.0526704545455,"Ambient"
"C9",2020-03-14,10.5684027777778,"Ambient"
"C9",2020-03-15,10.5842708333333,"Ambient"
"C9",2020-03-16,11.3031944444444,"Ambient"
"C9",2020-03-17,11.2417708333333,"Ambient"
"C9",2020-03-18,12.2267361111111,"Ambient"
"C9",2020-03-19,13.5275000069444,"Ambient"
"C9",2020-03-20,14.30944446875,"Ambient"
"C9",2020-03-21,13.893125,"Ambient"
"C9",2020-03-22,13.5186111111111,"Ambient"
"C9",2020-03-23,12.9832291666667,"Ambient"
"C9",2020-03-24,12.3823263888889,"Ambient"
"C9",2020-03-25,11.6565972222222,"Ambient"
"C9",2020-03-26,10.2513888888889,"Ambient"
"C9",2020-03-27,8.49152777777778,"Ambient"
"C9",2020-03-28,10.0173611111111,"Ambient"
"C9",2020-03-29,10.8078819444444,"Ambient"
"C9",2020-03-30,8.778125,"Ambient"
"C9",2020-03-31,8.31704861111111,"Ambient"
"C9",2020-04-01,10.5506944444444,"Ambient"
"C9",2020-04-02,10.6036458333333,"Ambient"
"C9",2020-04-03,11.0649305555556,"Ambient"
"C9",2020-04-04,11.8912152777778,"Ambient"
"C9",2020-04-05,13.4669444479167,"Ambient"
"C9",2020-04-06,14.1485763888889,"Ambient"
"C9",2020-04-07,14.3878819444444,"Ambient"
"C9",2020-04-08,14.5641667430556,"Ambient"
"C9",2020-04-09,15.0778125243056,"Ambient"
"C9",2020-04-10,16.3665971979167,"Ambient"
"C9",2020-04-11,16.36218746875,"Ambient"
"C9",2020-04-12,15.5380902847222,"Ambient"
"C9",2020-04-13,13.9230208333333,"Ambient"
"C9",2020-04-14,14.8342361041667,"Ambient"
"C9",2020-04-15,16.0665625381944,"Ambient"
"C9",2020-04-16,16.7894097118056,"Ambient"
"C9",2020-04-17,17.2371527326389,"Ambient"
"C9",2020-04-18,17.7862500520833,"Ambient"
"C9",2020-04-19,17.7335067743056,"Ambient"
"C9",2020-04-20,15.8714583263889,"Ambient"
"C9",2020-04-21,14.8091319444444,"Ambient"
"C9",2020-04-22,13.7452430555556,"Ambient"
"C9",2020-04-23,14.1288541666667,"Ambient"
"C9",2020-04-24,15.5153819270833,"Ambient"
"C9",2020-04-25,16.9252430069444,"Ambient"
"C9",2020-04-26,17.3037152881944,"Ambient"
"C9",2020-04-27,16.8680555416667,"Ambient"
"C9",2020-04-28,15.3129166770833,"Ambient"
"C9",2020-04-29,14.6932985763889,"Ambient"
"C9",2020-04-30,15.9915625069444,"Ambient"
"C9",2020-05-01,15.9581249409722,"Ambient"
"C9",2020-05-02,17.4429861041667,"Ambient"
"C9",2020-05-03,19.5154166076389,"Ambient"
"C9",2020-05-04,21.3554166354167,"Ambient"
"C9",2020-05-05,23.1746875173611,"Ambient"
"C9",2020-05-06,22.6262500173611,"Ambient"
"C9",2020-05-07,22.3706597638889,"Ambient"
"C9",2020-05-08,22.0111805,"Ambient"
"C9",2020-05-09,21.3802083541667,"Ambient"
"C9",2020-05-10,19.3006249583333,"Ambient"
"C9",2020-05-11,15.9361458368056,"Ambient"
"C9",2020-05-12,14.6793055555556,"Ambient"
"C9",2020-05-13,14.8926388888889,"Ambient"
"C9",2020-05-14,15.1170138888889,"Ambient"
"C9",2020-05-15,14.3602083333333,"Ambient"
"C9",2020-05-16,14.1473263888889,"Ambient"
"C9",2020-05-17,15.6793750069444,"Ambient"
"C9",2020-05-18,18.0482291597222,"Ambient"
"C9",2020-05-19,19.5142707916667,"Ambient"
"C9",2020-05-20,21.2951389513889,"Ambient"
"C9",2020-05-21,22.1565625034722,"Ambient"
"C9",2020-05-22,23.3487847708333,"Ambient"
"C9",2020-05-23,22.31892365625,"Ambient"
"C9",2020-05-24,19.3879861319444,"Ambient"
"C9",2020-05-25,20.7663542361111,"Ambient"
"C9",2020-05-26,21.9618055069444,"Ambient"
"C9",2020-05-27,23.0053124618056,"Ambient"
"C9",2020-05-28,23.7250694340278,"Ambient"
"C9",2020-05-29,23.9363194826389,"Ambient"
"C9",2020-05-30,24.1358332569444,"Ambient"
"C9",2020-05-31,24.2679513958333,"Ambient"
"C9",2020-06-01,23.5519792083333,"Ambient"
"C9",2020-06-02,22.3003124652778,"Ambient"
"C9",2020-06-03,21.6172569479167,"Ambient"
"C9",2020-06-04,19.2304514131944,"Ambient"
"C9",2020-06-05,17.555138875,"Ambient"
"C9",2020-06-06,18.79333334375,"Ambient"
"C9",2020-06-07,17.0268057638889,"Ambient"
"C9",2020-06-08,16.19100696875,"Ambient"
"C9",2020-06-09,16.1642361006944,"Ambient"
"C9",2020-06-10,16.2459721979167,"Ambient"
"C9",2020-06-11,17.1484027083333,"Ambient"
"C9",2020-06-12,18.2376389305556,"Ambient"
"C9",2020-06-13,19.0088541388889,"Ambient"
"C9",2020-06-14,17.93614584375,"Ambient"
"C9",2020-06-15,19.5305208506944,"Ambient"
"C9",2020-06-16,18.7498611215278,"Ambient"
"C9",2020-06-17,17.0996180381944,"Ambient"
"C9",2020-06-18,16.9111111631944,"Ambient"
"C9",2020-06-19,18.7136458333333,"Ambient"
"C9",2020-06-20,20.7515972222222,"Ambient"
"C9",2020-06-21,21.6886458263889,"Ambient"
"C9",2020-06-22,22.982326375,"Ambient"
"C9",2020-06-23,23.7227430625,"Ambient"
"C9",2020-06-24,25.0721180208333,"Ambient"
"C9",2020-06-25,24.8532986111111,"Ambient"
"C9",2020-06-26,23.8750347256944,"Ambient"
"C9",2020-06-27,24.3888541701389,"Ambient"
"C9",2020-06-28,24.0148264340278,"Ambient"
"C9",2020-06-29,21.4222916041667,"Ambient"
"C9",2020-06-30,18.8007985868056,"Ambient"
"C9",2020-07-01,18.9357986597222,"Ambient"
"C9",2020-07-02,18.0784375625,"Ambient"
"C9",2020-07-03,17.10819446875,"Ambient"
"C9",2020-07-04,17.9724305798611,"Ambient"
"C9",2020-07-05,18.8955903194444,"Ambient"
"C9",2020-07-06,18.4679861423611,"Ambient"
"C9",2020-07-07,18.6886111388889,"Ambient"
"C9",2020-07-08,18.75503475,"Ambient"
"C9",2020-07-09,18.8342013784722,"Ambient"
"C9",2020-07-10,18.0069096354167,"Ambient"
"C9",2020-07-11,17.7589235763889,"Ambient"
"C9",2020-07-12,17.68663196875,"Ambient"
"C9",2020-07-13,18.1385763020833,"Ambient"
"C9",2020-07-14,17.9347569513889,"Ambient"
"C9",2020-07-15,17.7616666805556,"Ambient"
"C9",2020-07-16,17.4214583576389,"Ambient"
"C9",2020-07-17,17.6061806006944,"Ambient"
"C9",2020-07-18,18.6346526979167,"Ambient"
"C9",2020-07-19,19.2571528055556,"Ambient"
"C9",2020-07-20,19.5626735763889,"Ambient"
"C9",2020-07-21,19.7130208263889,"Ambient"
"C9",2020-07-22,19.6609027673611,"Ambient"
"C9",2020-07-23,18.9079860451389,"Ambient"
"C9",2020-07-24,18.3027431493056,"Ambient"
"C9",2020-07-25,18.5219444791667,"Ambient"
"C9",2020-07-26,19.88937503125,"Ambient"
"C9",2020-07-27,22.2770833194444,"Ambient"
"C9",2020-07-28,18.2861111666667,"Ambient"
"C9",2020-07-29,17.96368053125,"Ambient"
"C9",2020-07-30,19.6317708506944,"Ambient"
"C9",2020-07-31,20.2879861423611,"Ambient"
"C9",2020-08-01,17.9588541527778,"Ambient"
"C9",2020-08-02,17.5465278784722,"Ambient"
"C9",2020-08-03,17.5657639340278,"Ambient"
"C9",2020-08-04,17.6665278368056,"Ambient"
"C9",2020-08-05,17.8092708715278,"Ambient"
"C9",2020-08-06,18.5369444548611,"Ambient"
"C9",2020-08-07,19.2365277534722,"Ambient"
"C9",2020-08-08,19.4849653159722,"Ambient"
"C9",2020-08-09,18.5623263645833,"Ambient"
"C9",2020-08-10,18.1196181111111,"Ambient"
"C9",2020-08-11,18.2548264375,"Ambient"
"C9",2020-08-12,18.6450347222222,"Ambient"
"C9",2020-08-13,17.5696529375,"Ambient"
"C9",2020-08-14,17.9379515034722,"Ambient"
"C9",2020-08-15,18.2495138958333,"Ambient"
"C9",2020-08-16,17.5169444444444,"Ambient"
"C9",2020-08-17,17.3913193958333,"Ambient"
"C9",2020-08-18,17.7391666805556,"Ambient"
"C9",2020-08-19,18.9239931597222,"Ambient"
"C9",2020-08-20,19.2079861180556,"Ambient"
"C9",2020-08-21,18.8757638680556,"Ambient"
"C9",2020-08-22,17.6841319618056,"Ambient"
"C9",2020-08-23,17.8587500520833,"Ambient"
"C9",2020-08-24,17.9987847013889,"Ambient"
"C9",2020-08-25,18.4092015451389,"Ambient"
"C9",2020-08-26,18.3680902534722,"Ambient"
"C9",2020-08-27,18.6264235868056,"Ambient"
"C9",2020-08-28,17.1517013645833,"Ambient"
"C9",2020-08-29,16.2068055625,"Ambient"
"C9",2020-08-30,15.7659721944444,"Ambient"
"C9",2020-08-31,16.4989235972222,"Ambient"
"C9",2020-09-01,16.5588541493056,"Ambient"
"C9",2020-09-02,17.6590278888889,"Ambient"
"C9",2020-09-03,16.8175694097222,"Ambient"
"C9",2020-09-04,17.5840972222222,"Ambient"
"C9",2020-09-05,17.6353818576389,"Ambient"
"C9",2020-09-06,17.4649305659722,"Ambient"
"C9",2020-09-07,17.0268055590278,"Ambient"
"C9",2020-09-08,16.620138875,"Ambient"
"C9",2020-09-09,17.08624996875,"Ambient"
"C9",2020-09-10,17.6519097951389,"Ambient"
"C9",2020-09-11,17.8590626354167,"Ambient"
"C9",2020-09-12,17.8060416944444,"Ambient"
"C9",2020-09-13,17.91843753125,"Ambient"
"C9",2020-09-14,18.1377431041667,"Ambient"
"C9",2020-09-15,17.5753471527778,"Ambient"
"C9",2020-09-16,17.8831249756944,"Ambient"
"C9",2020-09-17,17.7716318680556,"Ambient"
"C9",2020-09-18,17.3123611527778,"Ambient"
"C9",2020-09-19,17.4938890555556,"Ambient"
"C9",2020-09-20,17.6913541736111,"Ambient"
"C9",2020-09-21,17.4786111666667,"Ambient"
"C9",2020-09-22,17.3302082083333,"Ambient"
"C9",2020-09-23,16.7007638958333,"Ambient"
"C9",2020-09-24,17.3841319027778,"Ambient"
"C9",2020-09-25,13.9642014131944,"Ambient"
"C9",2020-09-26,11.6871875,"Ambient"
"C9",2020-09-27,11.2404166666667,"Ambient"
"C9",2020-09-28,12.4777083333333,"Ambient"
"C9",2020-09-29,15.5715278159722,"Ambient"
"C9",2020-09-30,15.7420486111111,"Ambient"
"C9",2020-10-01,15.2123263958333,"Ambient"
"C9",2020-10-02,13.1027430555556,"Ambient"
"C9",2020-10-03,10.3492708333333,"Ambient"
"C9",2020-10-04,10.7222916666667,"Ambient"
"C9",2020-10-05,11.3342013888889,"Ambient"
"C9",2020-10-06,12.9225694444444,"Ambient"
"C9",2020-10-07,15.2279861875,"Ambient"
"C9",2020-10-08,15.8304514236111,"Ambient"
"C9",2020-10-09,16.4265972291667,"Ambient"
"C9",2020-10-10,16.4051388993056,"Ambient"
"C9",2020-10-11,13.1162847222222,"Ambient"
"C9",2020-10-12,12.1165972222222,"Ambient"
"C9",2020-10-13,12.1546180555556,"Ambient"
"C9",2020-10-14,10.9752083333333,"Ambient"
"C9",2020-10-15,9.47465277777778,"Ambient"
"C9",2020-10-16,9.09371527777778,"Ambient"
"C9",2020-10-17,10.2033680555556,"Ambient"
"C9",2020-10-18,9.79086805555556,"Ambient"
"C9",2020-10-19,10.1196180555556,"Ambient"
"C9",2020-10-20,11.6264930555556,"Ambient"
"C9",2020-10-21,15.1785416944444,"Ambient"
"C9",2020-10-22,15.7032291944444,"Ambient"
"C9",2020-10-23,15.2952777777778,"Ambient"
"C9",2020-10-24,13.4159027777778,"Ambient"
"C9",2020-10-25,12.0276388888889,"Ambient"
"C9",2020-10-26,11.0928819444444,"Ambient"
"C9",2020-10-27,10.5166666666667,"Ambient"
"C9",2020-10-28,11.8591666666667,"Ambient"
"C9",2020-10-29,12.415625,"Ambient"
"C9",2020-10-30,12.0497222222222,"Ambient"
"C9",2020-10-31,11.7853472222222,"Ambient"
"C9",2020-11-01,12.0371527777778,"Ambient"
"C9",2020-11-02,13.1522569444444,"Ambient"
"C9",2020-11-03,13.2699305555556,"Ambient"
"C9",2020-11-04,10.8119444444444,"Ambient"
"C9",2020-11-05,9.22829861111111,"Ambient"
"C9",2020-11-06,10.674375,"Ambient"
"C9",2020-11-07,12.3623611111111,"Ambient"
"C9",2020-11-08,12.3384722222222,"Ambient"
"C9",2020-11-09,11.3031597222222,"Ambient"
"C9",2020-11-10,11.3173263888889,"Ambient"
"C9",2020-11-11,9.98423611111111,"Ambient"
"C9",2020-11-12,9.98243055555556,"Ambient"
"C9",2020-11-13,10.2385069444444,"Ambient"
"C9",2020-11-14,9.89277777777778,"Ambient"
"C9",2020-11-15,9.95024305555556,"Ambient"
"C9",2020-11-16,11.1932986111111,"Ambient"
"C9",2020-11-17,9.85434027777778,"Ambient"
"C9",2020-11-18,10.0680902777778,"Ambient"
"C9",2020-11-19,9.98854166666667,"Ambient"
"C9",2020-11-20,9.15170138888889,"Ambient"
"C9",2020-11-21,6.77746527777778,"Ambient"
"C9",2020-11-22,5.285,"Ambient"
"C9",2020-11-23,5.1471875,"Ambient"
"C9",2020-11-24,5.22923611111111,"Ambient"
"C9",2020-11-25,5.53197916666667,"Ambient"
"C9",2020-11-26,5.56246527777778,"Ambient"
"C9",2020-11-27,6.90604166666667,"Ambient"
"C9",2020-11-28,7.08253472222222,"Ambient"
"C9",2020-11-29,6.97288194444444,"Ambient"
"C9",2020-11-30,7.20364583333333,"Ambient"
"C9",2020-12-01,6.95930555555556,"Ambient"
"C9",2020-12-02,5.82836805555556,"Ambient"
"C9",2020-12-03,4.58996527777778,"Ambient"
"C9",2020-12-04,4.72888888888889,"Ambient"
"C9",2020-12-05,3.77288194444444,"Ambient"
"C9",2020-12-06,4.06715277777778,"Ambient"
"C9",2020-12-07,4.29243055555556,"Ambient"
"C9",2020-12-08,4.53097222222222,"Ambient"
"C9",2020-12-09,4.37513888888889,"Ambient"
"C9",2020-12-10,4.549375,"Ambient"
"C9",2020-12-11,5.69545138888889,"Ambient"
"C9",2020-12-12,6.99868055555556,"Ambient"
"C9",2020-12-13,6.55083333333333,"Ambient"
"C9",2020-12-14,7.556875,"Ambient"
"C9",2020-12-15,7.64194444444444,"Ambient"
"C9",2020-12-16,5.99315972222222,"Ambient"
"C9",2020-12-17,4.97961805555556,"Ambient"
"C9",2020-12-18,4.7921875,"Ambient"
"C9",2020-12-19,5.29385416666667,"Ambient"
"C9",2020-12-20,6.26263888888889,"Ambient"
"C9",2020-12-21,5.90993055555556,"Ambient"
"C9",2020-12-22,7.47604166666667,"Ambient"
"C9",2020-12-23,8.14416666666667,"Ambient"
"C9",2020-12-24,8.52510416666667,"Ambient"
"C9",2020-12-25,5.89767361111111,"Ambient"
"C9",2020-12-26,3.49638888888889,"Ambient"
"C9",2020-12-27,1.91753472222222,"Ambient"
"C9",2020-12-28,2.48819444444444,"Ambient"
"C9",2020-12-29,2.83159722222222,"Ambient"
"C9",2020-12-30,3.18215277777778,"Ambient"
"C9",2020-12-31,3.38458333333333,"Ambient"
"C9",2021-01-01,4.208125,"Ambient"
"C9",2021-01-02,3.68385416666667,"Ambient"
"C9",2021-01-03,2.40652777777778,"Ambient"
"C9",2021-01-04,1.97225694444444,"Ambient"
"C9",2021-01-05,1.89840277777778,"Ambient"
"C9",2021-01-06,1.57756944444444,"Ambient"
"C9",2021-01-07,0.482361114554935,"Ambient"
"C9",2021-01-08,0.161875001698111,"Ambient"
"C9",2021-01-09,0.148472223560222,"Ambient"
"C9",2021-01-10,0.128437501119657,"Ambient"
"C9",2021-01-11,0.143888889863673,"Ambient"
"C9",2021-01-12,0.15704861184996,"Ambient"
"C9",2021-01-13,0.518819445358175,"Ambient"
"C9",2021-01-14,2.49795138888889,"Ambient"
"C9",2021-01-15,4.34159722222222,"Ambient"
"C9",2021-01-16,3.89385416666667,"Ambient"
"C9",2021-01-17,4.595625,"Ambient"
"C9",2021-01-18,5.01604166666667,"Ambient"
"C9",2021-01-19,4.08201388888889,"Ambient"
"C9",2021-01-20,4.76524305555556,"Ambient"
"C9",2021-01-21,6.15295138888889,"Ambient"
"C9",2021-01-22,6.33690972222222,"Ambient"
"C9",2021-01-23,5.39729166666667,"Ambient"
"C9",2021-01-24,5.49440972222222,"Ambient"
"C9",2021-01-25,5.62114583333333,"Ambient"
"C9",2021-01-26,5.20666666666667,"Ambient"
"C9",2021-01-27,7.17840277777778,"Ambient"
"C9",2021-01-28,9.68184027777778,"Ambient"
"C9",2021-01-29,9.64881944444445,"Ambient"
"C9",2021-01-30,8.88895833333333,"Ambient"
"C9",2021-01-31,8.35979166666667,"Ambient"
"C9",2021-02-01,8.81565972222222,"Ambient"
"C9",2021-02-02,9.96423611111111,"Ambient"
"C9",2021-02-03,10.0545833333333,"Ambient"
"C9",2021-02-04,10.3571180555556,"Ambient"
"C9",2021-02-05,10.8055208333333,"Ambient"
"C9",2021-02-06,10.2773611111111,"Ambient"
"C9",2021-02-07,9.15666666666667,"Ambient"
"C9",2021-02-08,7.70104166666667,"Ambient"
"C9",2021-02-09,6.60573705179283,"Ambient"
"C9",2021-02-10,6.21037837837838,"Ambient"
"C9",2021-02-13,8.26654135338346,"Ambient"
"C9",2021-02-14,7.82006944444444,"Ambient"
"C9",2021-02-15,7.46076388888889,"Ambient"
"C9",2021-02-16,8.29892361111111,"Ambient"
"C9",2021-02-17,9.81623693379791,"Ambient"
"C9",2021-02-18,9.96128472222222,"Ambient"
"C9",2021-02-19,9.70638888888889,"Ambient"
"C9",2021-02-20,9.59315972222222,"Ambient"
"C9",2021-02-21,9.86996527777778,"Ambient"
"C9",2021-02-22,9.89795138888889,"Ambient"
"C9",2021-02-23,10.0554513888889,"Ambient"
"C9",2021-02-24,11.1923611111111,"Ambient"
"C9",2021-02-25,11.0384375,"Ambient"
"C9",2021-02-26,11.0048263888889,"Ambient"
"C9",2021-02-27,11.7039583333333,"Ambient"
"C9",2021-02-28,10.9696180555556,"Ambient"
"C9",2021-03-01,9.95732638888889,"Ambient"
"C9",2021-03-02,9.71951388888889,"Ambient"
"C9",2021-03-03,9.85309027777778,"Ambient"
"C9",2021-03-04,10.6327777777778,"Ambient"
"C9",2021-03-05,11.6635416666667,"Ambient"
"C9",2021-03-06,10.4409375,"Ambient"
"C9",2021-03-07,8.993125,"Ambient"
"C9",2021-03-08,8.69440972222222,"Ambient"
"C9",2021-03-09,8.20583333333333,"Ambient"
"C9",2021-03-10,7.73166666666667,"Ambient"
"C9",2021-03-11,10.3008333333333,"Ambient"
"C9",2021-03-12,11.1540625,"Ambient"
"C9",2021-03-13,9.25684027777778,"Ambient"
"C9",2021-03-14,9.06878472222222,"Ambient"
"C9",2021-03-15,7.91857638888889,"Ambient"
"C9",2021-03-16,8.83319444444444,"Ambient"
"C9",2021-03-17,10.2432291666667,"Ambient"
"C9",2021-03-18,9.61409722222222,"Ambient"
"C9",2021-03-19,7.21645833333333,"Ambient"
"C9",2021-03-20,5.90840277777778,"Ambient"
"C9",2021-03-21,5.81305555555556,"Ambient"
"C9",2021-03-22,8.30104166666667,"Ambient"
"C9",2021-03-23,9.54020833333333,"Ambient"
"C9",2021-03-24,10.4956597222222,"Ambient"
"C9",2021-03-25,11.6934722222222,"Ambient"
"C9",2021-03-26,11.7403125,"Ambient"
"C9",2021-03-27,11.9687152777778,"Ambient"
"C9",2021-03-28,11.6272916666667,"Ambient"
"C9",2021-03-29,13.6822222708333,"Ambient"
"C9",2021-03-30,15.24239584375,"Ambient"
"C9",2021-03-31,16.28791665625,"Ambient"
"C9",2021-04-01,16.4038888923611,"Ambient"
"C9",2021-04-02,16.1875694340278,"Ambient"
"C9",2021-04-03,15.5026388854167,"Ambient"
"C9",2021-04-04,14.3500347152778,"Ambient"
"C9",2021-04-05,13.8034375069444,"Ambient"
"C9",2021-04-06,13.6623611111111,"Ambient"
"C9",2021-04-07,12.1652777777778,"Ambient"
"C9",2021-04-08,11.4751388888889,"Ambient"
"C9",2021-04-09,12.4617361111111,"Ambient"
"C9",2021-04-10,12.1434375,"Ambient"
"C9",2021-04-11,10.9424305555556,"Ambient"
"C9",2021-04-12,10.6135416666667,"Ambient"
"C9",2021-04-13,11.2751041666667,"Ambient"
"C9",2021-04-14,11.6398611111111,"Ambient"
"C9",2021-04-15,12.1072222222222,"Ambient"
"C9",2021-04-16,11.8749652777778,"Ambient"
"C9",2021-04-17,11.2948611111111,"Ambient"
"C9",2021-04-18,11.1496180555556,"Ambient"
"C9",2021-04-19,12.4799305590278,"Ambient"
"C9",2021-04-20,13.319375,"Ambient"
"C9",2021-04-21,13.2523611111111,"Ambient"
"C9",2021-04-22,14.0128125173611,"Ambient"
"C9",2021-04-23,14.9946180520833,"Ambient"
"C9",2021-04-24,16.7961110868056,"Ambient"
"C9",2021-04-25,16.8673263680556,"Ambient"
"C9",2021-04-26,15.1920486180556,"Ambient"
"C9",2021-04-27,14.3002083333333,"Ambient"
"C9",2021-04-28,13.7384722222222,"Ambient"
"C9",2021-04-29,12.5239236111111,"Ambient"
"C9",2021-04-30,11.6013541666667,"Ambient"
"C9",2021-05-01,10.8202777777778,"Ambient"
"C9",2021-05-02,10.9518402777778,"Ambient"
"C9",2021-05-03,12.2030555555556,"Ambient"
"C9",2021-05-04,14.6543055486111,"Ambient"
"C9",2021-05-05,16.2743750416667,"Ambient"
"C9",2021-05-06,15.8368056736111,"Ambient"
"C9",2021-05-07,17.1280207986111,"Ambient"
"C9",2021-05-08,18.9970486041667,"Ambient"
"C9",2021-05-09,19.9015277569444,"Ambient"
"C9",2021-05-10,18.2928472777778,"Ambient"
"C9",2021-05-11,15.9476388680556,"Ambient"
"C9",2021-05-12,14.2257986458333,"Ambient"
"C9",2021-05-13,14.7270833854167,"Ambient"
"C9",2021-05-14,15.3814583125,"Ambient"
"C9",2021-05-15,15.4996180381944,"Ambient"
"C9",2021-05-16,15.5113888958333,"Ambient"
"C9",2021-05-17,15.3559028090278,"Ambient"
"C9",2021-05-18,16.0318054965278,"Ambient"
"C9",2021-05-19,16.5267708333333,"Ambient"
"C9",2021-05-20,18.0079861215278,"Ambient"
"C9",2021-05-21,18.1890972951389,"Ambient"
"C9",2021-05-22,16.5005555451389,"Ambient"
"C9",2021-05-23,14.4166319444444,"Ambient"
"C9",2021-05-24,13.2084722222222,"Ambient"
"C9",2021-05-25,12.3797222222222,"Ambient"
"C9",2021-05-26,14.6150347569444,"Ambient"
"C9",2021-05-27,17.39232634375,"Ambient"
"C9",2021-05-28,19.0072569027778,"Ambient"
"C9",2021-05-29,19.1269097291667,"Ambient"
"C9",2021-05-30,20.8642708125,"Ambient"
"C9",2021-05-31,21.5608680763889,"Ambient"
"C9",2021-06-01,21.9871875173611,"Ambient"
"C9",2021-06-02,20.7077778541667,"Ambient"
"C9",2021-06-03,21.0631944583333,"Ambient"
"C9",2021-06-04,20.1346874895833,"Ambient"
"C9",2021-06-05,19.1086805208333,"Ambient"
"C9",2021-06-06,20.5189236076389,"Ambient"
"C9",2021-06-07,20.5179513263889,"Ambient"
"C9",2021-06-08,19.8847222048611,"Ambient"
"C9",2021-06-09,20.4329513958333,"Ambient"
"C9",2021-06-10,21.4768402465278,"Ambient"
"C9",2021-06-11,20.7047222013889,"Ambient"
"C9",2021-06-12,20.6236110972222,"Ambient"
"C9",2021-06-13,21.4625000069444,"Ambient"
"C9",2021-06-14,21.4072222291667,"Ambient"
"C9",2021-06-15,21.1601389479167,"Ambient"
"C9",2021-06-16,21.1510763645833,"Ambient"
"C9",2021-06-17,20.2182985763889,"Ambient"
"C9",2021-06-18,19.7701389479167,"Ambient"
"C9",2021-06-19,20.945763875,"Ambient"
"C9",2021-06-20,20.5867707986111,"Ambient"
"C9",2021-06-21,19.9938194340278,"Ambient"
"C9",2021-06-22,19.4227778090278,"Ambient"
"C9",2021-06-23,17.90076396875,"Ambient"
"C9",2021-06-24,17.4343750659722,"Ambient"
"C9",2021-06-25,19.9294791979167,"Ambient"
"C9",2021-06-26,20.8098958194444,"Ambient"
"C9",2021-06-27,19.9314931111111,"Ambient"
"C9",2021-06-28,18.7131250625,"Ambient"
"C9",2021-06-29,18.9227083333333,"Ambient"
"C9",2021-06-30,19.65888884375,"Ambient"
"C9",2021-07-01,20.4944791736111,"Ambient"
"C9",2021-07-02,20.8215972361111,"Ambient"
"C9",2021-07-03,18.8061110694444,"Ambient"
"C9",2021-07-04,18.2550348055556,"Ambient"
"C9",2021-07-05,18.9179862118056,"Ambient"
"C9",2021-07-06,18.5303471770833,"Ambient"
"C9",2021-07-07,17.9135416701389,"Ambient"
"C9",2021-07-08,17.4704167534722,"Ambient"
"C9",2021-07-09,18.6733332951389,"Ambient"
"C9",2021-07-10,18.3162152013889,"Ambient"
"C9",2021-07-11,19.1841320243056,"Ambient"
"C9",2021-07-12,18.3402430798611,"Ambient"
"C9",2021-07-13,16.5187500694444,"Ambient"
"C9",2021-07-14,17.2629861527778,"Ambient"
"C9",2021-07-15,17.5127081944444,"Ambient"
"C9",2021-07-16,17.4658333333333,"Ambient"
"C9",2021-07-17,18.9322917118056,"Ambient"
"C9",2021-07-18,19.4346179791667,"Ambient"
"C9",2021-07-19,19.9773049397163,"Ambient"
"C9",2021-07-20,19.6448958090278,"Ambient"
"C9",2021-07-21,19.8115971840278,"Ambient"
"C9",2021-07-22,20.8980208541667,"Ambient"
"C9",2021-07-23,20.4577777291667,"Ambient"
"C9",2021-07-24,18.64072909375,"Ambient"
"C9",2021-07-25,18.0330555659722,"Ambient"
"C9",2021-07-26,18.1530207951389,"Ambient"
"C9",2021-07-27,17.9672916979167,"Ambient"
"C9",2021-07-28,18.1553333298246,"Ambient"
"C9",2021-07-29,18.6823610590278,"Ambient"
"C9",2021-07-30,18.2624656319444,"Ambient"
"C9",2021-07-31,17.1828472361111,"Ambient"
"C9",2021-08-01,16.8288541736111,"Ambient"
"C9",2021-08-02,17.6202082604167,"Ambient"
"C9",2021-08-03,18.0444485698529,"Ambient"
"C9",2021-08-04,18.2845139861111,"Ambient"
"C9",2021-08-05,18.5527777986111,"Ambient"
"C9",2021-08-06,18.2891666736111,"Ambient"
"C9",2021-08-07,17.6204858958333,"Ambient"
"C9",2021-08-08,17.32340278125,"Ambient"
"C9",2021-08-09,18.1328819340278,"Ambient"
"C9",2021-08-10,19.7520833263889,"Ambient"
"C9",2021-08-11,20.5617013680556,"Ambient"
"C9",2021-08-12,21.2350694340278,"Ambient"
"C9",2021-08-13,20.7034027013889,"Ambient"
"C9",2021-08-14,20.6778472951389,"Ambient"
"C9",2021-08-15,19.5633681111111,"Ambient"
"C9",2021-08-16,18.2078124965278,"Ambient"
"C9",2021-08-17,17.6998957118056,"Ambient"
"C9",2021-08-18,17.5763194895833,"Ambient"
"C9",2021-08-19,17.8265278229167,"Ambient"
"C9",2021-08-20,18.9811111076389,"Ambient"
"C9",2021-08-21,18.7686805763889,"Ambient"
"C9",2021-08-22,18.2180556388889,"Ambient"
"C9",2021-08-23,18.2773262569444,"Ambient"
"C9",2021-08-24,18.2202082604167,"Ambient"
"C9",2021-08-25,18.3783333298611,"Ambient"
"C9",2021-08-26,19.1419792395833,"Ambient"
"C9",2021-08-27,19.1586457986111,"Ambient"
"C9",2021-08-28,18.2934375381944,"Ambient"
"C9",2021-08-29,17.9525694722222,"Ambient"
"C9",2021-08-30,17.8173958611111,"Ambient"
"C9",2021-08-31,18.5164583715278,"Ambient"
"C9",2021-09-01,17.8978124375,"Ambient"
"C9",2021-09-02,17.6114583472222,"Ambient"
"C9",2021-09-03,18.3950695138889,"Ambient"
"C9",2021-09-04,18.7872916666667,"Ambient"
"C9",2021-09-05,19.0385763541667,"Ambient"
"C9",2021-09-13,18.8174286742857,"Ambient"
"C9",2021-09-14,18.3787152743056,"Ambient"
"C9",2021-09-15,18.5240972916667,"Ambient"
"C9",2021-09-16,18.1510069409722,"Ambient"
"C9",2021-09-17,18.2164582534722,"Ambient"
"C9",2021-09-18,17.5152429583333,"Ambient"
"C9",2021-09-19,16.4109375451389,"Ambient"
"C9",2021-09-20,16.9982985625,"Ambient"
"C9",2021-09-21,14.9725347361111,"Ambient"
"C9",2021-09-22,15.1168751423611,"Ambient"
"C9",2021-09-23,17.6411806111111,"Ambient"
"C9",2021-09-24,17.5010416493056,"Ambient"
"C9",2021-09-25,17.8060068715278,"Ambient"
"C9",2021-09-26,17.5370486006944,"Ambient"
"C9",2021-09-27,17.3267361215278,"Ambient"
"C9",2021-09-28,17.2731945381944,"Ambient"
"C9",2021-09-29,17.4717361041667,"Ambient"
"C9",2021-09-30,17.3073263923611,"Ambient"
"C9",2021-10-01,16.3622916493056,"Ambient"
"C9",2021-10-02,17.0563888611111,"Ambient"
"C9",2021-10-03,16.9875693784722,"Ambient"
"C9",2021-10-04,15.2413194027778,"Ambient"
"C9",2021-10-05,14.1451041666667,"Ambient"
"C9",2021-10-06,14.7603472256944,"Ambient"
"C9",2021-10-07,15.0867360972222,"Ambient"
"C9",2021-10-08,14.3085763888889,"Ambient"
"C9",2021-10-09,15.31052096875,"Ambient"
"C9",2021-10-10,16.2096874826389,"Ambient"
"C9",2021-10-11,15.5499652326389,"Ambient"
"C9",2021-10-12,13.7727430555556,"Ambient"
"C9",2021-10-13,12.8891666666667,"Ambient"
"C9",2021-10-14,12.1506944444444,"Ambient"
"C9",2021-10-15,12.0688888888889,"Ambient"
"C9",2021-10-16,13.4451041666667,"Ambient"
"C9",2021-10-17,12.7927430555556,"Ambient"
"C9",2021-10-18,13.0511458333333,"Ambient"
"C9",2021-10-19,14.0091319513889,"Ambient"
"C9",2021-10-20,15.1190277708333,"Ambient"
"C9",2021-10-21,15.4915277847222,"Ambient"
"C9",2021-10-22,13.9949652777778,"Ambient"
"C9",2021-10-23,13.4470833333333,"Ambient"
"C9",2021-10-24,11.4868055555556,"Ambient"
"C9",2021-10-25,10.479375,"Ambient"
"C9",2021-10-26,10.9936458333333,"Ambient"
"C9",2021-10-27,11.1625347222222,"Ambient"
"C9",2021-10-28,10.9249305555556,"Ambient"
"C9",2021-10-29,11.0953819444444,"Ambient"
"C9",2021-10-30,12.4989583333333,"Ambient"
"C9",2021-10-31,13.8666,"Ambient"
"C9",2021-11-01,13.3762847222222,"Ambient"
"C9",2021-11-02,11.5589583333333,"Ambient"
"C9",2021-11-03,10.8115277777778,"Ambient"
"C9",2021-11-04,9.06815972222222,"Ambient"
"C9",2021-11-05,8.08704861111111,"Ambient"
"C9",2021-11-06,6.44114583333333,"Ambient"
"C9",2021-11-07,5.67076388888889,"Ambient"
"C9",2021-11-08,7.64270833333333,"Ambient"
"C9",2021-11-09,7.80350694444444,"Ambient"
"C9",2021-11-10,6.29267361111111,"Ambient"
"C9",2021-11-11,7.19288194444444,"Ambient"
"C9",2021-11-12,8.07559027777778,"Ambient"
"C9",2021-11-13,9.38756944444444,"Ambient"
"C9",2021-11-14,9.6325,"Ambient"
"C9",2021-11-15,8.61163194444444,"Ambient"
"C9",2021-11-16,8.123125,"Ambient"
"C9",2021-11-17,7.50545138888889,"Ambient"
"C9",2021-11-18,6.87809027777778,"Ambient"
"C9",2021-11-19,6.06770833333333,"Ambient"
"C9",2021-11-20,5.6375,"Ambient"
"C9",2021-11-21,6.54194444444444,"Ambient"
"C9",2021-11-22,7.55652777777778,"Ambient"
"C9",2021-11-23,6.90930555555556,"Ambient"
"C9",2021-11-24,6.6840625,"Ambient"
"C9",2021-11-25,6.88347222222222,"Ambient"
"C9",2021-11-26,6.70229166666667,"Ambient"
"C9",2021-11-27,5.50107638888889,"Ambient"
"C9",2021-11-28,4.23583333333333,"Ambient"
"C9",2021-11-29,3.21902777777778,"Ambient"
"C9",2021-11-30,3.23857638888889,"Ambient"
"C9",2021-12-01,3.674375,"Ambient"
"C9",2021-12-02,4.59215277777778,"Ambient"
"C9",2021-12-03,3.9540625,"Ambient"
"C9",2021-12-04,4.9709375,"Ambient"
"C9",2021-12-05,4.84024305555556,"Ambient"
"C9",2021-12-13,5.32494382022472,"Ambient"
"C9",2021-12-14,5.10618055555556,"Ambient"
"C9",2021-12-15,5.26197916666667,"Ambient"
"C9",2021-12-16,5.49944444444444,"Ambient"
"C9",2021-12-17,5.13885416666667,"Ambient"
"C9",2021-12-18,4.99333333333333,"Ambient"
"C9",2021-12-19,4.40506944444444,"Ambient"
"C9",2021-12-20,3.90822916666667,"Ambient"
"C9",2021-12-21,4.17354166666667,"Ambient"
"C9",2021-12-22,5.51774305555556,"Ambient"
"C9",2021-12-23,6.05333333333333,"Ambient"
"C9",2021-12-24,6.91284722222222,"Ambient"
"C9",2021-12-25,7.624375,"Ambient"
"C9",2021-12-26,7.27458333333333,"Ambient"
"C9",2021-12-27,7.93239583333333,"Ambient"
"C9",2021-12-28,8.86003472222222,"Ambient"
"C9",2021-12-29,10.5477083333333,"Ambient"
"C9",2021-12-30,11.0752777777778,"Ambient"
"C9",2021-12-31,9.64135416666667,"Ambient"
"C9",2022-01-01,8.96548611111111,"Ambient"
"C9",2022-01-02,8.62572916666667,"Ambient"
"C9",2022-01-03,8.42236111111111,"Ambient"
"C9",2022-01-04,8.4315625,"Ambient"
"C9",2022-01-05,7.71850694444444,"Ambient"
"C9",2022-01-06,5.2046875,"Ambient"
"C9",2022-01-07,3.16496527777778,"Ambient"
"C9",2022-01-08,3.99458333333333,"Ambient"
"C9",2022-01-09,5.82722222222222,"Ambient"
"C9",2022-01-18,2.76988095238095,"Ambient"
"C9",2022-01-19,2.69923611111111,"Ambient"
"C9",2022-01-20,3.42965277777778,"Ambient"
"C9",2022-01-21,3.64697916666667,"Ambient"
"C9",2022-01-22,2.73982638888889,"Ambient"
"C9",2022-01-23,2.54399305555556,"Ambient"
"C9",2022-01-24,2.93663194444444,"Ambient"
"C9",2022-01-25,3.38034722222222,"Ambient"
"C9",2022-01-26,3.73236111111111,"Ambient"
"C9",2022-01-27,3.97538194444444,"Ambient"
"C9",2022-01-28,3.55284722222222,"Ambient"
"C9",2022-01-29,3.21607638888889,"Ambient"
"C9",2022-01-30,3.858125,"Ambient"
"C9",2022-01-31,4.32496527777778,"Ambient"
"C9",2022-02-01,4.97277777777778,"Ambient"
"C9",2022-02-02,5.35920138888889,"Ambient"
"C9",2022-02-03,5.88902777777778,"Ambient"
"C9",2022-02-04,6.71649305555556,"Ambient"
"C9",2022-02-05,7.57944444444444,"Ambient"
"C9",2022-02-06,5.92267361111111,"Ambient"
"C9",2022-02-07,5.92284722222222,"Ambient"
"C9",2022-02-08,7.64034722222222,"Ambient"
"C9",2022-02-09,7.71121527777778,"Ambient"
"C9",2022-02-10,7.83336805555556,"Ambient"
"C9",2022-02-11,8.04517361111111,"Ambient"
"C9",2022-02-12,7.77163194444444,"Ambient"
"C9",2022-02-13,8.20840277777778,"Ambient"
"C9",2022-02-14,8.62201388888889,"Ambient"
"C9",2022-02-15,7.90722222222222,"Ambient"
"C9",2022-02-16,8.03576388888889,"Ambient"
"C9",2022-02-17,9.23254716981132,"Ambient"
"C9",2022-02-18,11.3639726027397,"Ambient"
"C9",2022-02-19,9.67850694444444,"Ambient"
"C9",2022-02-20,8.12829861111111,"Ambient"
"C9",2022-02-21,9.33440972222222,"Ambient"
"C9",2022-02-22,9.30413194444444,"Ambient"
"C9",2022-02-23,8.83472222222222,"Ambient"
"C9",2022-02-24,8.96993006993007,"Ambient"
"C9",2022-02-25,8.935,"Ambient"
"C9",2022-02-26,7.41225694444444,"Ambient"
"C9",2022-02-27,6.90277777777778,"Ambient"
"C9",2022-02-28,8.74416666666667,"Ambient"
"C9",2022-03-01,8.95642361111111,"Ambient"
"C9",2022-03-02,8.61705426356589,"Ambient"
"C9",2022-03-04,9.19336633663366,"Ambient"
"C9",2022-03-05,8.49934027777778,"Ambient"
"C9",2022-03-06,7.97475694444444,"Ambient"
"C9",2022-03-07,8.33208333333333,"Ambient"
"C9",2022-03-08,7.87496527777778,"Ambient"
"C9",2022-03-09,8.52736111111111,"Ambient"
"C9",2022-03-10,9.29065972222222,"Ambient"
"C9",2022-03-11,9.40038194444444,"Ambient"
"C9",2022-03-12,9.90986111111111,"Ambient"
"C9",2022-03-13,8.56090277777778,"Ambient"
"C9",2022-03-14,7.10461805555556,"Ambient"
"C9",2022-03-15,8.73565972222222,"Ambient"
"C9",2022-03-16,10.0294097222222,"Ambient"
"C9",2022-03-17,10.6589930555556,"Ambient"
"C9",2022-03-18,9.885625,"Ambient"
"C9",2022-03-19,9.86024305555556,"Ambient"
"C9",2022-03-20,11.0250347222222,"Ambient"
"C9",2022-03-21,12.3732338308458,"Ambient"
"C9",2022-03-22,12.0827083333333,"Ambient"
"C9",2022-03-23,11.7992013888889,"Ambient"
"C9",2022-03-24,11.6192013888889,"Ambient"
"C9",2022-03-25,12.3684027777778,"Ambient"
"C9",2022-03-26,12.6959375,"Ambient"
"C9",2022-03-27,12.3875,"Ambient"
"C9",2022-03-28,12.7890972222222,"Ambient"
"C9",2022-03-29,13.1378125,"Ambient"
"C9",2022-03-30,12.4584722222222,"Ambient"
"C9",2022-03-31,10.5184375,"Ambient"
"C9",2022-04-01,7.62975694444444,"Ambient"
"C9",2022-04-02,5.00413194444444,"Ambient"
"C9",2022-04-03,4.35659722222222,"Ambient"
"C9",2022-04-04,5.93427083333333,"Ambient"
"C9",2022-04-05,7.564375,"Ambient"
"C9",2022-04-06,8.56447916666667,"Ambient"
"C9",2022-04-07,9.99038194444444,"Ambient"
"C9",2022-04-08,13.2258680555556,"Ambient"
"C9",2022-04-09,12.8613541666667,"Ambient"
"C9",2022-04-10,12.2218055555556,"Ambient"
"C9",2022-04-11,13.4076388888889,"Ambient"
"C9",2022-04-12,13.7245138888889,"Ambient"
"C9",2022-04-13,13.4655208333333,"Ambient"
"C9",2022-04-14,13.8491319409722,"Ambient"
"C9",2022-04-15,15.2994791701389,"Ambient"
"C9",2022-04-16,16.9452083576389,"Ambient"
"C9",2022-04-17,17.3585416493056,"Ambient"
"C9",2022-04-18,17.5554166493056,"Ambient"
"C9",2022-04-19,15.4926041631944,"Ambient"
"C9",2022-04-20,12.0557291666667,"Ambient"
"C9",2022-04-21,11.1677430555556,"Ambient"
"C9",2022-04-22,11.7793055555556,"Ambient"
"C9",2022-04-23,11.9289930555556,"Ambient"
"C9",2022-04-24,11.9470486111111,"Ambient"
"C9",2022-04-25,13.1363541666667,"Ambient"
"C9",2022-04-26,14.8331597048611,"Ambient"
"C9",2022-04-27,15.9664582361111,"Ambient"
"C9",2022-04-28,15.7678819722222,"Ambient"
"C9",2022-04-29,16.5631249513889,"Ambient"
"C9",2022-04-30,17.5122916909722,"Ambient"
"C9",2022-05-01,17.0532986909722,"Ambient"
"C9",2022-05-02,16.1931944375,"Ambient"
"C9",2022-05-03,14.9888888854167,"Ambient"
"C9",2022-05-04,14.1827430555556,"Ambient"
"C9",2022-05-05,13.6802777777778,"Ambient"
"C9",2022-05-06,14.3445486111111,"Ambient"
"C9",2022-05-07,16.0293750486111,"Ambient"
"C9",2022-05-08,17.3749999583333,"Ambient"
"C9",2022-05-09,18.1829166944444,"Ambient"
"C9",2022-05-10,19.9401389097222,"Ambient"
"C9",2022-05-11,21.4834374548611,"Ambient"
"C9",2022-05-12,21.5444791631944,"Ambient"
"C9",2022-05-13,21.4874305,"Ambient"
"C9",2022-05-14,22.1982638263889,"Ambient"
"C9",2022-05-15,23.0874305034722,"Ambient"
"C9",2022-05-16,24.0473264583333,"Ambient"
"C9",2022-05-17,24.15364584375,"Ambient"
"C9",2022-05-18,25.3847222708333,"Ambient"
"C9",2022-05-19,25.15618059375,"Ambient"
"C9",2022-05-20,25.3987499965278,"Ambient"
"C9",2022-05-21,26.2990277395833,"Ambient"
"C9",2022-05-22,25.1331944097222,"Ambient"
"C9",2022-05-23,21.9012264575472,"Ambient"
"C9",2022-05-24,16.8269565797101,"Ambient"
"C9",2022-05-25,15.9169298070175,"Ambient"
"C9",2022-05-26,16.0478819270833,"Ambient"
"C9",2022-05-27,18.0496874826389,"Ambient"
"C9",2022-05-28,20.5177430243056,"Ambient"
"C9",2022-05-29,21.8913193854167,"Ambient"
"C9",2022-05-30,20.9551736805556,"Ambient"
"C9",2022-05-31,21.5404166701389,"Ambient"
"C9",2022-06-01,22.6019444305556,"Ambient"
"C9",2022-06-02,24.363280016,"Ambient"
"C9",2022-06-05,21.5684712866242,"Ambient"
"C9",2022-06-06,21.4386110729167,"Ambient"
"C9",2022-06-07,21.0236806111111,"Ambient"
"C9",2022-06-08,19.7679861666667,"Ambient"
"C9",2022-06-09,19.707743125,"Ambient"
"C9",2022-06-10,21.1426041909722,"Ambient"
"C9",2022-06-11,23.2497569618056,"Ambient"
"C9",2022-06-12,24.5578472326389,"Ambient"
"C9",2022-06-20,26.721418972973,"Ambient"
"C9",2022-06-21,25.0545454258373,"Ambient"
"C9",2022-06-22,22.8429761309524,"Ambient"
"C9",2022-06-23,23.0987847256944,"Ambient"
"C9",2022-06-24,22.3239583402778,"Ambient"
"C9",2022-06-25,20.8832638263889,"Ambient"
"C9",2022-06-26,19.2790972256944,"Ambient"
"C9",2022-06-27,17.0639930694444,"Ambient"
"C9",2022-06-28,18.2469285821429,"Ambient"
"C9",2022-06-29,23.1359999333333,"Ambient"
"C9",2022-06-30,19.1078888777778,"Ambient"
"C9",2022-07-01,18.7014035087719,"Ambient"
"C9",2022-07-02,20.6411805555556,"Ambient"
"C9",2022-07-03,23.3002778090278,"Ambient"
"C9",2022-07-18,28.7481409487179,"Ambient"
"C9",2022-07-19,27.4472822473868,"Ambient"
"C9",2022-07-20,26.5881596701389,"Ambient"
"C9",2022-07-21,26.8030555590278,"Ambient"
"C9",2022-07-22,25.9258333194444,"Ambient"
"C9",2022-07-23,23.6342014375,"Ambient"
"C9",2022-07-24,24.6749999826389,"Ambient"
"C9",2022-07-25,25.8640195784314,"Ambient"
"C9",2022-07-26,21.2055952440476,"Ambient"
"C9",2022-07-27,22.0110764097222,"Ambient"
"C9",2022-07-28,23.0067647463235,"Ambient"
"C9",2022-07-29,22.0189930138889,"Ambient"
"C9",2022-07-30,21.8468055104167,"Ambient"
"C9",2022-07-31,24.6092013715278,"Ambient"
"C9",2022-08-08,26.7148110324324,"Ambient"
"C9",2022-08-09,27.9325347395833,"Ambient"
"C9",2022-08-10,25.9602083090278,"Ambient"
"C9",2022-08-11,26.8964583506944,"Ambient"
"C9",2022-08-12,25.7851389340278,"Ambient"
"C9",2022-08-13,26.9898263819444,"Ambient"
"C9",2022-08-14,26.2373263784722,"Ambient"
"C9",2022-08-15,24.4963291265823,"Ambient"
"C9",2022-08-16,22.5170658502994,"Ambient"
"C9",2022-08-17,21.0045340869565,"Ambient"
"C9",2022-08-18,20.1043750347222,"Ambient"
"C9",2022-08-19,21.0899645590278,"Ambient"
"C9",2022-08-20,22.5400694479167,"Ambient"
"C9",2022-08-21,23.1833332708333,"Ambient"
"C9",2022-08-22,23.53084392827,"Ambient"
"C9",2022-08-23,24.3145485243056,"Ambient"
"C9",2022-08-24,25.2605555555556,"Ambient"
"C9",2022-08-25,25.2078472430556,"Ambient"
"C9",2022-08-26,23.0648263680556,"Ambient"
"C9",2022-08-27,24.0334374722222,"Ambient"
"C9",2022-08-28,24.6349652673611,"Ambient"
"C9",2022-08-30,24.2999411294118,"Ambient"
"C9",2022-08-31,22.8634722777778,"Ambient"
"C9",2022-09-01,22.3374305798611,"Ambient"
"C9",2022-09-02,22.6523958645833,"Ambient"
"C9",2022-09-03,22.3321180347222,"Ambient"
"C9",2022-09-04,22.2936458055556,"Ambient"
"C9",2022-09-05,22.49881946875,"Ambient"
"C9",2022-09-06,23.3915625034722,"Ambient"
"C9",2022-09-07,23.3310764305556,"Ambient"
"C9",2022-09-08,21.5364236284722,"Ambient"
"C9",2022-09-09,19.8695486284722,"Ambient"
"C9",2022-09-10,18.9449999479167,"Ambient"
"C9",2022-09-11,20.904826375,"Ambient"
"C9",2022-09-12,21.6671875034722,"Ambient"
"C9",2022-09-13,22.5357639166667,"Ambient"
"C9",2022-09-14,22.6715624930556,"Ambient"
"C9",2022-09-15,21.9476389236111,"Ambient"
"C9",2022-09-16,20.6585069618056,"Ambient"
"C9",2022-09-17,19.5877777291667,"Ambient"
"C9",2022-09-18,17.9329167222222,"Ambient"
"C9",2022-09-19,17.2664236388889,"Ambient"
"C9",2022-09-20,17.0093055729167,"Ambient"
"C9",2022-09-21,17.0598610798611,"Ambient"
"C9",2022-09-22,17.2471527361111,"Ambient"
"C9",2022-09-23,17.2410416631944,"Ambient"
"C9",2022-09-24,16.8534375798611,"Ambient"
"C9",2022-09-25,15.0271180555556,"Ambient"
"C9",2022-09-26,15.2210069270833,"Ambient"
"C9",2022-09-27,14.8230208333333,"Ambient"
"C9",2022-09-28,14.872257,"Ambient"
"C9",2022-09-29,14.8197222222222,"Ambient"
"C9",2022-09-30,13.8939236111111,"Ambient"
"C9",2022-10-01,13.7915624722222,"Ambient"
"C9",2022-10-02,15.8532293645833,"Ambient"
"C9",2022-10-03,17.8538888506944,"Ambient"
"C9",2022-10-04,17.5613541770833,"Ambient"
"C9",2022-10-05,17.3684722326389,"Ambient"
"C9",2022-10-06,17.6554167256944,"Ambient"
"C9",2022-10-07,17.7054860659722,"Ambient"
"C9",2022-10-08,18.0784721840278,"Ambient"
"C9",2022-10-09,17.7343750694444,"Ambient"
"C9",2022-10-10,17.1149305034722,"Ambient"
"C9",2022-10-11,17.1196180520833,"Ambient"
"C9",2022-10-12,17.3868749548611,"Ambient"
"C9",2022-10-13,17.7564235868056,"Ambient"
"C9",2022-10-14,18.6314236909722,"Ambient"
"C9",2022-10-15,17.8012153368056,"Ambient"
"C9",2022-10-16,17.6819791631944,"Ambient"
"C9",2022-10-17,18.3933333888889,"Ambient"
"C9",2022-10-18,18.3977431041667,"Ambient"
"C9",2022-10-19,17.9747221770833,"Ambient"
"C9",2022-10-20,17.9685763125,"Ambient"
"C9",2022-10-21,16.9481250659722,"Ambient"
"C9",2022-10-22,16.6814236145833,"Ambient"
"C9",2022-10-23,17.7014233194444,"Ambient"
"C9",2022-10-24,17.4848958194444,"Ambient"
"C9",2022-10-25,16.2497916666667,"Ambient"
"C9",2022-10-26,15.7855209305556,"Ambient"
"C9",2022-10-27,15.8765971701389,"Ambient"
"C9",2022-10-28,16.7202430798611,"Ambient"
"C9",2022-10-29,16.9700347083333,"Ambient"
"C9",2022-10-30,15.1418000033333,"Ambient"
"C9",2022-10-31,13.7950694444444,"Ambient"
"C9",2022-11-01,14.4749305555556,"Ambient"
"C9",2022-11-02,15.4002083125,"Ambient"
"C9",2022-11-03,13.5518402777778,"Ambient"
"C9",2022-11-04,10.8275694444444,"Ambient"
"C9",2022-11-05,10.1403472222222,"Ambient"
"C9",2022-11-06,9.42864583333333,"Ambient"
"C9",2022-11-07,9.4740625,"Ambient"
"C9",2022-11-08,10.34,"Ambient"
"C9",2022-11-09,11.1512152777778,"Ambient"
"C9",2022-11-10,11.1175347222222,"Ambient"
"C9",2022-11-11,9.85534722222222,"Ambient"
"C9",2022-11-12,10.5304513888889,"Ambient"
"C9",2022-11-13,10.8259027777778,"Ambient"
"C9",2022-11-14,10.6569097222222,"Ambient"
"C9",2022-11-15,11.1679861111111,"Ambient"
"C9",2022-11-16,11.4779166666667,"Ambient"
"C9",2022-11-17,11.4864930555556,"Ambient"
"C9",2022-11-18,10.9903125,"Ambient"
"C9",2022-11-19,9.43236111111111,"Ambient"
"C9",2022-11-20,6.9621875,"Ambient"
"C9",2022-11-21,7.55569444444444,"Ambient"
"C9",2022-11-22,7.02246527777778,"Ambient"
"C9",2022-11-23,7.94263888888889,"Ambient"
"C9",2022-11-24,7.34847222222222,"Ambient"
"C9",2022-11-25,7.83430555555556,"Ambient"
"C9",2022-11-26,7.13697916666667,"Ambient"
"C9",2022-11-27,6.49479166666667,"Ambient"
"C9",2022-11-28,6.88465277777778,"Ambient"
"C9",2022-11-29,7.01829861111111,"Ambient"
"C9",2022-11-30,6.81291666666667,"Ambient"
"C9",2022-12-01,5.20517361111111,"Ambient"
"C9",2022-12-02,5.24145833333333,"Ambient"
"C9",2022-12-03,5.10274305555556,"Ambient"
"C9",2022-12-04,3.95701388888889,"Ambient"
"C9",2022-12-05,3.27322916666667,"Ambient"
"C9",2022-12-06,4.58770833333333,"Ambient"
"C9",2022-12-07,6.92756944444444,"Ambient"
"C9",2022-12-08,7.35229166666667,"Ambient"
"C9",2022-12-09,7.24263888888889,"Ambient"
"C9",2022-12-10,7.07947916666667,"Ambient"
"C9",2022-12-11,3.74059027777778,"Ambient"
"C9",2022-12-12,3.63954861111111,"Ambient"
"C9",2022-12-13,5.69663194444444,"Ambient"
"C9",2022-12-14,8.12152777777778,"Ambient"
"C9",2022-12-15,8.18892361111111,"Ambient"
"C9",2022-12-16,8.56184027777778,"Ambient"
"C9",2022-12-17,8.21211805555556,"Ambient"
"C9",2022-12-18,6.24388888888889,"Ambient"
"C9",2022-12-19,4.98347222222222,"Ambient"
"C9",2022-12-20,5.91635416666667,"Ambient"
"C9",2022-12-21,8.40878472222222,"Ambient"
"C9",2022-12-22,9.07361111111111,"Ambient"
"C9",2022-12-23,9.66010416666667,"Ambient"
"C9",2022-12-24,9.36364583333333,"Ambient"
"C9",2022-12-25,8.88986111111111,"Ambient"
"C9",2022-12-26,8.57319444444444,"Ambient"
"C9",2022-12-27,8.45954861111111,"Ambient"
"C9",2022-12-28,7.93159722222222,"Ambient"
"C9",2022-12-29,7.69302083333333,"Ambient"
"C9",2022-12-30,8.75833333333333,"Ambient"
"C9",2022-12-31,9.62513888888889,"Ambient"
"C9",2023-01-01,8.97701388888889,"Ambient"
"C9",2023-01-02,8.76135416666667,"Ambient"
"C9",2023-01-03,8.77736111111111,"Ambient"
"C9",2023-01-04,6.96989583333333,"Ambient"
"C9",2023-01-05,5.72371527777778,"Ambient"
"C9",2023-01-06,5.34729166666667,"Ambient"
"C9",2023-01-07,5.00197916666667,"Ambient"
"D6",2019-02-01,0,"Ambient"
"D6",2019-02-02,0,"Ambient"
"D6",2019-02-03,0,"Ambient"
"D6",2019-02-04,29.5327391909722,"Ambient"
"D6",2019-02-05,101.0894959375,"Ambient"
"D6",2019-02-06,105.810916777778,"Ambient"
"D6",2019-02-07,100.456205128472,"Ambient"
"D6",2019-02-08,102.424334055556,"Ambient"
"D6",2019-02-09,101.69537296875,"Ambient"
"D6",2019-02-10,99.0916694791667,"Ambient"
"D6",2019-02-11,7.37340945848375,"Ambient"
"D6",2019-02-12,4.46899305555556,"Ambient"
"D6",2019-02-13,4.0503125,"Ambient"
"D6",2019-02-14,4.30909722222222,"Ambient"
"D6",2019-02-15,4.97003472222222,"Ambient"
"D6",2019-02-16,5.60788194444444,"Ambient"
"D6",2019-02-17,5.83475694444444,"Ambient"
"D6",2019-02-18,5.40493055555556,"Ambient"
"D6",2019-02-19,5.13284722222222,"Ambient"
"D6",2019-02-20,5.29829861111111,"Ambient"
"D6",2019-02-21,6.02506944444444,"Ambient"
"D6",2019-02-22,6.82635416666667,"Ambient"
"D6",2019-02-23,7.53729166666667,"Ambient"
"D6",2019-02-24,7.85024305555556,"Ambient"
"D6",2019-02-25,8.04034722222222,"Ambient"
"D6",2019-02-26,8.60118055555555,"Ambient"
"D6",2019-02-27,9.08895833333333,"Ambient"
"D6",2019-02-28,9.22166666666667,"Ambient"
"D6",2019-03-01,9.82864583333333,"Ambient"
"D6",2019-03-02,9.91826388888889,"Ambient"
"D6",2019-03-03,8.30458333333333,"Ambient"
"D6",2019-03-04,9.10809027777778,"Ambient"
"D6",2019-03-05,8.17142361111111,"Ambient"
"D6",2019-03-06,9.29145833333333,"Ambient"
"D6",2019-03-07,9.24451388888889,"Ambient"
"D6",2019-03-08,5.95885416650938,"Ambient"
"D6",2019-03-09,9.10697916319444,"Ambient"
"D6",2019-03-10,9.37506943402778,"Ambient"
"D6",2019-03-11,8.37642360416667,"Ambient"
"D6",2019-03-12,8.01848888910976,"Ambient"
"D6",2019-03-13,6.89420138888889,"Ambient"
"D6",2019-03-14,8.23833333333333,"Ambient"
"D6",2019-03-15,7.76614583333333,"Ambient"
"D6",2019-03-16,8.68482636458333,"Ambient"
"D6",2019-03-17,6.65378472200698,"Ambient"
"D6",2019-03-18,6.77552083333333,"Ambient"
"D6",2019-03-19,5.46631944444444,"Ambient"
"D6",2019-03-20,7.10229166665839,"Ambient"
"D6",2019-03-21,8.1093333334491,"Ambient"
"D6",2019-03-22,7.59684615037883,"Ambient"
"D6",2019-03-23,8.51253475347222,"Ambient"
"D6",2019-03-24,9.26274307291667,"Ambient"
"D6",2019-03-25,8.1735763816547,"Ambient"
"D6",2019-03-26,10.6047058990977,"Ambient"
"D6",2019-03-27,12.0067804634161,"Ambient"
"D6",2019-03-28,10.1992708574071,"Ambient"
"D6",2019-03-29,10.902951375,"Ambient"
"D6",2019-03-30,11.7853819409722,"Ambient"
"D6",2019-03-31,12.227291625,"Ambient"
"D6",2019-04-01,12.9283333541667,"Ambient"
"D6",2019-04-02,9.21086805555556,"Ambient"
"D6",2019-04-03,6.77277777777778,"Ambient"
"D6",2019-04-04,7.14659420729757,"Ambient"
"D6",2019-04-05,7.60381943402778,"Ambient"
"D6",2019-04-06,7.63927084722222,"Ambient"
"D6",2019-04-07,6.53626812682131,"Ambient"
"D6",2019-04-08,8.67083332986111,"Ambient"
"D6",2019-04-09,10.6300000069444,"Ambient"
"D6",2019-04-10,8.39753471875,"Ambient"
"D6",2019-04-11,7.90295138888889,"Ambient"
"D6",2019-04-12,10.9087152777778,"Ambient"
"D6",2019-04-13,8.76697917033136,"Ambient"
"D6",2019-04-14,7.50690972222222,"Ambient"
"D6",2019-04-15,10.6749652534722,"Ambient"
"D6",2019-04-16,12.5882638645833,"Ambient"
"D6",2019-04-17,12.3786805277778,"Ambient"
"D6",2019-04-18,11.8796875173611,"Ambient"
"D6",2019-04-19,13.2830208715278,"Ambient"
"D6",2019-04-20,12.0127083333333,"Ambient"
"D6",2019-04-21,11.0216319375,"Ambient"
"D6",2019-04-22,11.2273610868056,"Ambient"
"D6",2019-04-23,13.3695486215278,"Ambient"
"D6",2019-04-24,12.7991319444444,"Ambient"
"D6",2019-04-25,12.3046874930556,"Ambient"
"D6",2019-04-26,11.2303819479167,"Ambient"
"D6",2019-04-27,10.58024303125,"Ambient"
"D6",2019-04-28,11.2375000069444,"Ambient"
"D6",2019-04-29,12.270625,"Ambient"
"D6",2019-04-30,11.9864930694444,"Ambient"
"D6",2019-05-01,14.1159375451389,"Ambient"
"D6",2019-05-02,13.3790972534722,"Ambient"
"D6",2019-05-03,9.30815972222222,"Ambient"
"D6",2019-05-04,10.2626736076389,"Ambient"
"D6",2019-05-05,8.98934027472051,"Ambient"
"D6",2019-05-06,11.4181274584238,"Ambient"
"D6",2019-05-07,12.5044097048611,"Ambient"
"D6",2019-05-08,13.4459027847222,"Ambient"
"D6",2019-05-09,12.7233680104167,"Ambient"
"D6",2019-05-10,15.3426041909722,"Ambient"
"D6",2019-05-11,13.1008680347222,"Ambient"
"D6",2019-05-12,10.78375,"Ambient"
"D6",2019-05-13,11.9316666840278,"Ambient"
"D6",2019-05-14,14.4328832153285,"Ambient"
"D6",2019-05-15,16.1884727272727,"Ambient"
"D6",2019-05-16,16.768905080292,"Ambient"
"D6",2019-05-17,11.4720833333333,"Ambient"
"D6",2019-05-18,10.1711805555556,"Ambient"
"D6",2019-05-19,10.8718055451389,"Ambient"
"D6",2019-05-20,12.1203819409722,"Ambient"
"D6",2019-05-21,14.5147916597222,"Ambient"
"D6",2019-05-22,15.0175694479167,"Ambient"
"D6",2019-05-23,15.4631249895833,"Ambient"
"D6",2019-05-24,13.3441666666667,"Ambient"
"D6",2019-05-25,12.8760416875,"Ambient"
"D6",2019-05-26,12.9277083125,"Ambient"
"D6",2019-05-27,14.19486109375,"Ambient"
"D6",2019-05-28,14.4579860729167,"Ambient"
"D6",2019-05-29,13.5003125138889,"Ambient"
"D6",2019-05-30,17.0503472152778,"Ambient"
"D6",2019-05-31,19.1540624409722,"Ambient"
"D6",2019-06-01,21.7781944201389,"Ambient"
"D6",2019-06-02,23.5980555486111,"Ambient"
"D6",2019-06-03,20.30215271875,"Ambient"
"D6",2019-06-04,22.0113888576389,"Ambient"
"D6",2019-06-05,12.038125,"Ambient"
"D6",2019-06-06,16.4018749756944,"Ambient"
"D6",2019-06-07,15.2004166666667,"Ambient"
"D6",2019-06-08,16.1840972569444,"Ambient"
"D6",2019-06-09,17.7281249722222,"Ambient"
"D6",2019-06-10,12.6728125034722,"Ambient"
"D6",2019-06-11,10.6592708333333,"Ambient"
"D6",2019-06-12,13.4408362160279,"Ambient"
"D6",2019-06-13,18.0507639097222,"Ambient"
"D6",2019-06-14,15.8782291909722,"Ambient"
"D6",2019-06-15,13.7991319340278,"Ambient"
"D6",2019-06-16,18.1487152430556,"Ambient"
"D6",2019-06-17,21.8961805555556,"Ambient"
"D6",2019-06-18,24.3426041215278,"Ambient"
"D6",2019-06-19,22.6800000347222,"Ambient"
"D6",2019-06-20,16.8638888402778,"Ambient"
"D6",2019-06-21,15.0631249826389,"Ambient"
"D6",2019-06-22,19.8042361180556,"Ambient"
"D6",2019-06-23,24.4581249756944,"Ambient"
"D6",2019-06-24,22.7498263923611,"Ambient"
"D6",2019-06-25,22.6661111145833,"Ambient"
"D6",2019-06-26,27.5388194895833,"Ambient"
"D6",2019-06-27,29.1172535387324,"Ambient"
"D6",2019-06-28,25.6097916805556,"Ambient"
"D6",2019-06-29,26.8951054810127,"Ambient"
"D6",2019-06-30,24.1182986770833,"Ambient"
"D6",2019-07-01,20.9571874895833,"Ambient"
"D6",2019-07-02,19.3194098784722,"Ambient"
"D6",2019-07-03,21.4971875173611,"Ambient"
"D6",2019-07-04,23.2361111284722,"Ambient"
"D6",2019-07-05,26.0163541979167,"Ambient"
"D6",2019-07-06,26.8804861145833,"Ambient"
"D6",2019-07-07,26.8744096909722,"Ambient"
"D6",2019-07-08,26.2338540798611,"Ambient"
"D6",2019-07-09,23.2185069340278,"Ambient"
"D6",2019-07-10,22.8244444652778,"Ambient"
"D6",2019-07-11,24.7389930694444,"Ambient"
"D6",2019-07-12,20.9607291180556,"Ambient"
"D6",2019-07-13,16.7421875243056,"Ambient"
"D6",2019-07-14,15.5698610902778,"Ambient"
"D6",2019-07-15,15.3805903020833,"Ambient"
"D6",2019-07-16,15.7185070173611,"Ambient"
"D6",2019-07-17,15.3949652569444,"Ambient"
"D6",2019-07-18,14.3203125,"Ambient"
"D6",2019-07-19,15.5871180659722,"Ambient"
"D6",2019-07-20,15.8426041493056,"Ambient"
"D6",2019-07-21,15.8340277326389,"Ambient"
"D6",2019-07-22,17.2643054895833,"Ambient"
"D6",2019-07-23,18.9669791979167,"Ambient"
"D6",2019-07-24,19.4093750208333,"Ambient"
"D6",2019-07-25,19.1697221944444,"Ambient"
"D6",2019-07-26,15.9143403090278,"Ambient"
"D6",2019-07-27,13.5784375,"Ambient"
"D6",2019-07-28,14.0856597222222,"Ambient"
"D6",2019-07-29,15.3486458368056,"Ambient"
"D6",2019-07-30,14.3402777673611,"Ambient"
"D6",2019-07-31,14.1291666666667,"Ambient"
"D6",2019-08-01,14.4776041701389,"Ambient"
"D6",2019-08-02,15.1361458368056,"Ambient"
"D6",2019-08-03,15.8793402916667,"Ambient"
"D6",2019-08-04,16.4918403263889,"Ambient"
"D6",2019-08-05,16.89590278125,"Ambient"
"D6",2019-08-06,20.9625131623037,"Ambient"
"D6",2019-08-07,23.1439583229167,"Ambient"
"D6",2019-08-08,24.4620833194444,"Ambient"
"D6",2019-08-09,20.7462499861111,"Ambient"
"D6",2019-08-10,16.4468749895833,"Ambient"
"D6",2019-08-11,13.6127777777778,"Ambient"
"D6",2019-08-12,13.5511111111111,"Ambient"
"D6",2019-08-13,13.67625,"Ambient"
"D6",2019-08-14,14.2663888923611,"Ambient"
"D6",2019-08-15,13.6844791666667,"Ambient"
"D6",2019-08-16,14.9349652777778,"Ambient"
"D6",2019-08-17,15.7134722638889,"Ambient"
"D6",2019-08-18,15.9949652777778,"Ambient"
"D6",2019-08-19,16.9853126180556,"Ambient"
"D6",2019-08-20,17.2992708576389,"Ambient"
"D6",2019-08-21,17.9663194409722,"Ambient"
"D6",2019-08-22,19.6039582847222,"Ambient"
"D6",2019-08-23,20.4904088773234,"Ambient"
"D6",2019-08-24,22.2185416388889,"Ambient"
"D6",2019-08-25,23.0692361979167,"Ambient"
"D6",2019-08-26,21.6656250416667,"Ambient"
"D6",2019-08-27,16.0767944181185,"Ambient"
"D6",2019-08-28,14.6504166736111,"Ambient"
"D6",2019-08-29,15.0824652465278,"Ambient"
"D6",2019-08-30,15.2172222083333,"Ambient"
"D6",2019-08-31,15.0020486319444,"Ambient"
"D6",2019-09-01,13.8219791666667,"Ambient"
"D6",2019-09-02,13.4144444444444,"Ambient"
"D6",2019-09-03,13.6098263888889,"Ambient"
"D6",2019-09-04,13.9421180555556,"Ambient"
"D6",2019-09-05,13.8091666666667,"Ambient"
"D6",2019-09-06,13.5904861111111,"Ambient"
"D6",2019-09-07,13.5295833333333,"Ambient"
"D6",2019-09-08,13.5793402777778,"Ambient"
"D6",2019-09-09,13.4729861111111,"Ambient"
"D6",2019-09-10,13.2890972222222,"Ambient"
"D6",2019-09-11,13.1149652777778,"Ambient"
"D6",2019-09-12,13.6167013888889,"Ambient"
"D6",2019-09-13,13.7727083333333,"Ambient"
"D6",2019-09-14,14.0917013888889,"Ambient"
"D6",2019-09-15,13.9939236111111,"Ambient"
"D6",2019-09-16,14.25270834375,"Ambient"
"D6",2019-09-17,14.1991319444444,"Ambient"
"D6",2019-09-18,13.6209375,"Ambient"
"D6",2019-09-19,13.8826736111111,"Ambient"
"D6",2019-09-20,14.2340625555556,"Ambient"
"D6",2019-09-21,13.6985416666667,"Ambient"
"D6",2019-09-22,13.3280902777778,"Ambient"
"D6",2019-09-23,13.601875,"Ambient"
"D6",2019-09-24,13.7944444444444,"Ambient"
"D6",2019-09-25,13.6396527777778,"Ambient"
"D6",2019-09-26,13.8313888888889,"Ambient"
"D6",2019-09-27,13.6497916666667,"Ambient"
"D6",2019-09-28,13.7047222222222,"Ambient"
"D6",2019-09-29,13.7953819444444,"Ambient"
"D6",2019-09-30,13.9974652777778,"Ambient"
"D6",2019-10-01,14.7994097326389,"Ambient"
"D6",2019-10-02,15.8051388541667,"Ambient"
"D6",2019-10-03,14.8103819444444,"Ambient"
"D6",2019-10-04,13.4083680555556,"Ambient"
"D6",2019-10-05,14.0253472222222,"Ambient"
"D6",2019-10-06,13.7372222222222,"Ambient"
"D6",2019-10-07,13.2922569444444,"Ambient"
"D6",2019-10-08,14.0277430555556,"Ambient"
"D6",2019-10-09,13.6160763888889,"Ambient"
"D6",2019-10-10,13.7486805555556,"Ambient"
"D6",2019-10-11,13.1271527777778,"Ambient"
"D6",2019-10-12,13.7199652777778,"Ambient"
"D6",2019-10-13,14.18125,"Ambient"
"D6",2019-10-14,13.8394097222222,"Ambient"
"D6",2019-10-15,13.9001388888889,"Ambient"
"D6",2019-10-16,12.2995833333333,"Ambient"
"D6",2019-10-17,12.7070138888889,"Ambient"
"D6",2019-10-18,12.8626041666667,"Ambient"
"D6",2019-10-19,13.2515277777778,"Ambient"
"D6",2019-10-20,13.3155902777778,"Ambient"
"D6",2019-10-21,12.6598263888889,"Ambient"
"D6",2019-10-22,11.7004513888889,"Ambient"
"D6",2019-10-23,11.6222222222222,"Ambient"
"D6",2019-10-24,12.2560416666667,"Ambient"
"D6",2019-10-25,12.1588194444444,"Ambient"
"D6",2019-10-26,12.1230208333333,"Ambient"
"D6",2019-10-27,12.4619444444444,"Ambient"
"D6",2019-10-28,12.9667708333333,"Ambient"
"D6",2019-10-29,13.3321527777778,"Ambient"
"D6",2019-10-30,14.8976736111111,"Ambient"
"D6",2019-10-31,15.24875,"Ambient"
"D6",2019-11-01,13.1469444444444,"Ambient"
"D6",2019-11-02,12.9004513888889,"Ambient"
"D6",2019-11-03,11.8860069444444,"Ambient"
"D6",2019-11-04,10.9278819444444,"Ambient"
"D6",2019-11-05,10.5352430555556,"Ambient"
"D6",2019-11-06,9.089375,"Ambient"
"D6",2019-11-07,7.60416666666667,"Ambient"
"D6",2019-11-08,5.89458333333333,"Ambient"
"D6",2019-11-09,6.36947916666667,"Ambient"
"D6",2019-11-10,6.77902777777778,"Ambient"
"D6",2019-11-11,5.54097222222222,"Ambient"
"D6",2019-11-12,6.13638888888889,"Ambient"
"D6",2019-11-13,6.55260416666667,"Ambient"
"D6",2019-11-14,5.03583333333333,"Ambient"
"D6",2019-11-15,3.71881944444444,"Ambient"
"D6",2019-11-16,3.50736111111111,"Ambient"
"D6",2019-11-17,4.19295138888889,"Ambient"
"D6",2019-11-18,4.83753472222222,"Ambient"
"D6",2019-11-19,4.01298611111111,"Ambient"
"D6",2019-11-20,3.44802083333333,"Ambient"
"D6",2019-11-21,3.41496527777778,"Ambient"
"D6",2019-11-22,3.59822916666667,"Ambient"
"D6",2019-11-23,4.69795138888889,"Ambient"
"D6",2019-11-24,5.39333333333333,"Ambient"
"D6",2019-11-25,5.85194444444444,"Ambient"
"D6",2019-11-26,6.72111111111111,"Ambient"
"D6",2019-11-27,8.33770833333333,"Ambient"
"D6",2019-11-28,8.66875,"Ambient"
"D6",2019-11-29,9.52979166666667,"Ambient"
"D6",2019-11-30,8.51868055555556,"Ambient"
"D6",2019-12-01,7.79899305555556,"Ambient"
"D6",2019-12-02,6.80458333333333,"Ambient"
"D6",2019-12-03,6.36496527777778,"Ambient"
"D6",2019-12-04,5.18385416666667,"Ambient"
"D6",2019-12-05,4.87059027777778,"Ambient"
"D6",2019-12-06,5.31868055555556,"Ambient"
"D6",2019-12-07,5.35642361111111,"Ambient"
"D6",2019-12-08,5.58034722222222,"Ambient"
"D6",2019-12-09,6.36701388888889,"Ambient"
"D6",2019-12-10,5.99982638888889,"Ambient"
"D6",2019-12-11,5.18805555555556,"Ambient"
"D6",2019-12-12,5.25284722222222,"Ambient"
"D6",2019-12-13,7.49708333333333,"Ambient"
"D6",2019-12-14,9.90190972222222,"Ambient"
"D6",2019-12-15,9.80746527777778,"Ambient"
"D6",2019-12-16,8.91777777777778,"Ambient"
"D6",2019-12-17,9.10489583333333,"Ambient"
"D6",2019-12-18,9.43842857142857,"Ambient"
"D6",2019-12-19,8.12524305555556,"Ambient"
"D6",2019-12-20,9.05621527777778,"Ambient"
"D6",2019-12-21,8.43152777777778,"Ambient"
"D6",2019-12-22,8.29069444444444,"Ambient"
"D6",2019-12-23,7.70565972222222,"Ambient"
"D6",2019-12-24,8.85756944444444,"Ambient"
"D6",2019-12-25,9.20347222222222,"Ambient"
"D6",2019-12-26,8.57059027777778,"Ambient"
"D6",2019-12-27,7.39079861111111,"Ambient"
"D6",2019-12-28,5.90399305555556,"Ambient"
"D6",2019-12-29,5.12232638888889,"Ambient"
"D6",2019-12-30,4.79951388888889,"Ambient"
"D6",2019-12-31,4.69496527777778,"Ambient"
"D6",2020-01-01,4.96972222222222,"Ambient"
"D6",2020-01-02,4.3903125,"Ambient"
"D6",2020-01-03,4.63326388888889,"Ambient"
"D6",2020-01-04,5.28482638888889,"Ambient"
"D6",2020-01-05,5.36361111111111,"Ambient"
"D6",2020-01-06,4.35225694444444,"Ambient"
"D6",2020-01-07,4.11854166666667,"Ambient"
"D6",2020-01-08,5.16045138888889,"Ambient"
"D6",2020-01-09,6.56691176470588,"Ambient"
"D6",2020-01-10,7.03045138888889,"Ambient"
"D6",2020-01-11,5.88298611111111,"Ambient"
"D6",2020-01-12,4.04409722222222,"Ambient"
"D6",2020-01-13,3.29961805555556,"Ambient"
"D6",2020-01-14,3.73618055555556,"Ambient"
"D6",2020-01-15,4.20881944444444,"Ambient"
"D6",2020-01-16,4.52618055555556,"Ambient"
"D6",2020-01-17,4.52121527777778,"Ambient"
"D6",2020-01-18,4.08527777777778,"Ambient"
"D6",2020-01-19,4.51447916666667,"Ambient"
"D6",2020-01-20,3.92569444444444,"Ambient"
"D6",2020-01-21,3.70597222222222,"Ambient"
"D6",2020-01-22,4.30743055555556,"Ambient"
"D6",2020-01-23,5.61920138888889,"Ambient"
"D6",2020-01-24,5.61125,"Ambient"
"D6",2020-01-25,5.20892361111111,"Ambient"
"D6",2020-01-26,5.34631944444444,"Ambient"
"D6",2020-01-27,4.55302083333333,"Ambient"
"D6",2020-01-28,5.18798611111111,"Ambient"
"D6",2020-01-29,5.23111111111111,"Ambient"
"D6",2020-01-30,6.98322916666667,"Ambient"
"D6",2020-01-31,9.21090277777778,"Ambient"
"D6",2020-02-01,8.9125,"Ambient"
"D6",2020-02-02,9.52444444444444,"Ambient"
"D6",2020-02-03,10.9295486111111,"Ambient"
"D6",2020-02-04,10.9072916666667,"Ambient"
"D6",2020-02-05,9.24541666666667,"Ambient"
"D6",2020-02-06,6.73402777777778,"Ambient"
"D6",2020-02-07,5.69559027777778,"Ambient"
"D6",2020-02-08,5.44986111111111,"Ambient"
"D6",2020-02-09,6.6021875,"Ambient"
"D6",2020-02-10,9.51777777777778,"Ambient"
"D6",2020-02-11,11.0153125,"Ambient"
"D6",2020-02-12,10.3892361111111,"Ambient"
"D6",2020-02-13,9.44204861111111,"Ambient"
"D6",2020-02-14,11.0723263888889,"Ambient"
"D6",2020-02-15,10.1615972222222,"Ambient"
"D6",2020-02-16,10.1045138888889,"Ambient"
"D6",2020-02-17,9.02427083333333,"Ambient"
"D6",2020-02-18,7.56027777777778,"Ambient"
"D6",2020-02-19,7.46430555555556,"Ambient"
"D6",2020-02-20,7.39038194444444,"Ambient"
"D6",2020-02-21,7.68944444444444,"Ambient"
"D6",2020-02-22,8.12614583333333,"Ambient"
"D6",2020-02-23,8.98138888888889,"Ambient"
"D6",2020-02-24,9.32677083333333,"Ambient"
"D6",2020-02-25,8.83864583333333,"Ambient"
"D6",2020-02-26,8.34899305555555,"Ambient"
"D6",2020-02-27,7.85708333333333,"Ambient"
"D6",2020-02-28,9.78725694444445,"Ambient"
"D6",2020-02-29,9.88784722222222,"Ambient"
"D6",2020-03-01,9.76263888888889,"Ambient"
"D6",2020-03-02,9.39607638888889,"Ambient"
"D6",2020-03-03,7.02680555555556,"Ambient"
"D6",2020-03-04,6.79524305555556,"Ambient"
"D6",2020-03-05,8.1259375,"Ambient"
"D6",2020-03-06,6.77916666666667,"Ambient"
"D6",2020-03-07,6.27361111111111,"Ambient"
"D6",2020-03-08,7.8184375,"Ambient"
"D6",2020-03-09,8.44918727915194,"Ambient"
"D6",2020-03-10,8.80524305555556,"Ambient"
"D6",2020-03-11,9.26405940594059,"Ambient"
"D6",2020-03-13,10.7368181818182,"Ambient"
"D6",2020-03-14,10.2490277777778,"Ambient"
"D6",2020-03-15,10.1041666666667,"Ambient"
"D6",2020-03-16,10.9776041666667,"Ambient"
"D6",2020-03-17,10.8823958333333,"Ambient"
"D6",2020-03-18,11.7704166666667,"Ambient"
"D6",2020-03-19,13.0205902777778,"Ambient"
"D6",2020-03-20,13.8960416597222,"Ambient"
"D6",2020-03-21,13.5792708333333,"Ambient"
"D6",2020-03-22,13.238125,"Ambient"
"D6",2020-03-23,12.7419097222222,"Ambient"
"D6",2020-03-24,12.05125,"Ambient"
"D6",2020-03-25,11.3933680555556,"Ambient"
"D6",2020-03-26,9.99430555555556,"Ambient"
"D6",2020-03-27,8.0015625,"Ambient"
"D6",2020-03-28,9.55239583333333,"Ambient"
"D6",2020-03-29,10.4630902777778,"Ambient"
"D6",2020-03-30,8.51409722222222,"Ambient"
"D6",2020-03-31,7.9409375,"Ambient"
"D6",2020-04-01,10.1961458333333,"Ambient"
"D6",2020-04-02,10.3578472222222,"Ambient"
"D6",2020-04-03,10.6900347222222,"Ambient"
"D6",2020-04-04,11.3504861111111,"Ambient"
"D6",2020-04-05,12.9057986111111,"Ambient"
"D6",2020-04-06,13.6936111111111,"Ambient"
"D6",2020-04-07,14.0695138888889,"Ambient"
"D6",2020-04-08,14.11291665625,"Ambient"
"D6",2020-04-09,14.4665277673611,"Ambient"
"D6",2020-04-10,15.7966666909722,"Ambient"
"D6",2020-04-11,15.8018750347222,"Ambient"
"D6",2020-04-12,15.0110764548611,"Ambient"
"D6",2020-04-13,13.4712847222222,"Ambient"
"D6",2020-04-14,14.2972222986111,"Ambient"
"D6",2020-04-15,15.4799652673611,"Ambient"
"D6",2020-04-16,16.3046180798611,"Ambient"
"D6",2020-04-17,16.7815971875,"Ambient"
"D6",2020-04-18,17.3084375208333,"Ambient"
"D6",2020-04-19,17.4044096597222,"Ambient"
"D6",2020-04-20,15.4942361145833,"Ambient"
"D6",2020-04-21,14.4143402777778,"Ambient"
"D6",2020-04-22,13.3306597222222,"Ambient"
"D6",2020-04-23,13.7219444444444,"Ambient"
"D6",2020-04-24,15.0094097152778,"Ambient"
"D6",2020-04-25,16.4237846979167,"Ambient"
"D6",2020-04-26,16.8349999548611,"Ambient"
"D6",2020-04-27,16.4020486215278,"Ambient"
"D6",2020-04-28,14.8686111111111,"Ambient"
"D6",2020-04-29,14.1039236180556,"Ambient"
"D6",2020-04-30,15.5157985729167,"Ambient"
"D6",2020-05-01,15.3928819444444,"Ambient"
"D6",2020-05-02,16.907187625,"Ambient"
"D6",2020-05-03,18.9331944444444,"Ambient"
"D6",2020-05-04,20.6111111145833,"Ambient"
"D6",2020-05-05,22.7245833229167,"Ambient"
"D6",2020-05-06,22.1453819166667,"Ambient"
"D6",2020-05-07,21.85194446875,"Ambient"
"D6",2020-05-08,21.4435763784722,"Ambient"
"D6",2020-05-09,20.7776737013889,"Ambient"
"D6",2020-05-10,18.8034374618056,"Ambient"
"D6",2020-05-11,15.3445833402778,"Ambient"
"D6",2020-05-12,14.2318402777778,"Ambient"
"D6",2020-05-13,14.4945833333333,"Ambient"
"D6",2020-05-14,14.7523263888889,"Ambient"
"D6",2020-05-15,13.8879513888889,"Ambient"
"D6",2020-05-16,13.6822916666667,"Ambient"
"D6",2020-05-17,15.1344791701389,"Ambient"
"D6",2020-05-18,17.4311805590278,"Ambient"
"D6",2020-05-19,18.8786806006944,"Ambient"
"D6",2020-05-20,20.6622569548611,"Ambient"
"D6",2020-05-21,21.4736805972222,"Ambient"
"D6",2020-05-22,22.7222221909722,"Ambient"
"D6",2020-05-23,21.7953472604167,"Ambient"
"D6",2020-05-24,18.7776041805556,"Ambient"
"D6",2020-05-25,20.2234027222222,"Ambient"
"D6",2020-05-26,21.4030208784722,"Ambient"
"D6",2020-05-27,22.3797916979167,"Ambient"
"D6",2020-05-28,22.9743750208333,"Ambient"
"D6",2020-05-29,22.9928125520833,"Ambient"
"D6",2020-05-30,23.2368402951389,"Ambient"
"D6",2020-05-31,23.4403819201389,"Ambient"
"D6",2020-06-01,22.8082985416667,"Ambient"
"D6",2020-06-02,21.5613889305556,"Ambient"
"D6",2020-06-03,20.8666319305556,"Ambient"
"D6",2020-06-04,18.5672568576389,"Ambient"
"D6",2020-06-05,17.0133333194444,"Ambient"
"D6",2020-06-06,18.3510763888889,"Ambient"
"D6",2020-06-07,16.7284722395833,"Ambient"
"D6",2020-06-08,15.8540277673611,"Ambient"
"D6",2020-06-09,15.7462152847222,"Ambient"
"D6",2020-06-10,15.8694097326389,"Ambient"
"D6",2020-06-11,16.8479514027778,"Ambient"
"D6",2020-06-12,17.9242709236111,"Ambient"
"D6",2020-06-13,18.7001389305556,"Ambient"
"D6",2020-06-14,17.5109722048611,"Ambient"
"D6",2020-06-15,19.2082291631944,"Ambient"
"D6",2020-06-16,18.3061110451389,"Ambient"
"D6",2020-06-17,16.5573263576389,"Ambient"
"D6",2020-06-18,16.4023263854167,"Ambient"
"D6",2020-06-19,18.1674999756944,"Ambient"
"D6",2020-06-20,20.2885416493056,"Ambient"
"D6",2020-06-21,21.2277778159722,"Ambient"
"D6",2020-06-22,22.6076387951389,"Ambient"
"D6",2020-06-23,23.2902430590278,"Ambient"
"D6",2020-06-24,24.4665624930556,"Ambient"
"D6",2020-06-25,24.2650346944444,"Ambient"
"D6",2020-06-26,23.2991666493056,"Ambient"
"D6",2020-06-27,23.9852430798611,"Ambient"
"D6",2020-06-28,23.6348610486111,"Ambient"
"D6",2020-06-29,19.9217361111111,"Ambient"
"D6",2020-06-30,16.9601735798611,"Ambient"
"D6",2020-07-01,16.9802777604167,"Ambient"
"D6",2020-07-02,16.6181944861111,"Ambient"
"D6",2020-07-03,16.3693402916667,"Ambient"
"D6",2020-07-04,16.6869097430556,"Ambient"
"D6",2020-07-05,17.1611457951389,"Ambient"
"D6",2020-07-06,16.4225346527778,"Ambient"
"D6",2020-07-07,17.0111457916667,"Ambient"
"D6",2020-07-08,17.0886458263889,"Ambient"
"D6",2020-07-09,16.8061111006944,"Ambient"
"D6",2020-07-10,16.3142708472222,"Ambient"
"D6",2020-07-11,16.5625346527778,"Ambient"
"D6",2020-07-12,16.4457986909722,"Ambient"
"D6",2020-07-13,16.6854513576389,"Ambient"
"D6",2020-07-14,16.5545138472222,"Ambient"
"D6",2020-07-15,16.5916319756944,"Ambient"
"D6",2020-07-16,16.6207986979167,"Ambient"
"D6",2020-07-17,16.7319792222222,"Ambient"
"D6",2020-07-18,17.3860416493056,"Ambient"
"D6",2020-07-19,17.6678125520833,"Ambient"
"D6",2020-07-20,17.85864584375,"Ambient"
"D6",2020-07-21,17.8573264861111,"Ambient"
"D6",2020-07-22,17.7726387986111,"Ambient"
"D6",2020-07-23,17.6029861527778,"Ambient"
"D6",2020-07-24,17.0468749409722,"Ambient"
"D6",2020-07-25,17.3576389548611,"Ambient"
"D6",2020-07-26,18.86621528125,"Ambient"
"D6",2020-07-27,21.2764930659722,"Ambient"
"D6",2020-07-28,17.0375694340278,"Ambient"
"D6",2020-07-29,16.8056249375,"Ambient"
"D6",2020-07-30,18.3802778020833,"Ambient"
"D6",2020-07-31,19.1371527604167,"Ambient"
"D6",2020-08-01,16.9084027534722,"Ambient"
"D6",2020-08-02,16.6800000243056,"Ambient"
"D6",2020-08-03,16.8240973020833,"Ambient"
"D6",2020-08-04,16.7712499895833,"Ambient"
"D6",2020-08-05,16.9371180625,"Ambient"
"D6",2020-08-06,17.5878818993056,"Ambient"
"D6",2020-08-07,18.1955555694444,"Ambient"
"D6",2020-08-08,18.3793402708333,"Ambient"
"D6",2020-08-09,17.4163194895833,"Ambient"
"D6",2020-08-10,17.0864583784722,"Ambient"
"D6",2020-08-11,17.2051042152778,"Ambient"
"D6",2020-08-12,17.5830556111111,"Ambient"
"D6",2020-08-13,16.7038195,"Ambient"
"D6",2020-08-14,17.0281596423611,"Ambient"
"D6",2020-08-15,17.3435764375,"Ambient"
"D6",2020-08-16,16.61486109375,"Ambient"
"D6",2020-08-17,16.6828472604167,"Ambient"
"D6",2020-08-18,16.8679166354167,"Ambient"
"D6",2020-08-19,18.0127083611111,"Ambient"
"D6",2020-08-20,18.2190624618056,"Ambient"
"D6",2020-08-21,17.9485417326389,"Ambient"
"D6",2020-08-22,16.8384028402778,"Ambient"
"D6",2020-08-23,17.0247917083333,"Ambient"
"D6",2020-08-24,17.1437152430556,"Ambient"
"D6",2020-08-25,17.5564236215278,"Ambient"
"D6",2020-08-26,17.4915970868056,"Ambient"
"D6",2020-08-27,17.73038196875,"Ambient"
"D6",2020-08-28,16.3938194236111,"Ambient"
"D6",2020-08-29,15.6652083159722,"Ambient"
"D6",2020-08-30,15.1429166388889,"Ambient"
"D6",2020-08-31,15.77545134375,"Ambient"
"D6",2020-09-01,15.8351736041667,"Ambient"
"D6",2020-09-02,16.9252082673611,"Ambient"
"D6",2020-09-03,16.081076375,"Ambient"
"D6",2020-09-04,16.7901735381944,"Ambient"
"D6",2020-09-05,16.8677430659722,"Ambient"
"D6",2020-09-06,16.8168750173611,"Ambient"
"D6",2020-09-07,16.4099304722222,"Ambient"
"D6",2020-09-08,15.8714583506944,"Ambient"
"D6",2020-09-09,16.3884722465278,"Ambient"
"D6",2020-09-10,16.92677090625,"Ambient"
"D6",2020-09-11,17.1030902673611,"Ambient"
"D6",2020-09-12,17.0496180104167,"Ambient"
"D6",2020-09-13,17.1851388888889,"Ambient"
"D6",2020-09-14,17.4115277395833,"Ambient"
"D6",2020-09-15,16.8676389201389,"Ambient"
"D6",2020-09-16,17.1699652777778,"Ambient"
"D6",2020-09-17,17.13579853125,"Ambient"
"D6",2020-09-18,16.6138541701389,"Ambient"
"D6",2020-09-19,16.8187846736111,"Ambient"
"D6",2020-09-20,16.9472915416667,"Ambient"
"D6",2020-09-21,16.8684027951389,"Ambient"
"D6",2020-09-22,16.7427776979167,"Ambient"
"D6",2020-09-23,16.1351736006944,"Ambient"
"D6",2020-09-24,16.7507986493056,"Ambient"
"D6",2020-09-25,13.6079166736111,"Ambient"
"D6",2020-09-26,11.2173958333333,"Ambient"
"D6",2020-09-27,10.7923263888889,"Ambient"
"D6",2020-09-28,11.9876041666667,"Ambient"
"D6",2020-09-29,15.0122916597222,"Ambient"
"D6",2020-09-30,15.17822915625,"Ambient"
"D6",2020-10-01,14.7216319444444,"Ambient"
"D6",2020-10-02,12.6328125,"Ambient"
"D6",2020-10-03,9.86065972222222,"Ambient"
"D6",2020-10-04,10.1577430555556,"Ambient"
"D6",2020-10-05,10.7284722222222,"Ambient"
"D6",2020-10-06,12.2851041666667,"Ambient"
"D6",2020-10-07,14.6719791666667,"Ambient"
"D6",2020-10-08,15.2542012569444,"Ambient"
"D6",2020-10-09,15.8268055069444,"Ambient"
"D6",2020-10-10,15.9570139791667,"Ambient"
"D6",2020-10-11,12.6815972222222,"Ambient"
"D6",2020-10-12,11.6107986111111,"Ambient"
"D6",2020-10-13,11.6167708333333,"Ambient"
"D6",2020-10-14,10.5488888888889,"Ambient"
"D6",2020-10-15,9.01760416666667,"Ambient"
"D6",2020-10-16,8.45392361111111,"Ambient"
"D6",2020-10-17,9.6571875,"Ambient"
"D6",2020-10-18,9.34645833333333,"Ambient"
"D6",2020-10-19,9.67649305555556,"Ambient"
"D6",2020-10-20,11.1868402777778,"Ambient"
"D6",2020-10-21,14.7123263368056,"Ambient"
"D6",2020-10-22,15.3790278229167,"Ambient"
"D6",2020-10-23,15.0039583333333,"Ambient"
"D6",2020-10-24,13.1070486111111,"Ambient"
"D6",2020-10-25,11.6914583333333,"Ambient"
"D6",2020-10-26,10.7598611111111,"Ambient"
"D6",2020-10-27,10.0744444444444,"Ambient"
"D6",2020-10-28,11.3741666666667,"Ambient"
"D6",2020-10-29,11.9775347222222,"Ambient"
"D6",2020-10-30,11.7610416666667,"Ambient"
"D6",2020-10-31,11.6078125,"Ambient"
"D6",2020-11-01,11.8526388888889,"Ambient"
"D6",2020-11-02,12.9604861111111,"Ambient"
"D6",2020-11-03,13.0968402777778,"Ambient"
"D6",2020-11-04,10.5793402777778,"Ambient"
"D6",2020-11-05,8.89038194444444,"Ambient"
"D6",2020-11-06,10.2932638888889,"Ambient"
"D6",2020-11-07,11.9262152777778,"Ambient"
"D6",2020-11-08,11.9800347222222,"Ambient"
"D6",2020-11-09,10.9324652777778,"Ambient"
"D6",2020-11-10,10.9536805555556,"Ambient"
"D6",2020-11-11,9.60628472222222,"Ambient"
"D6",2020-11-12,9.71920138888889,"Ambient"
"D6",2020-11-13,9.96666666666667,"Ambient"
"D6",2020-11-14,9.63215277777778,"Ambient"
"D6",2020-11-15,9.73041666666667,"Ambient"
"D6",2020-11-16,10.8633333333333,"Ambient"
"D6",2020-11-17,9.56288194444445,"Ambient"
"D6",2020-11-18,9.75465277777778,"Ambient"
"D6",2020-11-19,9.68135416666667,"Ambient"
"D6",2020-11-20,8.88451388888889,"Ambient"
"D6",2020-11-21,6.56225694444444,"Ambient"
"D6",2020-11-22,5.091875,"Ambient"
"D6",2020-11-23,4.92732638888889,"Ambient"
"D6",2020-11-24,4.9478125,"Ambient"
"D6",2020-11-25,5.18673611111111,"Ambient"
"D6",2020-11-26,5.2896875,"Ambient"
"D6",2020-11-27,6.55024305555556,"Ambient"
"D6",2020-11-28,6.72711805555556,"Ambient"
"D6",2020-11-29,6.54684027777778,"Ambient"
"D6",2020-11-30,6.83145833333333,"Ambient"
"D6",2020-12-01,6.63777777777778,"Ambient"
"D6",2020-12-02,5.50361111111111,"Ambient"
"D6",2020-12-03,4.22927083333333,"Ambient"
"D6",2020-12-04,4.30263888888889,"Ambient"
"D6",2020-12-05,3.55788194444444,"Ambient"
"D6",2020-12-06,3.79729166666667,"Ambient"
"D6",2020-12-07,3.93256944444444,"Ambient"
"D6",2020-12-08,4.07024305555556,"Ambient"
"D6",2020-12-09,3.93454861111111,"Ambient"
"D6",2020-12-10,3.95902777777778,"Ambient"
"D6",2020-12-11,4.94864583333333,"Ambient"
"D6",2020-12-12,6.29003472222222,"Ambient"
"D6",2020-12-13,6.01270833333333,"Ambient"
"D6",2020-12-14,6.95347222222222,"Ambient"
"D6",2020-12-15,7.22663194444444,"Ambient"
"D6",2020-12-16,5.51409722222222,"Ambient"
"D6",2020-12-17,4.43506944444444,"Ambient"
"D6",2020-12-18,4.34878472222222,"Ambient"
"D6",2020-12-19,4.85430555555556,"Ambient"
"D6",2020-12-20,5.70909722222222,"Ambient"
"D6",2020-12-21,5.36673611111111,"Ambient"
"D6",2020-12-22,6.82545138888889,"Ambient"
"D6",2020-12-23,7.65177083333333,"Ambient"
"D6",2020-12-24,8.05277777777778,"Ambient"
"D6",2020-12-25,5.6328125,"Ambient"
"D6",2020-12-26,3.50322916666667,"Ambient"
"D6",2020-12-27,2.15423611111111,"Ambient"
"D6",2020-12-28,2.49177083333333,"Ambient"
"D6",2020-12-29,2.75440972222222,"Ambient"
"D6",2020-12-30,3.04736111111111,"Ambient"
"D6",2020-12-31,3.15319444444444,"Ambient"
"D6",2021-01-01,3.778125,"Ambient"
"D6",2021-01-02,3.54059027777778,"Ambient"
"D6",2021-01-03,2.58791666666667,"Ambient"
"D6",2021-01-04,2.31166666666667,"Ambient"
"D6",2021-01-05,2.24892361111111,"Ambient"
"D6",2021-01-06,1.91159722222222,"Ambient"
"D6",2021-01-07,0.672847225585331,"Ambient"
"D6",2021-01-08,0.0495833337772638,"Ambient"
"D6",2021-01-10,0.00244897955610436,"Ambient"
"D6",2021-01-11,0.183428573688226,"Ambient"
"D6",2021-01-13,1.69791139252625,"Ambient"
"D6",2021-01-14,2.96815972222222,"Ambient"
"D6",2021-01-15,3.95288194444444,"Ambient"
"D6",2021-01-16,3.79177083333333,"Ambient"
"D6",2021-01-17,4.18729166666667,"Ambient"
"D6",2021-01-18,4.67583333333333,"Ambient"
"D6",2021-01-19,4.00329861111111,"Ambient"
"D6",2021-01-20,4.36184027777778,"Ambient"
"D6",2021-01-21,5.58920138888889,"Ambient"
"D6",2021-01-22,5.92506944444444,"Ambient"
"D6",2021-01-23,4.9028125,"Ambient"
"D6",2021-01-24,5.00458333333333,"Ambient"
"D6",2021-01-25,5.19118055555556,"Ambient"
"D6",2021-01-26,4.73361111111111,"Ambient"
"D6",2021-01-27,6.475,"Ambient"
"D6",2021-01-28,8.77552083333333,"Ambient"
"D6",2021-01-29,9.00920138888889,"Ambient"
"D6",2021-01-30,8.36736111111111,"Ambient"
"D6",2021-01-31,7.82173611111111,"Ambient"
"D6",2021-02-01,8.3125,"Ambient"
"D6",2021-02-02,9.41729166666667,"Ambient"
"D6",2021-02-03,9.63444444444444,"Ambient"
"D6",2021-02-04,9.96895833333333,"Ambient"
"D6",2021-02-05,10.4929861111111,"Ambient"
"D6",2021-02-06,10.0143055555556,"Ambient"
"D6",2021-02-07,8.97711805555556,"Ambient"
"D6",2021-02-08,7.51291666666667,"Ambient"
"D6",2021-02-09,6.26302788844622,"Ambient"
"D6",2021-02-10,5.89497297297297,"Ambient"
"D6",2021-02-13,7.7415037593985,"Ambient"
"D6",2021-02-14,7.33986111111111,"Ambient"
"D6",2021-02-15,7.0953125,"Ambient"
"D6",2021-02-16,7.90770833333333,"Ambient"
"D6",2021-02-17,9.38344947735192,"Ambient"
"D6",2021-02-18,9.50642361111111,"Ambient"
"D6",2021-02-19,9.19354166666667,"Ambient"
"D6",2021-02-20,9.13552083333333,"Ambient"
"D6",2021-02-21,9.47888888888889,"Ambient"
"D6",2021-02-22,9.54569444444444,"Ambient"
"D6",2021-02-23,9.53465277777778,"Ambient"
"D6",2021-02-24,10.6182291666667,"Ambient"
"D6",2021-02-25,10.5484027777778,"Ambient"
"D6",2021-02-26,10.5433333333333,"Ambient"
"D6",2021-02-27,11.3171527777778,"Ambient"
"D6",2021-02-28,10.5325347222222,"Ambient"
"D6",2021-03-01,9.540625,"Ambient"
"D6",2021-03-02,9.38277777777778,"Ambient"
"D6",2021-03-03,9.43892361111111,"Ambient"
"D6",2021-03-04,10.0640277777778,"Ambient"
"D6",2021-03-05,11.1984722222222,"Ambient"
"D6",2021-03-06,10.1146180555556,"Ambient"
"D6",2021-03-07,8.66454861111111,"Ambient"
"D6",2021-03-08,8.26388888888889,"Ambient"
"D6",2021-03-09,7.82857638888889,"Ambient"
"D6",2021-03-10,7.15413194444444,"Ambient"
"D6",2021-03-11,9.68565972222222,"Ambient"
"D6",2021-03-12,10.7536458333333,"Ambient"
"D6",2021-03-13,8.72854166666667,"Ambient"
"D6",2021-03-14,8.72180555555556,"Ambient"
"D6",2021-03-15,7.47288194444444,"Ambient"
"D6",2021-03-16,8.30145833333333,"Ambient"
"D6",2021-03-17,9.7365625,"Ambient"
"D6",2021-03-18,9.26340277777778,"Ambient"
"D6",2021-03-19,6.86513888888889,"Ambient"
"D6",2021-03-20,5.39680555555556,"Ambient"
"D6",2021-03-21,5.20961805555556,"Ambient"
"D6",2021-03-22,7.7021875,"Ambient"
"D6",2021-03-23,8.97607638888889,"Ambient"
"D6",2021-03-24,9.95086805555556,"Ambient"
"D6",2021-03-25,11.2235069444444,"Ambient"
"D6",2021-03-26,11.2002083333333,"Ambient"
"D6",2021-03-27,11.6317013888889,"Ambient"
"D6",2021-03-28,10.9753125,"Ambient"
"D6",2021-03-29,12.9677430555556,"Ambient"
"D6",2021-03-30,14.5387847013889,"Ambient"
"D6",2021-03-31,15.6146527465278,"Ambient"
"D6",2021-04-01,15.7146875486111,"Ambient"
"D6",2021-04-02,15.5996527777778,"Ambient"
"D6",2021-04-03,15.1317013888889,"Ambient"
"D6",2021-04-04,13.8767708333333,"Ambient"
"D6",2021-04-05,13.1618055555556,"Ambient"
"D6",2021-04-06,13.2845138888889,"Ambient"
"D6",2021-04-07,11.7672916666667,"Ambient"
"D6",2021-04-08,10.6809027777778,"Ambient"
"D6",2021-04-09,11.7286805555556,"Ambient"
"D6",2021-04-10,11.5114930555556,"Ambient"
"D6",2021-04-11,10.4989236111111,"Ambient"
"D6",2021-04-12,9.92138888888889,"Ambient"
"D6",2021-04-13,10.6647569444444,"Ambient"
"D6",2021-04-14,10.8719791666667,"Ambient"
"D6",2021-04-15,11.3147222222222,"Ambient"
"D6",2021-04-16,11.3529513888889,"Ambient"
"D6",2021-04-17,10.8671875,"Ambient"
"D6",2021-04-18,10.5816666666667,"Ambient"
"D6",2021-04-19,11.5720138888889,"Ambient"
"D6",2021-04-20,12.6476388888889,"Ambient"
"D6",2021-04-21,12.6267708333333,"Ambient"
"D6",2021-04-22,13.2438194444444,"Ambient"
"D6",2021-04-23,14.1485764791667,"Ambient"
"D6",2021-04-24,15.9148611388889,"Ambient"
"D6",2021-04-25,16.2875694305556,"Ambient"
"D6",2021-04-26,14.7694444479167,"Ambient"
"D6",2021-04-27,13.8115972222222,"Ambient"
"D6",2021-04-28,13.3860763888889,"Ambient"
"D6",2021-04-29,12.1690625,"Ambient"
"D6",2021-04-30,11.283125,"Ambient"
"D6",2021-05-01,10.4223263888889,"Ambient"
"D6",2021-05-02,10.4695833333333,"Ambient"
"D6",2021-05-03,11.4139583333333,"Ambient"
"D6",2021-05-04,13.7369791666667,"Ambient"
"D6",2021-05-05,15.7273611597222,"Ambient"
"D6",2021-05-06,15.1973960138889,"Ambient"
"D6",2021-05-07,16.5963888819444,"Ambient"
"D6",2021-05-08,18.0469792118056,"Ambient"
"D6",2021-05-09,19.2837500381944,"Ambient"
"D6",2021-05-10,17.8722570034722,"Ambient"
"D6",2021-05-11,15.5070486041667,"Ambient"
"D6",2021-05-12,13.4637847222222,"Ambient"
"D6",2021-05-13,13.9978124861111,"Ambient"
"D6",2021-05-14,14.8213888888889,"Ambient"
"D6",2021-05-15,14.9683333333333,"Ambient"
"D6",2021-05-16,15.0682986111111,"Ambient"
"D6",2021-05-17,14.8339930833333,"Ambient"
"D6",2021-05-18,15.4771180208333,"Ambient"
"D6",2021-05-19,16.1000694305556,"Ambient"
"D6",2021-05-20,17.4635763958333,"Ambient"
"D6",2021-05-21,17.7248612013889,"Ambient"
"D6",2021-05-22,16.2002430277778,"Ambient"
"D6",2021-05-23,14.0605555555556,"Ambient"
"D6",2021-05-24,12.7005208333333,"Ambient"
"D6",2021-05-25,11.7693402777778,"Ambient"
"D6",2021-05-26,13.8638542326389,"Ambient"
"D6",2021-05-27,16.48100703125,"Ambient"
"D6",2021-05-28,18.2674304375,"Ambient"
"D6",2021-05-29,18.3907638680556,"Ambient"
"D6",2021-05-30,20.1838888263889,"Ambient"
"D6",2021-05-31,20.7429514131944,"Ambient"
"D6",2021-06-01,21.4072569236111,"Ambient"
"D6",2021-06-02,20.0393751041667,"Ambient"
"D6",2021-06-03,20.5004862118056,"Ambient"
"D6",2021-06-04,19.8601388645833,"Ambient"
"D6",2021-06-05,18.6074305520833,"Ambient"
"D6",2021-06-06,20.0005555451389,"Ambient"
"D6",2021-06-07,19.6584374791667,"Ambient"
"D6",2021-06-08,18.7100347256944,"Ambient"
"D6",2021-06-09,19.1163541527778,"Ambient"
"D6",2021-06-10,19.8752778576389,"Ambient"
"D6",2021-06-11,19.2692708506944,"Ambient"
"D6",2021-06-12,19.26,"Ambient"
"D6",2021-06-13,19.6635416840278,"Ambient"
"D6",2021-06-14,19.7372222743056,"Ambient"
"D6",2021-06-15,19.5832985694444,"Ambient"
"D6",2021-06-16,19.6177430208333,"Ambient"
"D6",2021-06-17,19.0696181180556,"Ambient"
"D6",2021-06-18,18.7585415833333,"Ambient"
"D6",2021-06-19,19.6362500277778,"Ambient"
"D6",2021-06-20,19.4164583506944,"Ambient"
"D6",2021-06-21,18.928888875,"Ambient"
"D6",2021-06-22,18.67434028125,"Ambient"
"D6",2021-06-23,17.4522568784722,"Ambient"
"D6",2021-06-24,16.9358333402778,"Ambient"
"D6",2021-06-25,18.9144097395833,"Ambient"
"D6",2021-06-26,19.4518055798611,"Ambient"
"D6",2021-06-27,19.0043401701389,"Ambient"
"D6",2021-06-28,18.2081944409722,"Ambient"
"D6",2021-06-29,18.4880555868056,"Ambient"
"D6",2021-06-30,19.1167709618056,"Ambient"
"D6",2021-07-01,19.54621525,"Ambient"
"D6",2021-07-02,19.1093403645833,"Ambient"
"D6",2021-07-03,16.5884027395833,"Ambient"
"D6",2021-07-04,16.7481249305556,"Ambient"
"D6",2021-07-05,17.3252082326389,"Ambient"
"D6",2021-07-06,16.6267014027778,"Ambient"
"D6",2021-07-07,16.8327429756944,"Ambient"
"D6",2021-07-08,16.4928125729167,"Ambient"
"D6",2021-07-09,17.0875693298611,"Ambient"
"D6",2021-07-10,16.4066319236111,"Ambient"
"D6",2021-07-11,17.2810069756944,"Ambient"
"D6",2021-07-12,16.4007291284722,"Ambient"
"D6",2021-07-13,16.0099306840278,"Ambient"
"D6",2021-07-14,16.2707291666667,"Ambient"
"D6",2021-07-15,16.5620487048611,"Ambient"
"D6",2021-07-16,16.1116319270833,"Ambient"
"D6",2021-07-17,16.92701384375,"Ambient"
"D6",2021-07-18,17.0504167777778,"Ambient"
"D6",2021-07-19,17.3067729751773,"Ambient"
"D6",2021-07-20,16.9095485243056,"Ambient"
"D6",2021-07-21,17.5037500729167,"Ambient"
"D6",2021-07-22,17.6665277881944,"Ambient"
"D6",2021-07-23,17.2563194652778,"Ambient"
"D6",2021-07-24,16.3699999791667,"Ambient"
"D6",2021-07-25,16.4397918472222,"Ambient"
"D6",2021-07-26,16.5022227673611,"Ambient"
"D6",2021-07-27,16.4563540798611,"Ambient"
"D6",2021-07-28,16.5236140877193,"Ambient"
"D6",2021-07-29,16.79263875,"Ambient"
"D6",2021-07-30,16.3274305729167,"Ambient"
"D6",2021-07-31,16.4848958159722,"Ambient"
"D6",2021-08-01,16.0176736319444,"Ambient"
"D6",2021-08-02,16.3395139756944,"Ambient"
"D6",2021-08-03,16.4328308088235,"Ambient"
"D6",2021-08-04,16.6954513645833,"Ambient"
"D6",2021-08-05,16.7643749861111,"Ambient"
"D6",2021-08-06,16.3946181145833,"Ambient"
"D6",2021-08-07,16.6763195902778,"Ambient"
"D6",2021-08-08,16.3019791597222,"Ambient"
"D6",2021-08-09,16.595451375,"Ambient"
"D6",2021-08-10,17.3522223125,"Ambient"
"D6",2021-08-11,17.5181597430556,"Ambient"
"D6",2021-08-12,17.9346180347222,"Ambient"
"D6",2021-08-13,17.4458333333333,"Ambient"
"D6",2021-08-14,17.7714930381944,"Ambient"
"D6",2021-08-15,16.5518751284722,"Ambient"
"D6",2021-08-16,16.4701041770833,"Ambient"
"D6",2021-08-17,16.561632,"Ambient"
"D6",2021-08-18,16.4030556076389,"Ambient"
"D6",2021-08-19,16.2023957951389,"Ambient"
"D6",2021-08-20,17.0351389305556,"Ambient"
"D6",2021-08-21,16.5173263645833,"Ambient"
"D6",2021-08-22,16.2374652638889,"Ambient"
"D6",2021-08-23,16.4515625347222,"Ambient"
"D6",2021-08-24,16.2874305625,"Ambient"
"D6",2021-08-25,16.6028125381944,"Ambient"
"D6",2021-08-26,16.9609027430556,"Ambient"
"D6",2021-08-27,16.6750347395833,"Ambient"
"D6",2021-08-28,16.3491666354167,"Ambient"
"D6",2021-08-29,16.2351041701389,"Ambient"
"D6",2021-08-30,16.1155208541667,"Ambient"
"D6",2021-08-31,16.5436458993056,"Ambient"
"D6",2021-09-01,16.3840971006944,"Ambient"
"D6",2021-09-02,16.4710416597222,"Ambient"
"D6",2021-09-03,16.5928818541667,"Ambient"
"D6",2021-09-04,16.8834722569444,"Ambient"
"D6",2021-09-05,16.9463541388889,"Ambient"
"D6",2021-09-13,16.8254856285714,"Ambient"
"D6",2021-09-14,16.3819098506944,"Ambient"
"D6",2021-09-15,16.5617013090278,"Ambient"
"D6",2021-09-16,16.5883680069444,"Ambient"
"D6",2021-09-17,16.6880208611111,"Ambient"
"D6",2021-09-18,16.5876043020833,"Ambient"
"D6",2021-09-19,15.6447570555556,"Ambient"
"D6",2021-09-20,16.5462151909722,"Ambient"
"D6",2021-09-21,14.6296527777778,"Ambient"
"D6",2021-09-22,14.5549653090278,"Ambient"
"D6",2021-09-23,16.6389235208333,"Ambient"
"D6",2021-09-24,16.4264930555556,"Ambient"
"D6",2021-09-25,16.6852778506944,"Ambient"
"D6",2021-09-26,16.4497570069444,"Ambient"
"D6",2021-09-27,16.3434027569444,"Ambient"
"D6",2021-09-28,16.48173615625,"Ambient"
"D6",2021-09-29,16.5626389340278,"Ambient"
"D6",2021-09-30,16.5750348645833,"Ambient"
"D6",2021-10-01,15.5823264340278,"Ambient"
"D6",2021-10-02,16.1343751215278,"Ambient"
"D6",2021-10-03,16.2361806006944,"Ambient"
"D6",2021-10-04,14.7252082916667,"Ambient"
"D6",2021-10-05,13.7085416666667,"Ambient"
"D6",2021-10-06,14.2108680555556,"Ambient"
"D6",2021-10-07,14.6103125,"Ambient"
"D6",2021-10-08,13.8143402777778,"Ambient"
"D6",2021-10-09,14.858125,"Ambient"
"D6",2021-10-10,15.8449652569444,"Ambient"
"D6",2021-10-11,15.1766319479167,"Ambient"
"D6",2021-10-12,13.3121527777778,"Ambient"
"D6",2021-10-13,12.5160416666667,"Ambient"
"D6",2021-10-14,11.7094097222222,"Ambient"
"D6",2021-10-15,11.5255902777778,"Ambient"
"D6",2021-10-16,12.9383680555556,"Ambient"
"D6",2021-10-17,12.3272222222222,"Ambient"
"D6",2021-10-18,12.5195138888889,"Ambient"
"D6",2021-10-19,13.45125,"Ambient"
"D6",2021-10-20,14.5715625,"Ambient"
"D6",2021-10-21,15.1891319444444,"Ambient"
"D6",2021-10-22,13.7090625,"Ambient"
"D6",2021-10-23,13.2697916666667,"Ambient"
"D6",2021-10-24,11.2077083333333,"Ambient"
"D6",2021-10-25,10.1385763888889,"Ambient"
"D6",2021-10-26,10.6732638888889,"Ambient"
"D6",2021-10-27,10.8286458333333,"Ambient"
"D6",2021-10-28,10.5660763888889,"Ambient"
"D6",2021-10-29,10.7046875,"Ambient"
"D6",2021-10-30,11.9248263888889,"Ambient"
"D6",2021-10-31,13.2761666666667,"Ambient"
"D6",2021-11-01,13.0946180555556,"Ambient"
"D6",2021-11-02,11.2033333333333,"Ambient"
"D6",2021-11-03,10.6245138888889,"Ambient"
"D6",2021-11-04,8.65381944444444,"Ambient"
"D6",2021-11-05,7.71753472222222,"Ambient"
"D6",2021-11-06,5.98684027777778,"Ambient"
"D6",2021-11-07,5.22711805555556,"Ambient"
"D6",2021-11-08,7.02652777777778,"Ambient"
"D6",2021-11-09,7.48947916666667,"Ambient"
"D6",2021-11-10,6.06597222222222,"Ambient"
"D6",2021-11-11,6.70760416666667,"Ambient"
"D6",2021-11-12,7.49736111111111,"Ambient"
"D6",2021-11-13,8.72791666666667,"Ambient"
"D6",2021-11-14,9.11194444444445,"Ambient"
"D6",2021-11-15,8.14857638888889,"Ambient"
"D6",2021-11-16,7.70045138888889,"Ambient"
"D6",2021-11-17,7.11986111111111,"Ambient"
"D6",2021-11-18,6.36743055555556,"Ambient"
"D6",2021-11-19,5.65645833333333,"Ambient"
"D6",2021-11-20,5.24982638888889,"Ambient"
"D6",2021-11-21,6.11121527777778,"Ambient"
"D6",2021-11-22,7.06493055555556,"Ambient"
"D6",2021-11-23,6.55315972222222,"Ambient"
"D6",2021-11-24,6.25409722222222,"Ambient"
"D6",2021-11-25,6.41944444444444,"Ambient"
"D6",2021-11-26,6.28534722222222,"Ambient"
"D6",2021-11-27,5.01003472222222,"Ambient"
"D6",2021-11-28,3.77378472222222,"Ambient"
"D6",2021-11-29,2.98513888888889,"Ambient"
"D6",2021-11-30,3.00864583333333,"Ambient"
"D6",2021-12-01,3.38927083333333,"Ambient"
"D6",2021-12-02,4.07885416666667,"Ambient"
"D6",2021-12-03,3.71496527777778,"Ambient"
"D6",2021-12-04,4.34881944444444,"Ambient"
"D6",2021-12-05,4.32545138888889,"Ambient"
"D6",2021-12-13,4.87022471910112,"Ambient"
"D6",2021-12-14,4.81003472222222,"Ambient"
"D6",2021-12-15,4.99361111111111,"Ambient"
"D6",2021-12-16,5.24229166666667,"Ambient"
"D6",2021-12-17,4.885,"Ambient"
"D6",2021-12-18,4.74131944444444,"Ambient"
"D6",2021-12-19,4.35236111111111,"Ambient"
"D6",2021-12-20,4.03795138888889,"Ambient"
"D6",2021-12-21,4.19840277777778,"Ambient"
"D6",2021-12-22,5.2409375,"Ambient"
"D6",2021-12-23,5.74444444444444,"Ambient"
"D6",2021-12-24,6.57253472222222,"Ambient"
"D6",2021-12-25,7.2546875,"Ambient"
"D6",2021-12-26,6.90947916666667,"Ambient"
"D6",2021-12-27,7.51309027777778,"Ambient"
"D6",2021-12-28,8.32309027777778,"Ambient"
"D6",2021-12-29,9.86111111111111,"Ambient"
"D6",2021-12-30,10.5386805555556,"Ambient"
"D6",2021-12-31,9.18979166666667,"Ambient"
"D6",2022-01-01,8.57416666666667,"Ambient"
"D6",2022-01-02,8.22638888888889,"Ambient"
"D6",2022-01-03,8.01826388888889,"Ambient"
"D6",2022-01-04,7.94916666666667,"Ambient"
"D6",2022-01-05,7.36711805555556,"Ambient"
"D6",2022-01-06,4.81739583333333,"Ambient"
"D6",2022-01-07,3.14829861111111,"Ambient"
"D6",2022-01-08,3.62940972222222,"Ambient"
"D6",2022-01-09,4.99888888888889,"Ambient"
"D6",2022-01-18,2.97136904761905,"Ambient"
"D6",2022-01-19,2.8934375,"Ambient"
"D6",2022-01-20,3.49027777777778,"Ambient"
"D6",2022-01-21,3.5959375,"Ambient"
"D6",2022-01-22,2.81791666666667,"Ambient"
"D6",2022-01-23,2.68288194444444,"Ambient"
"D6",2022-01-24,2.92055555555556,"Ambient"
"D6",2022-01-25,3.42854166666667,"Ambient"
"D6",2022-01-26,3.71472222222222,"Ambient"
"D6",2022-01-27,3.94461805555556,"Ambient"
"D6",2022-01-28,3.62371527777778,"Ambient"
"D6",2022-01-29,3.34565972222222,"Ambient"
"D6",2022-01-30,3.83368055555556,"Ambient"
"D6",2022-01-31,4.02815972222222,"Ambient"
"D6",2022-02-01,4.48951388888889,"Ambient"
"D6",2022-02-02,4.84003472222222,"Ambient"
"D6",2022-02-03,5.34079861111111,"Ambient"
"D6",2022-02-04,6.20197916666667,"Ambient"
"D6",2022-02-05,7.06378472222222,"Ambient"
"D6",2022-02-06,5.53822916666667,"Ambient"
"D6",2022-02-07,5.40774305555556,"Ambient"
"D6",2022-02-08,7.02628472222222,"Ambient"
"D6",2022-02-09,7.23725694444444,"Ambient"
"D6",2022-02-10,7.38118055555556,"Ambient"
"D6",2022-02-11,7.7440625,"Ambient"
"D6",2022-02-12,7.36427083333333,"Ambient"
"D6",2022-02-13,7.69756944444444,"Ambient"
"D6",2022-02-14,8.29465277777778,"Ambient"
"D6",2022-02-15,7.45642361111111,"Ambient"
"D6",2022-02-16,7.5625,"Ambient"
"D6",2022-02-17,8.60528301886792,"Ambient"
"D6",2022-02-18,10.6408904109589,"Ambient"
"D6",2022-02-19,9.33180555555556,"Ambient"
"D6",2022-02-20,7.44427083333333,"Ambient"
"D6",2022-02-21,8.66663194444445,"Ambient"
"D6",2022-02-22,8.73583333333333,"Ambient"
"D6",2022-02-23,8.24993055555556,"Ambient"
"D6",2022-02-24,8.47412587412587,"Ambient"
"D6",2022-02-25,8.60836805555556,"Ambient"
"D6",2022-02-26,6.78670138888889,"Ambient"
"D6",2022-02-27,6.28555555555556,"Ambient"
"D6",2022-02-28,7.95548611111111,"Ambient"
"D6",2022-03-01,8.24708333333333,"Ambient"
"D6",2022-03-02,8.21418604651163,"Ambient"
"D6",2022-03-04,8.90376237623762,"Ambient"
"D6",2022-03-05,8.12618055555556,"Ambient"
"D6",2022-03-06,7.5725,"Ambient"
"D6",2022-03-07,7.79336805555556,"Ambient"
"D6",2022-03-08,7.30114583333333,"Ambient"
"D6",2022-03-09,7.80149305555556,"Ambient"
"D6",2022-03-10,8.71822916666667,"Ambient"
"D6",2022-03-11,8.801875,"Ambient"
"D6",2022-03-12,9.33159722222222,"Ambient"
"D6",2022-03-13,8.01357638888889,"Ambient"
"D6",2022-03-14,6.41878472222222,"Ambient"
"D6",2022-03-15,7.90916666666667,"Ambient"
"D6",2022-03-16,9.35666666666667,"Ambient"
"D6",2022-03-17,10.124375,"Ambient"
"D6",2022-03-18,9.44881944444444,"Ambient"
"D6",2022-03-19,9.23465277777778,"Ambient"
"D6",2022-03-20,10.3962152777778,"Ambient"
"D6",2022-03-21,11.6978606965174,"Ambient"
"D6",2022-03-22,11.5376041666667,"Ambient"
"D6",2022-03-23,11.2652430555556,"Ambient"
"D6",2022-03-24,11.1011458333333,"Ambient"
"D6",2022-03-25,11.8415972222222,"Ambient"
"D6",2022-03-26,12.3257291666667,"Ambient"
"D6",2022-03-27,11.9201811594203,"Ambient"
"D6",2022-03-28,12.2647222222222,"Ambient"
"D6",2022-03-29,12.6778472222222,"Ambient"
"D6",2022-03-30,12.1141319444444,"Ambient"
"D6",2022-03-31,10.0990277777778,"Ambient"
"D6",2022-04-01,7.21215277777778,"Ambient"
"D6",2022-04-02,4.45135416666667,"Ambient"
"D6",2022-04-03,3.89506944444444,"Ambient"
"D6",2022-04-04,5.19645833333333,"Ambient"
"D6",2022-04-05,6.6934375,"Ambient"
"D6",2022-04-06,7.95527777777778,"Ambient"
"D6",2022-04-07,9.16375,"Ambient"
"D6",2022-04-08,12.4012152777778,"Ambient"
"D6",2022-04-09,12.4723611111111,"Ambient"
"D6",2022-04-10,11.4331944444444,"Ambient"
"D6",2022-04-11,12.7382986111111,"Ambient"
"D6",2022-04-12,13.3088888888889,"Ambient"
"D6",2022-04-13,13.1082638888889,"Ambient"
"D6",2022-04-14,13.1285069444444,"Ambient"
"D6",2022-04-15,14.5399999826389,"Ambient"
"D6",2022-04-16,16.26253471875,"Ambient"
"D6",2022-04-17,16.5749306666667,"Ambient"
"D6",2022-04-18,17.1919097430556,"Ambient"
"D6",2022-04-19,15.1778819375,"Ambient"
"D6",2022-04-20,11.6770833333333,"Ambient"
"D6",2022-04-21,10.7120138888889,"Ambient"
"D6",2022-04-22,11.0786458333333,"Ambient"
"D6",2022-04-23,11.5057638888889,"Ambient"
"D6",2022-04-24,11.3689930555556,"Ambient"
"D6",2022-04-25,12.4285069444444,"Ambient"
"D6",2022-04-26,14.06951384375,"Ambient"
"D6",2022-04-27,15.3798611388889,"Ambient"
"D6",2022-04-28,15.42517359375,"Ambient"
"D6",2022-04-29,15.9607292673611,"Ambient"
"D6",2022-04-30,17.178576375,"Ambient"
"D6",2022-05-01,16.5294444305556,"Ambient"
"D6",2022-05-02,15.9085069097222,"Ambient"
"D6",2022-05-03,14.5440277777778,"Ambient"
"D6",2022-05-04,13.6592708333333,"Ambient"
"D6",2022-05-05,13.0554166666667,"Ambient"
"D6",2022-05-06,13.6163541666667,"Ambient"
"D6",2022-05-07,15.2678819479167,"Ambient"
"D6",2022-05-08,16.5560764722222,"Ambient"
"D6",2022-05-09,17.0940972395833,"Ambient"
"D6",2022-05-10,18.8133333541667,"Ambient"
"D6",2022-05-11,20.2775694097222,"Ambient"
"D6",2022-05-12,21.0237847152778,"Ambient"
"D6",2022-05-13,20.9390277048611,"Ambient"
"D6",2022-05-14,21.3553818819444,"Ambient"
"D6",2022-05-15,22.2645486284722,"Ambient"
"D6",2022-05-16,23.3553819513889,"Ambient"
"D6",2022-05-17,23.2303125,"Ambient"
"D6",2022-05-18,24.4577777881944,"Ambient"
"D6",2022-05-19,24.3317361354167,"Ambient"
"D6",2022-05-20,24.7584722152778,"Ambient"
"D6",2022-05-21,25.6218402222222,"Ambient"
"D6",2022-05-22,24.5722221527778,"Ambient"
"D6",2022-05-23,21.5607546462264,"Ambient"
"D6",2022-05-24,16.516086942029,"Ambient"
"D6",2022-05-25,15.1979824561404,"Ambient"
"D6",2022-05-26,15.4842014930556,"Ambient"
"D6",2022-05-27,17.2767361875,"Ambient"
"D6",2022-05-28,19.7194792048611,"Ambient"
"D6",2022-05-29,21.3447916701389,"Ambient"
"D6",2022-05-30,20.3350347951389,"Ambient"
"D6",2022-05-31,20.9294444409722,"Ambient"
"D6",2022-06-01,21.6970833784722,"Ambient"
"D6",2022-06-02,23.711879948,"Ambient"
"D6",2022-06-05,21.245923522293,"Ambient"
"D6",2022-06-06,20.7813541770833,"Ambient"
"D6",2022-06-07,20.5442708645833,"Ambient"
"D6",2022-06-08,19.3436111597222,"Ambient"
"D6",2022-06-09,19.2431596666667,"Ambient"
"D6",2022-06-10,20.2646527395833,"Ambient"
"D6",2022-06-11,22.2644097152778,"Ambient"
"D6",2022-06-12,23.8351388993056,"Ambient"
"D6",2022-06-20,26.2386486013514,"Ambient"
"D6",2022-06-21,24.6630143110048,"Ambient"
"D6",2022-06-22,22.1969046607143,"Ambient"
"D6",2022-06-23,22.5337499097222,"Ambient"
"D6",2022-06-24,21.8048957916667,"Ambient"
"D6",2022-06-25,20.2645138680556,"Ambient"
"D6",2022-06-26,18.8614582118056,"Ambient"
"D6",2022-06-27,16.6809374791667,"Ambient"
"D6",2022-06-28,17.4356071321429,"Ambient"
"D6",2022-06-29,21.9843332333333,"Ambient"
"D6",2022-06-30,18.7252222888889,"Ambient"
"D6",2022-07-01,18.1542456631579,"Ambient"
"D6",2022-07-02,19.6982291631944,"Ambient"
"D6",2022-07-03,22.5006944097222,"Ambient"
"D6",2022-07-18,27.7722436858974,"Ambient"
"D6",2022-07-19,26.7315330383275,"Ambient"
"D6",2022-07-20,26.1802778194444,"Ambient"
"D6",2022-07-21,26.4121528541667,"Ambient"
"D6",2022-07-22,25.5023264201389,"Ambient"
"D6",2022-07-23,23.2808333576389,"Ambient"
"D6",2022-07-24,23.84746528125,"Ambient"
"D6",2022-07-25,25.2226470294118,"Ambient"
"D6",2022-07-26,20.8317262559524,"Ambient"
"D6",2022-07-27,21.4285416597222,"Ambient"
"D6",2022-07-28,22.3545220661765,"Ambient"
"D6",2022-07-29,21.5455554930556,"Ambient"
"D6",2022-07-30,21.1381599166667,"Ambient"
"D6",2022-07-31,23.93145828125,"Ambient"
"D6",2022-08-08,26.273144654088,"Ambient"
"D6",2022-08-09,26.9876041701389,"Ambient"
"D6",2022-08-10,25.1245485833333,"Ambient"
"D6",2022-08-11,26.0080902326389,"Ambient"
"D6",2022-08-12,26.4871528194444,"Ambient"
"D6",2022-08-13,26.7041666944444,"Ambient"
"D6",2022-08-14,25.8127777743056,"Ambient"
"D6",2022-08-15,24.1746833797468,"Ambient"
"D6",2022-08-16,21.981257497006,"Ambient"
"D6",2022-08-17,20.5939752919255,"Ambient"
"D6",2022-08-18,19.5521875625,"Ambient"
"D6",2022-08-19,20.6175347361111,"Ambient"
"D6",2022-08-20,21.5906250381944,"Ambient"
"D6",2022-08-21,22.4476389097222,"Ambient"
"D6",2022-08-22,23.0193249029536,"Ambient"
"D6",2022-08-23,23.7819445243056,"Ambient"
"D6",2022-08-24,24.4781250416667,"Ambient"
"D6",2022-08-25,24.6145139270833,"Ambient"
"D6",2022-08-26,22.3155902916667,"Ambient"
"D6",2022-08-27,23.2723958055556,"Ambient"
"D6",2022-08-28,23.7539583159722,"Ambient"
"D6",2022-08-30,23.2214705705882,"Ambient"
"D6",2022-08-31,22.2817360208333,"Ambient"
"D6",2022-09-01,21.4763541354167,"Ambient"
"D6",2022-09-02,22.0248958125,"Ambient"
"D6",2022-09-03,21.7281945,"Ambient"
"D6",2022-09-04,21.4467708541667,"Ambient"
"D6",2022-09-05,21.6570832256944,"Ambient"
"D6",2022-09-06,22.51458321875,"Ambient"
"D6",2022-09-07,22.7427430763889,"Ambient"
"D6",2022-09-08,20.9490625034722,"Ambient"
"D6",2022-09-09,19.4323263472222,"Ambient"
"D6",2022-09-10,18.1394097222222,"Ambient"
"D6",2022-09-11,19.96277790625,"Ambient"
"D6",2022-09-12,20.877951375,"Ambient"
"D6",2022-09-13,21.94190975,"Ambient"
"D6",2022-09-14,22.0394444861111,"Ambient"
"D6",2022-09-15,21.4490277430556,"Ambient"
"D6",2022-09-16,20.2798263402778,"Ambient"
"D6",2022-09-17,19.2264235972222,"Ambient"
"D6",2022-09-18,17.4191667013889,"Ambient"
"D6",2022-09-19,16.6839930451389,"Ambient"
"D6",2022-09-20,16.4464236319444,"Ambient"
"D6",2022-09-21,16.5168402743056,"Ambient"
"D6",2022-09-22,16.6867708993056,"Ambient"
"D6",2022-09-23,16.6689583506944,"Ambient"
"D6",2022-09-24,16.5059026944444,"Ambient"
"D6",2022-09-25,14.6327083333333,"Ambient"
"D6",2022-09-26,14.7223264027778,"Ambient"
"D6",2022-09-27,14.4394444444444,"Ambient"
"D6",2022-09-28,14.3737847222222,"Ambient"
"D6",2022-09-29,14.3780555555556,"Ambient"
"D6",2022-09-30,13.2955555555556,"Ambient"
"D6",2022-10-01,12.9254166666667,"Ambient"
"D6",2022-10-02,15.0208680555556,"Ambient"
"D6",2022-10-03,17.0889582986111,"Ambient"
"D6",2022-10-04,16.8517361458333,"Ambient"
"D6",2022-10-05,16.6577430277778,"Ambient"
"D6",2022-10-06,17.1190277118056,"Ambient"
"D6",2022-10-07,17.1271528333333,"Ambient"
"D6",2022-10-08,17.5021874826389,"Ambient"
"D6",2022-10-09,17.0612847222222,"Ambient"
"D6",2022-10-10,16.4597221423611,"Ambient"
"D6",2022-10-11,16.6353470798611,"Ambient"
"D6",2022-10-12,16.9476040138889,"Ambient"
"D6",2022-10-13,17.3881250798611,"Ambient"
"D6",2022-10-14,18.15711796875,"Ambient"
"D6",2022-10-15,17.1972916701389,"Ambient"
"D6",2022-10-16,17.1014236006944,"Ambient"
"D6",2022-10-17,17.8000000243056,"Ambient"
"D6",2022-10-18,17.7697569930556,"Ambient"
"D6",2022-10-19,17.4642361041667,"Ambient"
"D6",2022-10-20,17.4657290347222,"Ambient"
"D6",2022-10-21,16.4890972777778,"Ambient"
"D6",2022-10-22,16.0966666458333,"Ambient"
"D6",2022-10-23,17.2722917152778,"Ambient"
"D6",2022-10-24,17.0942013263889,"Ambient"
"D6",2022-10-25,15.8336459826389,"Ambient"
"D6",2022-10-26,15.3225347222222,"Ambient"
"D6",2022-10-27,15.42625,"Ambient"
"D6",2022-10-28,16.1232986215278,"Ambient"
"D6",2022-10-29,16.4336805104167,"Ambient"
"D6",2022-10-30,14.7000333366667,"Ambient"
"D6",2022-10-31,13.3396875,"Ambient"
"D6",2022-11-01,13.9472222222222,"Ambient"
"D6",2022-11-02,15.0272570381944,"Ambient"
"D6",2022-11-03,13.1727430555556,"Ambient"
"D6",2022-11-04,10.4090972222222,"Ambient"
"D6",2022-11-05,9.60385416666667,"Ambient"
"D6",2022-11-06,8.87052083333333,"Ambient"
"D6",2022-11-07,8.9415625,"Ambient"
"D6",2022-11-08,9.89565972222222,"Ambient"
"D6",2022-11-09,10.6472916666667,"Ambient"
"D6",2022-11-10,10.6472916666667,"Ambient"
"D6",2022-11-11,9.41232638888889,"Ambient"
"D6",2022-11-12,10.1260069444444,"Ambient"
"D6",2022-11-13,10.4876736111111,"Ambient"
"D6",2022-11-14,10.2647222222222,"Ambient"
"D6",2022-11-15,10.7105555555556,"Ambient"
"D6",2022-11-16,11.0940625,"Ambient"
"D6",2022-11-17,11.1847916666667,"Ambient"
"D6",2022-11-18,10.7609375,"Ambient"
"D6",2022-11-19,9.12361111111111,"Ambient"
"D6",2022-11-20,6.50121527777778,"Ambient"
"D6",2022-11-21,6.99427083333333,"Ambient"
"D6",2022-11-22,6.56288194444444,"Ambient"
"D6",2022-11-23,7.30326388888889,"Ambient"
"D6",2022-11-24,6.7328125,"Ambient"
"D6",2022-11-25,7.20982638888889,"Ambient"
"D6",2022-11-26,6.5471875,"Ambient"
"D6",2022-11-27,6.00638888888889,"Ambient"
"D6",2022-11-28,6.39020833333333,"Ambient"
"D6",2022-11-29,6.52520833333333,"Ambient"
"D6",2022-11-30,6.29961805555556,"Ambient"
"D6",2022-12-01,4.76434027777778,"Ambient"
"D6",2022-12-02,4.8290625,"Ambient"
"D6",2022-12-03,4.83100694444444,"Ambient"
"D6",2022-12-04,3.76347222222222,"Ambient"
"D6",2022-12-05,3.24263888888889,"Ambient"
"D6",2022-12-06,4.10225694444444,"Ambient"
"D6",2022-12-07,6.05631944444444,"Ambient"
"D6",2022-12-08,6.763125,"Ambient"
"D6",2022-12-09,6.71982638888889,"Ambient"
"D6",2022-12-10,6.63736111111111,"Ambient"
"D6",2022-12-11,3.62774305555556,"Ambient"
"D6",2022-12-12,3.53857638888889,"Ambient"
"D6",2022-12-13,4.9175,"Ambient"
"D6",2022-12-14,7.19881944444444,"Ambient"
"D6",2022-12-15,7.61027777777778,"Ambient"
"D6",2022-12-16,8.00121527777778,"Ambient"
"D6",2022-12-17,7.75465277777778,"Ambient"
"D6",2022-12-18,5.82263888888889,"Ambient"
"D6",2022-12-19,4.70548611111111,"Ambient"
"D6",2022-12-20,5.30253472222222,"Ambient"
"D6",2022-12-21,7.53850694444444,"Ambient"
"D6",2022-12-22,8.56503472222222,"Ambient"
"D6",2022-12-23,9.20340277777778,"Ambient"
"D6",2022-12-24,9.03357638888889,"Ambient"
"D6",2022-12-25,8.54597222222222,"Ambient"
"D6",2022-12-26,8.21930555555556,"Ambient"
"D6",2022-12-27,8.13430555555555,"Ambient"
"D6",2022-12-28,7.60309027777778,"Ambient"
"D6",2022-12-29,7.34756944444444,"Ambient"
"D6",2022-12-30,8.13163194444444,"Ambient"
"D6",2022-12-31,9.06173611111111,"Ambient"
"D6",2023-01-01,8.47635416666667,"Ambient"
"D6",2023-01-02,8.265625,"Ambient"
"D6",2023-01-03,8.32381944444444,"Ambient"
"D6",2023-01-04,6.60857638888889,"Ambient"
"D6",2023-01-05,5.35267361111111,"Ambient"
"D6",2023-01-06,4.97076388888889,"Ambient"
"D6",2023-01-07,4.63579861111111,"Ambient"
"D7",2019-02-01,0,"Warm"
"D7",2019-02-02,0,"Warm"
"D7",2019-02-03,0,"Warm"
"D7",2019-02-04,0,"Warm"
"D7",2019-02-05,0,"Warm"
"D7",2019-02-06,0,"Warm"
"D7",2019-02-07,0,"Warm"
"D7",2019-02-08,0,"Warm"
"D7",2019-02-09,0,"Warm"
"D7",2019-02-10,0,"Warm"
"D7",2019-02-11,5.82314079422383,"Warm"
"D7",2019-02-12,5.05506944444444,"Warm"
"D7",2019-02-13,4.55347222222222,"Warm"
"D7",2019-02-14,4.74913194444444,"Warm"
"D7",2019-02-15,5.41125,"Warm"
"D7",2019-02-16,6.04420138888889,"Warm"
"D7",2019-02-17,6.27895833333333,"Warm"
"D7",2019-02-18,6.0709375,"Warm"
"D7",2019-02-19,5.88010416666667,"Warm"
"D7",2019-02-20,5.93263888888889,"Warm"
"D7",2019-02-21,6.64878472222222,"Warm"
"D7",2019-02-22,7.42684027777778,"Warm"
"D7",2019-02-23,8.12756944444445,"Warm"
"D7",2019-02-24,8.49180555555555,"Warm"
"D7",2019-02-25,8.64503472222222,"Warm"
"D7",2019-02-26,9.19211805555556,"Warm"
"D7",2019-02-27,9.65854166666667,"Warm"
"D7",2019-02-28,9.79354166666667,"Warm"
"D7",2019-03-01,10.2599652777778,"Warm"
"D7",2019-03-02,10.4236111111111,"Warm"
"D7",2019-03-03,8.95652777777778,"Warm"
"D7",2019-03-04,9.49611111111111,"Warm"
"D7",2019-03-05,8.74229166666667,"Warm"
"D7",2019-03-06,9.770625,"Warm"
"D7",2019-03-07,9.52427083333333,"Warm"
"D7",2019-03-08,7.48121527777778,"Warm"
"D7",2019-03-09,10.9170486041667,"Warm"
"D7",2019-03-10,10.7889236006944,"Warm"
"D7",2019-03-11,8.81871528472222,"Warm"
"D7",2019-03-12,10.2743205576387,"Warm"
"D7",2019-03-13,6.8846875,"Warm"
"D7",2019-03-14,8.98923610763889,"Warm"
"D7",2019-03-15,9.32482639236111,"Warm"
"D7",2019-03-16,12.6383333541667,"Warm"
"D7",2019-03-17,7.72708332986111,"Warm"
"D7",2019-03-18,7.89423611111111,"Warm"
"D7",2019-03-19,4.75579861111111,"Warm"
"D7",2019-03-20,7.43065971875,"Warm"
"D7",2019-03-21,8.18060379641479,"Warm"
"D7",2019-03-22,9.79624999284032,"Warm"
"D7",2019-03-23,12.2421527951389,"Warm"
"D7",2019-03-24,12.7162847395833,"Warm"
"D7",2019-03-25,9.23006945138889,"Warm"
"D7",2019-03-26,9.53648441061842,"Warm"
"D7",2019-03-27,9.64072798886201,"Warm"
"D7",2019-03-28,10.7354861111111,"Warm"
"D7",2019-03-29,11.8384375,"Warm"
"D7",2019-03-30,11.9012847222222,"Warm"
"D7",2019-03-31,12.4124305555556,"Warm"
"D7",2019-04-01,12.8424305659722,"Warm"
"D7",2019-04-02,9.3040625,"Warm"
"D7",2019-04-03,5.98868055555556,"Warm"
"D7",2019-04-04,6.72880867112187,"Warm"
"D7",2019-04-05,9.37684027083333,"Warm"
"D7",2019-04-06,7.20538194444444,"Warm"
"D7",2019-04-07,6.51874100728992,"Warm"
"D7",2019-04-08,9.29392361805555,"Warm"
"D7",2019-04-09,11.4035763819444,"Warm"
"D7",2019-04-10,12.3923263888889,"Warm"
"D7",2019-04-11,12.0517361111111,"Warm"
"D7",2019-04-12,11.0862152777778,"Warm"
"D7",2019-04-13,11.5564930555556,"Warm"
"D7",2019-04-14,11.6630902777778,"Warm"
"D7",2019-04-15,11.1410763888889,"Warm"
"D7",2019-04-16,13.1501736111111,"Warm"
"D7",2019-04-17,13.2184027777778,"Warm"
"D7",2019-04-18,14.5036458333333,"Warm"
"D7",2019-04-19,15.1556596909722,"Warm"
"D7",2019-04-20,16.2243403090278,"Warm"
"D7",2019-04-21,15.5152430729167,"Warm"
"D7",2019-04-22,13.6500347222222,"Warm"
"D7",2019-04-23,14.4721875,"Warm"
"D7",2019-04-24,15.0505555104167,"Warm"
"D7",2019-04-25,15.2440277708333,"Warm"
"D7",2019-04-26,14.4467013888889,"Warm"
"D7",2019-04-27,12.2711805555556,"Warm"
"D7",2019-04-28,13.1775694444444,"Warm"
"D7",2019-04-29,14.5234723125,"Warm"
"D7",2019-04-30,15.6821875659722,"Warm"
"D7",2019-05-01,15.7599305104167,"Warm"
"D7",2019-05-02,16.3895140243056,"Warm"
"D7",2019-05-03,13.6764236111111,"Warm"
"D7",2019-05-04,12.0259722222222,"Warm"
"D7",2019-05-05,11.6095138888889,"Warm"
"D7",2019-05-06,11.9397222222222,"Warm"
"D7",2019-05-07,11.7795833333333,"Warm"
"D7",2019-05-08,13.8065972222222,"Warm"
"D7",2019-05-09,12.643125,"Warm"
"D7",2019-05-10,14.0776388888889,"Warm"
"D7",2019-05-11,14.7838194444444,"Warm"
"D7",2019-05-12,14.0147222222222,"Warm"
"D7",2019-05-13,14.2567013784722,"Warm"
"D7",2019-05-14,13.7611805555556,"Warm"
"D7",2019-05-15,14.0429166666667,"Warm"
"D7",2019-05-16,14.1818402777778,"Warm"
"D7",2019-05-17,14.1899652777778,"Warm"
"D7",2019-05-18,11.6810416666667,"Warm"
"D7",2019-05-19,11.2294791666667,"Warm"
"D7",2019-05-20,12.3235416666667,"Warm"
"D7",2019-05-21,14.2335416666667,"Warm"
"D7",2019-05-22,15.5319445208333,"Warm"
"D7",2019-05-23,16.1893402708333,"Warm"
"D7",2019-05-24,15.1920833229167,"Warm"
"D7",2019-05-25,13.5602430555556,"Warm"
"D7",2019-05-26,13.4646875,"Warm"
"D7",2019-05-27,14.1436805555556,"Warm"
"D7",2019-05-28,14.3696180520833,"Warm"
"D7",2019-05-29,13.8948958645833,"Warm"
"D7",2019-05-30,17.2070486493056,"Warm"
"D7",2019-05-31,19.3002082673611,"Warm"
"D7",2019-06-01,21.8742707986111,"Warm"
"D7",2019-06-02,23.6843749618056,"Warm"
"D7",2019-06-03,20.5621180520833,"Warm"
"D7",2019-06-04,21.5852430590278,"Warm"
"D7",2019-06-05,12.4581597222222,"Warm"
"D7",2019-06-06,16.6543750347222,"Warm"
"D7",2019-06-07,15.4769791701389,"Warm"
"D7",2019-06-08,16.4151041944444,"Warm"
"D7",2019-06-09,17.9003125590278,"Warm"
"D7",2019-06-10,13.0026041527778,"Warm"
"D7",2019-06-11,11.1536458333333,"Warm"
"D7",2019-06-12,13.5433101149826,"Warm"
"D7",2019-06-13,18.2105555659722,"Warm"
"D7",2019-06-14,16.1647916319444,"Warm"
"D7",2019-06-15,14.1243055763889,"Warm"
"D7",2019-06-16,18.3046180902778,"Warm"
"D7",2019-06-17,22.0458334097222,"Warm"
"D7",2019-06-18,24.61690971875,"Warm"
"D7",2019-06-19,22.8287499756944,"Warm"
"D7",2019-06-20,17.2186805208333,"Warm"
"D7",2019-06-21,15.4689930416667,"Warm"
"D7",2019-06-22,19.9878125138889,"Warm"
"D7",2019-06-23,24.6844444409722,"Warm"
"D7",2019-06-24,22.9882639479167,"Warm"
"D7",2019-06-25,22.9521527569444,"Warm"
"D7",2019-06-26,27.7153471875,"Warm"
"D7",2019-06-27,28.2083071141732,"Warm"
"D7",2019-06-28,25.8932291041667,"Warm"
"D7",2019-06-29,27.0672034661017,"Warm"
"D7",2019-06-30,24.4259027881944,"Warm"
"D7",2019-07-01,21.1626041875,"Warm"
"D7",2019-07-02,19.6544097048611,"Warm"
"D7",2019-07-03,21.8132985451389,"Warm"
"D7",2019-07-04,23.5404514583333,"Warm"
"D7",2019-07-05,26.3363194270833,"Warm"
"D7",2019-07-06,27.2138888715278,"Warm"
"D7",2019-07-07,27.1609028333333,"Warm"
"D7",2019-07-08,26.5050000486111,"Warm"
"D7",2019-07-09,23.5093749583333,"Warm"
"D7",2019-07-10,23.0740624375,"Warm"
"D7",2019-07-11,25.1001041597222,"Warm"
"D7",2019-07-12,21.9263541840278,"Warm"
"D7",2019-07-13,18.4948264166667,"Warm"
"D7",2019-07-14,17.2906596840278,"Warm"
"D7",2019-07-15,16.83815975,"Warm"
"D7",2019-07-16,16.9763194444444,"Warm"
"D7",2019-07-17,16.8317014583333,"Warm"
"D7",2019-07-18,15.7287499861111,"Warm"
"D7",2019-07-19,16.9359027361111,"Warm"
"D7",2019-07-20,17.3462152916667,"Warm"
"D7",2019-07-21,17.1813193819444,"Warm"
"D7",2019-07-22,18.6440972395833,"Warm"
"D7",2019-07-23,20.3944791666667,"Warm"
"D7",2019-07-24,20.97437496875,"Warm"
"D7",2019-07-25,20.8050694618056,"Warm"
"D7",2019-07-26,17.8542014201389,"Warm"
"D7",2019-07-27,14.9417708333333,"Warm"
"D7",2019-07-28,15.1307638958333,"Warm"
"D7",2019-07-29,16.6678125,"Warm"
"D7",2019-07-30,16.24576390625,"Warm"
"D7",2019-07-31,15.5276041319444,"Warm"
"D7",2019-08-01,16.002986125,"Warm"
"D7",2019-08-02,16.7574653159722,"Warm"
"D7",2019-08-03,17.6901040972222,"Warm"
"D7",2019-08-04,18.3661111006944,"Warm"
"D7",2019-08-05,18.6686110590278,"Warm"
"D7",2019-08-06,21.9823035026178,"Warm"
"D7",2019-08-07,23.7089583611111,"Warm"
"D7",2019-08-08,25.0363542152778,"Warm"
"D7",2019-08-09,22.2795833784722,"Warm"
"D7",2019-08-10,18.0032639756944,"Warm"
"D7",2019-08-11,14.8375694444444,"Warm"
"D7",2019-08-12,14.409375,"Warm"
"D7",2019-08-13,14.4673611111111,"Warm"
"D7",2019-08-14,15.14444446875,"Warm"
"D7",2019-08-15,14.7344097291667,"Warm"
"D7",2019-08-16,15.8276388923611,"Warm"
"D7",2019-08-17,16.8148957951389,"Warm"
"D7",2019-08-18,17.085833375,"Warm"
"D7",2019-08-19,17.7364584270833,"Warm"
"D7",2019-08-20,17.7916319652778,"Warm"
"D7",2019-08-21,18.4487500034722,"Warm"
"D7",2019-08-22,20.0706944722222,"Warm"
"D7",2019-08-23,21.0179925836431,"Warm"
"D7",2019-08-24,22.7429166041667,"Warm"
"D7",2019-08-25,23.5885417638889,"Warm"
"D7",2019-08-26,22.2354861215278,"Warm"
"D7",2019-08-27,17.0640069721254,"Warm"
"D7",2019-08-28,16.6672916736111,"Warm"
"D7",2019-08-29,17.3246875034722,"Warm"
"D7",2019-08-30,17.7743055173611,"Warm"
"D7",2019-08-31,18.5497569826389,"Warm"
"D7",2019-09-01,17.3044444027778,"Warm"
"D7",2019-09-02,15.7122916805556,"Warm"
"D7",2019-09-03,15.3022222361111,"Warm"
"D7",2019-09-04,15.9837499861111,"Warm"
"D7",2019-09-05,16.5495138993056,"Warm"
"D7",2019-09-06,15.7862847465278,"Warm"
"D7",2019-09-07,15.4227777604167,"Warm"
"D7",2019-09-08,15.3987847326389,"Warm"
"D7",2019-09-09,15.3737500173611,"Warm"
"D7",2019-09-10,14.6955208333333,"Warm"
"D7",2019-09-11,14.0430902777778,"Warm"
"D7",2019-09-12,15.005520875,"Warm"
"D7",2019-09-13,15.6431597777778,"Warm"
"D7",2019-09-14,16.5103472256944,"Warm"
"D7",2019-09-15,17.1136111111111,"Warm"
"D7",2019-09-16,17.5238888993056,"Warm"
"D7",2019-09-17,17.7272569270833,"Warm"
"D7",2019-09-18,17.2381250243056,"Warm"
"D7",2019-09-19,16.6681250069444,"Warm"
"D7",2019-09-20,17.1222569791667,"Warm"
"D7",2019-09-21,16.8028819618056,"Warm"
"D7",2019-09-22,15.4873958402778,"Warm"
"D7",2019-09-23,15.0353472916667,"Warm"
"D7",2019-09-24,15.5487152881944,"Warm"
"D7",2019-09-25,15.9025,"Warm"
"D7",2019-09-26,16.0593402604167,"Warm"
"D7",2019-09-27,15.8555902951389,"Warm"
"D7",2019-09-28,16.1205208020833,"Warm"
"D7",2019-09-29,15.7234375,"Warm"
"D7",2019-09-30,16.1834374791667,"Warm"
"D7",2019-10-01,16.5265971736111,"Warm"
"D7",2019-10-02,16.4399652534722,"Warm"
"D7",2019-10-03,15.9444791770833,"Warm"
"D7",2019-10-04,14.8921875,"Warm"
"D7",2019-10-05,15.7632639027778,"Warm"
"D7",2019-10-06,15.79260415625,"Warm"
"D7",2019-10-07,14.6310069444444,"Warm"
"D7",2019-10-08,15.4696874895833,"Warm"
"D7",2019-10-09,15.2601388680556,"Warm"
"D7",2019-10-10,14.8013541875,"Warm"
"D7",2019-10-11,14.2043402569444,"Warm"
"D7",2019-10-12,14.9944791666667,"Warm"
"D7",2019-10-13,15.7037847395833,"Warm"
"D7",2019-10-14,15.3286458194444,"Warm"
"D7",2019-10-15,14.7334375,"Warm"
"D7",2019-10-16,12.8859722222222,"Warm"
"D7",2019-10-17,13.2440972222222,"Warm"
"D7",2019-10-18,13.3652777777778,"Warm"
"D7",2019-10-19,13.8884375,"Warm"
"D7",2019-10-20,13.8939930555556,"Warm"
"D7",2019-10-21,13.3233333333333,"Warm"
"D7",2019-10-22,12.8471527777778,"Warm"
"D7",2019-10-23,12.8961111111111,"Warm"
"D7",2019-10-24,13.7776388888889,"Warm"
"D7",2019-10-25,14.1453472222222,"Warm"
"D7",2019-10-26,14.1396180555556,"Warm"
"D7",2019-10-27,14.6429166666667,"Warm"
"D7",2019-10-28,14.893125,"Warm"
"D7",2019-10-29,15.1634029826389,"Warm"
"D7",2019-10-30,16.6430208229167,"Warm"
"D7",2019-10-31,17.1346527569444,"Warm"
"D7",2019-11-01,15.1949999895833,"Warm"
"D7",2019-11-02,14.8477777777778,"Warm"
"D7",2019-11-03,13.919375,"Warm"
"D7",2019-11-04,12.8470833333333,"Warm"
"D7",2019-11-05,12.4534375,"Warm"
"D7",2019-11-06,11.0569791666667,"Warm"
"D7",2019-11-07,9.6828125,"Warm"
"D7",2019-11-08,7.96645833333333,"Warm"
"D7",2019-11-09,8.49319444444444,"Warm"
"D7",2019-11-10,8.79315972222222,"Warm"
"D7",2019-11-11,7.513125,"Warm"
"D7",2019-11-12,7.96097222222222,"Warm"
"D7",2019-11-13,8.74694444444444,"Warm"
"D7",2019-11-14,8.04868055555556,"Warm"
"D7",2019-11-15,6.89458333333333,"Warm"
"D7",2019-11-16,6.59336805555556,"Warm"
"D7",2019-11-17,7.09538194444444,"Warm"
"D7",2019-11-18,7.65875,"Warm"
"D7",2019-11-19,7.09145833333333,"Warm"
"D7",2019-11-20,6.49739583333333,"Warm"
"D7",2019-11-21,6.47552083333333,"Warm"
"D7",2019-11-22,6.65677083333333,"Warm"
"D7",2019-11-23,7.5128125,"Warm"
"D7",2019-11-24,8.18819444444444,"Warm"
"D7",2019-11-25,8.62541666666667,"Warm"
"D7",2019-11-26,9.42819444444444,"Warm"
"D7",2019-11-27,10.9595138888889,"Warm"
"D7",2019-11-28,11.3289930555556,"Warm"
"D7",2019-11-29,12.2263888888889,"Warm"
"D7",2019-11-30,11.2937847222222,"Warm"
"D7",2019-12-01,10.6576388888889,"Warm"
"D7",2019-12-02,9.69944444444444,"Warm"
"D7",2019-12-03,9.276875,"Warm"
"D7",2019-12-04,8.14284722222222,"Warm"
"D7",2019-12-05,7.83902777777778,"Warm"
"D7",2019-12-06,8.17541666666667,"Warm"
"D7",2019-12-07,8.15920138888889,"Warm"
"D7",2019-12-08,8.34104166666667,"Warm"
"D7",2019-12-09,9.1696875,"Warm"
"D7",2019-12-10,8.80979166666667,"Warm"
"D7",2019-12-11,8.04513888888889,"Warm"
"D7",2019-12-12,8.12454861111111,"Warm"
"D7",2019-12-13,10.5488194444444,"Warm"
"D7",2019-12-14,12.9172222222222,"Warm"
"D7",2019-12-15,12.7109722222222,"Warm"
"D7",2019-12-16,11.8254861111111,"Warm"
"D7",2019-12-17,11.9901041666667,"Warm"
"D7",2019-12-18,12.3113928571429,"Warm"
"D7",2019-12-19,11.1545486111111,"Warm"
"D7",2019-12-20,11.9912152777778,"Warm"
"D7",2019-12-21,11.4022222222222,"Warm"
"D7",2019-12-22,11.2079861111111,"Warm"
"D7",2019-12-23,10.6609722222222,"Warm"
"D7",2019-12-24,11.8614930555556,"Warm"
"D7",2019-12-25,12.2609375,"Warm"
"D7",2019-12-26,11.565625,"Warm"
"D7",2019-12-27,10.4364236111111,"Warm"
"D7",2019-12-28,8.91534722222222,"Warm"
"D7",2019-12-29,8.13381944444444,"Warm"
"D7",2019-12-30,7.76118055555556,"Warm"
"D7",2019-12-31,7.73048611111111,"Warm"
"D7",2020-01-01,7.86986111111111,"Warm"
"D7",2020-01-02,7.29260416666667,"Warm"
"D7",2020-01-03,7.53211805555556,"Warm"
"D7",2020-01-04,8.22239583333333,"Warm"
"D7",2020-01-05,8.35201388888889,"Warm"
"D7",2020-01-06,7.30274305555556,"Warm"
"D7",2020-01-07,7.14291666666667,"Warm"
"D7",2020-01-08,8.18048611111111,"Warm"
"D7",2020-01-09,9.58007352941176,"Warm"
"D7",2020-01-10,9.95145833333333,"Warm"
"D7",2020-01-11,8.81482638888889,"Warm"
"D7",2020-01-12,7.13375,"Warm"
"D7",2020-01-13,6.23878472222222,"Warm"
"D7",2020-01-14,6.50677083333333,"Warm"
"D7",2020-01-15,7.09795138888889,"Warm"
"D7",2020-01-16,7.40128472222222,"Warm"
"D7",2020-01-17,7.41902777777778,"Warm"
"D7",2020-01-18,6.91090277777778,"Warm"
"D7",2020-01-19,7.41767361111111,"Warm"
"D7",2020-01-20,6.87295138888889,"Warm"
"D7",2020-01-21,6.65895833333333,"Warm"
"D7",2020-01-22,7.30913194444444,"Warm"
"D7",2020-01-23,8.65336805555556,"Warm"
"D7",2020-01-24,8.635,"Warm"
"D7",2020-01-25,8.20295138888889,"Warm"
"D7",2020-01-26,8.28961805555556,"Warm"
"D7",2020-01-27,7.57506944444444,"Warm"
"D7",2020-01-28,8.2684375,"Warm"
"D7",2020-01-29,8.29774305555556,"Warm"
"D7",2020-01-30,10.0652777777778,"Warm"
"D7",2020-01-31,12.2925694444444,"Warm"
"D7",2020-02-01,11.9131597222222,"Warm"
"D7",2020-02-02,12.6165277777778,"Warm"
"D7",2020-02-03,14.0445486111111,"Warm"
"D7",2020-02-04,14.0932986111111,"Warm"
"D7",2020-02-05,12.3813194444444,"Warm"
"D7",2020-02-06,9.84572916666667,"Warm"
"D7",2020-02-07,8.71006944444444,"Warm"
"D7",2020-02-08,8.50319444444444,"Warm"
"D7",2020-02-09,9.65354166666667,"Warm"
"D7",2020-02-10,12.5916319444444,"Warm"
"D7",2020-02-11,13.9332638888889,"Warm"
"D7",2020-02-12,13.3746527777778,"Warm"
"D7",2020-02-13,12.5194444444444,"Warm"
"D7",2020-02-14,14.1622916666667,"Warm"
"D7",2020-02-15,13.3058680555556,"Warm"
"D7",2020-02-16,13.2526388888889,"Warm"
"D7",2020-02-17,12.0651388888889,"Warm"
"D7",2020-02-18,10.7771527777778,"Warm"
"D7",2020-02-19,10.6332291666667,"Warm"
"D7",2020-02-20,10.6093055555556,"Warm"
"D7",2020-02-21,10.8973611111111,"Warm"
"D7",2020-02-22,11.3185069444444,"Warm"
"D7",2020-02-23,12.1565972222222,"Warm"
"D7",2020-02-24,12.5227777777778,"Warm"
"D7",2020-02-25,11.9183680555556,"Warm"
"D7",2020-02-26,11.4540625,"Warm"
"D7",2020-02-27,10.9856597222222,"Warm"
"D7",2020-02-28,12.8346180555556,"Warm"
"D7",2020-02-29,12.8964930555556,"Warm"
"D7",2020-03-01,12.9327083333333,"Warm"
"D7",2020-03-02,12.4600347222222,"Warm"
"D7",2020-03-03,10.1277777777778,"Warm"
"D7",2020-03-04,9.87958333333333,"Warm"
"D7",2020-03-05,11.1279861111111,"Warm"
"D7",2020-03-06,9.74996527777778,"Warm"
"D7",2020-03-07,9.4353125,"Warm"
"D7",2020-03-08,10.9247916666667,"Warm"
"D7",2020-03-09,11.4052296819788,"Warm"
"D7",2020-03-10,11.9,"Warm"
"D7",2020-03-11,12.3492079207921,"Warm"
"D7",2020-03-13,14.2970454545455,"Warm"
"D7",2020-03-14,13.3100694444444,"Warm"
"D7",2020-03-15,13.2109027777778,"Warm"
"D7",2020-03-16,13.994375,"Warm"
"D7",2020-03-17,14.0228472222222,"Warm"
"D7",2020-03-18,14.8505208541667,"Warm"
"D7",2020-03-19,16.1771528298611,"Warm"
"D7",2020-03-20,17.0235069201389,"Warm"
"D7",2020-03-21,16.6985069236111,"Warm"
"D7",2020-03-22,16.2995833194444,"Warm"
"D7",2020-03-23,15.7159375659722,"Warm"
"D7",2020-03-24,15.11690965625,"Warm"
"D7",2020-03-25,14.4580208333333,"Warm"
"D7",2020-03-26,13.0032986111111,"Warm"
"D7",2020-03-27,11.1401736111111,"Warm"
"D7",2020-03-28,12.71375,"Warm"
"D7",2020-03-29,13.5228819444444,"Warm"
"D7",2020-03-30,11.5040625,"Warm"
"D7",2020-03-31,11.06125,"Warm"
"D7",2020-04-01,13.2461111111111,"Warm"
"D7",2020-04-02,13.3382291666667,"Warm"
"D7",2020-04-03,13.7644791493056,"Warm"
"D7",2020-04-04,14.5559028298611,"Warm"
"D7",2020-04-05,16.1117708611111,"Warm"
"D7",2020-04-06,16.8347916597222,"Warm"
"D7",2020-04-07,17.1223265277778,"Warm"
"D7",2020-04-08,17.2226736145833,"Warm"
"D7",2020-04-09,17.6708680381944,"Warm"
"D7",2020-04-10,19.0830554930556,"Warm"
"D7",2020-04-11,18.9304167291667,"Warm"
"D7",2020-04-12,18.1278819375,"Warm"
"D7",2020-04-13,16.5946527534722,"Warm"
"D7",2020-04-14,17.5106943819444,"Warm"
"D7",2020-04-15,18.6927429965278,"Warm"
"D7",2020-04-16,19.4130554513889,"Warm"
"D7",2020-04-17,19.9557986527778,"Warm"
"D7",2020-04-18,20.5578820486111,"Warm"
"D7",2020-04-19,20.5244444097222,"Warm"
"D7",2020-04-20,18.56847228125,"Warm"
"D7",2020-04-21,17.4833680416667,"Warm"
"D7",2020-04-22,16.3954513784722,"Warm"
"D7",2020-04-23,16.7666318923611,"Warm"
"D7",2020-04-24,18.1378473020833,"Warm"
"D7",2020-04-25,19.4935069131944,"Warm"
"D7",2020-04-26,19.8853472673611,"Warm"
"D7",2020-04-27,19.4913541631944,"Warm"
"D7",2020-04-28,17.9117360868056,"Warm"
"D7",2020-04-29,17.2398957743056,"Warm"
"D7",2020-04-30,18.6373264201389,"Warm"
"D7",2020-05-01,18.5886457777778,"Warm"
"D7",2020-05-02,20.0103818020833,"Warm"
"D7",2020-05-03,22.1017014375,"Warm"
"D7",2020-05-04,23.9012500069444,"Warm"
"D7",2020-05-05,25.8132638229167,"Warm"
"D7",2020-05-06,25.2569791666667,"Warm"
"D7",2020-05-07,25.0105903055556,"Warm"
"D7",2020-05-08,24.5456250173611,"Warm"
"D7",2020-05-09,23.9428472881944,"Warm"
"D7",2020-05-10,21.9118749756944,"Warm"
"D7",2020-05-11,18.5474652708333,"Warm"
"D7",2020-05-12,17.3387499618056,"Warm"
"D7",2020-05-13,17.5511458090278,"Warm"
"D7",2020-05-14,17.8734721284722,"Warm"
"D7",2020-05-15,16.9166668125,"Warm"
"D7",2020-05-16,16.6958681736111,"Warm"
"D7",2020-05-17,18.2416319097222,"Warm"
"D7",2020-05-18,20.6356597222222,"Warm"
"D7",2020-05-19,22.1435069444444,"Warm"
"D7",2020-05-20,23.8648958298611,"Warm"
"D7",2020-05-21,24.7569444375,"Warm"
"D7",2020-05-22,25.9576041284722,"Warm"
"D7",2020-05-23,24.8558333125,"Warm"
"D7",2020-05-24,21.9127431145833,"Warm"
"D7",2020-05-25,23.3670138368056,"Warm"
"D7",2020-05-26,24.5432638611111,"Warm"
"D7",2020-05-27,25.5199305555556,"Warm"
"D7",2020-05-28,26.2294791458333,"Warm"
"D7",2020-05-29,26.2670833715278,"Warm"
"D7",2020-05-30,26.4204514270833,"Warm"
"D7",2020-05-31,26.6341666736111,"Warm"
"D7",2020-06-01,25.8507985833333,"Warm"
"D7",2020-06-02,24.6376737013889,"Warm"
"D7",2020-06-03,23.9595139131944,"Warm"
"D7",2020-06-04,21.7103125590278,"Warm"
"D7",2020-06-05,20.1250694826389,"Warm"
"D7",2020-06-06,21.38309028125,"Warm"
"D7",2020-06-07,19.7237152048611,"Warm"
"D7",2020-06-08,18.7825000277778,"Warm"
"D7",2020-06-09,18.7542707152778,"Warm"
"D7",2020-06-10,18.7878818923611,"Warm"
"D7",2020-06-11,19.6867013402778,"Warm"
"D7",2020-06-12,20.8129861388889,"Warm"
"D7",2020-06-13,21.5444791006944,"Warm"
"D7",2020-06-14,20.4323264548611,"Warm"
"D7",2020-06-15,22.0878125069444,"Warm"
"D7",2020-06-16,21.3132638125,"Warm"
"D7",2020-06-17,19.7147569201389,"Warm"
"D7",2020-06-18,19.5750000173611,"Warm"
"D7",2020-06-19,21.2946876180556,"Warm"
"D7",2020-06-20,23.3088194131944,"Warm"
"D7",2020-06-21,24.306006875,"Warm"
"D7",2020-06-22,25.7257985833333,"Warm"
"D7",2020-06-23,26.4181249236111,"Warm"
"D7",2020-06-24,27.9106944479167,"Warm"
"D7",2020-06-25,27.6283679548611,"Warm"
"D7",2020-06-26,26.5080555555556,"Warm"
"D7",2020-06-27,27.1378472013889,"Warm"
"D7",2020-06-28,26.74069446875,"Warm"
"D7",2020-06-29,24.2294790763889,"Warm"
"D7",2020-06-30,20.9057985243056,"Warm"
"D7",2020-07-01,20.5387846180556,"Warm"
"D7",2020-07-02,19.9476735104167,"Warm"
"D7",2020-07-03,19.5330903194444,"Warm"
"D7",2020-07-04,20.08892359375,"Warm"
"D7",2020-07-05,20.7542708923611,"Warm"
"D7",2020-07-06,20.07343746875,"Warm"
"D7",2020-07-07,20.6394444618056,"Warm"
"D7",2020-07-08,20.7161111076389,"Warm"
"D7",2020-07-09,20.57999996875,"Warm"
"D7",2020-07-10,19.7902429583333,"Warm"
"D7",2020-07-11,19.9299305381944,"Warm"
"D7",2020-07-12,19.8144444236111,"Warm"
"D7",2020-07-13,20.1941319722222,"Warm"
"D7",2020-07-14,20.0293056493056,"Warm"
"D7",2020-07-15,19.8771180486111,"Warm"
"D7",2020-07-16,19.79027778125,"Warm"
"D7",2020-07-17,19.9263193958333,"Warm"
"D7",2020-07-18,20.7844097291667,"Warm"
"D7",2020-07-19,21.2848611180556,"Warm"
"D7",2020-07-20,21.4348958506944,"Warm"
"D7",2020-07-21,21.5694097708333,"Warm"
"D7",2020-07-22,21.55923603125,"Warm"
"D7",2020-07-23,21.3106944791667,"Warm"
"D7",2020-07-24,20.9372569236111,"Warm"
"D7",2020-07-25,21.1817013541667,"Warm"
"D7",2020-07-26,22.5694444826389,"Warm"
"D7",2020-07-27,24.7236805902778,"Warm"
"D7",2020-07-28,20.6096180798611,"Warm"
"D7",2020-07-29,20.2202082465278,"Warm"
"D7",2020-07-30,21.851770875,"Warm"
"D7",2020-07-31,22.5761458472222,"Warm"
"D7",2020-08-01,20.27034725,"Warm"
"D7",2020-08-02,19.8799305138889,"Warm"
"D7",2020-08-03,20.1005902152778,"Warm"
"D7",2020-08-04,20.0993401423611,"Warm"
"D7",2020-08-05,20.1951388819444,"Warm"
"D7",2020-08-06,20.8687500104167,"Warm"
"D7",2020-08-07,21.6300000243056,"Warm"
"D7",2020-08-08,21.7922916111111,"Warm"
"D7",2020-08-09,20.8194097847222,"Warm"
"D7",2020-08-10,20.4094097951389,"Warm"
"D7",2020-08-11,20.5870485416667,"Warm"
"D7",2020-08-12,21.01572921875,"Warm"
"D7",2020-08-13,19.8731597256944,"Warm"
"D7",2020-08-14,20.3548958020833,"Warm"
"D7",2020-08-15,20.5828819305556,"Warm"
"D7",2020-08-16,19.8536457881944,"Warm"
"D7",2020-08-17,19.9445139131944,"Warm"
"D7",2020-08-18,20.2165277604167,"Warm"
"D7",2020-08-19,21.2345138472222,"Warm"
"D7",2020-08-20,21.6191665659722,"Warm"
"D7",2020-08-21,21.4212847743056,"Warm"
"D7",2020-08-22,20.1161804756944,"Warm"
"D7",2020-08-23,20.3346874027778,"Warm"
"D7",2020-08-24,20.4603818854167,"Warm"
"D7",2020-08-25,20.7125694583333,"Warm"
"D7",2020-08-26,20.7447222013889,"Warm"
"D7",2020-08-27,21.0442708854167,"Warm"
"D7",2020-08-28,19.6323263263889,"Warm"
"D7",2020-08-29,18.8195486180556,"Warm"
"D7",2020-08-30,18.2472916493056,"Warm"
"D7",2020-08-31,18.9668402638889,"Warm"
"D7",2020-09-01,18.9646527569444,"Warm"
"D7",2020-09-02,20.0887152673611,"Warm"
"D7",2020-09-03,19.1867360416667,"Warm"
"D7",2020-09-04,19.8981250104167,"Warm"
"D7",2020-09-05,19.9876041527778,"Warm"
"D7",2020-09-06,20.0063889027778,"Warm"
"D7",2020-09-07,19.55899309375,"Warm"
"D7",2020-09-08,18.9994792118056,"Warm"
"D7",2020-09-09,19.5066665833333,"Warm"
"D7",2020-09-10,20.1700694861111,"Warm"
"D7",2020-09-11,20.3434375416667,"Warm"
"D7",2020-09-12,20.2807638819444,"Warm"
"D7",2020-09-13,20.4040624652778,"Warm"
"D7",2020-09-14,20.6236805173611,"Warm"
"D7",2020-09-15,20.1282639270833,"Warm"
"D7",2020-09-16,20.4553124965278,"Warm"
"D7",2020-09-17,20.5536110763889,"Warm"
"D7",2020-09-18,19.8408333159722,"Warm"
"D7",2020-09-19,20.0445833402778,"Warm"
"D7",2020-09-20,20.3095486041667,"Warm"
"D7",2020-09-21,20.1015624583333,"Warm"
"D7",2020-09-22,19.9376389305556,"Warm"
"D7",2020-09-23,19.3434374618056,"Warm"
"D7",2020-09-24,19.9935763854167,"Warm"
"D7",2020-09-25,16.7759375243056,"Warm"
"D7",2020-09-26,14.3813888888889,"Warm"
"D7",2020-09-27,13.9112152777778,"Warm"
"D7",2020-09-28,15.0632986006944,"Warm"
"D7",2020-09-29,18.1871875034722,"Warm"
"D7",2020-09-30,18.2899999375,"Warm"
"D7",2020-10-01,17.787048625,"Warm"
"D7",2020-10-02,15.7516666076389,"Warm"
"D7",2020-10-03,12.9818055555556,"Warm"
"D7",2020-10-04,13.2884375,"Warm"
"D7",2020-10-05,13.8532292291667,"Warm"
"D7",2020-10-06,15.3837153194444,"Warm"
"D7",2020-10-07,17.8508329895833,"Warm"
"D7",2020-10-08,18.4521875381944,"Warm"
"D7",2020-10-09,18.9909375208333,"Warm"
"D7",2020-10-10,19.1395486284722,"Warm"
"D7",2020-10-11,15.7729861180556,"Warm"
"D7",2020-10-12,14.7589236145833,"Warm"
"D7",2020-10-13,14.7484027777778,"Warm"
"D7",2020-10-14,13.6004513888889,"Warm"
"D7",2020-10-15,12.0918402777778,"Warm"
"D7",2020-10-16,11.5661805555556,"Warm"
"D7",2020-10-17,12.7899652777778,"Warm"
"D7",2020-10-18,12.6124305555556,"Warm"
"D7",2020-10-19,12.9779166666667,"Warm"
"D7",2020-10-20,14.4681597604167,"Warm"
"D7",2020-10-21,18.1647222083333,"Warm"
"D7",2020-10-22,18.6419097118056,"Warm"
"D7",2020-10-23,18.2308682430556,"Warm"
"D7",2020-10-24,16.3164930590278,"Warm"
"D7",2020-10-25,14.8977777777778,"Warm"
"D7",2020-10-26,13.8642013888889,"Warm"
"D7",2020-10-27,13.1344097222222,"Warm"
"D7",2020-10-28,14.4861111111111,"Warm"
"D7",2020-10-29,15.3328818819444,"Warm"
"D7",2020-10-30,15.0879513715278,"Warm"
"D7",2020-10-31,14.9790973055556,"Warm"
"D7",2020-11-01,15.2427777847222,"Warm"
"D7",2020-11-02,16.3759376041667,"Warm"
"D7",2020-11-03,16.3965276875,"Warm"
"D7",2020-11-04,13.8403125,"Warm"
"D7",2020-11-05,12.1863194444444,"Warm"
"D7",2020-11-06,13.6633680555556,"Warm"
"D7",2020-11-07,15.2858680486111,"Warm"
"D7",2020-11-08,15.3605555520833,"Warm"
"D7",2020-11-09,14.3434375,"Warm"
"D7",2020-11-10,14.2185069444444,"Warm"
"D7",2020-11-11,12.9477083333333,"Warm"
"D7",2020-11-12,13.1760069444444,"Warm"
"D7",2020-11-13,13.3595138888889,"Warm"
"D7",2020-11-14,13.0815625,"Warm"
"D7",2020-11-15,13.2120486111111,"Warm"
"D7",2020-11-16,14.2516319444444,"Warm"
"D7",2020-11-17,12.9137847222222,"Warm"
"D7",2020-11-18,13.2215625,"Warm"
"D7",2020-11-19,12.9865625,"Warm"
"D7",2020-11-20,12.2107291666667,"Warm"
"D7",2020-11-21,9.95638888888889,"Warm"
"D7",2020-11-22,8.49958333333333,"Warm"
"D7",2020-11-23,8.36232638888889,"Warm"
"D7",2020-11-24,8.43680555555556,"Warm"
"D7",2020-11-25,8.79958333333333,"Warm"
"D7",2020-11-26,8.88013888888889,"Warm"
"D7",2020-11-27,10.0348958333333,"Warm"
"D7",2020-11-28,10.0188888888889,"Warm"
"D7",2020-11-29,9.97,"Warm"
"D7",2020-11-30,10.3733333333333,"Warm"
"D7",2020-12-01,9.99357638888889,"Warm"
"D7",2020-12-02,8.726875,"Warm"
"D7",2020-12-03,7.56475694444444,"Warm"
"D7",2020-12-04,7.54142361111111,"Warm"
"D7",2020-12-05,6.80159722222222,"Warm"
"D7",2020-12-06,6.93315972222222,"Warm"
"D7",2020-12-07,6.95642361111111,"Warm"
"D7",2020-12-08,7.10930555555556,"Warm"
"D7",2020-12-09,7.09649305555556,"Warm"
"D7",2020-12-10,7.18319444444444,"Warm"
"D7",2020-12-11,8.19708333333333,"Warm"
"D7",2020-12-12,9.56618055555555,"Warm"
"D7",2020-12-13,9.14409722222222,"Warm"
"D7",2020-12-14,10.2694444444444,"Warm"
"D7",2020-12-15,10.4453125,"Warm"
"D7",2020-12-16,8.64805555555555,"Warm"
"D7",2020-12-17,7.62930555555556,"Warm"
"D7",2020-12-18,7.67600694444444,"Warm"
"D7",2020-12-19,8.14822916666667,"Warm"
"D7",2020-12-20,9.00222222222222,"Warm"
"D7",2020-12-21,8.61128472222222,"Warm"
"D7",2020-12-22,10.3291319444444,"Warm"
"D7",2020-12-23,11.0222916666667,"Warm"
"D7",2020-12-24,11.3290277777778,"Warm"
"D7",2020-12-25,8.69586805555556,"Warm"
"D7",2020-12-26,6.56385416666667,"Warm"
"D7",2020-12-27,4.99298611111111,"Warm"
"D7",2020-12-28,5.47708333333333,"Warm"
"D7",2020-12-29,5.78871527777778,"Warm"
"D7",2020-12-30,6.14302083333333,"Warm"
"D7",2020-12-31,6.36795138888889,"Warm"
"D7",2021-01-01,7.19215277777778,"Warm"
"D7",2021-01-02,6.71072916666667,"Warm"
"D7",2021-01-03,5.62895833333333,"Warm"
"D7",2021-01-04,5.44333333333333,"Warm"
"D7",2021-01-05,5.32861111111111,"Warm"
"D7",2021-01-06,5.01454861111111,"Warm"
"D7",2021-01-07,6.97434027777778,"Warm"
"D7",2021-01-08,11.6857638888889,"Warm"
"D7",2021-01-09,5.15600694444444,"Warm"
"D7",2021-01-10,3.11885416666667,"Warm"
"D7",2021-01-11,3.16621527777778,"Warm"
"D7",2021-01-12,3.27444444444444,"Warm"
"D7",2021-01-13,3.76506944444444,"Warm"
"D7",2021-01-14,5.47475694444444,"Warm"
"D7",2021-01-15,7.61836805555556,"Warm"
"D7",2021-01-16,7.13434027777778,"Warm"
"D7",2021-01-17,7.54489583333333,"Warm"
"D7",2021-01-18,8.18045138888889,"Warm"
"D7",2021-01-19,7.24489583333333,"Warm"
"D7",2021-01-20,7.68069444444444,"Warm"
"D7",2021-01-21,8.95322916666667,"Warm"
"D7",2021-01-22,9.12423611111111,"Warm"
"D7",2021-01-23,8.06579861111111,"Warm"
"D7",2021-01-24,8.26059027777778,"Warm"
"D7",2021-01-25,8.40916666666667,"Warm"
"D7",2021-01-26,8.03152777777778,"Warm"
"D7",2021-01-27,9.93954861111111,"Warm"
"D7",2021-01-28,12.3087847222222,"Warm"
"D7",2021-01-29,12.3217013888889,"Warm"
"D7",2021-01-30,11.5542708333333,"Warm"
"D7",2021-01-31,11.0017361111111,"Warm"
"D7",2021-02-01,11.4901736111111,"Warm"
"D7",2021-02-02,12.7686111111111,"Warm"
"D7",2021-02-03,13.0364236111111,"Warm"
"D7",2021-02-04,13.3791666666667,"Warm"
"D7",2021-02-05,13.8779513888889,"Warm"
"D7",2021-02-06,13.3022569444444,"Warm"
"D7",2021-02-07,12.2393055555556,"Warm"
"D7",2021-02-08,10.6729513888889,"Warm"
"D7",2021-02-09,9.70972111553785,"Warm"
"D7",2021-02-10,9.04951351351351,"Warm"
"D7",2021-02-13,10.9418045112782,"Warm"
"D7",2021-02-14,10.5842361111111,"Warm"
"D7",2021-02-15,10.4118402777778,"Warm"
"D7",2021-02-16,11.2759027777778,"Warm"
"D7",2021-02-17,12.8223693379791,"Warm"
"D7",2021-02-18,12.8051041666667,"Warm"
"D7",2021-02-19,12.5577777777778,"Warm"
"D7",2021-02-20,12.5494444444444,"Warm"
"D7",2021-02-21,12.7879166666667,"Warm"
"D7",2021-02-22,12.7398611111111,"Warm"
"D7",2021-02-23,12.8710416666667,"Warm"
"D7",2021-02-24,14.0116667222222,"Warm"
"D7",2021-02-25,13.8694097222222,"Warm"
"D7",2021-02-26,13.8996527777778,"Warm"
"D7",2021-02-27,14.5830555555556,"Warm"
"D7",2021-02-28,13.8545486111111,"Warm"
"D7",2021-03-01,12.8223611111111,"Warm"
"D7",2021-03-02,12.6438541666667,"Warm"
"D7",2021-03-03,12.5971180555556,"Warm"
"D7",2021-03-04,13.3412152777778,"Warm"
"D7",2021-03-05,14.4282638888889,"Warm"
"D7",2021-03-06,13.2546180555556,"Warm"
"D7",2021-03-07,11.8161458333333,"Warm"
"D7",2021-03-08,11.4186805555556,"Warm"
"D7",2021-03-09,10.9219444444444,"Warm"
"D7",2021-03-10,10.4269791666667,"Warm"
"D7",2021-03-11,13.0315625,"Warm"
"D7",2021-03-12,13.9952430555556,"Warm"
"D7",2021-03-13,12.0037847222222,"Warm"
"D7",2021-03-14,11.8341319444444,"Warm"
"D7",2021-03-15,10.60875,"Warm"
"D7",2021-03-16,11.5041666666667,"Warm"
"D7",2021-03-17,12.9071875,"Warm"
"D7",2021-03-18,12.4352083333333,"Warm"
"D7",2021-03-19,9.91371527777778,"Warm"
"D7",2021-03-20,8.4975,"Warm"
"D7",2021-03-21,8.39534722222222,"Warm"
"D7",2021-03-22,10.99625,"Warm"
"D7",2021-03-23,12.3475347222222,"Warm"
"D7",2021-03-24,13.3351388923611,"Warm"
"D7",2021-03-25,14.4947916736111,"Warm"
"D7",2021-03-26,14.5036458611111,"Warm"
"D7",2021-03-27,14.8817013888889,"Warm"
"D7",2021-03-28,14.2736805208333,"Warm"
"D7",2021-03-29,16.29312503125,"Warm"
"D7",2021-03-30,17.8211805381944,"Warm"
"D7",2021-03-31,18.8983333506944,"Warm"
"D7",2021-04-01,18.9507291944444,"Warm"
"D7",2021-04-02,18.8400000486111,"Warm"
"D7",2021-04-03,18.3358333541667,"Warm"
"D7",2021-04-04,17.1506944722222,"Warm"
"D7",2021-04-05,16.421423625,"Warm"
"D7",2021-04-06,16.5090624791667,"Warm"
"D7",2021-04-07,14.9718402673611,"Warm"
"D7",2021-04-08,13.9550347083333,"Warm"
"D7",2021-04-09,14.9351042743056,"Warm"
"D7",2021-04-10,14.7937500034722,"Warm"
"D7",2021-04-11,13.6714236111111,"Warm"
"D7",2021-04-12,13.1531944444444,"Warm"
"D7",2021-04-13,13.8878125,"Warm"
"D7",2021-04-14,14.1241666527778,"Warm"
"D7",2021-04-15,14.5877082916667,"Warm"
"D7",2021-04-16,14.5757986145833,"Warm"
"D7",2021-04-17,14.0550694444444,"Warm"
"D7",2021-04-18,13.8378125,"Warm"
"D7",2021-04-19,14.9339236354167,"Warm"
"D7",2021-04-20,15.91204859375,"Warm"
"D7",2021-04-21,15.8558680451389,"Warm"
"D7",2021-04-22,16.5138541493056,"Warm"
"D7",2021-04-23,17.3917707777778,"Warm"
"D7",2021-04-24,19.1094444305556,"Warm"
"D7",2021-04-25,19.2996527430556,"Warm"
"D7",2021-04-26,17.7830556493056,"Warm"
"D7",2021-04-27,16.9406944097222,"Warm"
"D7",2021-04-28,16.4486459131944,"Warm"
"D7",2021-04-29,15.2544444375,"Warm"
"D7",2021-04-30,14.3724305555556,"Warm"
"D7",2021-05-01,13.5654513888889,"Warm"
"D7",2021-05-02,13.7134722222222,"Warm"
"D7",2021-05-03,14.683541625,"Warm"
"D7",2021-05-04,16.9515624756944,"Warm"
"D7",2021-05-05,18.8686111284722,"Warm"
"D7",2021-05-06,18.3433680833333,"Warm"
"D7",2021-05-07,19.7870138784722,"Warm"
"D7",2021-05-08,21.3437499270833,"Warm"
"D7",2021-05-09,22.4338888645833,"Warm"
"D7",2021-05-10,21.0045486041667,"Warm"
"D7",2021-05-11,18.6065625104167,"Warm"
"D7",2021-05-12,16.5308680451389,"Warm"
"D7",2021-05-13,17.1203124652778,"Warm"
"D7",2021-05-14,17.97239584375,"Warm"
"D7",2021-05-15,18.1178819097222,"Warm"
"D7",2021-05-16,18.2245484965278,"Warm"
"D7",2021-05-17,18.0120138506944,"Warm"
"D7",2021-05-18,18.6255556284722,"Warm"
"D7",2021-05-19,19.3792013784722,"Warm"
"D7",2021-05-20,20.78243053125,"Warm"
"D7",2021-05-21,20.9439582777778,"Warm"
"D7",2021-05-22,19.4089930208333,"Warm"
"D7",2021-05-23,17.19416665625,"Warm"
"D7",2021-05-24,15.7813194513889,"Warm"
"D7",2021-05-25,14.9261805555556,"Warm"
"D7",2021-05-26,17.1381943993056,"Warm"
"D7",2021-05-27,19.8378471909722,"Warm"
"D7",2021-05-28,21.5163194027778,"Warm"
"D7",2021-05-29,21.6675346423611,"Warm"
"D7",2021-05-30,23.5064237118056,"Warm"
"D7",2021-05-31,24.0023264131944,"Warm"
"D7",2021-06-01,24.5094444201389,"Warm"
"D7",2021-06-02,23.1553125416667,"Warm"
"D7",2021-06-03,23.7642361145833,"Warm"
"D7",2021-06-04,23.0726389131944,"Warm"
"D7",2021-06-05,21.8935070625,"Warm"
"D7",2021-06-06,23.3469096423611,"Warm"
"D7",2021-06-07,23.3957986319444,"Warm"
"D7",2021-06-08,22.6061111041667,"Warm"
"D7",2021-06-09,22.9936805625,"Warm"
"D7",2021-06-10,24.0269790763889,"Warm"
"D7",2021-06-11,23.0041667291667,"Warm"
"D7",2021-06-12,23.1755554791667,"Warm"
"D7",2021-06-13,24.1987153576389,"Warm"
"D7",2021-06-14,23.81861115625,"Warm"
"D7",2021-06-15,23.6045833680556,"Warm"
"D7",2021-06-16,23.6201735625,"Warm"
"D7",2021-06-17,22.6972569930556,"Warm"
"D7",2021-06-18,22.28583334375,"Warm"
"D7",2021-06-19,23.2912500694444,"Warm"
"D7",2021-06-20,23.0300695069444,"Warm"
"D7",2021-06-21,22.2453124305556,"Warm"
"D7",2021-06-22,21.8998264097222,"Warm"
"D7",2021-06-23,20.5782638055556,"Warm"
"D7",2021-06-24,20.0412499201389,"Warm"
"D7",2021-06-25,22.2306250729167,"Warm"
"D7",2021-06-26,22.9747222708333,"Warm"
"D7",2021-06-27,22.2164929236111,"Warm"
"D7",2021-06-28,21.3774653645833,"Warm"
"D7",2021-06-29,21.568576375,"Warm"
"D7",2021-06-30,22.2998959444444,"Warm"
"D7",2021-07-01,23.00524303125,"Warm"
"D7",2021-07-02,23.15472221875,"Warm"
"D7",2021-07-03,20.74500003125,"Warm"
"D7",2021-07-04,20.2473610694444,"Warm"
"D7",2021-07-05,21.13322925,"Warm"
"D7",2021-07-06,20.4869097916667,"Warm"
"D7",2021-07-07,20.2697915659722,"Warm"
"D7",2021-07-08,19.8587152118056,"Warm"
"D7",2021-07-09,20.9171875138889,"Warm"
"D7",2021-07-10,20.2165625486111,"Warm"
"D7",2021-07-11,21.15315975,"Warm"
"D7",2021-07-12,20.2217361493056,"Warm"
"D7",2021-07-13,19.0563542256944,"Warm"
"D7",2021-07-14,19.6448958645833,"Warm"
"D7",2021-07-15,19.9496528680556,"Warm"
"D7",2021-07-16,19.8007986319444,"Warm"
"D7",2021-07-17,20.8815277708333,"Warm"
"D7",2021-07-18,21.1288541736111,"Warm"
"D7",2021-07-19,21.5245390141844,"Warm"
"D7",2021-07-20,20.9506597430556,"Warm"
"D7",2021-07-21,21.2548264861111,"Warm"
"D7",2021-07-22,21.8150000208333,"Warm"
"D7",2021-07-23,21.4052430729167,"Warm"
"D7",2021-07-24,20.0930208611111,"Warm"
"D7",2021-07-25,20.00684015625,"Warm"
"D7",2021-07-26,20.1222217986111,"Warm"
"D7",2021-07-27,19.9681945208333,"Warm"
"D7",2021-07-28,20.1318947578947,"Warm"
"D7",2021-07-29,20.5381249965278,"Warm"
"D7",2021-07-30,20.0215972777778,"Warm"
"D7",2021-07-31,19.7019098090278,"Warm"
"D7",2021-08-01,19.3670832777778,"Warm"
"D7",2021-08-02,19.8502778194444,"Warm"
"D7",2021-08-03,20.0508456580882,"Warm"
"D7",2021-08-04,20.3111459340278,"Warm"
"D7",2021-08-05,20.4196181631944,"Warm"
"D7",2021-08-06,20.1224652743056,"Warm"
"D7",2021-08-07,19.9563889895833,"Warm"
"D7",2021-08-08,19.6923611145833,"Warm"
"D7",2021-08-09,20.1036111006944,"Warm"
"D7",2021-08-10,21.1894792152778,"Warm"
"D7",2021-08-11,21.775729125,"Warm"
"D7",2021-08-12,21.9873263645833,"Warm"
"D7",2021-08-13,21.2565971909722,"Warm"
"D7",2021-08-14,21.5427778229167,"Warm"
"D7",2021-08-15,20.34649303125,"Warm"
"D7",2021-08-16,19.9913889444444,"Warm"
"D7",2021-08-17,19.9380555972222,"Warm"
"D7",2021-08-18,19.8303818576389,"Warm"
"D7",2021-08-19,19.8407986493056,"Warm"
"D7",2021-08-20,20.7968055347222,"Warm"
"D7",2021-08-21,20.2379166805556,"Warm"
"D7",2021-08-22,19.9031943402778,"Warm"
"D7",2021-08-23,20.1182291145833,"Warm"
"D7",2021-08-24,20.0307638402778,"Warm"
"D7",2021-08-25,20.2060416319444,"Warm"
"D7",2021-08-26,20.7224305173611,"Warm"
"D7",2021-08-27,20.5987499652778,"Warm"
"D7",2021-08-28,20.0028125555556,"Warm"
"D7",2021-08-29,19.7717707986111,"Warm"
"D7",2021-08-30,19.635104125,"Warm"
"D7",2021-08-31,20.2426388888889,"Warm"
"D7",2021-09-01,19.848159875,"Warm"
"D7",2021-09-02,19.8046528333333,"Warm"
"D7",2021-09-03,20.2610069548611,"Warm"
"D7",2021-09-04,20.4957987083333,"Warm"
"D7",2021-09-05,20.5944444270833,"Warm"
"D7",2021-09-13,20.5390858571429,"Warm"
"D7",2021-09-14,20.0732986145833,"Warm"
"D7",2021-09-15,20.2140277847222,"Warm"
"D7",2021-09-16,20.0718056215278,"Warm"
"D7",2021-09-17,20.2713888854167,"Warm"
"D7",2021-09-18,19.8658332708333,"Warm"
"D7",2021-09-19,18.9134027430556,"Warm"
"D7",2021-09-20,19.6303124479167,"Warm"
"D7",2021-09-21,17.6007986215278,"Warm"
"D7",2021-09-22,17.7322569722222,"Warm"
"D7",2021-09-23,20.0492361840278,"Warm"
"D7",2021-09-24,19.8176042708333,"Warm"
"D7",2021-09-25,20.0414583958333,"Warm"
"D7",2021-09-26,19.8160763333333,"Warm"
"D7",2021-09-27,19.635243125,"Warm"
"D7",2021-09-28,19.7524652708333,"Warm"
"D7",2021-09-29,19.9130208645833,"Warm"
"D7",2021-09-30,19.8301041631944,"Warm"
"D7",2021-10-01,18.8400347048611,"Warm"
"D7",2021-10-02,19.4374652326389,"Warm"
"D7",2021-10-03,19.4623957777778,"Warm"
"D7",2021-10-04,17.8401388923611,"Warm"
"D7",2021-10-05,16.70600696875,"Warm"
"D7",2021-10-06,17.4486458159722,"Warm"
"D7",2021-10-07,17.8125000347222,"Warm"
"D7",2021-10-08,17.0527430555556,"Warm"
"D7",2021-10-09,18.1360067881944,"Warm"
"D7",2021-10-10,19.1411457465278,"Warm"
"D7",2021-10-11,18.4314236493056,"Warm"
"D7",2021-10-12,16.4194096944444,"Warm"
"D7",2021-10-13,15.7049305138889,"Warm"
"D7",2021-10-14,15.0255902847222,"Warm"
"D7",2021-10-15,14.8778819340278,"Warm"
"D7",2021-10-16,16.3527082951389,"Warm"
"D7",2021-10-17,15.7143750763889,"Warm"
"D7",2021-10-18,16.035729125,"Warm"
"D7",2021-10-19,17.0669444375,"Warm"
"D7",2021-10-20,18.2069792430556,"Warm"
"D7",2021-10-21,18.6189930520833,"Warm"
"D7",2021-10-22,17.0910416840278,"Warm"
"D7",2021-10-23,16.7164931111111,"Warm"
"D7",2021-10-24,14.5898958333333,"Warm"
"D7",2021-10-25,13.5808680555556,"Warm"
"D7",2021-10-26,14.1942013888889,"Warm"
"D7",2021-10-27,14.3861805555556,"Warm"
"D7",2021-10-28,14.0597569444444,"Warm"
"D7",2021-10-29,14.0496527777778,"Warm"
"D7",2021-10-30,15.3491319340278,"Warm"
"D7",2021-10-31,16.7572667766667,"Warm"
"D7",2021-11-01,16.3249304340278,"Warm"
"D7",2021-11-02,14.5805902777778,"Warm"
"D7",2021-11-03,13.8839583333333,"Warm"
"D7",2021-11-04,11.8554513888889,"Warm"
"D7",2021-11-05,10.8493055555556,"Warm"
"D7",2021-11-06,9.30875,"Warm"
"D7",2021-11-07,8.64395833333333,"Warm"
"D7",2021-11-08,10.7444791666667,"Warm"
"D7",2021-11-09,11.0425694444444,"Warm"
"D7",2021-11-10,9.34138888888889,"Warm"
"D7",2021-11-11,10.0129166666667,"Warm"
"D7",2021-11-12,10.8438541666667,"Warm"
"D7",2021-11-13,12.0796875,"Warm"
"D7",2021-11-14,12.3017708333333,"Warm"
"D7",2021-11-15,11.2652777777778,"Warm"
"D7",2021-11-16,10.7660416666667,"Warm"
"D7",2021-11-17,10.1654166666667,"Warm"
"D7",2021-11-18,9.77649305555556,"Warm"
"D7",2021-11-19,9.15322916666667,"Warm"
"D7",2021-11-20,8.77482638888889,"Warm"
"D7",2021-11-21,9.46621527777778,"Warm"
"D7",2021-11-22,10.3853472222222,"Warm"
"D7",2021-11-23,9.82729166666667,"Warm"
"D7",2021-11-24,9.50711805555556,"Warm"
"D7",2021-11-25,9.71756944444444,"Warm"
"D7",2021-11-26,9.52628472222222,"Warm"
"D7",2021-11-27,8.24440972222222,"Warm"
"D7",2021-11-28,6.96489583333333,"Warm"
"D7",2021-11-29,5.99229166666667,"Warm"
"D7",2021-11-30,6.14920138888889,"Warm"
"D7",2021-12-01,6.48128472222222,"Warm"
"D7",2021-12-02,7.28013888888889,"Warm"
"D7",2021-12-03,6.905,"Warm"
"D7",2021-12-04,7.63489583333333,"Warm"
"D7",2021-12-05,7.47315972222222,"Warm"
"D7",2021-12-13,8.75792134831461,"Warm"
"D7",2021-12-14,8.49069444444445,"Warm"
"D7",2021-12-15,8.53711805555556,"Warm"
"D7",2021-12-16,8.36333333333333,"Warm"
"D7",2021-12-17,8.23277777777778,"Warm"
"D7",2021-12-18,8.33357638888889,"Warm"
"D7",2021-12-19,7.95736111111111,"Warm"
"D7",2021-12-20,7.71795138888889,"Warm"
"D7",2021-12-21,7.77454861111111,"Warm"
"D7",2021-12-22,8.880625,"Warm"
"D7",2021-12-23,9.43635416666667,"Warm"
"D7",2021-12-24,10.1837152777778,"Warm"
"D7",2021-12-25,10.7647916666667,"Warm"
"D7",2021-12-26,10.5418402777778,"Warm"
"D7",2021-12-27,10.9913888888889,"Warm"
"D7",2021-12-28,11.7458333333333,"Warm"
"D7",2021-12-29,13.3300347222222,"Warm"
"D7",2021-12-30,14.0398611111111,"Warm"
"D7",2021-12-31,12.8732986111111,"Warm"
"D7",2022-01-01,12.3092013888889,"Warm"
"D7",2022-01-02,11.9547916666667,"Warm"
"D7",2022-01-03,11.5982638888889,"Warm"
"D7",2022-01-04,11.5308333333333,"Warm"
"D7",2022-01-05,10.8771527777778,"Warm"
"D7",2022-01-06,8.416875,"Warm"
"D7",2022-01-07,6.41760416666667,"Warm"
"D7",2022-01-08,6.93649305555556,"Warm"
"D7",2022-01-09,8.42715277777778,"Warm"
"D7",2022-01-18,7.1472619047619,"Warm"
"D7",2022-01-19,6.17121527777778,"Warm"
"D7",2022-01-20,6.84822916666667,"Warm"
"D7",2022-01-21,6.98059027777778,"Warm"
"D7",2022-01-22,6.19045138888889,"Warm"
"D7",2022-01-23,6.110625,"Warm"
"D7",2022-01-24,6.47559027777778,"Warm"
"D7",2022-01-25,6.92034722222222,"Warm"
"D7",2022-01-26,7.24239583333333,"Warm"
"D7",2022-01-27,7.39326388888889,"Warm"
"D7",2022-01-28,7.11302083333333,"Warm"
"D7",2022-01-29,6.73833333333333,"Warm"
"D7",2022-01-30,7.32493055555556,"Warm"
"D7",2022-01-31,7.59086805555556,"Warm"
"D7",2022-02-01,7.95784722222222,"Warm"
"D7",2022-02-02,8.41645833333333,"Warm"
"D7",2022-02-03,9.00621527777778,"Warm"
"D7",2022-02-04,9.76329861111111,"Warm"
"D7",2022-02-05,10.5803472222222,"Warm"
"D7",2022-02-06,9.11340277777778,"Warm"
"D7",2022-02-07,9.170625,"Warm"
"D7",2022-02-08,10.7254166666667,"Warm"
"D7",2022-02-09,10.8640972222222,"Warm"
"D7",2022-02-10,11.0744097222222,"Warm"
"D7",2022-02-11,11.4012152777778,"Warm"
"D7",2022-02-12,11.0289930555556,"Warm"
"D7",2022-02-13,11.3478472222222,"Warm"
"D7",2022-02-14,11.9246180555556,"Warm"
"D7",2022-02-15,11.0061111111111,"Warm"
"D7",2022-02-16,11.0855902777778,"Warm"
"D7",2022-02-17,12.0642452830189,"Warm"
"D7",2022-02-18,15.1542465753425,"Warm"
"D7",2022-02-19,12.9621875,"Warm"
"D7",2022-02-20,11.0562152777778,"Warm"
"D7",2022-02-21,12.1983680555556,"Warm"
"D7",2022-02-22,12.4300694444444,"Warm"
"D7",2022-02-23,11.9057638888889,"Warm"
"D7",2022-02-24,12.1034615384615,"Warm"
"D7",2022-02-25,12.259375,"Warm"
"D7",2022-02-26,10.4255902777778,"Warm"
"D7",2022-02-27,9.78399305555556,"Warm"
"D7",2022-02-28,11.5196875,"Warm"
"D7",2022-03-01,11.8601736111111,"Warm"
"D7",2022-03-02,11.6702325581395,"Warm"
"D7",2022-03-04,12.2804950495049,"Warm"
"D7",2022-03-05,11.593125,"Warm"
"D7",2022-03-06,10.9360763888889,"Warm"
"D7",2022-03-07,11.3200694444444,"Warm"
"D7",2022-03-08,10.8049305555556,"Warm"
"D7",2022-03-09,11.3973958333333,"Warm"
"D7",2022-03-10,12.2673263888889,"Warm"
"D7",2022-03-11,12.3269444444444,"Warm"
"D7",2022-03-12,12.8984375,"Warm"
"D7",2022-03-13,11.5307291666667,"Warm"
"D7",2022-03-14,9.92899305555556,"Warm"
"D7",2022-03-15,11.5579166666667,"Warm"
"D7",2022-03-16,12.9686458333333,"Warm"
"D7",2022-03-17,13.6041319444444,"Warm"
"D7",2022-03-18,12.8125694444444,"Warm"
"D7",2022-03-19,12.7726388888889,"Warm"
"D7",2022-03-20,14.0002430555556,"Warm"
"D7",2022-03-21,15.7568159154229,"Warm"
"D7",2022-03-22,15.2106250208333,"Warm"
"D7",2022-03-23,14.9440972361111,"Warm"
"D7",2022-03-24,14.7534722048611,"Warm"
"D7",2022-03-25,15.5121874791667,"Warm"
"D7",2022-03-26,15.9253819201389,"Warm"
"D7",2022-03-27,15.4243477753623,"Warm"
"D7",2022-03-28,15.9181945,"Warm"
"D7",2022-03-29,16.3033679895833,"Warm"
"D7",2022-03-30,15.6864236631944,"Warm"
"D7",2022-03-31,13.6096527777778,"Warm"
"D7",2022-04-01,10.664375,"Warm"
"D7",2022-04-02,7.89954861111111,"Warm"
"D7",2022-04-03,7.43475694444444,"Warm"
"D7",2022-04-04,8.80951388888889,"Warm"
"D7",2022-04-05,10.2611805555556,"Warm"
"D7",2022-04-06,11.4549305555556,"Warm"
"D7",2022-04-07,12.7867361111111,"Warm"
"D7",2022-04-08,15.9544444861111,"Warm"
"D7",2022-04-09,15.9746180173611,"Warm"
"D7",2022-04-10,15.048923625,"Warm"
"D7",2022-04-11,16.3219444444444,"Warm"
"D7",2022-04-12,16.9101735972222,"Warm"
"D7",2022-04-13,16.5737848680556,"Warm"
"D7",2022-04-14,16.7596875486111,"Warm"
"D7",2022-04-15,18.2070139722222,"Warm"
"D7",2022-04-16,19.9782985833333,"Warm"
"D7",2022-04-17,20.1666666493056,"Warm"
"D7",2022-04-18,20.7827084513889,"Warm"
"D7",2022-04-19,18.6078819652778,"Warm"
"D7",2022-04-20,15.2362499861111,"Warm"
"D7",2022-04-21,14.3405902777778,"Warm"
"D7",2022-04-22,14.7104513888889,"Warm"
"D7",2022-04-23,15.1132986111111,"Warm"
"D7",2022-04-24,14.9984028402778,"Warm"
"D7",2022-04-25,16.0803819479167,"Warm"
"D7",2022-04-26,17.652951375,"Warm"
"D7",2022-04-27,18.8390972916667,"Warm"
"D7",2022-04-28,18.9677429965278,"Warm"
"D7",2022-04-29,19.6247222152778,"Warm"
"D7",2022-04-30,20.7688543125,"Warm"
"D7",2022-05-01,20.0859722083333,"Warm"
"D7",2022-05-02,19.4836804895833,"Warm"
"D7",2022-05-03,17.999340125,"Warm"
"D7",2022-05-04,17.2140624861111,"Warm"
"D7",2022-05-05,16.6072916458333,"Warm"
"D7",2022-05-06,17.1936804756944,"Warm"
"D7",2022-05-07,18.9674305034722,"Warm"
"D7",2022-05-08,20.2264236180556,"Warm"
"D7",2022-05-09,20.79850690625,"Warm"
"D7",2022-05-10,22.5693402465278,"Warm"
"D7",2022-05-11,23.9470485208333,"Warm"
"D7",2022-05-12,24.5708681111111,"Warm"
"D7",2022-05-13,24.6454166006944,"Warm"
"D7",2022-05-14,25.06642359375,"Warm"
"D7",2022-05-15,25.9289234965278,"Warm"
"D7",2022-05-16,27.0150348472222,"Warm"
"D7",2022-05-17,26.8466319236111,"Warm"
"D7",2022-05-18,27.9935764548611,"Warm"
"D7",2022-05-19,27.8248959375,"Warm"
"D7",2022-05-20,28.2358679965278,"Warm"
"D7",2022-05-21,29.1781944583333,"Warm"
"D7",2022-05-22,27.9130207048611,"Warm"
"D7",2022-05-23,24.7622167830189,"Warm"
"D7",2022-05-24,22.7392753188406,"Warm"
"D7",2022-05-25,19.4828946754386,"Warm"
"D7",2022-05-26,18.8959027152778,"Warm"
"D7",2022-05-27,20.8288194583333,"Warm"
"D7",2022-05-28,23.2817361944444,"Warm"
"D7",2022-05-29,24.9216667534722,"Warm"
"D7",2022-05-30,23.8020137465278,"Warm"
"D7",2022-05-31,24.4860415729167,"Warm"
"D7",2022-06-01,25.3442360173611,"Warm"
"D7",2022-06-02,27.194159996,"Warm"
"D7",2022-06-05,26.9226751273885,"Warm"
"D7",2022-06-06,24.2656250868056,"Warm"
"D7",2022-06-07,24.0521526458333,"Warm"
"D7",2022-06-08,22.6831944409722,"Warm"
"D7",2022-06-09,22.76749996875,"Warm"
"D7",2022-06-10,24.0626388854167,"Warm"
"D7",2022-06-11,25.9457986354167,"Warm"
"D7",2022-06-12,27.3262845694444,"Warm"
"D7",2022-06-20,31.7880405202703,"Warm"
"D7",2022-06-21,28.1711004832536,"Warm"
"D7",2022-06-22,27.466011875,"Warm"
"D7",2022-06-23,25.9623611423611,"Warm"
"D7",2022-06-24,25.2642708680556,"Warm"
"D7",2022-06-25,23.6726736493056,"Warm"
"D7",2022-06-26,22.3170485590278,"Warm"
"D7",2022-06-27,20.1602083125,"Warm"
"D7",2022-06-28,21.0086426892857,"Warm"
"D7",2022-06-29,26.9943332666667,"Warm"
"D7",2022-06-30,23.8907777555556,"Warm"
"D7",2022-07-01,21.780456045614,"Warm"
"D7",2022-07-02,23.3214583506944,"Warm"
"D7",2022-07-03,26.0533681041667,"Warm"
"D7",2022-07-18,31.1876923397436,"Warm"
"D7",2022-07-19,29.0207317247387,"Warm"
"D7",2022-07-20,28.4867014652778,"Warm"
"D7",2022-07-21,28.7260417083333,"Warm"
"D7",2022-07-22,27.7515624548611,"Warm"
"D7",2022-07-23,25.5883681006944,"Warm"
"D7",2022-07-24,26.2129513784722,"Warm"
"D7",2022-07-25,27.4992156764706,"Warm"
"D7",2022-07-26,24.6052381428571,"Warm"
"D7",2022-07-27,23.8656250138889,"Warm"
"D7",2022-07-28,24.6101470772059,"Warm"
"D7",2022-07-29,23.7269097256944,"Warm"
"D7",2022-07-30,23.4925347118056,"Warm"
"D7",2022-07-31,26.3665972534722,"Warm"
"D7",2022-08-08,28.4010697106918,"Warm"
"D7",2022-08-09,29.1516328368056,"Warm"
"D7",2022-08-10,27.2395833090278,"Warm"
"D7",2022-08-11,28.06093746875,"Warm"
"D7",2022-08-12,28.59815975,"Warm"
"D7",2022-08-13,27.8887499930556,"Warm"
"D7",2022-08-14,27.7607291180556,"Warm"
"D7",2022-08-15,25.9773421012658,"Warm"
"D7",2022-08-16,24.0777844730539,"Warm"
"D7",2022-08-17,22.805217447205,"Warm"
"D7",2022-08-18,21.7163889375,"Warm"
"D7",2022-08-19,22.9395833159722,"Warm"
"D7",2022-08-20,25.3672572430556,"Warm"
"D7",2022-08-21,25.2206254375,"Warm"
"D7",2022-08-22,25.2856118270042,"Warm"
"D7",2022-08-23,26.1582291979167,"Warm"
"D7",2022-08-24,26.7887153090278,"Warm"
"D7",2022-08-25,27.1812145902778,"Warm"
"D7",2022-08-26,24.4339931111111,"Warm"
"D7",2022-08-27,24.0923610868056,"Warm"
"D7",2022-08-28,25.5167708333333,"Warm"
"D7",2022-08-30,25.5081765352941,"Warm"
"D7",2022-08-31,24.3388888819444,"Warm"
"D7",2022-09-01,23.7059374930556,"Warm"
"D7",2022-09-02,24.0947916527778,"Warm"
"D7",2022-09-03,23.9229166666667,"Warm"
"D7",2022-09-04,23.5900347361111,"Warm"
"D7",2022-09-05,23.73534721875,"Warm"
"D7",2022-09-06,24.7303819444444,"Warm"
"D7",2022-09-07,24.8798611284722,"Warm"
"D7",2022-09-08,23.09958334375,"Warm"
"D7",2022-09-09,21.53746528125,"Warm"
"D7",2022-09-10,20.4079166701389,"Warm"
"D7",2022-09-11,22.2813541145833,"Warm"
"D7",2022-09-12,23.0930208055556,"Warm"
"D7",2022-09-13,24.1673957604167,"Warm"
"D7",2022-09-14,24.2231250902778,"Warm"
"D7",2022-09-15,23.6643055694444,"Warm"
"D7",2022-09-16,22.3181596840278,"Warm"
"D7",2022-09-17,21.4112848368056,"Warm"
"D7",2022-09-18,19.5824652847222,"Warm"
"D7",2022-09-19,19.3815625104167,"Warm"
"D7",2022-09-20,19.6616666666667,"Warm"
"D7",2022-09-21,19.7880208958333,"Warm"
"D7",2022-09-22,19.9958680659722,"Warm"
"D7",2022-09-23,19.94420140625,"Warm"
"D7",2022-09-24,19.8405556319444,"Warm"
"D7",2022-09-25,17.7318402881944,"Warm"
"D7",2022-09-26,17.8792013333333,"Warm"
"D7",2022-09-27,17.4851736111111,"Warm"
"D7",2022-09-28,17.6949652222222,"Warm"
"D7",2022-09-29,17.6408333645833,"Warm"
"D7",2022-09-30,16.5004861354167,"Warm"
"D7",2022-10-01,16.2369791527778,"Warm"
"D7",2022-10-02,18.51017365625,"Warm"
"D7",2022-10-03,20.5535069201389,"Warm"
"D7",2022-10-04,20.2186804826389,"Warm"
"D7",2022-10-05,19.97836809375,"Warm"
"D7",2022-10-06,20.4173611354167,"Warm"
"D7",2022-10-07,20.4732637777778,"Warm"
"D7",2022-10-08,20.8261111944444,"Warm"
"D7",2022-10-09,20.3850695555556,"Warm"
"D7",2022-10-10,19.7689583958333,"Warm"
"D7",2022-10-11,20.0445834375,"Warm"
"D7",2022-10-12,20.3459721701389,"Warm"
"D7",2022-10-13,20.64975690625,"Warm"
"D7",2022-10-14,21.5116666493056,"Warm"
"D7",2022-10-15,20.5404513576389,"Warm"
"D7",2022-10-16,20.4886805486111,"Warm"
"D7",2022-10-17,21.1465972361111,"Warm"
"D7",2022-10-18,21.1496180729167,"Warm"
"D7",2022-10-19,20.7026388923611,"Warm"
"D7",2022-10-20,20.7048262326389,"Warm"
"D7",2022-10-21,19.6227778194444,"Warm"
"D7",2022-10-22,19.3467708194444,"Warm"
"D7",2022-10-23,20.5823958472222,"Warm"
"D7",2022-10-24,20.4107985694444,"Warm"
"D7",2022-10-25,19.1076391597222,"Warm"
"D7",2022-10-26,18.5497222881944,"Warm"
"D7",2022-10-27,18.6226734930556,"Warm"
"D7",2022-10-28,19.3961805868056,"Warm"
"D7",2022-10-29,19.6940972430556,"Warm"
"D7",2022-10-30,17.8816666566667,"Warm"
"D7",2022-10-31,16.4679512604167,"Warm"
"D7",2022-11-01,17.2688193958333,"Warm"
"D7",2022-11-02,18.4497222222222,"Warm"
"D7",2022-11-03,16.41690971875,"Warm"
"D7",2022-11-04,13.5132291666667,"Warm"
"D7",2022-11-05,13.0274652777778,"Warm"
"D7",2022-11-06,12.4325,"Warm"
"D7",2022-11-07,12.6296180555556,"Warm"
"D7",2022-11-08,13.5631944444444,"Warm"
"D7",2022-11-09,14.1463194444444,"Warm"
"D7",2022-11-10,14.2411111111111,"Warm"
"D7",2022-11-11,13.0536111111111,"Warm"
"D7",2022-11-12,13.8263541666667,"Warm"
"D7",2022-11-13,14.1786458333333,"Warm"
"D7",2022-11-14,13.7768055555556,"Warm"
"D7",2022-11-15,14.1169791666667,"Warm"
"D7",2022-11-16,14.6974652777778,"Warm"
"D7",2022-11-17,14.79125,"Warm"
"D7",2022-11-18,14.2128819444444,"Warm"
"D7",2022-11-19,12.3855902777778,"Warm"
"D7",2022-11-20,9.85954861111111,"Warm"
"D7",2022-11-21,10.3151388888889,"Warm"
"D7",2022-11-22,9.8196875,"Warm"
"D7",2022-11-23,10.4798263888889,"Warm"
"D7",2022-11-24,9.87059027777778,"Warm"
"D7",2022-11-25,10.3619444444444,"Warm"
"D7",2022-11-26,9.82305555555556,"Warm"
"D7",2022-11-27,9.31215277777778,"Warm"
"D7",2022-11-28,9.65503472222222,"Warm"
"D7",2022-11-29,9.65020833333333,"Warm"
"D7",2022-11-30,9.61663194444444,"Warm"
"D7",2022-12-01,8.13791666666667,"Warm"
"D7",2022-12-02,8.17145833333333,"Warm"
"D7",2022-12-03,7.96322916666667,"Warm"
"D7",2022-12-04,7.01697916666667,"Warm"
"D7",2022-12-05,6.29177083333333,"Warm"
"D7",2022-12-06,7.33569444444444,"Warm"
"D7",2022-12-07,9.66170138888889,"Warm"
"D7",2022-12-08,10.1762847222222,"Warm"
"D7",2022-12-09,10.0889583333333,"Warm"
"D7",2022-12-10,10.0077430555556,"Warm"
"D7",2022-12-11,6.53166666666667,"Warm"
"D7",2022-12-12,6.40434027777778,"Warm"
"D7",2022-12-13,8.30611111111111,"Warm"
"D7",2022-12-14,10.8225,"Warm"
"D7",2022-12-15,10.9579513888889,"Warm"
"D7",2022-12-16,11.3472569444444,"Warm"
"D7",2022-12-17,11.0377083333333,"Warm"
"D7",2022-12-18,9.08864583333333,"Warm"
"D7",2022-12-19,7.84555555555556,"Warm"
"D7",2022-12-20,8.80315972222222,"Warm"
"D7",2022-12-21,11.2645833333333,"Warm"
"D7",2022-12-22,12.1717013888889,"Warm"
"D7",2022-12-23,12.8195486111111,"Warm"
"D7",2022-12-24,12.5578819444444,"Warm"
"D7",2022-12-25,11.9699305555556,"Warm"
"D7",2022-12-26,11.6371527777778,"Warm"
"D7",2022-12-27,11.5529861111111,"Warm"
"D7",2022-12-28,11.0630902777778,"Warm"
"D7",2022-12-29,10.70375,"Warm"
"D7",2022-12-30,11.5129513888889,"Warm"
"D7",2022-12-31,12.2973958333333,"Warm"
"D7",2023-01-01,11.5929513888889,"Warm"
"D7",2023-01-02,11.3825347222222,"Warm"
"D7",2023-01-03,11.5257638888889,"Warm"
"D7",2023-01-04,9.96465277777778,"Warm"
"D7",2023-01-05,8.84357638888889,"Warm"
"D7",2023-01-06,8.44010416666667,"Warm"
"D7",2023-01-07,8.08319444444444,"Warm"
NA,NA,NA,"Ambient"
